num,lib name,part,desc
1,7SEG.PCBLIB,7SEGX2_16,"7SEG 2DIGIT 5621 0.56"", 16pin Pitch: 2.54mm, 19X25mm"
2,7SEG.PCBLIB,7SEGX4_12,"7SEG 4DIGIT ,5641 0.56"", 12pin Pitch: 2.54mm, 19X50.3mm"
3,7SEG.PCBLIB,7SEGX4_14,"7SEG 4DIGIT, clock 0.56"", 14pin Pitch: 2.54mm, 19X50.3mm"
4,7SEG.PCBLIB,7SEGX1_5611,7SEG single 10pin Pitch: 2.54mm  19X12.5mm
5,7SEG.PCBLIB,7SEGX1_5INCH,"7SEG single 5INCH, 10pin, Pitch: 5.08mm, 180X108mm"
6,7SEG.PCBLIB,7SEGX1_8_2811,"7SEG single 8pin Pitch: 2.54mm  2811 0.28"" 8X10mm"
7,7SEG.PCBLIB,7SEGX1_10_2811,"7SEG single 10pin Pitch: 2.54mm  2811 0.28"" 8X10mm"
8,7SEG.PCBLIB,7SEGX1_10_3911,"7SEG single 10pin Pitch: 2.54mm  3911 0.39"" 10X13mm"
9,7SEG.PCBLIB,7SEGX3_12_2831,"7SEG single 12-1pin Pitch: 2.54mm  2831 0.28"" 24X10X5.8mm"
10,7SEG.PCBLIB,7SEGX3_12_5631,"7SEG 3DIGIT 5631 0.56"", 12pin Pitch: 2.54mm, 19X37.5mm"
11,7SEG.PCBLIB,7SEGX1_5611_SMD,
12,7SEG.PCBLIB,MATRIX_5X7_1318,LED Dot Matrix 5x7 12.7mmx17.8mm
13,7SEG.PCBLIB,MATRIX_8X8_2020,LED Dot Matrix 8x8 20mmx20mm
14,7SEG.PCBLIB,MATRIX_8X8_3232,LED Dot Matrix 8x8 32mmx32mm
15,7SEG.PCBLIB,MATRIX_8X8_3838,LED Dot Matrix 8x8 38mmx38mm
16,7SEG.PCBLIB,MATRIX_8X8_6060,
17,7SEG.PCBLIB,7SEGX1_10_02INCH,"7SEG single 10pin Pitch: 1.44mm  0.2"" 10X7mm"
18,7SEG.PCBLIB,7SEGX2_10_03INCH,"7SEG 2DIGIT 10pin Pitch: 2.54mm  0.3"", 15.5X15mm"
19,7SEG.PCBLIB,7SEGX2_20_02INCH,"7SEG 2DIGIT 20pin Pitch: 1.44mm  0.2"", 14X10mm"
20,7SEG.PCBLIB,7SEGX2_20_03INCH,"7SEG 2DIGIT 20pin Pitch: 1.5mm  0.3"", 14.8X12mm"
21,7SEG.PCBLIB,7SEGX4_12_03INCH,"7SEG 4DIGIT ,0.28"", 12pin Pitch: 2.54mm, 10.2X32mm"
22,ANTENNA.PCBLIB,ANT1608_6,"TDK 1.6x0.8mm, 6 pad"
23,ANTENNA.PCBLIB,ANT3216_2,"Antenna 3.2x1.6mm, 2 pad"
24,ANTENNA.PCBLIB,ANT_MD1705,Cellular Antenna
25,ANTENNA.PCBLIB,ANT_PCB_2P4G_IFA,"ANTENNA, Microstrip, IFA, 2.4GHz"
26,ANTENNA.PCBLIB,ANT_PCB_GSM_PIFA,"ANTENNA, Microstrip, PIFA, GSM 850MHz/1800MHz"
27,AUDIO_MIC_SPK.PCBLIB,SPK,
28,AUDIO_MIC_SPK.PCBLIB,BZ_C9,"BUZZER 9mm DIA, 7.62mm pitch"
29,AUDIO_MIC_SPK.PCBLIB,BZ_C12,"BUZZER 12mm DIA, 8.5mm Height , 7.62mm pitch"
30,AUDIO_MIC_SPK.PCBLIB,BZ_C14,"BUZZER 14mm DIA, 6mm Height , 7.62mm pitch"
31,AUDIO_MIC_SPK.PCBLIB,BZ_C16,"BUZZER 16mm DIA, 14mm Height , 7.62mm pitch"
32,AUDIO_MIC_SPK.PCBLIB,BZ_C17,"BUZZER 17mm DIA, 4.6mm Height , 10mm pitch"
33,AUDIO_MIC_SPK.PCBLIB,BZ_C22,"BUZZER, BUZZER 22mm DIA,"
34,AUDIO_MIC_SPK.PCBLIB,MIC_C4,"MIC, 4mm Diameter"
35,AUDIO_MIC_SPK.PCBLIB,MIC_C6,"MIC, WM-63PR, POM-3535P-3-R"
36,AUDIO_MIC_SPK.PCBLIB,MIC_C9,"MIC, WM52BM, 9.7mm"
37,AUDIO_MIC_SPK.PCBLIB,SPK_C17,"SPEAKER, CVS-1708 17mm DIA"
38,AUDIO_MIC_SPK.PCBLIB,SPK_C23,"SPEAKER, CVS-2308 23mm DIA"
39,AUDIO_MIC_SPK.PCBLIB,SPK_C31,"SPEAKER, CVS-3108 31.8mm DIA"
40,AUDIO_MIC_SPK.PCBLIB,SPK_SC17,"SPEAKER, SCS-17, 17mm DIA, 18.6 Square"
41,AUDIO_MIC_SPK.PCBLIB,BZ_SMD_S5,Buzzer SMD sealed 5.0 L x 5.0 W x 2.0mm H 5Vp
42,AUDIO_MIC_SPK.PCBLIB,BZ_SMD_S8,Buzzer SMD sealed 8.5 L x 8.5 W x 3.0mm H 3Vp
43,AUDIO_MIC_SPK.PCBLIB,MIC_MP441,"MIC, 8-LEADS, 4.7X3.7mm, INMP441, ADMP441, LGA_CAV"
44,AUDIO_MIC_SPK.PCBLIB,BZ_SMD_S12,"Buzzer SMD sealed 12.8 L x 12.8 W x 7.6mm H 5Vp, CT-1205-SMT"
45,AUDIO_MIC_SPK.PCBLIB,MIC_4_3225,MIC SPW2430HR5H-B 3.1X2.5X1mm
46,AUDIO_MIC_SPK.PCBLIB,MIC_WM7121,"MICROPHONE, WM7121"
47,AUDIO_MIC_SPK.PCBLIB,MIC_SPH0642,"SPH0642HT5H-1 Knowles MIC-MEMS 6-LEADS, 3.5X2.65mm"
48,AUDIO_MIC_SPK.PCBLIB,MIC_SPU0410,"SPU0410LR5H, 3.76x3x1.1mm"
49,AUDIO_MIC_SPK.PCBLIB,SPK_SMD_S13,"SPEAKER, CDS-13138-SMT 13X13mm"
50,AUDIO_MIC_SPK.PCBLIB,SPK_SMD_1511,"SPEAKER, CMS-15116 15X11X6mm"
51,AUDIO_MIC_SPK.PCBLIB,SPK_SMD_1609,"SPEAKER, CDS-16098A 16X9X8mm"
52,BATTERY.PCBLIB,BTH_AA,Keystone 82
53,BATTERY.PCBLIB,BATTPAD,BATT PAD
54,BATTERY.PCBLIB,BTH1220,COIN CELL BATTERY HOLDER 1220 12mm
55,BATTERY.PCBLIB,BTH2032,CR2032 BATTERY HOLDER
56,BATTERY.PCBLIB,BTH2994,BUTTON CELL BATTERY RETAINER 2994
57,BATTERY.PCBLIB,BTH_AAX2,2-cell AA battery holder
58,BATTERY.PCBLIB,BTH_AA_2,
59,BATTERY.PCBLIB,BT_XS518,"BATTERY SEIKO, MS518FE TS518FE, 5.8x1.8"
60,BATTERY.PCBLIB,BT_XS621,"BATTERY SEIKO,MS621FE, MS621T, TS621E, TS621FE  6.8x2.1mm"
61,BATTERY.PCBLIB,BTH_9V_967,"BATTERY HOLDER, keystone 967"
62,BATTERY.PCBLIB,BT_MS920SE,MS920SE SEIKO BATTERY
63,BATTERY.PCBLIB,BTH1025_SMD,"Battery Holder for CR1025, and CR927, keystone 3050TR"
64,BATTERY.PCBLIB,BTH1225_SMD,"Battery Holder CR1216, CR1220, CR1225,  BK-885"
65,BATTERY.PCBLIB,BTH1632_SMD,"Battery Holder CR1632, KEYSTONE 3012TR or 3013"
66,BATTERY.PCBLIB,BTH1025_SMDA,"Battery Holder for CR1025, and CR927, keystone 3050TR"
67,BATTERY.PCBLIB,BTH1220_2032,COIN CELL BATTERY HOLDER 1220 12mm CR2032
68,BATTERY.PCBLIB,BTH2032_SMD1,COIN CELL BATTERY HOLDER 2032 20mm KEYSTONE3002
69,BATTERY.PCBLIB,BTH2032_SMD2,
70,BATTERY.PCBLIB,BTH1632_BH600,Battery Holder BH600 CR1632 CR1620 CR1616
71,BATTERY.PCBLIB,BTH_9V_593P594,"BATTERY HOLDER, keystone 593, 594"
72,BATTERY.PCBLIB,BTH_9V_635P636,"BATTERY HOLDER, keystone 635, 636"
73,CELLULAR.PCBLIB,CELL_TC35,TC35i 36x54.5x3.6mm
74,CELLULAR.PCBLIB,CELL_LGA88,"LGA-68+20, 24x24x3mm"
75,CELLULAR.PCBLIB,CELL_LGA299,LGA-299 39.5x37x2.8mm
76,CELLULAR.PCBLIB,CELL_SIM300,SIM300 34x40mm
77,CELLULAR.PCBLIB,CELL_LCC44_M65,"LCC-44, 17.7x15.8x2.4mm"
78,CELLULAR.PCBLIB,CELL_LCC44_M66,"LCC-44, 17.7x15.8x2.4mm"
79,CELLULAR.PCBLIB,CELL_LCC42_M08R,LCC-42 17.6x15.7x2.4mm. M08-R
80,CELLULAR.PCBLIB,CELL_LCC44LGA14,"LCC-44 + LGA-14, 17.7x15.8x2.4mm"
81,CELLULAR.PCBLIB,CELL_LCC54LGA40,"LCC-44 + LGA-14, 23.6x19.9x2.2mm"
82,CELLULAR.PCBLIB,CELL_LCC68_MC60,"LCC-68, 18.7x16x2.1mm"
83,CELLULAR.PCBLIB,CELL_LCC80LGA64,LCC-80 + LGA-64 31x28x2.4mm
84,CELLULAR.PCBLIB,CELL_LCC68_SIM800,LCC-68 24x24x3mm
85,CELLULAR.PCBLIB,CELL_LCC68_SIM808,"GSM Module, SIM808, 1mm pitch, LCC-68 24x24x2.6mm"
86,CELLULAR.PCBLIB,CELL_LCC68_SIM900,LCC-68 24x24x3mm
87,CELLULAR.PCBLIB,CELL_LCC80_SIM908,LCC-80 30x30x3.2mm
88,CELLULAR.PCBLIB,CELL_LGA92_A7680C,LCC-42 17.6x15.7x2.3mm
89,CELLULAR.PCBLIB,CELL_LCC42_SIM800C,LCC-42 17.6x15.7x2.3mm
90,CELLULAR.PCBLIB,CELL_LCC87_SIM7100,SIM7100 SIM5360 LCC-87 pitch:1mm 30x30x3mm
91,CELLULAR.PCBLIB,CELL_LCC80LGA64_EC25,LCC-80 + LGA-64 32x29x2.4mm
92,CONN_B2B.PCBLIB,BM25_4P,"Conn B2B, for battery, Hirose BM25-4P-2-V(51)"
93,CONN_B2B.PCBLIB,BM25_4S,"Conn B2B, for battery, Hirose BM25-4S_2-V(53)"
94,CONN_B2B.PCBLIB,SOLC_15Q,SAMTEC SOLC-115-02-S-Q-LC
95,CONN_B2B.PCBLIB,AXE510127,"AXE510127 Panasonic, 10WAY pitch: 0.4mm"
96,CONN_B2B.PCBLIB,AXE610124,"AXE610124 Panasonic, 10WAY pitch: 0.4mm"
97,CONN_B2B.PCBLIB,BM20B_10DP,Hirose Connector BM20B(0.8)-10DP-0.4V(51) 10WAY pitch: 0.4mm
98,CONN_B2B.PCBLIB,BM20B_10DS,Hirose Connector BM20B(0.8)-10DS-0.4V(51) 10WAY pitch: 0.4mm
99,CONN_B2B.PCBLIB,BM20B_24DP,Hirose Connector BM20B(0.8)-24DP-0.4V(51) 24WAY pitch: 0.4mm
100,CONN_B2B.PCBLIB,BM20B_24DS,Hirose Connector BM20B(0.8)-24DS-0.4V(51) 24WAY pitch: 0.4mm
101,CONN_B2B.PCBLIB,DF23C_20DP,Hirose Connector DF23C-20DP-0.5V(92) 20WAY pitch:0.5mm
102,CONN_B2B.PCBLIB,DF23C_20DS,Hirose Connector DF23C-20DS-0.5V(51) 20WAY pitch:0.5mm
103,CONN_B2B.PCBLIB,DF23C_50DP,Hirose Connector DF23C-50DP-0.5V(92) 50WAY pitch:0.5mm
104,CONN_B2B.PCBLIB,DF23C_50DS,Hirose Connector DF23C-50DS-0.5V(51) 50WAY pitch:0.5mm
105,CONN_B2B.PCBLIB,DF37B_16DP,DF37B-16DP-0.4V
106,CONN_B2B.PCBLIB,LSHM120_04,LSHM-120-04.0-L-DV-A-S
107,CONN_B2B.PCBLIB,LSHM150_04,LSHM-150-04.0-L-DV-A-S
108,CONN_B2B.PCBLIB,DF37NB_16DS,DF37NB-16DS
109,CONN_B2B.PCBLIB,DF37NB_30DS,DF37NB-30DS
110,CONN_B2B.PCBLIB,AXK5S40347YG,"CONN B2B SOCKET, 0.5mm pitch"
111,CONN_B2B.PCBLIB,AXK5S80347YG,"CONN B2B SOCKET, 0.5mm pitch"
112,CONN_B2B.PCBLIB,AXK6S40447YG,"CONN B2B HEADER, 0.5mm pitch"
113,CONN_B2B.PCBLIB,AXK6S80447YG,"CONN B2B HEADER, 0.5mm pitch"
114,CONN_B2B.PCBLIB,DF40C_30DP_V,"CONN_DF40C, DF40C- 30DP-0.4V(51)"
115,CONN_B2B.PCBLIB,DF40C_40DP_V,"CONN_DF40C, DF40C- 40DP-0.4V(51)"
116,CONN_B2B.PCBLIB,DF40C_80DP_V,"CONN_DF40C, DF40C-80DP-0.4V(51)"
117,CONN_B2B.PCBLIB,SS4_20_3_L_D,"CONN, SS4-20-3.00-L-D"
118,CONN_B2B.PCBLIB,ST4_20_1_L_D,"CONN, ST4-20-1.00-L-D"
119,CONN_B2B.PCBLIB,DF40C_100DP_V,"CONN_DF40C, DF40C-100DP-0.4V"
120,CONN_B2B.PCBLIB,DF40C_100DS_V,"CONN_DF40C, DF40C- 100DS-0.4V(51)"
121,CONN_B2B.PCBLIB,FX10A_100P_10,FX10A-100P/10-SV(71)
122,CONN_B2B.PCBLIB,FX10A_100S_10,FX10A-100S/10-SV(71)
123,CONN_B2B.PCBLIB,FX10A_140P_14,FX10A-140P/14-SV(71) HIROSE
124,CONN_B2B.PCBLIB,FX10A_140S_14,FX10A-140S/14-SV HIROSE
125,CONN_B2B.PCBLIB,DF40C_2_30DS_V,"CONN_DF40C, DF40C(2.0)- 30DS-0.4V(51)"
126,CONN_B2B.PCBLIB,DF40C_2_40DS_V,"CONN_DF40C, DF40C(2.0)- 40DS-0.4V(51)"
127,CONN_B2B.PCBLIB,DF40C_2_80DS_V,"CONN_DF40C, DF40C(2.0)- 80DS-0.4V(51)"
128,CONN_B2B_FMC.PCBLIB,SEAF,"FMC Carrier(FPGA mezzanine Card) HPC female, ASP-134486"
129,CONN_B2B_FMC.PCBLIB,SEAM,"FMC Module(FPGA mezzanine Card) HPC male, ASP-134488"
130,CONN_B2B_FMC.PCBLIB,FMC_HPC_F,"FMC Carrier(FPGA mezzanine Card) HPC female, ASP-134486"
131,CONN_B2B_FMC.PCBLIB,FMC_HPC_M,"FMC Module(FPGA mezzanine Card) HPC male, ASP-134488"
132,CONN_B2B_FMC.PCBLIB,FMC_LPC_F,"FMC Carrier(FPGA mezzanine Card) LPC female, ASP-134603"
133,CONN_B2B_FMC.PCBLIB,FMC_LPC_M,"FMC Module(FPGA mezzanine Card) LPC male, ASP-134604"
134,CONN_B2B_FMC.PCBLIB,SEAF_PLUS,"FMC+ Carrier HSPC female, asp-184329"
135,CONN_B2B_FMC.PCBLIB,SEAM_PLUS,"FMC+ male, asp-184330"
136,CONN_B2B_FMC.PCBLIB,FMC_MODULE,FMC LPC/HPC/HSPC Male
137,CONN_B2B_FMC.PCBLIB,FMCP_HSPC_F,"FMC+ Carrier HSPC female, asp-184329"
138,CONN_B2B_FMC.PCBLIB,FMCP_HSPC_M,"FMC+ Module HSPC male, asp-184330"
139,CONN_B2B_FMC.PCBLIB,FMCP_MODULE,ASP-184330-01
140,CONN_B2B_FMC.PCBLIB,FMC_CARRIER,
141,CONN_B2B_FMC.PCBLIB,FMCP_CARRIER,
142,CONN_B2B_FMC.PCBLIB,FMCP_HSPCE_F,"FMC+ Carrier HSPCe male, ASP-186899"
143,CONN_B2B_FMC.PCBLIB,FMCP_HSPCE_M,"FMC+ Module HSPCe male, ASP-186900"
144,CONN_B2B_QSTRIP.PCBLIB,QSE_060_01,samtec 0.80 mm Q Strip® High Speed Ground Plane Socket Strip
145,CONN_B2B_QSTRIP.PCBLIB,QSH_030_01,samtec 0.50mm Q Strip® High Speed Ground Plane Socket Strip
146,CONN_B2B_QSTRIP.PCBLIB,QSH_060_01,"samtec 0.50mm Q Strip® High Speed Ground Plane Socket Strip, QSH-060-01-L-D-A"
147,CONN_B2B_QSTRIP.PCBLIB,QSH_090_01,"Speed Ground Plane Socket Strip, QSH-060-01-L-D-A"
148,CONN_B2B_QSTRIP.PCBLIB,QTE_060_03,samtec 0.80 mm Q Strip® High Speed Ground Plane Terminal Strip
149,CONN_B2B_QSTRIP.PCBLIB,QTH_030_01,samtec 0.50 mm Q Strip® High Speed Ground Plane Terminal Strip
150,CONN_B2B_QSTRIP.PCBLIB,QTH_030_04,samtec 0.50 mm Q Strip® High Speed Ground Plane Terminal Strip
151,CONN_B2B_QSTRIP.PCBLIB,QTH_060_01,samtec 0.50 mm Q Strip® High Speed Ground Plane Terminal Strip
152,CONN_B2B_QSTRIP.PCBLIB,QTH_090_01,samtec 0.50 mm Q Strip® High Speed Ground Plane Terminal Strip
153,CONN_B2B_QSTRIP.PCBLIB,QSH_090_01A,"Speed Ground Plane Socket Strip, QSH-060-01-L-D-A"
154,CONN_B2B_QSTRIP.PCBLIB,QTH_090_01A,samtec 0.50 mm Q Strip® High Speed Ground Plane Terminal Strip
155,CONN_B2B_QSTRIP.PCBLIB,QRF8_026_L_D_A,"CONN, B2B, SAMTEC, QRF8, QRF8-026-05.0-L-D-A, 0.80 mm Q Rate® Slim Body Ground Plane Socket"
156,CONN_B2B_QSTRIP.PCBLIB,QRF8_018_D_DP_A,"Samtec, QRF8-018-D-DP-A, 0.80 mm Q Rate® High-Speed Ground Plane Slim Body Socket Strip, Differential Pair"
157,CONN_B2B_QSTRIP.PCBLIB,QRF8_036_D_DP_A,"Samtec, QRF8-036-D-DP-A, 0.80 mm Q Rate® High-Speed Ground Plane Slim Body Socket Strip, Differential Pair"
158,CONN_B2B_SEARAY.PCBLIB,SEAF8_20_S_10,"CONN, B2B, SAMTEC, SEAF8-20-05.0-S-10-2-K"
159,CONN_B2B_SEARAY.PCBLIB,SEAF8_50_10_H5,"CONN, B2B, SAMTEC, SEAF8-50-05.0-L-10-2-K"
160,CONN_B2B_SEARAY.PCBLIB,SEAM8_50_10_H5,"CONN, B2B, SAMTEC, SEAM8-50-S02.0-L-10-2"
161,CONN_DIN.PCBLIB,DIN_32RM,"DIN 41612, Series 8457 – 2 rows (2 x 16), Right Angled Male"
162,CONN_DIN.PCBLIB,DIN_48RM,
163,CONN_DIN.PCBLIB,DIN_48SF,
164,CONN_DIN.PCBLIB,DIN_64SF,
165,CONN_DIN.PCBLIB,DIN_96RM,"DIN 41612, 2.54mm,pin,DIN 41612,solder,PCB,90,96w, TE 5650947-5"
166,CONN_DIN.PCBLIB,DIN_96SF,"DIN 41612, 2.54mm,receptacle,vertical,PCB,96w, TE 5535032-5"
167,CONN_DIN.PCBLIB,DIN_96SM,
168,CONN_DIN.PCBLIB,DIN_128SF,
169,CONN_DIN.PCBLIB,DIN_128SM,
170,CONN_DIN.PCBLIB,DIN_48RM32,"DIN 41612, Series 8457 – 2 rows (2 x 16), Right Angled Male"
171,CONN_DIN.PCBLIB,DIN_96RM2H,
172,CONN_DIN.PCBLIB,DIN_96RM4H,
173,CONN_DIN.PCBLIB,DIN_96RM6H,
174,CONN_DIN.PCBLIB,DIN_96RM8H,
175,CONN_DIN.PCBLIB,DIN_96SF2H,
176,CONN_DIN.PCBLIB,DIN_96SF4H,
177,CONN_DIN.PCBLIB,DIN_96SF6H,
178,CONN_DIN.PCBLIB,DIN_96SF8H,
179,CONN_DISP_HDMI.PCBLIB,HDMI_A,"CONN, HDMI, TYPE A, 19PIN"
180,CONN_DISP_HDMI.PCBLIB,DISPPORT,"CONN, Display Port, Right-Angle"
181,CONN_DISP_HDMI.PCBLIB,HDMI_MINI,"HDMI, Mini SMT Horizontal"
182,CONN_DISP_HDMI.PCBLIB,HDMI_MICRO,"CONN, HDMI, MICRO,  MOLEX 0467650301"
183,CONN_DISP_HDMI.PCBLIB,DSUBHD_15RF,"CONN, DSUB MINIATURE, HIGH DENSITY 15p, RightAngle, Female, VGA"
184,CONN_DISP_HDMI.PCBLIB,DVI_29_RA_F,"DVI_29_RA_F, KVIX-DA29S-N-W"
185,CONN_DISP_HDMI.PCBLIB,HDMI_A_SCRW,"CONN, HDMI, TYPE A, 19PIN, With M3 screw hole"
186,CONN_DISP_HDMI.PCBLIB,DISP_MINI_TE,"CONN, Display Port MINI, Right-Angle"
187,CONN_DISP_HDMI.PCBLIB,HDMI_MICRO_SHT,"CONN, HDMI, MICRO,  THT SHIELD"
188,CONN_DISP_HDMI.PCBLIB,DISP_MINI_FREEP,"CONN, Display Port MINI, Right-Angle"
189,CONN_DISP_HDMI.PCBLIB,DISP_MINI_MOLEX,"CONN, Display Port MINI, Right-Angle"
190,CONN_DISP_HDMI.PCBLIB,HDMI_MICRO_SHTS,"CONN, HDMI, MICRO, FCI 10118241-001RLF"
191,CONN_DISP_HDMI.PCBLIB,DISP_MINI_ASTRON,"CONN, Display Port MINI, Right-Angle"
192,CONN_DSUB.PCBLIB,DSUB_9RF,"CONN, DSUB MINIATURE, 9PIN, R/A, FEMALE"
193,CONN_DSUB.PCBLIB,DSUB_9RM,"CONN, DSUB MINIATURE, 9PIN, R/A, MALE"
194,CONN_DSUB.PCBLIB,DSUB_9SF,"CONN, DSUB MINIATURE, 9PIN, STRAIGHT, FEMALE"
195,CONN_DSUB.PCBLIB,DSUB_9SM,"CONN, DSUB MINIATURE, 9PIN, STRAIGHT, MALE"
196,CONN_DSUB.PCBLIB,DSUB_15RF,"CONN, DSUB MINIATURE, 15PIN, R/A, FEMALE"
197,CONN_DSUB.PCBLIB,DSUB_15RM,"CONN, DSUB MINIATURE, 15PIN, R/A, MALE"
198,CONN_DSUB.PCBLIB,DSUB_15SF,"CONN, DSUB MINIATURE, 15PIN, STRAIGHT, FEMALE (SOCKET)"
199,CONN_DSUB.PCBLIB,DSUB_15SM,"CONN, DSUB MINIATURE, 15PIN, STRAIGHT, MALE"
200,CONN_DSUB.PCBLIB,DSUB_25RF,"CONN, DSUB MINIATURE, 25 WAY, RIGHT-ANGLE, FEMALE"
201,CONN_DSUB.PCBLIB,DSUB_25RM,"CONN, DSUB MINIATURE, 25 WAY, RIGHT-ANGLE, MALE"
202,CONN_DSUB.PCBLIB,DSUB_25SF,"CONN, DSUB MINIATURE, 25PIN, STRAIGHT, FEMALE (SOCKET)"
203,CONN_DSUB.PCBLIB,DSUB_25SM,"CONN, DSUB MINIATURE, 25PIN, STRAIGHT, MALE"
204,CONN_DSUB.PCBLIB,DSUB_37RF,"CONN, DSUB MINIATURE, CONN, DSUB MINIATURE, 37PIN, R/A, FEMALE"
205,CONN_DSUB.PCBLIB,DSUB_37RM,"CONN, DSUB MINIATURE, 37PIN, R/A, MALE"
206,CONN_DSUB.PCBLIB,DSUB_37SF,"CONN, DSUB MINIATURE, 37PIN, STRAIGHT, FEMALE"
207,CONN_DSUB.PCBLIB,DSUB_37SM,"CONN, DSUB MINIATURE, 37PIN, STRAIGHT, MALE"
208,CONN_DSUB.PCBLIB,DSUB_50RF,"CONN, DSUB MINIATURE, 50PIN, R/A, FEMALE"
209,CONN_DSUB.PCBLIB,DSUB_50RM,"CONN, DSUB MINIATURE, 50PIN, R/A, MALE"
210,CONN_DSUB.PCBLIB,DSUB_50SF,"CONN, DSUB MINIATURE, 50PIN, STRAIGHT, FEMALE"
211,CONN_DSUB.PCBLIB,DSUB_50SM,"CONN, DSUB MINIATURE, 50PIN, STRAIGHT, MALE"
212,CONN_DSUB.PCBLIB,DSUB_51RF,"CONN, DSUB MINIATURE, 51PIN, R/A, FEMALE, J30J-51ZKW-J"
213,CONN_DSUB.PCBLIB,DSUB_62RF,"62 pins, right angled with Rivet, WE 618062325223"
214,CONN_DSUB.PCBLIB,DSUB_78RM,"CONN, DSUB MINIATURE, CONN, DSUB MINIATURE, 78PIN, R/A, MALE"
215,CONN_DSUB.PCBLIB,DSUB_78SM,"CONN, DSUB MINIATURE, CONN, DSUB MINIATURE, 78PIN, STRAIGHT, MALE"
216,CONN_DSUB.PCBLIB,DSUB_9DRF,"CONN, DSUB MINIATURE, DUAL 9PIN, R/A, FEMALE"
217,CONN_DSUB.PCBLIB,J30J_9TJN,J30J-9TJN ANOVAY
218,CONN_DSUB.PCBLIB,J30J_9ZKN,J30J-9ZKN ANOVAY
219,CONN_DSUB.PCBLIB,DSUBHD_15RF,"CONN, DSUB MINIATURE, HIGH DENSITY 15p, RightAngle, Female, VGA"
220,CONN_DSUB.PCBLIB,DSUBHD_15RM,"CONN, DSUB MINIATURE, HIGH DENSITY 15p, RightAngle, Male, VGA"
221,CONN_DSUB.PCBLIB,DSUB_9RF_SMD,"CONN, DSUB MINIATURE, 9PIN, R/A, FEMALE, KYCON K202XHT-E9S-N"
222,CONN_DSUB.PCBLIB,DSUB_9RM_SMD,"CONN, DSUB MINIATURE, 9PIN, R/A, MALE, SMD, KYCON K202XHT-E9P-N"
223,CONN_DSUB.PCBLIB,DSUB_25SM_SMD,"CONN, DSUB MINIATURE, 25PIN, MALE, STRAIGHT, SURFACE MOUNT"
224,CONN_DSUB.PCBLIB,DSUBHD_15RF_SMD,"CONN, DSUB MINIATURE, NorComp 200-015-263R001 VGA"
225,CONN_DSUB.PCBLIB,DSUB_9RF_NORDIC,"CONN, DSUB MINIATURE, 9PIN, R/A, FEMALE, SMD, NORDIC 190-009-263R001"
226,CONN_DSUB.PCBLIB,DSUB_9RM_NORDIC,"CONN, DSUB MINIATURE, 9PIN, R/A, MALE, SMD, NORDIC 190-009-163R001"
227,CONN_FPC.PCBLIB,FPC50_6BS,"FFC-FPC 6pin pitch: 0.5mm, Bot. Contact,  Slide lock, FCI SFV6R1STBE1HLF"
228,CONN_FPC.PCBLIB,FPC50_6TS,"FFC-FPC 6pin pitch: 0.5mm, Top Contact,  Slide lock"
229,CONN_FPC.PCBLIB,FPC50_8TS,"FPC 8pin pitch: 0.5mm Top Contact, Slide lock, FCI SFV8R-2STE1HLF,"
230,CONN_FPC.PCBLIB,FPC100_4BF,"FPC, 1mm, Horizental, Bot. Contact, front flip lock, Molex 200529-0040"
231,CONN_FPC.PCBLIB,FPC100_4TS,"FPC, 1mm pitch, Top Contact, Slide Lock, TE Connectivity 4-pin ZIF connector TE84953-4"
232,CONN_FPC.PCBLIB,FPC100_6BS,"FPC 6pin pitch: 1.0mm, Bot. Contact, Slide lock, Molex 52271-0679"
233,CONN_FPC.PCBLIB,FPC100_6TS,"FPC 6pin pitch: 1.0mm, Top Contact, Slide lock"
234,CONN_FPC.PCBLIB,FPC50_10BF,"FPC, 0.50mm, SMT,RA Bot. Contact, front flip lock, WE 687110149022"
235,CONN_FPC.PCBLIB,FPC50_10VS,"FPC, 10 Position; 0.5mm,Vertical, FFC2A32-10-T Slide-lock"
236,CONN_FPC.PCBLIB,FPC50_18BF,"FPC 0.5mm pitch, Bot. Contact, front flip lock, GCT_FFC2B35-18-T"
237,CONN_FPC.PCBLIB,FPC50_18DB,"FPC 0.5mm pitch, Dual Contact, back flip lock, GCT_FFC2B28-18-G"
238,CONN_FPC.PCBLIB,FPC50_20BF,"FH12-20S-0.5SH FFC-FPC pitch: 0.5mm, Bottom Contact, front flip lock"
239,CONN_FPC.PCBLIB,FPC50_20DB,"FPC 0.5mm pitch, Dual Contact, back flip lock, GCT_FFC2B28-20-G"
240,CONN_FPC.PCBLIB,FPC50_22BF,"Connector; 0.5mm, Bottom Contact, front flip lock"
241,CONN_FPC.PCBLIB,FPC50_24BF,"FPC, FH12 Series; 24 Position; 0.5mm, Bottom Contact, front flip lock, FH12F-24S-0.5SH"
242,CONN_FPC.PCBLIB,FPC50_24TF,"FPC 0.5mm, Top Contact, front flip lock, FH12A-24S-0.5SH(55)"
243,CONN_FPC.PCBLIB,FPC50_24VF,"Connector; FH12 Series; 24 Position; 0.5mm, Vertical, FH12-24S-0.5SV, flip-lock"
244,CONN_FPC.PCBLIB,FPC50_30BF,"FPC, pitch: 0.5mm, Bot. Contact, front flip lock, FFC2B35-30-G"
245,CONN_FPC.PCBLIB,FPC50_32BF,"FPC 0.5mm, Bottom Contact, front flip lock"
246,CONN_FPC.PCBLIB,FPC50_32DB,"FPC, 32 Position; 0.5mm, Dual Side Contact, back flip lock"
247,CONN_FPC.PCBLIB,FPC50_37BS,"FPC, pitch: 0.5mm, Slide lock, TE 3-1734592-7"
248,CONN_FPC.PCBLIB,FPC50_40BF,"FPC, pitch: 0.5mm, Bot. Contact, front flip lock, FH12-40S-0.5SH, molex 54132-4062"
249,CONN_FPC.PCBLIB,FPC50_40DB,"FPC, 40 Position; 0.5mm, Top&Bottom Contact, back flip lock, FH34SRJ-40S-0.5SH"
250,CONN_FPC.PCBLIB,FPC50_40TF,"FPC, 40 Position; 0.5mm, Top Contact, front flip lock"
251,CONN_FPC.PCBLIB,FPC50_40VS,"FPC, FH12 Series; 40 Position; 0.5mm,Vertical, FH12-40S-0.5SVA Slide-lock"
252,CONN_FPC.PCBLIB,FPC50_50BF,"FPC, pitch: 0.5mm, Bot. Contact, front flip lock, FH12-50S-0.5SH"
253,CONN_FPC.PCBLIB,FPC50_50DB,"FPC, pitch: 0.5mm, Top&Bottom Contact, back flip lock, FH34SRJ-50S-0.5SH"
254,CONN_FPC.PCBLIB,FPC50_50TS,"FPC, pitch: 0.5mm, Top Contact, Slide lock, FFC2B17-50-T"
255,CONN_FPC.PCBLIB,FPC50_54TS,"FPC, pitch: 0.5mm, Top Contact, Slide lock, FFC2B17-54-T"
256,CONN_FPC.PCBLIB,FPC100_15VS,"TE 1-1734248-5, Vertical 1Sided, Slide lock"
257,CONN_FPC.PCBLIB,FPC50_8DB1H,"FPC 8pin pitch: 0.5mm Dual Contact, Back flip lock, FFC2B27, 1mm Height"
258,CONN_FPC.PCBLIB,FPC50_8DB2H,"FPC 8pin pitch: 0.5mm Dual Contact, Back flip lock, FFC2B27, 2mm Height"
259,CONN_FPC.PCBLIB,FPC50_8DB2H6,"FPC 8pin pitch: 0.5mm Dual Contact, Back flip lock, FFC2B27, 2.6mm Height"
260,CONN_FPC.PCBLIB,FPC50_40DB_FFC2B27,"FPC, 40 Position; 0.5mm, Top&Bottom Contact, back flip lock, GCT FFC2B27-40-G"
261,CONN_FPC.PCBLIB,FPC50_40DB_FFC2B28,"FPC, 40 Position; 0.5mm, Top&Bottom Contact, back flip lock, GCT FFC2B28-40-G"
262,CONN_FPC.PCBLIB,FPC50_40DB_FFC2B29,"FPC, 40 Position; 0.5mm, Top&Bottom Contact, back flip lock, GCT FFC2B29-40-G"
263,CONN_FPC.PCBLIB,FPC50_50DB_FFC2B29,"FPC, 40 Position; 0.5mm, Top&Bottom Contact, back flip lock, GCT FFC2B29-50-G"
264,CONN_HDR_1.00MM_ST.PCBLIB,HDR1_M_1X10,"HEADER, 1mm, SMD"
265,CONN_HDR_1.00MM_ST_SMD.PCBLIB,HDR1MM_F_2X2,"HEADER, 1mm, SMD, GCT CO BC084 and BC085"
266,CONN_HDR_1.00MM_ST_SMD.PCBLIB,HDR1MM_F_2X3,"HEADER, 1mm, SMD, GCT CO BC084 and BC085"
267,CONN_HDR_1.00MM_ST_SMD.PCBLIB,HDR1MM_F_2X4,"HEADER, 1mm, SMD, GCT CO BC084 and BC085"
268,CONN_HDR_1.00MM_ST_SMD.PCBLIB,HDR1MM_F_2X5,"HEADER, 1mm, SMD, GCT CO BC084 and BC085"
269,CONN_HDR_1.00MM_ST_SMD.PCBLIB,HDR1MM_F_2X6,"HEADER, 1mm, SMD, GCT CO BC084 and BC085"
270,CONN_HDR_1.00MM_ST_SMD.PCBLIB,HDR1MM_F_2X7,"HEADER, 1mm, SMD, GCT CO BC084 and BC085"
271,CONN_HDR_1.00MM_ST_SMD.PCBLIB,HDR1MM_F_2X8,"HEADER, 1mm, SMD, GCT CO BC084 and BC085"
272,CONN_HDR_1.00MM_ST_SMD.PCBLIB,HDR1MM_F_2X9,"HEADER, 1mm, SMD, GCT CO BC084 and BC085"
273,CONN_HDR_1.00MM_ST_SMD.PCBLIB,HDR1MM_M_2X2,"HEADER, 1mm, SMD"
274,CONN_HDR_1.00MM_ST_SMD.PCBLIB,HDR1MM_M_2X3,"HEADER, 1mm, SMD"
275,CONN_HDR_1.00MM_ST_SMD.PCBLIB,HDR1MM_M_2X4,"HEADER, 1mm, SMD"
276,CONN_HDR_1.00MM_ST_SMD.PCBLIB,HDR1MM_M_2X5,"HEADER, 1mm, SMD"
277,CONN_HDR_1.00MM_ST_SMD.PCBLIB,HDR1MM_M_2X6,"HEADER, 1mm, SMD"
278,CONN_HDR_1.00MM_ST_SMD.PCBLIB,HDR1MM_M_2X7,"HEADER, 1mm, SMD"
279,CONN_HDR_1.00MM_ST_SMD.PCBLIB,HDR1MM_M_2X8,"HEADER, 1mm, SMD"
280,CONN_HDR_1.00MM_ST_SMD.PCBLIB,HDR1MM_M_2X9,"HEADER, 1mm, SMD"
281,CONN_HDR_1.00MM_ST_SMD.PCBLIB,HDR1MM_F_2X10,"HEADER, 1mm, SMD, GCT CO BC084 and BC085"
282,CONN_HDR_1.00MM_ST_SMD.PCBLIB,HDR1MM_F_2X12,"HEADER, 1mm, SMD, GCT CO BC084 and BC085"
283,CONN_HDR_1.00MM_ST_SMD.PCBLIB,HDR1MM_F_2X14,"HEADER, 1mm, SMD, GCT CO BC084 and BC085"
284,CONN_HDR_1.00MM_ST_SMD.PCBLIB,HDR1MM_F_2X15,"HEADER, 1mm, SMD, GCT CO BC084 and BC085"
285,CONN_HDR_1.00MM_ST_SMD.PCBLIB,HDR1MM_F_2X16,"HEADER, 1mm, SMD, GCT CO BC084 and BC085"
286,CONN_HDR_1.00MM_ST_SMD.PCBLIB,HDR1MM_F_2X18,"HEADER, 1mm, SMD, GCT CO BC084 and BC085"
287,CONN_HDR_1.00MM_ST_SMD.PCBLIB,HDR1MM_F_2X20,"HEADER, 1mm, SMD, GCT CO BC084 and BC085"
288,CONN_HDR_1.00MM_ST_SMD.PCBLIB,HDR1MM_F_2X24,"HEADER, 1mm, SMD, GCT CO BC084 and BC085"
289,CONN_HDR_1.00MM_ST_SMD.PCBLIB,HDR1MM_F_2X25,"HEADER, 1mm, SMD, GCT CO BC084 and BC085"
290,CONN_HDR_1.00MM_ST_SMD.PCBLIB,HDR1MM_F_2X30,"HEADER, 1mm, SMD, GCT CO BC084 and BC085"
291,CONN_HDR_1.00MM_ST_SMD.PCBLIB,HDR1MM_F_2X32,"HEADER, 1mm, SMD, GCT CO BC084 and BC085"
292,CONN_HDR_1.00MM_ST_SMD.PCBLIB,HDR1MM_F_2X35,"HEADER, 1mm, SMD, GCT CO BC084 and BC085"
293,CONN_HDR_1.00MM_ST_SMD.PCBLIB,HDR1MM_F_2X40,"HEADER, 1mm, SMD, GCT CO BC084 and BC085"
294,CONN_HDR_1.00MM_ST_SMD.PCBLIB,HDR1MM_M_2X10,"HEADER, 1mm, SMD"
295,CONN_HDR_1.00MM_ST_SMD.PCBLIB,HDR1MM_M_2X12,"HEADER, 1mm, SMD"
296,CONN_HDR_1.00MM_ST_SMD.PCBLIB,HDR1MM_M_2X14,"HEADER, 1mm, SMD"
297,CONN_HDR_1.00MM_ST_SMD.PCBLIB,HDR1MM_M_2X15,"HEADER, 1mm, SMD"
298,CONN_HDR_1.00MM_ST_SMD.PCBLIB,HDR1MM_M_2X16,"HEADER, 1mm, SMD"
299,CONN_HDR_1.00MM_ST_SMD.PCBLIB,HDR1MM_M_2X18,"HEADER, 1mm, SMD"
300,CONN_HDR_1.00MM_ST_SMD.PCBLIB,HDR1MM_M_2X20,"HEADER, 1mm, SMD"
301,CONN_HDR_1.00MM_ST_SMD.PCBLIB,HDR1MM_M_2X24,"HEADER, 1mm, SMD"
302,CONN_HDR_1.00MM_ST_SMD.PCBLIB,HDR1MM_M_2X25,"HEADER, 1mm, SMD"
303,CONN_HDR_1.00MM_ST_SMD.PCBLIB,HDR1MM_M_2X30,"HEADER, 1mm, SMD"
304,CONN_HDR_1.00MM_ST_SMD.PCBLIB,HDR1MM_M_2X32,"HEADER, 1mm, SMD"
305,CONN_HDR_1.00MM_ST_SMD.PCBLIB,HDR1MM_M_2X35,"HEADER, 1mm, SMD"
306,CONN_HDR_1.00MM_ST_SMD.PCBLIB,HDR1MM_M_2X40,"HEADER, 1mm, SMD"
307,CONN_HDR_1.00MM_ST_SMDE.PCBLIB,HDR1SE_M_1X2,"HEADER, 1mm, test, SMD"
308,CONN_HDR_1.00MM_ST_SMDE.PCBLIB,HDR1SE_M_1X3,"HEADER, 1mm, test, SMD"
309,CONN_HDR_1.00MM_ST_SMDE.PCBLIB,HDR1SE_M_1X4,"HEADER, 1mm, test, SMD"
310,CONN_HDR_1.00MM_ST_SMDE.PCBLIB,HDR1SE_M_1X5,"HEADER, 1mm, test, SMD"
311,CONN_HDR_1.00MM_ST_SMDE.PCBLIB,HDR1SE_M_1X6,1mm
312,CONN_HDR_1.00MM_ST_SMDE.PCBLIB,HDR1SE_M_1X8,"HEADER, 1mm, test, SMD"
313,CONN_HDR_1.00MM_ST_SMDE.PCBLIB,HDR1SE_M_1X10,"HEADER, 1mm, test, SMD"
314,CONN_HDR_1.27MM_BOX_IDC.PCBLIB,M556002042,"Conn. HDR BOX 1.27mm SMT, M55-6002042"
315,CONN_HDR_1.27MM_BOX_IDC.PCBLIB,M556004042,"Conn. HDR BOX 1.27mm SMT, M55-6004042"
316,CONN_HDR_1.27MM_BOX_IDC.PCBLIB,M557012042,"Conn. HDR BOX 1.27mm SMT, M55-7012042"
317,CONN_HDR_1.27MM_BOX_IDC.PCBLIB,M557014042,"Conn. HDR BOX 1.27mm SMT, M55-7014042"
318,CONN_HDR_1.27MM_BOX_IDC.PCBLIB,M557104042,"Conn. HDR BOX 1.27mm SMT, M55-7104042"
319,CONN_HDR_1.27MM_BOX_IDC.PCBLIB,IDC127_2X25,"Box Header SMT type, 50p, 62705020621"
320,CONN_HDR_1.27MM_BOX_IDC.PCBLIB,M557014042_NP,"Conn. HDR BOX 1.27mm SMT, M55-7014042 no polarized"
321,CONN_HDR_1.27MM_BOX_IDC.PCBLIB,M557104042_NP,"Conn. HDR BOX 1.27mm SMT, M55-7104042 no polarized"
322,CONN_HDR_1.27MM_ST.PCBLIB,HDRMINI_F_1X2,mini header (50mil pitch)
323,CONN_HDR_1.27MM_ST.PCBLIB,HDRMINI_F_1X3,mini header (50mil pitch)
324,CONN_HDR_1.27MM_ST.PCBLIB,HDRMINI_F_1X4,mini header (50mil pitch)
325,CONN_HDR_1.27MM_ST.PCBLIB,HDRMINI_F_1X5,mini header (50mil pitch)
326,CONN_HDR_1.27MM_ST.PCBLIB,HDRMINI_F_1X6,mini header (50mil pitch)
327,CONN_HDR_1.27MM_ST.PCBLIB,HDRMINI_F_1X7,mini header (50mil pitch)
328,CONN_HDR_1.27MM_ST.PCBLIB,HDRMINI_F_1X8,mini header (50mil pitch)
329,CONN_HDR_1.27MM_ST.PCBLIB,HDRMINI_F_1X9,mini header (50mil pitch)
330,CONN_HDR_1.27MM_ST.PCBLIB,HDRMINI_F_2X2,mini header (50mil pitch)
331,CONN_HDR_1.27MM_ST.PCBLIB,HDRMINI_F_2X3,mini header (50mil pitch)
332,CONN_HDR_1.27MM_ST.PCBLIB,HDRMINI_F_2X4,mini header (50mil pitch)
333,CONN_HDR_1.27MM_ST.PCBLIB,HDRMINI_F_2X5,mini header (50mil pitch)
334,CONN_HDR_1.27MM_ST.PCBLIB,HDRMINI_F_2X6,mini header (50mil pitch)
335,CONN_HDR_1.27MM_ST.PCBLIB,HDRMINI_F_2X7,mini header (50mil pitch)
336,CONN_HDR_1.27MM_ST.PCBLIB,HDRMINI_F_2X8,mini header (50mil pitch)
337,CONN_HDR_1.27MM_ST.PCBLIB,HDRMINI_F_2X9,mini header (50mil pitch)
338,CONN_HDR_1.27MM_ST.PCBLIB,HDRMINI_M_1X2,mini header (50mil pitch)
339,CONN_HDR_1.27MM_ST.PCBLIB,HDRMINI_M_1X3,mini header (50mil pitch)
340,CONN_HDR_1.27MM_ST.PCBLIB,HDRMINI_M_1X4,mini header (50mil pitch)
341,CONN_HDR_1.27MM_ST.PCBLIB,HDRMINI_M_1X5,mini header (50mil pitch)
342,CONN_HDR_1.27MM_ST.PCBLIB,HDRMINI_M_1X6,mini header (50mil pitch)
343,CONN_HDR_1.27MM_ST.PCBLIB,HDRMINI_M_1X7,mini header (50mil pitch)
344,CONN_HDR_1.27MM_ST.PCBLIB,HDRMINI_M_1X8,mini header (50mil pitch)
345,CONN_HDR_1.27MM_ST.PCBLIB,HDRMINI_M_1X9,mini header (50mil pitch)
346,CONN_HDR_1.27MM_ST.PCBLIB,HDRMINI_M_2X2,mini header (50mil pitch)
347,CONN_HDR_1.27MM_ST.PCBLIB,HDRMINI_M_2X3,mini header (50mil pitch)
348,CONN_HDR_1.27MM_ST.PCBLIB,HDRMINI_M_2X4,mini header (50mil pitch)
349,CONN_HDR_1.27MM_ST.PCBLIB,HDRMINI_M_2X5,mini header (50mil pitch)
350,CONN_HDR_1.27MM_ST.PCBLIB,HDRMINI_M_2X6,mini header (50mil pitch)
351,CONN_HDR_1.27MM_ST.PCBLIB,HDRMINI_M_2X7,mini header (50mil pitch)
352,CONN_HDR_1.27MM_ST.PCBLIB,HDRMINI_M_2X8,mini header (50mil pitch)
353,CONN_HDR_1.27MM_ST.PCBLIB,HDRMINI_M_2X9,mini header (50mil pitch)
354,CONN_HDR_1.27MM_ST.PCBLIB,HDRMINI_F_1X10,mini header (50mil pitch)
355,CONN_HDR_1.27MM_ST.PCBLIB,HDRMINI_F_1X11,mini header (50mil pitch)
356,CONN_HDR_1.27MM_ST.PCBLIB,HDRMINI_F_1X12,mini header (50mil pitch)
357,CONN_HDR_1.27MM_ST.PCBLIB,HDRMINI_F_1X13,mini header (50mil pitch)
358,CONN_HDR_1.27MM_ST.PCBLIB,HDRMINI_F_1X14,mini header (50mil pitch)
359,CONN_HDR_1.27MM_ST.PCBLIB,HDRMINI_F_1X15,mini header (50mil pitch)
360,CONN_HDR_1.27MM_ST.PCBLIB,HDRMINI_F_1X16,mini header (50mil pitch)
361,CONN_HDR_1.27MM_ST.PCBLIB,HDRMINI_F_1X17,mini header (50mil pitch)
362,CONN_HDR_1.27MM_ST.PCBLIB,HDRMINI_F_1X18,mini header (50mil pitch)
363,CONN_HDR_1.27MM_ST.PCBLIB,HDRMINI_F_1X19,mini header (50mil pitch)
364,CONN_HDR_1.27MM_ST.PCBLIB,HDRMINI_F_1X20,mini header (50mil pitch)
365,CONN_HDR_1.27MM_ST.PCBLIB,HDRMINI_F_1X21,mini header (50mil pitch)
366,CONN_HDR_1.27MM_ST.PCBLIB,HDRMINI_F_1X22,mini header (50mil pitch)
367,CONN_HDR_1.27MM_ST.PCBLIB,HDRMINI_F_1X23,mini header (50mil pitch)
368,CONN_HDR_1.27MM_ST.PCBLIB,HDRMINI_F_1X24,mini header (50mil pitch)
369,CONN_HDR_1.27MM_ST.PCBLIB,HDRMINI_F_1X25,mini header (50mil pitch)
370,CONN_HDR_1.27MM_ST.PCBLIB,HDRMINI_F_1X26,mini header (50mil pitch)
371,CONN_HDR_1.27MM_ST.PCBLIB,HDRMINI_F_1X27,mini header (50mil pitch)
372,CONN_HDR_1.27MM_ST.PCBLIB,HDRMINI_F_1X28,mini header (50mil pitch)
373,CONN_HDR_1.27MM_ST.PCBLIB,HDRMINI_F_1X29,mini header (50mil pitch)
374,CONN_HDR_1.27MM_ST.PCBLIB,HDRMINI_F_1X30,mini header (50mil pitch)
375,CONN_HDR_1.27MM_ST.PCBLIB,HDRMINI_F_1X31,mini header (50mil pitch)
376,CONN_HDR_1.27MM_ST.PCBLIB,HDRMINI_F_1X32,mini header (50mil pitch)
377,CONN_HDR_1.27MM_ST.PCBLIB,HDRMINI_F_1X33,mini header (50mil pitch)
378,CONN_HDR_1.27MM_ST.PCBLIB,HDRMINI_F_1X34,mini header (50mil pitch)
379,CONN_HDR_1.27MM_ST.PCBLIB,HDRMINI_F_1X35,mini header (50mil pitch)
380,CONN_HDR_1.27MM_ST.PCBLIB,HDRMINI_F_1X36,mini header (50mil pitch)
381,CONN_HDR_1.27MM_ST.PCBLIB,HDRMINI_F_1X37,mini header (50mil pitch)
382,CONN_HDR_1.27MM_ST.PCBLIB,HDRMINI_F_1X38,mini header (50mil pitch)
383,CONN_HDR_1.27MM_ST.PCBLIB,HDRMINI_F_1X39,mini header (50mil pitch)
384,CONN_HDR_1.27MM_ST.PCBLIB,HDRMINI_F_1X40,mini header (50mil pitch)
385,CONN_HDR_1.27MM_ST.PCBLIB,HDRMINI_F_2X10,mini header (50mil pitch)
386,CONN_HDR_1.27MM_ST.PCBLIB,HDRMINI_F_2X11,mini header (50mil pitch)
387,CONN_HDR_1.27MM_ST.PCBLIB,HDRMINI_F_2X12,mini header (50mil pitch)
388,CONN_HDR_1.27MM_ST.PCBLIB,HDRMINI_F_2X13,mini header (50mil pitch)
389,CONN_HDR_1.27MM_ST.PCBLIB,HDRMINI_F_2X14,mini header (50mil pitch)
390,CONN_HDR_1.27MM_ST.PCBLIB,HDRMINI_F_2X15,mini header (50mil pitch)
391,CONN_HDR_1.27MM_ST.PCBLIB,HDRMINI_F_2X16,mini header (50mil pitch)
392,CONN_HDR_1.27MM_ST.PCBLIB,HDRMINI_F_2X17,mini header (50mil pitch)
393,CONN_HDR_1.27MM_ST.PCBLIB,HDRMINI_F_2X18,mini header (50mil pitch)
394,CONN_HDR_1.27MM_ST.PCBLIB,HDRMINI_F_2X19,mini header (50mil pitch)
395,CONN_HDR_1.27MM_ST.PCBLIB,HDRMINI_F_2X20,mini header (50mil pitch)
396,CONN_HDR_1.27MM_ST.PCBLIB,HDRMINI_M_1X10,mini header (50mil pitch)
397,CONN_HDR_1.27MM_ST.PCBLIB,HDRMINI_M_1X11,mini header (50mil pitch)
398,CONN_HDR_1.27MM_ST.PCBLIB,HDRMINI_M_1X12,mini header (50mil pitch)
399,CONN_HDR_1.27MM_ST.PCBLIB,HDRMINI_M_1X13,mini header (50mil pitch)
400,CONN_HDR_1.27MM_ST.PCBLIB,HDRMINI_M_1X14,mini header (50mil pitch)
401,CONN_HDR_1.27MM_ST.PCBLIB,HDRMINI_M_1X15,mini header (50mil pitch)
402,CONN_HDR_1.27MM_ST.PCBLIB,HDRMINI_M_1X16,mini header (50mil pitch)
403,CONN_HDR_1.27MM_ST.PCBLIB,HDRMINI_M_1X17,mini header (50mil pitch)
404,CONN_HDR_1.27MM_ST.PCBLIB,HDRMINI_M_1X18,mini header (50mil pitch)
405,CONN_HDR_1.27MM_ST.PCBLIB,HDRMINI_M_1X19,mini header (50mil pitch)
406,CONN_HDR_1.27MM_ST.PCBLIB,HDRMINI_M_1X20,mini header (50mil pitch)
407,CONN_HDR_1.27MM_ST.PCBLIB,HDRMINI_M_1X21,mini header (50mil pitch)
408,CONN_HDR_1.27MM_ST.PCBLIB,HDRMINI_M_1X22,mini header (50mil pitch)
409,CONN_HDR_1.27MM_ST.PCBLIB,HDRMINI_M_1X23,mini header (50mil pitch)
410,CONN_HDR_1.27MM_ST.PCBLIB,HDRMINI_M_1X24,mini header (50mil pitch)
411,CONN_HDR_1.27MM_ST.PCBLIB,HDRMINI_M_1X25,mini header (50mil pitch)
412,CONN_HDR_1.27MM_ST.PCBLIB,HDRMINI_M_1X26,mini header (50mil pitch)
413,CONN_HDR_1.27MM_ST.PCBLIB,HDRMINI_M_1X27,mini header (50mil pitch)
414,CONN_HDR_1.27MM_ST.PCBLIB,HDRMINI_M_1X28,mini header (50mil pitch)
415,CONN_HDR_1.27MM_ST.PCBLIB,HDRMINI_M_1X29,mini header (50mil pitch)
416,CONN_HDR_1.27MM_ST.PCBLIB,HDRMINI_M_1X30,mini header (50mil pitch)
417,CONN_HDR_1.27MM_ST.PCBLIB,HDRMINI_M_1X31,mini header (50mil pitch)
418,CONN_HDR_1.27MM_ST.PCBLIB,HDRMINI_M_1X32,mini header (50mil pitch)
419,CONN_HDR_1.27MM_ST.PCBLIB,HDRMINI_M_1X33,mini header (50mil pitch)
420,CONN_HDR_1.27MM_ST.PCBLIB,HDRMINI_M_1X34,mini header (50mil pitch)
421,CONN_HDR_1.27MM_ST.PCBLIB,HDRMINI_M_1X35,mini header (50mil pitch)
422,CONN_HDR_1.27MM_ST.PCBLIB,HDRMINI_M_1X36,mini header (50mil pitch)
423,CONN_HDR_1.27MM_ST.PCBLIB,HDRMINI_M_1X37,mini header (50mil pitch)
424,CONN_HDR_1.27MM_ST.PCBLIB,HDRMINI_M_1X38,mini header (50mil pitch)
425,CONN_HDR_1.27MM_ST.PCBLIB,HDRMINI_M_1X39,mini header (50mil pitch)
426,CONN_HDR_1.27MM_ST.PCBLIB,HDRMINI_M_1X40,mini header (50mil pitch)
427,CONN_HDR_1.27MM_ST.PCBLIB,HDRMINI_M_2X10,mini header (50mil pitch)
428,CONN_HDR_1.27MM_ST.PCBLIB,HDRMINI_M_2X11,mini header (50mil pitch)
429,CONN_HDR_1.27MM_ST.PCBLIB,HDRMINI_M_2X12,mini header (50mil pitch)
430,CONN_HDR_1.27MM_ST.PCBLIB,HDRMINI_M_2X13,mini header (50mil pitch)
431,CONN_HDR_1.27MM_ST.PCBLIB,HDRMINI_M_2X14,mini header (50mil pitch)
432,CONN_HDR_1.27MM_ST.PCBLIB,HDRMINI_M_2X15,mini header (50mil pitch)
433,CONN_HDR_1.27MM_ST.PCBLIB,HDRMINI_M_2X16,mini header (50mil pitch)
434,CONN_HDR_1.27MM_ST.PCBLIB,HDRMINI_M_2X17,mini header (50mil pitch)
435,CONN_HDR_1.27MM_ST.PCBLIB,HDRMINI_M_2X18,mini header (50mil pitch)
436,CONN_HDR_1.27MM_ST.PCBLIB,HDRMINI_M_2X19,mini header (50mil pitch)
437,CONN_HDR_1.27MM_ST.PCBLIB,HDRMINI_M_2X20,mini header (50mil pitch)
438,CONN_HDR_1.27MM_ST_SMD.PCBLIB,HDRMINIS_F_1X2,mini header (50mil pitch)
439,CONN_HDR_1.27MM_ST_SMD.PCBLIB,HDRMINIS_F_1X3,mini header (50mil pitch)
440,CONN_HDR_1.27MM_ST_SMD.PCBLIB,HDRMINIS_F_1X4,mini header (50mil pitch)
441,CONN_HDR_1.27MM_ST_SMD.PCBLIB,HDRMINIS_F_1X5,mini header (50mil pitch)
442,CONN_HDR_1.27MM_ST_SMD.PCBLIB,HDRMINIS_F_1X6,mini header (50mil pitch)
443,CONN_HDR_1.27MM_ST_SMD.PCBLIB,HDRMINIS_F_1X7,mini header (50mil pitch)
444,CONN_HDR_1.27MM_ST_SMD.PCBLIB,HDRMINIS_F_1X8,mini header (50mil pitch)
445,CONN_HDR_1.27MM_ST_SMD.PCBLIB,HDRMINIS_F_1X9,mini header (50mil pitch)
446,CONN_HDR_1.27MM_ST_SMD.PCBLIB,HDRMINIS_F_2X2,"HEADER FEMALE, SMT, 4, 1.27mm"
447,CONN_HDR_1.27MM_ST_SMD.PCBLIB,HDRMINIS_F_2X3,"HEADER FEMALE, SMT, 8, 1.27mm"
448,CONN_HDR_1.27MM_ST_SMD.PCBLIB,HDRMINIS_F_2X4,"HEADER FEMALE, SMT, 8, 1.27mm"
449,CONN_HDR_1.27MM_ST_SMD.PCBLIB,HDRMINIS_F_2X5,"HEADER FEMALE, SMT, 12, 1.27mm"
450,CONN_HDR_1.27MM_ST_SMD.PCBLIB,HDRMINIS_F_2X6,"HEADER FEMALE, SMT, 12, 1.27mm"
451,CONN_HDR_1.27MM_ST_SMD.PCBLIB,HDRMINIS_F_2X7,"HEADER FEMALE, SMT, 16, 1.27mm"
452,CONN_HDR_1.27MM_ST_SMD.PCBLIB,HDRMINIS_F_2X8,"HEADER FEMALE, SMT, 16, 1.27mm"
453,CONN_HDR_1.27MM_ST_SMD.PCBLIB,HDRMINIS_F_2X9,"HEADER FEMALE, SMT, 20, 1.27mm"
454,CONN_HDR_1.27MM_ST_SMD.PCBLIB,HDRMINIS_M_1X2,mini header (50mil pitch)
455,CONN_HDR_1.27MM_ST_SMD.PCBLIB,HDRMINIS_M_1X3,mini header (50mil pitch)
456,CONN_HDR_1.27MM_ST_SMD.PCBLIB,HDRMINIS_M_1X4,mini header (50mil pitch)
457,CONN_HDR_1.27MM_ST_SMD.PCBLIB,HDRMINIS_M_1X5,mini header (50mil pitch)
458,CONN_HDR_1.27MM_ST_SMD.PCBLIB,HDRMINIS_M_1X6,mini header (50mil pitch)
459,CONN_HDR_1.27MM_ST_SMD.PCBLIB,HDRMINIS_M_1X7,mini header (50mil pitch)
460,CONN_HDR_1.27MM_ST_SMD.PCBLIB,HDRMINIS_M_1X8,mini header (50mil pitch)
461,CONN_HDR_1.27MM_ST_SMD.PCBLIB,HDRMINIS_M_1X9,mini header (50mil pitch)
462,CONN_HDR_1.27MM_ST_SMD.PCBLIB,HDRMINIS_M_2X2,"FCI Minitek127® BTB, HEADER UNSHROUDED, SMT, 4, 1.27mm"
463,CONN_HDR_1.27MM_ST_SMD.PCBLIB,HDRMINIS_M_2X3,"FCI Minitek127® BTB, HEADER UNSHROUDED, SMT, 6, 1.27mm"
464,CONN_HDR_1.27MM_ST_SMD.PCBLIB,HDRMINIS_M_2X4,"FCI Minitek127® BTB, HEADER UNSHROUDED, SMT, 8, 1.27mm"
465,CONN_HDR_1.27MM_ST_SMD.PCBLIB,HDRMINIS_M_2X5,"FCI Minitek127® BTB, HEADER UNSHROUDED, SMT, 10, 1.27mm"
466,CONN_HDR_1.27MM_ST_SMD.PCBLIB,HDRMINIS_M_2X6,"FCI Minitek127® BTB, HEADER UNSHROUDED, SMT, 12, 1.27mm"
467,CONN_HDR_1.27MM_ST_SMD.PCBLIB,HDRMINIS_M_2X7,"FCI Minitek127® BTB, HEADER UNSHROUDED, SMT, 14, 1.27mm"
468,CONN_HDR_1.27MM_ST_SMD.PCBLIB,HDRMINIS_M_2X8,"FCI Minitek127® BTB, HEADER UNSHROUDED, SMT, 16, 1.27mm"
469,CONN_HDR_1.27MM_ST_SMD.PCBLIB,HDRMINIS_M_2X9,"FCI Minitek127® BTB, HEADER UNSHROUDED, SMT, 18, 1.27mm"
470,CONN_HDR_1.27MM_ST_SMD.PCBLIB,HDRMINIS_F_1X10,mini header (50mil pitch)
471,CONN_HDR_1.27MM_ST_SMD.PCBLIB,HDRMINIS_F_1X11,mini header (50mil pitch)
472,CONN_HDR_1.27MM_ST_SMD.PCBLIB,HDRMINIS_F_1X12,mini header (50mil pitch)
473,CONN_HDR_1.27MM_ST_SMD.PCBLIB,HDRMINIS_F_1X13,mini header (50mil pitch)
474,CONN_HDR_1.27MM_ST_SMD.PCBLIB,HDRMINIS_F_1X14,mini header (50mil pitch)
475,CONN_HDR_1.27MM_ST_SMD.PCBLIB,HDRMINIS_F_1X15,mini header (50mil pitch)
476,CONN_HDR_1.27MM_ST_SMD.PCBLIB,HDRMINIS_F_1X16,mini header (50mil pitch)
477,CONN_HDR_1.27MM_ST_SMD.PCBLIB,HDRMINIS_F_1X17,mini header (50mil pitch)
478,CONN_HDR_1.27MM_ST_SMD.PCBLIB,HDRMINIS_F_1X18,mini header (50mil pitch)
479,CONN_HDR_1.27MM_ST_SMD.PCBLIB,HDRMINIS_F_1X19,mini header (50mil pitch)
480,CONN_HDR_1.27MM_ST_SMD.PCBLIB,HDRMINIS_F_1X20,mini header (50mil pitch)
481,CONN_HDR_1.27MM_ST_SMD.PCBLIB,HDRMINIS_F_1X21,mini header (50mil pitch)
482,CONN_HDR_1.27MM_ST_SMD.PCBLIB,HDRMINIS_F_1X22,mini header (50mil pitch)
483,CONN_HDR_1.27MM_ST_SMD.PCBLIB,HDRMINIS_F_1X23,mini header (50mil pitch)
484,CONN_HDR_1.27MM_ST_SMD.PCBLIB,HDRMINIS_F_1X24,mini header (50mil pitch)
485,CONN_HDR_1.27MM_ST_SMD.PCBLIB,HDRMINIS_F_1X25,mini header (50mil pitch)
486,CONN_HDR_1.27MM_ST_SMD.PCBLIB,HDRMINIS_F_1X26,mini header (50mil pitch)
487,CONN_HDR_1.27MM_ST_SMD.PCBLIB,HDRMINIS_F_1X27,mini header (50mil pitch)
488,CONN_HDR_1.27MM_ST_SMD.PCBLIB,HDRMINIS_F_1X28,mini header (50mil pitch)
489,CONN_HDR_1.27MM_ST_SMD.PCBLIB,HDRMINIS_F_1X29,mini header (50mil pitch)
490,CONN_HDR_1.27MM_ST_SMD.PCBLIB,HDRMINIS_F_1X30,mini header (50mil pitch)
491,CONN_HDR_1.27MM_ST_SMD.PCBLIB,HDRMINIS_F_1X31,mini header (50mil pitch)
492,CONN_HDR_1.27MM_ST_SMD.PCBLIB,HDRMINIS_F_1X32,mini header (50mil pitch)
493,CONN_HDR_1.27MM_ST_SMD.PCBLIB,HDRMINIS_F_1X33,mini header (50mil pitch)
494,CONN_HDR_1.27MM_ST_SMD.PCBLIB,HDRMINIS_F_1X34,mini header (50mil pitch)
495,CONN_HDR_1.27MM_ST_SMD.PCBLIB,HDRMINIS_F_1X35,mini header (50mil pitch)
496,CONN_HDR_1.27MM_ST_SMD.PCBLIB,HDRMINIS_F_1X36,mini header (50mil pitch)
497,CONN_HDR_1.27MM_ST_SMD.PCBLIB,HDRMINIS_F_1X37,mini header (50mil pitch)
498,CONN_HDR_1.27MM_ST_SMD.PCBLIB,HDRMINIS_F_1X38,mini header (50mil pitch)
499,CONN_HDR_1.27MM_ST_SMD.PCBLIB,HDRMINIS_F_1X39,mini header (50mil pitch)
500,CONN_HDR_1.27MM_ST_SMD.PCBLIB,HDRMINIS_F_1X40,mini header (50mil pitch)
501,CONN_HDR_1.27MM_ST_SMD.PCBLIB,HDRMINIS_F_2X10,"HEADER FEMALE, SMT, 20, 1.27mm"
502,CONN_HDR_1.27MM_ST_SMD.PCBLIB,HDRMINIS_F_2X11,"HEADER FEMALE, SMT, 20, 1.27mm"
503,CONN_HDR_1.27MM_ST_SMD.PCBLIB,HDRMINIS_F_2X12,"HEADER FEMALE, SMT, 1.27mm"
504,CONN_HDR_1.27MM_ST_SMD.PCBLIB,HDRMINIS_F_2X13,"HEADER FEMALE, SMT, 1.27mm"
505,CONN_HDR_1.27MM_ST_SMD.PCBLIB,HDRMINIS_F_2X14,"HEADER FEMALE, SMT, 1.27mm"
506,CONN_HDR_1.27MM_ST_SMD.PCBLIB,HDRMINIS_F_2X15,"HEADER FEMALE, SMT, 1.27mm"
507,CONN_HDR_1.27MM_ST_SMD.PCBLIB,HDRMINIS_F_2X16,"HEADER FEMALE, SMT, 1.27mm"
508,CONN_HDR_1.27MM_ST_SMD.PCBLIB,HDRMINIS_F_2X17,"HEADER FEMALE, SMT, 1.27mm"
509,CONN_HDR_1.27MM_ST_SMD.PCBLIB,HDRMINIS_F_2X18,"HEADER FEMALE, SMT, 1.27mm"
510,CONN_HDR_1.27MM_ST_SMD.PCBLIB,HDRMINIS_F_2X19,"HEADER FEMALE, SMT, 1.27mm"
511,CONN_HDR_1.27MM_ST_SMD.PCBLIB,HDRMINIS_F_2X20,"HEADER FEMALE, SMT, 1.27mm"
512,CONN_HDR_1.27MM_ST_SMD.PCBLIB,HDRMINIS_F_2X25,"HEADER FEMALE, SMT, 1.27mm"
513,CONN_HDR_1.27MM_ST_SMD.PCBLIB,HDRMINIS_M_1X10,mini header (50mil pitch)
514,CONN_HDR_1.27MM_ST_SMD.PCBLIB,HDRMINIS_M_1X11,mini header (50mil pitch)
515,CONN_HDR_1.27MM_ST_SMD.PCBLIB,HDRMINIS_M_1X12,mini header (50mil pitch)
516,CONN_HDR_1.27MM_ST_SMD.PCBLIB,HDRMINIS_M_1X13,mini header (50mil pitch)
517,CONN_HDR_1.27MM_ST_SMD.PCBLIB,HDRMINIS_M_1X14,mini header (50mil pitch)
518,CONN_HDR_1.27MM_ST_SMD.PCBLIB,HDRMINIS_M_1X15,mini header (50mil pitch)
519,CONN_HDR_1.27MM_ST_SMD.PCBLIB,HDRMINIS_M_1X16,mini header (50mil pitch)
520,CONN_HDR_1.27MM_ST_SMD.PCBLIB,HDRMINIS_M_1X17,mini header (50mil pitch)
521,CONN_HDR_1.27MM_ST_SMD.PCBLIB,HDRMINIS_M_1X18,mini header (50mil pitch)
522,CONN_HDR_1.27MM_ST_SMD.PCBLIB,HDRMINIS_M_1X19,mini header (50mil pitch)
523,CONN_HDR_1.27MM_ST_SMD.PCBLIB,HDRMINIS_M_1X20,mini header (50mil pitch)
524,CONN_HDR_1.27MM_ST_SMD.PCBLIB,HDRMINIS_M_1X21,mini header (50mil pitch)
525,CONN_HDR_1.27MM_ST_SMD.PCBLIB,HDRMINIS_M_1X22,mini header (50mil pitch)
526,CONN_HDR_1.27MM_ST_SMD.PCBLIB,HDRMINIS_M_1X23,mini header (50mil pitch)
527,CONN_HDR_1.27MM_ST_SMD.PCBLIB,HDRMINIS_M_1X24,mini header (50mil pitch)
528,CONN_HDR_1.27MM_ST_SMD.PCBLIB,HDRMINIS_M_1X25,mini header (50mil pitch)
529,CONN_HDR_1.27MM_ST_SMD.PCBLIB,HDRMINIS_M_1X26,mini header (50mil pitch)
530,CONN_HDR_1.27MM_ST_SMD.PCBLIB,HDRMINIS_M_1X27,mini header (50mil pitch)
531,CONN_HDR_1.27MM_ST_SMD.PCBLIB,HDRMINIS_M_1X28,mini header (50mil pitch)
532,CONN_HDR_1.27MM_ST_SMD.PCBLIB,HDRMINIS_M_1X29,mini header (50mil pitch)
533,CONN_HDR_1.27MM_ST_SMD.PCBLIB,HDRMINIS_M_1X30,mini header (50mil pitch)
534,CONN_HDR_1.27MM_ST_SMD.PCBLIB,HDRMINIS_M_1X31,mini header (50mil pitch)
535,CONN_HDR_1.27MM_ST_SMD.PCBLIB,HDRMINIS_M_1X32,mini header (50mil pitch)
536,CONN_HDR_1.27MM_ST_SMD.PCBLIB,HDRMINIS_M_1X33,mini header (50mil pitch)
537,CONN_HDR_1.27MM_ST_SMD.PCBLIB,HDRMINIS_M_1X34,mini header (50mil pitch)
538,CONN_HDR_1.27MM_ST_SMD.PCBLIB,HDRMINIS_M_1X35,mini header (50mil pitch)
539,CONN_HDR_1.27MM_ST_SMD.PCBLIB,HDRMINIS_M_1X36,mini header (50mil pitch)
540,CONN_HDR_1.27MM_ST_SMD.PCBLIB,HDRMINIS_M_1X37,mini header (50mil pitch)
541,CONN_HDR_1.27MM_ST_SMD.PCBLIB,HDRMINIS_M_1X38,mini header (50mil pitch)
542,CONN_HDR_1.27MM_ST_SMD.PCBLIB,HDRMINIS_M_1X39,mini header (50mil pitch)
543,CONN_HDR_1.27MM_ST_SMD.PCBLIB,HDRMINIS_M_1X40,mini header (50mil pitch)
544,CONN_HDR_1.27MM_ST_SMD.PCBLIB,HDRMINIS_M_2X10,"FCI Minitek127® BTB, HEADER UNSHROUDED, SMT, 20   Part Number: 2002112100020D4LF"
545,CONN_HDR_1.27MM_ST_SMD.PCBLIB,HDRMINIS_M_2X11,"FCI Minitek127® BTB, HEADER UNSHROUDED, SMT, 22   Part Number: 2002112100020D4LF"
546,CONN_HDR_1.27MM_ST_SMD.PCBLIB,HDRMINIS_M_2X12,"FCI Minitek127® BTB, HEADER UNSHROUDED, SMT, 24"
547,CONN_HDR_1.27MM_ST_SMD.PCBLIB,HDRMINIS_M_2X13,"FCI Minitek127® BTB, HEADER UNSHROUDED, SMT"
548,CONN_HDR_1.27MM_ST_SMD.PCBLIB,HDRMINIS_M_2X14,"FCI Minitek127® BTB, HEADER UNSHROUDED, SMT"
549,CONN_HDR_1.27MM_ST_SMD.PCBLIB,HDRMINIS_M_2X15,"FCI Minitek127® BTB, HEADER UNSHROUDED, SMT"
550,CONN_HDR_1.27MM_ST_SMD.PCBLIB,HDRMINIS_M_2X16,"FCI Minitek127® BTB, HEADER UNSHROUDED, SMT"
551,CONN_HDR_1.27MM_ST_SMD.PCBLIB,HDRMINIS_M_2X17,"FCI Minitek127® BTB, HEADER UNSHROUDED, SMT"
552,CONN_HDR_1.27MM_ST_SMD.PCBLIB,HDRMINIS_M_2X18,"FCI Minitek127® BTB, HEADER UNSHROUDED, SMT"
553,CONN_HDR_1.27MM_ST_SMD.PCBLIB,HDRMINIS_M_2X19,"FCI Minitek127® BTB, HEADER UNSHROUDED, SMT"
554,CONN_HDR_1.27MM_ST_SMD.PCBLIB,HDRMINIS_M_2X20,"FCI Minitek127® BTB, HEADER UNSHROUDED, SMT"
555,CONN_HDR_1.27MM_ST_SMD.PCBLIB,HDRMINIS_M_2X25,"FCI Minitek127® BTB, HEADER UNSHROUDED, SMT"
556,CONN_HDR_1.27MM_ST_SMDE.PCBLIB,HDRMINS_M_2X3_E,mini header (50mil pitch)
557,CONN_HDR_1.27MM_ST_SMDE.PCBLIB,HDRMINS_M_1X10_E,mini header (50mil pitch)
558,CONN_HDR_2.00MM_BOX_IDC.PCBLIB,IDC2_2X5,Connector; Header; 2mm Pitch
559,CONN_HDR_2.00MM_BOX_IDC.PCBLIB,IDC2_2X7,Connector; Header; 2mm Pitch
560,CONN_HDR_2.00MM_BOX_IDC.PCBLIB,IDC2S_2X7,MOLEX 87832-1420
561,CONN_HDR_2.00MM_BOX_IDC.PCBLIB,IDC2_2X7C,"2.00mm Male Box Header, 14p, compact, 878311420, mating 875681443"
562,CONN_HDR_2.00MM_ST.PCBLIB,HDR2_F_2X2,Connector; Header; 2mm Pitch
563,CONN_HDR_2.00MM_ST.PCBLIB,HDR2_F_2X3,Connector; Header; 2mm Pitch
564,CONN_HDR_2.00MM_ST.PCBLIB,HDR2_F_2X4,Connector; Header; 2mm Pitch
565,CONN_HDR_2.00MM_ST.PCBLIB,HDR2_F_2X5,Connector; Header; 2mm Pitch
566,CONN_HDR_2.00MM_ST.PCBLIB,HDR2_F_2X6,Connector; Header; 2mm Pitch
567,CONN_HDR_2.00MM_ST.PCBLIB,HDR2_F_2X7,Connector; Header; 2mm Pitch
568,CONN_HDR_2.00MM_ST.PCBLIB,HDR2_F_2X8,Connector; Header; 2mm Pitch
569,CONN_HDR_2.00MM_ST.PCBLIB,HDR2_F_2X9,Connector; Header; 2mm Pitch
570,CONN_HDR_2.00MM_ST.PCBLIB,HDR2_M_1X5,Connector; Header; 2mm Pitch
571,CONN_HDR_2.00MM_ST.PCBLIB,HDR2_M_2X2,Connector; Header; 2mm Pitch
572,CONN_HDR_2.00MM_ST.PCBLIB,HDR2_M_2X3,Connector; Header; 2mm Pitch
573,CONN_HDR_2.00MM_ST.PCBLIB,HDR2_M_2X4,Connector; Header; 2mm Pitch
574,CONN_HDR_2.00MM_ST.PCBLIB,HDR2_M_2X5,Connector; Header; 2mm Pitch
575,CONN_HDR_2.00MM_ST.PCBLIB,HDR2_M_2X6,Connector; Header; 2mm Pitch
576,CONN_HDR_2.00MM_ST.PCBLIB,HDR2_M_2X7,Connector; Header; 2mm Pitch
577,CONN_HDR_2.00MM_ST.PCBLIB,HDR2_M_2X8,Connector; Header; 2mm Pitch
578,CONN_HDR_2.00MM_ST.PCBLIB,HDR2_M_2X9,Connector; Header; 2mm Pitch
579,CONN_HDR_2.00MM_ST.PCBLIB,HDR2_F_2X10,Connector; Header; 2mm Pitch
580,CONN_HDR_2.00MM_ST.PCBLIB,HDR2_F_2X11,Connector; Header; 2mm Pitch
581,CONN_HDR_2.00MM_ST.PCBLIB,HDR2_F_2X12,Connector; Header; 2mm Pitch
582,CONN_HDR_2.00MM_ST.PCBLIB,HDR2_F_2X13,Connector; Header; 2mm Pitch
583,CONN_HDR_2.00MM_ST.PCBLIB,HDR2_F_2X14,Connector; Header; 2mm Pitch
584,CONN_HDR_2.00MM_ST.PCBLIB,HDR2_F_2X15,Connector; Header; 2mm Pitch
585,CONN_HDR_2.00MM_ST.PCBLIB,HDR2_F_2X16,Connector; Header; 2mm Pitch
586,CONN_HDR_2.00MM_ST.PCBLIB,HDR2_F_2X17,Connector; Header; 2mm Pitch
587,CONN_HDR_2.00MM_ST.PCBLIB,HDR2_F_2X18,Connector; Header; 2mm Pitch
588,CONN_HDR_2.00MM_ST.PCBLIB,HDR2_F_2X19,Connector; Header; 2mm Pitch
589,CONN_HDR_2.00MM_ST.PCBLIB,HDR2_F_2X20,Connector; Header; 2mm Pitch
590,CONN_HDR_2.00MM_ST.PCBLIB,HDR2_F_2X21,Connector; Header; 2mm Pitch
591,CONN_HDR_2.00MM_ST.PCBLIB,HDR2_F_2X22,Connector; Header; 2mm Pitch
592,CONN_HDR_2.00MM_ST.PCBLIB,HDR2_F_2X23,Connector; Header; 2mm Pitch
593,CONN_HDR_2.00MM_ST.PCBLIB,HDR2_F_2X24,Connector; Header; 2mm Pitch
594,CONN_HDR_2.00MM_ST.PCBLIB,HDR2_F_2X25,Connector; Header; 2mm Pitch
595,CONN_HDR_2.00MM_ST.PCBLIB,HDR2_M_2X10,Connector; Header; 2mm Pitch
596,CONN_HDR_2.00MM_ST.PCBLIB,HDR2_M_2X11,Connector; Header; 2mm Pitch
597,CONN_HDR_2.00MM_ST.PCBLIB,HDR2_M_2X12,Connector; Header; 2mm Pitch
598,CONN_HDR_2.00MM_ST.PCBLIB,HDR2_M_2X13,Connector; Header; 2mm Pitch
599,CONN_HDR_2.00MM_ST.PCBLIB,HDR2_M_2X14,Connector; Header; 2mm Pitch
600,CONN_HDR_2.00MM_ST.PCBLIB,HDR2_M_2X15,Connector; Header; 2mm Pitch
601,CONN_HDR_2.00MM_ST.PCBLIB,HDR2_M_2X16,Connector; Header; 16x2 Position; 2mm Pitch
602,CONN_HDR_2.00MM_ST.PCBLIB,HDR2_M_2X17,Connector; Header; 2mm Pitch
603,CONN_HDR_2.00MM_ST.PCBLIB,HDR2_M_2X18,Connector; Header; 2mm Pitch
604,CONN_HDR_2.00MM_ST.PCBLIB,HDR2_M_2X19,Connector; Header; 2mm Pitch
605,CONN_HDR_2.00MM_ST.PCBLIB,HDR2_M_2X20,Connector; Header; 20x2 Position; 2mm Pitch
606,CONN_HDR_2.00MM_ST.PCBLIB,HDR2_M_2X21,Connector; Header; 21x2 Position; 2mm Pitch
607,CONN_HDR_2.00MM_ST.PCBLIB,HDR2_M_2X22,Connector; Header; 22x2 Position; 2mm Pitch
608,CONN_HDR_2.00MM_ST.PCBLIB,HDR2_M_2X23,Connector; Header; 23x2 Position; 2mm Pitch
609,CONN_HDR_2.00MM_ST.PCBLIB,HDR2_M_2X24,Connector; Header; 24x2 Position; 2mm Pitch
610,CONN_HDR_2.00MM_ST.PCBLIB,HDR2_M_2X25,Connector; Header; 25x2 Position; 2mm Pitch
611,CONN_HDR_2.00MM_ST_SMD.PCBLIB,HDR2S_F_2X2,Header 2.0mm pitch
612,CONN_HDR_2.00MM_ST_SMD.PCBLIB,HDR2S_F_2X3,Header 2.0mm pitch
613,CONN_HDR_2.00MM_ST_SMD.PCBLIB,HDR2S_F_2X4,Header 2.0mm pitch
614,CONN_HDR_2.00MM_ST_SMD.PCBLIB,HDR2S_F_2X5,Header 2.0mm pitch
615,CONN_HDR_2.00MM_ST_SMD.PCBLIB,HDR2S_F_2X6,Header 2.0mm pitch
616,CONN_HDR_2.00MM_ST_SMD.PCBLIB,HDR2S_F_2X7,Header 2.0mm pitch
617,CONN_HDR_2.00MM_ST_SMD.PCBLIB,HDR2S_F_2X8,Header 2.0mm pitch
618,CONN_HDR_2.00MM_ST_SMD.PCBLIB,HDR2S_F_2X9,Header 2.0mm pitch
619,CONN_HDR_2.00MM_ST_SMD.PCBLIB,HDR2S_M_2X2,Header 2.0mm pitch
620,CONN_HDR_2.00MM_ST_SMD.PCBLIB,HDR2S_M_2X3,Header 2.0mm pitch
621,CONN_HDR_2.00MM_ST_SMD.PCBLIB,HDR2S_M_2X4,Header 2.0mm pitch
622,CONN_HDR_2.00MM_ST_SMD.PCBLIB,HDR2S_M_2X5,Header 2.0mm pitch
623,CONN_HDR_2.00MM_ST_SMD.PCBLIB,HDR2S_M_2X6,Header 2.0mm pitch
624,CONN_HDR_2.00MM_ST_SMD.PCBLIB,HDR2S_M_2X7,Header 2.0mm pitch
625,CONN_HDR_2.00MM_ST_SMD.PCBLIB,HDR2S_M_2X8,Header 2.0mm pitch
626,CONN_HDR_2.00MM_ST_SMD.PCBLIB,HDR2S_M_2X9,Header 2.0mm pitch
627,CONN_HDR_2.00MM_ST_SMD.PCBLIB,HDR2S_F_2X10,Header 2.0mm pitch
628,CONN_HDR_2.00MM_ST_SMD.PCBLIB,HDR2S_M_2X10,Header 2.0mm pitch
629,CONN_HDR_2.00MM_ST_SMD.PCBLIB,HDR2SE_F_2X10,
630,CONN_HDR_2.00MM_ST_SMD.PCBLIB,HDR2SE_M_2X10,
631,CONN_HDR_2.54MM_BOX_IDC.PCBLIB,IDC_2X3,
632,CONN_HDR_2.54MM_BOX_IDC.PCBLIB,IDC_2X4,"IDC, HEADER BOX 2X4, 8p, 2.54mm pitch"
633,CONN_HDR_2.54MM_BOX_IDC.PCBLIB,IDC_2X5,"IDC, HEADER BOX 2X5, 10p, 2.54mm pitch"
634,CONN_HDR_2.54MM_BOX_IDC.PCBLIB,IDC_2X6,
635,CONN_HDR_2.54MM_BOX_IDC.PCBLIB,IDC_2X7,"IDC, HEADER BOX 2X7, 14p, 2.54mm pitch"
636,CONN_HDR_2.54MM_BOX_IDC.PCBLIB,IDC_2X8,
637,CONN_HDR_2.54MM_BOX_IDC.PCBLIB,IDCE_2X5,
638,CONN_HDR_2.54MM_BOX_IDC.PCBLIB,IDCE_2X8,
639,CONN_HDR_2.54MM_BOX_IDC.PCBLIB,IDCR_2X7,
640,CONN_HDR_2.54MM_BOX_IDC.PCBLIB,IDCR_2X8,
641,CONN_HDR_2.54MM_BOX_IDC.PCBLIB,IDC_2X10,
642,CONN_HDR_2.54MM_BOX_IDC.PCBLIB,IDC_2X12,
643,CONN_HDR_2.54MM_BOX_IDC.PCBLIB,IDC_2X13,
644,CONN_HDR_2.54MM_BOX_IDC.PCBLIB,IDC_2X15,
645,CONN_HDR_2.54MM_BOX_IDC.PCBLIB,IDC_2X17,
646,CONN_HDR_2.54MM_BOX_IDC.PCBLIB,IDC_2X20,
647,CONN_HDR_2.54MM_BOX_IDC.PCBLIB,IDC_2X22,
648,CONN_HDR_2.54MM_BOX_IDC.PCBLIB,IDC_2X25,
649,CONN_HDR_2.54MM_BOX_IDC.PCBLIB,IDC_2X30,
650,CONN_HDR_2.54MM_BOX_IDC.PCBLIB,IDC_2X32,
651,CONN_HDR_2.54MM_BOX_IDC.PCBLIB,IDCE_2X10,
652,CONN_HDR_2.54MM_BOX_IDC.PCBLIB,IDCE_2X12,
653,CONN_HDR_2.54MM_BOX_IDC.PCBLIB,IDCE_2X13,
654,CONN_HDR_2.54MM_BOX_IDC.PCBLIB,IDCE_2X15,
655,CONN_HDR_2.54MM_BOX_IDC.PCBLIB,IDCE_2X17,
656,CONN_HDR_2.54MM_BOX_IDC.PCBLIB,IDCE_2X20,
657,CONN_HDR_2.54MM_BOX_IDC.PCBLIB,IDCE_2X25,
658,CONN_HDR_2.54MM_BOX_IDC.PCBLIB,IDCE_2X30,
659,CONN_HDR_2.54MM_BOX_IDC.PCBLIB,IDCE_2X32,
660,CONN_HDR_2.54MM_BOX_IDC.PCBLIB,IDCF_2X17,SOCKET BRD MNT 34POS 2.54MM
661,CONN_HDR_2.54MM_BOX_IDC.PCBLIB,IDCF_2X20,SOCKET BRD MNT 40POS 2.54MM
662,CONN_HDR_2.54MM_BOX_IDC.PCBLIB,IDCF_2X25,SOCKET BRD MNT 50POS 2.54MM
663,CONN_HDR_2.54MM_BOX_IDC.PCBLIB,IDCER_2X20,
664,CONN_HDR_2.54MM_BOX_IDC.PCBLIB,IDCER_2X25,
665,CONN_HDR_2.54MM_BOX_IDC.PCBLIB,IDC_2X5_SMDE,"IDC, HEADER BOX 2X5, 10p, 2.54mm pitch"
666,CONN_HDR_2.54MM_BOX_IDC.PCBLIB,IDC_2X7_SMDE,"IDC, HEADER BOX 2X7, 14p, 2.54mm pitch, EDGE of Board"
667,CONN_HDR_2.54MM_BOX_IDC.PCBLIB,IDC_2X10_SMDE,
668,CONN_HDR_2.54MM_LP.PCBLIB,HDRLP_F_1,"Connector Socket, Single-row 1-position, 0.100"" pitch"
669,CONN_HDR_2.54MM_LP.PCBLIB,HDRLP_M_1,"HEADER, LowProfile, Single-row 1-position, 0.100"" pitch"
670,CONN_HDR_2.54MM_LP.PCBLIB,HDRLPV_M_1,"HEADER, LowProfile, Single-row 1-position, 0.100"" pitch"
671,CONN_HDR_2.54MM_LP.PCBLIB,HDRLP_F_1X2,"Connector Socket, Single-row 1-position, 0.100"" pitch"
672,CONN_HDR_2.54MM_LP.PCBLIB,HDRLP_F_1X3,"Connector Socket, Single-row 1-position, 0.100"" pitch"
673,CONN_HDR_2.54MM_LP.PCBLIB,HDRLP_F_1X4,"Connector Socket, Single-row 1-position, 0.100"" pitch"
674,CONN_HDR_2.54MM_LP.PCBLIB,HDRLP_F_1X5,"Connector Socket, Single-row 1-position, 0.100"" pitch"
675,CONN_HDR_2.54MM_LP.PCBLIB,HDRLP_F_1X6,"Connector Socket, Single-row 1-position, 0.100"" pitch"
676,CONN_HDR_2.54MM_LP.PCBLIB,HDRLP_F_1X8,"Connector Socket, Single-row 1-position, 0.100"" pitch"
677,CONN_HDR_2.54MM_LP.PCBLIB,HDRLP_M_1X2,"Connector Socket, Single-row 1-position, 0.100"" pitch"
678,CONN_HDR_2.54MM_LP.PCBLIB,HDRLP_M_1X3,"Connector Header, Single-row 3-position, 0.100"" pitch"
679,CONN_HDR_2.54MM_LP.PCBLIB,HDRLP_M_1X4,"Connector Socket, Single-row 1-position, 0.100"" pitch"
680,CONN_HDR_2.54MM_LP.PCBLIB,HDRLP_M_1X5,"Connector Socket, Single-row 1-position, 0.100"" pitch"
681,CONN_HDR_2.54MM_LP.PCBLIB,HDRLP_M_1X6,"Connector Socket, Single-row 1-position, 0.100"" pitch"
682,CONN_HDR_2.54MM_LP.PCBLIB,HDRLP_M_1X8,"Connector Socket, Single-row 1-position, 0.100"" pitch"
683,CONN_HDR_2.54MM_LP.PCBLIB,HDRLPV_M_1X3,"HEADER, LowProfile, Single-row 3-position, 0.100"" pitch"
684,CONN_HDR_2.54MM_LP.PCBLIB,HDRLP_F_1X10,"Connector Socket, Single-row 1-position, 0.100"" pitch"
685,CONN_HDR_2.54MM_LP.PCBLIB,HDRLP_F_1X20,"HEADER, FEMALE, MILITARY"
686,CONN_HDR_2.54MM_LP.PCBLIB,HDRLP_M_1X10,"Connector Socket, Single-row 1-position, 0.100"" pitch"
687,CONN_HDR_2.54MM_LP.PCBLIB,HDRLP_M_1X20,"HEADER, FEMALE, MILITARY"
688,CONN_HDR_2.54MM_RA.PCBLIB,HDRR_M_1,Connector; Header; 1 Position; Right Angle
689,CONN_HDR_2.54MM_RA.PCBLIB,HDRR_F_1X2,Connector; Header; 2 Position; Right Angle
690,CONN_HDR_2.54MM_RA.PCBLIB,HDRR_F_1X3,Connector; Header; 3 Position; Right Angle
691,CONN_HDR_2.54MM_RA.PCBLIB,HDRR_F_1X4,Connector; Header; 4 Position; Right Angle
692,CONN_HDR_2.54MM_RA.PCBLIB,HDRR_F_1X5,Connector; Header; 5 Position
693,CONN_HDR_2.54MM_RA.PCBLIB,HDRR_F_1X6,Connector; Header; 6 Position
694,CONN_HDR_2.54MM_RA.PCBLIB,HDRR_F_1X7,Connector; Header; 7 Position
695,CONN_HDR_2.54MM_RA.PCBLIB,HDRR_F_1X8,Connector; Header; 8 Position
696,CONN_HDR_2.54MM_RA.PCBLIB,HDRR_F_1X9,Connector; Header; 9 Position
697,CONN_HDR_2.54MM_RA.PCBLIB,HDRR_F_2X2,Connector; Header; 2x2 Position
698,CONN_HDR_2.54MM_RA.PCBLIB,HDRR_F_2X3,Connector; Header; 3x2 Position
699,CONN_HDR_2.54MM_RA.PCBLIB,HDRR_F_2X4,Connector; Header; 4x2 Position
700,CONN_HDR_2.54MM_RA.PCBLIB,HDRR_F_2X5,Connector; Header; 5x2 Position
701,CONN_HDR_2.54MM_RA.PCBLIB,HDRR_F_2X6,Connector; Header; 6x2 Position
702,CONN_HDR_2.54MM_RA.PCBLIB,HDRR_F_2X7,Connector; Header; 7x2 Position
703,CONN_HDR_2.54MM_RA.PCBLIB,HDRR_F_2X8,Connector; Header; 8x2 Position
704,CONN_HDR_2.54MM_RA.PCBLIB,HDRR_F_2X9,Connector; Header; 9x2 Position
705,CONN_HDR_2.54MM_RA.PCBLIB,HDRR_M_1X2,Connector; Header; 2 Position; Right Angle
706,CONN_HDR_2.54MM_RA.PCBLIB,HDRR_M_1X3,Connector; Header; 3 Position; Right Angle
707,CONN_HDR_2.54MM_RA.PCBLIB,HDRR_M_1X4,Connector; Header; 4 Position; Right Angle
708,CONN_HDR_2.54MM_RA.PCBLIB,HDRR_M_1X5,Connector; Header; 5 Position
709,CONN_HDR_2.54MM_RA.PCBLIB,HDRR_M_1X6,Connector; Header; 6 Position
710,CONN_HDR_2.54MM_RA.PCBLIB,HDRR_M_1X7,Connector; Header; 7 Position
711,CONN_HDR_2.54MM_RA.PCBLIB,HDRR_M_1X8,Connector; Header; 8 Position
712,CONN_HDR_2.54MM_RA.PCBLIB,HDRR_M_1X9,Connector; Header; 9 Position
713,CONN_HDR_2.54MM_RA.PCBLIB,HDRR_M_2X1,Connector; Header; 2x2 Position
714,CONN_HDR_2.54MM_RA.PCBLIB,HDRR_M_2X2,Connector; Header; 2x2 Position
715,CONN_HDR_2.54MM_RA.PCBLIB,HDRR_M_2X3,Connector; Header; 3x2 Position
716,CONN_HDR_2.54MM_RA.PCBLIB,HDRR_M_2X4,Connector; Header; 4x2 Position
717,CONN_HDR_2.54MM_RA.PCBLIB,HDRR_M_2X5,Connector; Header; 5x2 Position
718,CONN_HDR_2.54MM_RA.PCBLIB,HDRR_M_2X6,Connector; Header; 6x2 Position
719,CONN_HDR_2.54MM_RA.PCBLIB,HDRR_M_2X7,Connector; Header; 7x2 Position
720,CONN_HDR_2.54MM_RA.PCBLIB,HDRR_M_2X8,Connector; Header; 8x2 Position
721,CONN_HDR_2.54MM_RA.PCBLIB,HDRR_M_2X9,Connector; Header; 9x2 Position
722,CONN_HDR_2.54MM_RA.PCBLIB,HDRR_F_1X10,Connector; Header; 10 Position
723,CONN_HDR_2.54MM_RA.PCBLIB,HDRR_F_2X10,Connector; Header; 10x2 Position
724,CONN_HDR_2.54MM_RA.PCBLIB,HDRR_F_2X11,Connector; Header; 11x2 Position
725,CONN_HDR_2.54MM_RA.PCBLIB,HDRR_F_2X12,Connector; Header; 12x2 Position
726,CONN_HDR_2.54MM_RA.PCBLIB,HDRR_F_2X13,Connector; Header; 13x2 Position
727,CONN_HDR_2.54MM_RA.PCBLIB,HDRR_F_2X14,Connector; Header; 14x2 Position
728,CONN_HDR_2.54MM_RA.PCBLIB,HDRR_F_2X15,Connector; Header; 15x2 Position
729,CONN_HDR_2.54MM_RA.PCBLIB,HDRR_F_2X16,Connector; Header; 16x2 Position
730,CONN_HDR_2.54MM_RA.PCBLIB,HDRR_F_2X17,Connector; Header; 17x2 Position
731,CONN_HDR_2.54MM_RA.PCBLIB,HDRR_F_2X18,Connector; Header; 18x2 Position
732,CONN_HDR_2.54MM_RA.PCBLIB,HDRR_F_2X19,Connector; Header; 19x2 Position
733,CONN_HDR_2.54MM_RA.PCBLIB,HDRR_F_2X20,Connector; Header; 20x2 Position
734,CONN_HDR_2.54MM_RA.PCBLIB,HDRR_F_2X25,Connector; Header; 25x2 Position
735,CONN_HDR_2.54MM_RA.PCBLIB,HDRR_M_1X10,Connector; Header; 10 Position
736,CONN_HDR_2.54MM_RA.PCBLIB,HDRR_M_2X10,Connector; Header; 10x2 Position
737,CONN_HDR_2.54MM_RA.PCBLIB,HDRR_M_2X11,Connector; Header; 11x2 Position
738,CONN_HDR_2.54MM_RA.PCBLIB,HDRR_M_2X12,Connector; Header; 12x2 Position
739,CONN_HDR_2.54MM_RA.PCBLIB,HDRR_M_2X13,Connector; Header; 13x2 Position
740,CONN_HDR_2.54MM_RA.PCBLIB,HDRR_M_2X14,Connector; Header; 14x2 Position
741,CONN_HDR_2.54MM_RA.PCBLIB,HDRR_M_2X15,Connector; Header; 15x2 Position
742,CONN_HDR_2.54MM_RA.PCBLIB,HDRR_M_2X16,Connector; Header; 16x2 Position
743,CONN_HDR_2.54MM_RA.PCBLIB,HDRR_M_2X17,Connector; Header; 17x2 Position
744,CONN_HDR_2.54MM_RA.PCBLIB,HDRR_M_2X18,Connector; Header; 18x2 Position
745,CONN_HDR_2.54MM_RA.PCBLIB,HDRR_M_2X19,Connector; Header; 19x2 Position
746,CONN_HDR_2.54MM_RA.PCBLIB,HDRR_M_2X20,Connector; Header; 20x2 Position
747,CONN_HDR_2.54MM_RA.PCBLIB,HDRR_M_2X25,Connector; Header; 25x2 Position
748,CONN_HDR_2.54MM_RA.PCBLIB,HDRR_F_2X6_GMOD,Connector; Header; 6x2 Position
749,CONN_HDR_2.54MM_RA.PCBLIB,HDRR_M_1X6_GMOD,Connector; Header; 6 Position
750,CONN_HDR_2.54MM_RA.PCBLIB,HDRR_M_2X6_GMOD,Connector; Header; 2x6 Position
751,CONN_HDR_2.54MM_RA_SMD.PCBLIB,HDRRS_F_1X2,"Connector; Header; 2 Position, SMD edge"
752,CONN_HDR_2.54MM_RA_SMD.PCBLIB,HDRRS_F_1X3,Connector; Header; 3 Position
753,CONN_HDR_2.54MM_RA_SMD.PCBLIB,HDRRS_F_1X4,Connector; Header; 4 Position
754,CONN_HDR_2.54MM_RA_SMD.PCBLIB,HDRRS_F_1X5,Connector; Header; 5 Position
755,CONN_HDR_2.54MM_RA_SMD.PCBLIB,HDRRS_F_1X6,Connector; Header; 6 Position
756,CONN_HDR_2.54MM_RA_SMD.PCBLIB,HDRRS_F_1X7,Connector; Header; 7 Position
757,CONN_HDR_2.54MM_RA_SMD.PCBLIB,HDRRS_F_1X8,Connector; Header; 8 Position
758,CONN_HDR_2.54MM_RA_SMD.PCBLIB,HDRRS_F_1X9,Connector; Header; 9 Position
759,CONN_HDR_2.54MM_RA_SMD.PCBLIB,HDRRS_F_2X2,"HEADER, 2.54mm, 2 Rows, Right Angle, Female, SMD"
760,CONN_HDR_2.54MM_RA_SMD.PCBLIB,HDRRS_F_2X3,"HEADER, 2.54mm, 2 Rows, Right Angle, Female, SMD"
761,CONN_HDR_2.54MM_RA_SMD.PCBLIB,HDRRS_F_2X4,"HEADER, 2.54mm, 2 Rows, Right Angle, Female, SMD"
762,CONN_HDR_2.54MM_RA_SMD.PCBLIB,HDRRS_F_2X5,"HEADER, 2.54mm, 2 Rows, Right Angle, Female, SMD"
763,CONN_HDR_2.54MM_RA_SMD.PCBLIB,HDRRS_F_2X6,"HEADER, 2.54mm, 2 Rows, Right Angle, Female, SMD"
764,CONN_HDR_2.54MM_RA_SMD.PCBLIB,HDRRS_F_2X7,"HEADER, 2.54mm, 2 Rows, Right Angle, Female, SMD"
765,CONN_HDR_2.54MM_RA_SMD.PCBLIB,HDRRS_F_2X8,"HEADER, 2.54mm, 2 Rows, Right Angle, Female, SMD"
766,CONN_HDR_2.54MM_RA_SMD.PCBLIB,HDRRS_F_2X9,"HEADER, 2.54mm, 2 Rows, Right Angle, Female, SMD"
767,CONN_HDR_2.54MM_RA_SMD.PCBLIB,HDRRS_M_1X2,"Connector; Header; 2 Position, SMD edge"
768,CONN_HDR_2.54MM_RA_SMD.PCBLIB,HDRRS_M_1X3,Connector; Header; 3 Position
769,CONN_HDR_2.54MM_RA_SMD.PCBLIB,HDRRS_M_1X4,Connector; Header; 4 Position
770,CONN_HDR_2.54MM_RA_SMD.PCBLIB,HDRRS_M_1X5,Connector; Header; 5 Position
771,CONN_HDR_2.54MM_RA_SMD.PCBLIB,HDRRS_M_1X6,Connector; Header; 6 Position
772,CONN_HDR_2.54MM_RA_SMD.PCBLIB,HDRRS_M_1X7,Connector; Header; 7 Position
773,CONN_HDR_2.54MM_RA_SMD.PCBLIB,HDRRS_M_1X8,Connector; Header; 8 Position
774,CONN_HDR_2.54MM_RA_SMD.PCBLIB,HDRRS_M_1X9,Connector; Header; 9 Position
775,CONN_HDR_2.54MM_RA_SMD.PCBLIB,HDRRS_M_2X2,"HEADER, 2.54mm, 2 Rows, Right Angle, Male, SMD"
776,CONN_HDR_2.54MM_RA_SMD.PCBLIB,HDRRS_M_2X3,"HEADER, 2.54mm, 2 Rows, Right Angle, Male, SMD"
777,CONN_HDR_2.54MM_RA_SMD.PCBLIB,HDRRS_M_2X4,"HEADER, 2.54mm, 2 Rows, Right Angle, Male, SMD"
778,CONN_HDR_2.54MM_RA_SMD.PCBLIB,HDRRS_M_2X5,"HEADER, 2.54mm, 2 Rows, Right Angle, Male, SMD"
779,CONN_HDR_2.54MM_RA_SMD.PCBLIB,HDRRS_M_2X6,"HEADER, 2.54mm, 2 Rows, Right Angle, Male, SMD"
780,CONN_HDR_2.54MM_RA_SMD.PCBLIB,HDRRS_M_2X7,"HEADER, 2.54mm, 2 Rows, Right Angle, Male, SMD"
781,CONN_HDR_2.54MM_RA_SMD.PCBLIB,HDRRS_M_2X8,"HEADER, 2.54mm, 2 Rows, Right Angle, Male, SMD"
782,CONN_HDR_2.54MM_RA_SMD.PCBLIB,HDRRS_M_2X9,"HEADER, 2.54mm, 2 Rows, Right Angle, Male, SMD"
783,CONN_HDR_2.54MM_RA_SMD.PCBLIB,HDRRS_F_1X10,Connector; Header; 10 Position
784,CONN_HDR_2.54MM_RA_SMD.PCBLIB,HDRRS_F_2X10,"HEADER, 2.54mm, 2 Rows, Right Angle, Female, SMD"
785,CONN_HDR_2.54MM_RA_SMD.PCBLIB,HDRRS_F_2X11,"HEADER, 2.54mm, 2 Rows, Right Angle, Female, SMD"
786,CONN_HDR_2.54MM_RA_SMD.PCBLIB,HDRRS_F_2X12,"HEADER, 2.54mm, 2 Rows, Right Angle, Female, SMD"
787,CONN_HDR_2.54MM_RA_SMD.PCBLIB,HDRRS_F_2X13,"HEADER, 2.54mm, 2 Rows, Right Angle, Female, SMD"
788,CONN_HDR_2.54MM_RA_SMD.PCBLIB,HDRRS_F_2X14,"HEADER, 2.54mm, 2 Rows, Right Angle, Female, SMD"
789,CONN_HDR_2.54MM_RA_SMD.PCBLIB,HDRRS_F_2X15,"HEADER, 2.54mm, 2 Rows, Right Angle, Female, SMD"
790,CONN_HDR_2.54MM_RA_SMD.PCBLIB,HDRRS_F_2X16,"HEADER, 2.54mm, 2 Rows, Right Angle, Female, SMD"
791,CONN_HDR_2.54MM_RA_SMD.PCBLIB,HDRRS_F_2X17,"HEADER, 2.54mm, 2 Rows, Right Angle, Female, SMD"
792,CONN_HDR_2.54MM_RA_SMD.PCBLIB,HDRRS_F_2X18,"HEADER, 2.54mm, 2 Rows, Right Angle, Female, SMD"
793,CONN_HDR_2.54MM_RA_SMD.PCBLIB,HDRRS_F_2X19,"HEADER, 2.54mm, 2 Rows, Right Angle, Female, SMD"
794,CONN_HDR_2.54MM_RA_SMD.PCBLIB,HDRRS_F_2X20,"HEADER, 2.54mm, 2 Rows, Right Angle, Female, SMD"
795,CONN_HDR_2.54MM_RA_SMD.PCBLIB,HDRRS_M_1X10,Connector; Header; 10 Position
796,CONN_HDR_2.54MM_RA_SMD.PCBLIB,HDRRS_M_2X10,"HEADER, 2.54mm, 2 Rows, Right Angle, Male, SMD"
797,CONN_HDR_2.54MM_RA_SMD.PCBLIB,HDRRS_M_2X11,"HEADER, 2.54mm, 2 Rows, Right Angle, Male, SMD"
798,CONN_HDR_2.54MM_RA_SMD.PCBLIB,HDRRS_M_2X12,"HEADER, 2.54mm, 2 Rows, Right Angle, Male, SMD"
799,CONN_HDR_2.54MM_RA_SMD.PCBLIB,HDRRS_M_2X13,"HEADER, 2.54mm, 2 Rows, Right Angle, Male, SMD"
800,CONN_HDR_2.54MM_RA_SMD.PCBLIB,HDRRS_M_2X14,"HEADER, 2.54mm, 2 Rows, Right Angle, Male, SMD"
801,CONN_HDR_2.54MM_RA_SMD.PCBLIB,HDRRS_M_2X15,"HEADER, 2.54mm, 2 Rows, Right Angle, Male, SMD"
802,CONN_HDR_2.54MM_RA_SMD.PCBLIB,HDRRS_M_2X16,"HEADER, 2.54mm, 2 Rows, Right Angle, Male, SMD"
803,CONN_HDR_2.54MM_RA_SMD.PCBLIB,HDRRS_M_2X17,"HEADER, 2.54mm, 2 Rows, Right Angle, Male, SMD"
804,CONN_HDR_2.54MM_RA_SMD.PCBLIB,HDRRS_M_2X18,"HEADER, 2.54mm, 2 Rows, Right Angle, Male, SMD"
805,CONN_HDR_2.54MM_RA_SMD.PCBLIB,HDRRS_M_2X19,"HEADER, 2.54mm, 2 Rows, Right Angle, Male, SMD"
806,CONN_HDR_2.54MM_RA_SMD.PCBLIB,HDRRS_M_2X20,"HEADER, 2.54mm, 2 Rows, Right Angle, Male, SMD"
807,CONN_HDR_2.54MM_ST.PCBLIB,HDR_F_1,Connector; Header; 1 Position
808,CONN_HDR_2.54MM_ST.PCBLIB,HDR_M_1,Connector; Header; 1 Position
809,CONN_HDR_2.54MM_ST.PCBLIB,HDR_F_1X2,HEADER FEMALE pitch: 2.54mm
810,CONN_HDR_2.54MM_ST.PCBLIB,HDR_F_1X3,HEADER FEMALE pitch: 2.54mm
811,CONN_HDR_2.54MM_ST.PCBLIB,HDR_F_1X4,HEADER FEMALE pitch: 2.54mm
812,CONN_HDR_2.54MM_ST.PCBLIB,HDR_F_1X5,HEADER FEMALE pitch: 2.54mm
813,CONN_HDR_2.54MM_ST.PCBLIB,HDR_F_1X6,HEADER FEMALE pitch: 2.54mm
814,CONN_HDR_2.54MM_ST.PCBLIB,HDR_F_1X7,HEADER FEMALE pitch: 2.54mm
815,CONN_HDR_2.54MM_ST.PCBLIB,HDR_F_1X8,HEADER FEMALE pitch: 2.54mm
816,CONN_HDR_2.54MM_ST.PCBLIB,HDR_F_1X9,HEADER FEMALE pitch: 2.54mm
817,CONN_HDR_2.54MM_ST.PCBLIB,HDR_F_2X2,Connector; Header; 2x2 Position
818,CONN_HDR_2.54MM_ST.PCBLIB,HDR_F_2X3,Connector; Header; 3x2 Position
819,CONN_HDR_2.54MM_ST.PCBLIB,HDR_F_2X4,Connector; Header; 4x2 Position
820,CONN_HDR_2.54MM_ST.PCBLIB,HDR_F_2X5,Connector; Header; 5x2 Position
821,CONN_HDR_2.54MM_ST.PCBLIB,HDR_F_2X6,Connector; Header; 6x2 Position
822,CONN_HDR_2.54MM_ST.PCBLIB,HDR_F_2X7,Connector; Header; 7x2 Position
823,CONN_HDR_2.54MM_ST.PCBLIB,HDR_F_2X8,Connector; Header; 8x2 Position
824,CONN_HDR_2.54MM_ST.PCBLIB,HDR_F_2X9,Connector; Header; 9x2 Position
825,CONN_HDR_2.54MM_ST.PCBLIB,HDR_M_1X2,Connector; Header; 2 Position
826,CONN_HDR_2.54MM_ST.PCBLIB,HDR_M_1X3,Connector; Header; 3 Position
827,CONN_HDR_2.54MM_ST.PCBLIB,HDR_M_1X4,Connector; Header; 4 Position
828,CONN_HDR_2.54MM_ST.PCBLIB,HDR_M_1X5,Connector; Header; 5 Position
829,CONN_HDR_2.54MM_ST.PCBLIB,HDR_M_1X6,Connector; Header; 6 Position
830,CONN_HDR_2.54MM_ST.PCBLIB,HDR_M_1X7,Connector; Header; 7 Position
831,CONN_HDR_2.54MM_ST.PCBLIB,HDR_M_1X8,Connector; Header; 8 Position
832,CONN_HDR_2.54MM_ST.PCBLIB,HDR_M_1X9,Connector; Header; 9 Position
833,CONN_HDR_2.54MM_ST.PCBLIB,HDR_M_2X2,Connector; Header; 2x2 Position
834,CONN_HDR_2.54MM_ST.PCBLIB,HDR_M_2X3,Connector; Header; 3x2 Position
835,CONN_HDR_2.54MM_ST.PCBLIB,HDR_M_2X4,Male Header 2X04 with 2.54 mm Pitch
836,CONN_HDR_2.54MM_ST.PCBLIB,HDR_M_2X5,Male Header 2X05 with 2.54 mm Pitch
837,CONN_HDR_2.54MM_ST.PCBLIB,HDR_M_2X6,Male Header 2X06 with 2.54 mm Pitch
838,CONN_HDR_2.54MM_ST.PCBLIB,HDR_M_2X7,Male Header 2X07 with 2.54 mm Pitch
839,CONN_HDR_2.54MM_ST.PCBLIB,HDR_M_2X8,Male Header 2X08 with 2.54 mm Pitch
840,CONN_HDR_2.54MM_ST.PCBLIB,HDR_M_2X9,Male Header 2X09 with 2.54 mm Pitch
841,CONN_HDR_2.54MM_ST.PCBLIB,HDR_F_1X10,HEADER FEMALE pitch: 2.54mm
842,CONN_HDR_2.54MM_ST.PCBLIB,HDR_F_1X11,Connector; Header; 11 Position
843,CONN_HDR_2.54MM_ST.PCBLIB,HDR_F_1X12,Connector; Header; 12 Position
844,CONN_HDR_2.54MM_ST.PCBLIB,HDR_F_1X13,Connector; Header; 13 Position
845,CONN_HDR_2.54MM_ST.PCBLIB,HDR_F_1X14,Connector; Header; 14 Position
846,CONN_HDR_2.54MM_ST.PCBLIB,HDR_F_1X15,Connector; Header; 15 Position
847,CONN_HDR_2.54MM_ST.PCBLIB,HDR_F_1X16,Connector; Header; 16 Position
848,CONN_HDR_2.54MM_ST.PCBLIB,HDR_F_1X17,Connector; Header; 17 Position
849,CONN_HDR_2.54MM_ST.PCBLIB,HDR_F_1X18,Connector; Header; 18 Position
850,CONN_HDR_2.54MM_ST.PCBLIB,HDR_F_1X19,Connector; Header; 19 Position
851,CONN_HDR_2.54MM_ST.PCBLIB,HDR_F_1X20,Connector; Header; 20 Position
852,CONN_HDR_2.54MM_ST.PCBLIB,HDR_F_1X21,Connector; Header; 21 Position
853,CONN_HDR_2.54MM_ST.PCBLIB,HDR_F_1X22,Connector; Header; 22 Position
854,CONN_HDR_2.54MM_ST.PCBLIB,HDR_F_1X23,Connector; Header; 23 Position
855,CONN_HDR_2.54MM_ST.PCBLIB,HDR_F_1X24,Connector; Header; 24 Position
856,CONN_HDR_2.54MM_ST.PCBLIB,HDR_F_1X25,Connector; Header; 25 Position
857,CONN_HDR_2.54MM_ST.PCBLIB,HDR_F_1X26,Connector; Header; 26 Position
858,CONN_HDR_2.54MM_ST.PCBLIB,HDR_F_1X27,Connector; Header; 27 Position
859,CONN_HDR_2.54MM_ST.PCBLIB,HDR_F_1X28,Connector; Header; 28 Position
860,CONN_HDR_2.54MM_ST.PCBLIB,HDR_F_1X29,Connector; Header; 29 Position
861,CONN_HDR_2.54MM_ST.PCBLIB,HDR_F_1X30,Connector; Header; 30 Position
862,CONN_HDR_2.54MM_ST.PCBLIB,HDR_F_1X31,Connector; Header; 31 Position
863,CONN_HDR_2.54MM_ST.PCBLIB,HDR_F_1X32,Connector; Header; 32 Position
864,CONN_HDR_2.54MM_ST.PCBLIB,HDR_F_1X33,Connector; Header; 33 Position
865,CONN_HDR_2.54MM_ST.PCBLIB,HDR_F_1X34,Connector; Header; 34 Position
866,CONN_HDR_2.54MM_ST.PCBLIB,HDR_F_1X35,Connector; Header; 35 Position
867,CONN_HDR_2.54MM_ST.PCBLIB,HDR_F_1X36,Connector; Header; 36 Position
868,CONN_HDR_2.54MM_ST.PCBLIB,HDR_F_1X37,Connector; Header; 37 Position
869,CONN_HDR_2.54MM_ST.PCBLIB,HDR_F_1X38,Connector; Header; 38 Position
870,CONN_HDR_2.54MM_ST.PCBLIB,HDR_F_1X39,Connector; Header; 39 Position
871,CONN_HDR_2.54MM_ST.PCBLIB,HDR_F_1X40,Connector; Header; 40 Position
872,CONN_HDR_2.54MM_ST.PCBLIB,HDR_F_2X10,Connector; Header; 10x2 Position
873,CONN_HDR_2.54MM_ST.PCBLIB,HDR_F_2X11,Connector; Header; 11x2 Position
874,CONN_HDR_2.54MM_ST.PCBLIB,HDR_F_2X12,Connector; Header; 12x2 Position
875,CONN_HDR_2.54MM_ST.PCBLIB,HDR_F_2X13,Connector; Header; 13x2 Position
876,CONN_HDR_2.54MM_ST.PCBLIB,HDR_F_2X14,Connector; Header; 14x2 Position
877,CONN_HDR_2.54MM_ST.PCBLIB,HDR_F_2X15,Connector; Header; 15x2 Position
878,CONN_HDR_2.54MM_ST.PCBLIB,HDR_F_2X16,Connector; Header; 16x2 Position
879,CONN_HDR_2.54MM_ST.PCBLIB,HDR_F_2X17,Connector; Header; 17x2 Position
880,CONN_HDR_2.54MM_ST.PCBLIB,HDR_F_2X18,Connector; Header; 18x2 Position
881,CONN_HDR_2.54MM_ST.PCBLIB,HDR_F_2X19,Connector; Header; 19x2 Position
882,CONN_HDR_2.54MM_ST.PCBLIB,HDR_F_2X20,Connector; Header; 20x2 Position
883,CONN_HDR_2.54MM_ST.PCBLIB,HDR_F_2X21,Connector; Header;
884,CONN_HDR_2.54MM_ST.PCBLIB,HDR_F_2X22,Connector; Header;
885,CONN_HDR_2.54MM_ST.PCBLIB,HDR_F_2X23,Connector; Header;
886,CONN_HDR_2.54MM_ST.PCBLIB,HDR_F_2X24,Connector; Header;
887,CONN_HDR_2.54MM_ST.PCBLIB,HDR_F_2X25,Connector; Header;
888,CONN_HDR_2.54MM_ST.PCBLIB,HDR_F_2X26,female Header with 2.54 mm Pitch
889,CONN_HDR_2.54MM_ST.PCBLIB,HDR_F_2X27,female Header with 2.54 mm Pitch
890,CONN_HDR_2.54MM_ST.PCBLIB,HDR_F_2X28,female Header with 2.54 mm Pitch
891,CONN_HDR_2.54MM_ST.PCBLIB,HDR_F_2X29,female Header with 2.54 mm Pitch
892,CONN_HDR_2.54MM_ST.PCBLIB,HDR_F_2X30,female Header with 2.54 mm Pitch
893,CONN_HDR_2.54MM_ST.PCBLIB,HDR_F_2X31,female Header with 2.54 mm Pitch
894,CONN_HDR_2.54MM_ST.PCBLIB,HDR_F_2X32,female Header 2X32 with 2.54 mm Pitch
895,CONN_HDR_2.54MM_ST.PCBLIB,HDR_F_2X33,female Header 2X32 with 2.54 mm Pitch
896,CONN_HDR_2.54MM_ST.PCBLIB,HDR_F_2X34,female Header with 2.54 mm Pitch
897,CONN_HDR_2.54MM_ST.PCBLIB,HDR_F_2X35,female Header with 2.54 mm Pitch
898,CONN_HDR_2.54MM_ST.PCBLIB,HDR_F_2X36,female Header with 2.54 mm Pitch
899,CONN_HDR_2.54MM_ST.PCBLIB,HDR_F_2X37,female Header with 2.54 mm Pitch
900,CONN_HDR_2.54MM_ST.PCBLIB,HDR_F_2X38,female Header with 2.54 mm Pitch
901,CONN_HDR_2.54MM_ST.PCBLIB,HDR_F_2X39,female Header with 2.54 mm Pitch
902,CONN_HDR_2.54MM_ST.PCBLIB,HDR_F_2X40,female Header with 2.54 mm Pitch
903,CONN_HDR_2.54MM_ST.PCBLIB,HDR_M_1X10,Connector; Header; 10 Position
904,CONN_HDR_2.54MM_ST.PCBLIB,HDR_M_1X11,Connector; Header; 11 Position
905,CONN_HDR_2.54MM_ST.PCBLIB,HDR_M_1X12,Connector; Header; 12 Position
906,CONN_HDR_2.54MM_ST.PCBLIB,HDR_M_1X13,Connector; Header; 13 Position
907,CONN_HDR_2.54MM_ST.PCBLIB,HDR_M_1X14,Connector; Header; 14 Position
908,CONN_HDR_2.54MM_ST.PCBLIB,HDR_M_1X15,Connector; Header; 15 Position
909,CONN_HDR_2.54MM_ST.PCBLIB,HDR_M_1X16,Connector; Header; 16 Position
910,CONN_HDR_2.54MM_ST.PCBLIB,HDR_M_1X17,Connector; Header; 17 Position
911,CONN_HDR_2.54MM_ST.PCBLIB,HDR_M_1X18,Connector; Header; 18 Position
912,CONN_HDR_2.54MM_ST.PCBLIB,HDR_M_1X19,Connector; Header; 19 Position
913,CONN_HDR_2.54MM_ST.PCBLIB,HDR_M_1X20,Connector; Header; 20 Position
914,CONN_HDR_2.54MM_ST.PCBLIB,HDR_M_1X21,Connector; Header; 21 Position
915,CONN_HDR_2.54MM_ST.PCBLIB,HDR_M_1X22,Connector; Header; 22 Position
916,CONN_HDR_2.54MM_ST.PCBLIB,HDR_M_1X23,Connector; Header; 23 Position
917,CONN_HDR_2.54MM_ST.PCBLIB,HDR_M_1X24,Connector; Header; 24 Position
918,CONN_HDR_2.54MM_ST.PCBLIB,HDR_M_1X25,Connector; Header; 25 Position
919,CONN_HDR_2.54MM_ST.PCBLIB,HDR_M_1X26,Connector; Header; 26 Position
920,CONN_HDR_2.54MM_ST.PCBLIB,HDR_M_1X27,Connector; Header; 27 Position
921,CONN_HDR_2.54MM_ST.PCBLIB,HDR_M_1X28,Connector; Header; 28 Position
922,CONN_HDR_2.54MM_ST.PCBLIB,HDR_M_1X29,Connector; Header; 29 Position
923,CONN_HDR_2.54MM_ST.PCBLIB,HDR_M_1X30,Connector; Header; 30 Position
924,CONN_HDR_2.54MM_ST.PCBLIB,HDR_M_1X31,Connector; Header; 31 Position
925,CONN_HDR_2.54MM_ST.PCBLIB,HDR_M_1X32,Connector; Header; 32 Position
926,CONN_HDR_2.54MM_ST.PCBLIB,HDR_M_1X33,Connector; Header; 33 Position
927,CONN_HDR_2.54MM_ST.PCBLIB,HDR_M_1X34,Connector; Header; 34 Position
928,CONN_HDR_2.54MM_ST.PCBLIB,HDR_M_1X35,Connector; Header; 36 Position
929,CONN_HDR_2.54MM_ST.PCBLIB,HDR_M_1X36,Connector; Header; 35 Position
930,CONN_HDR_2.54MM_ST.PCBLIB,HDR_M_1X37,Connector; Header; 37 Position
931,CONN_HDR_2.54MM_ST.PCBLIB,HDR_M_1X38,Connector; Header; 38 Position
932,CONN_HDR_2.54MM_ST.PCBLIB,HDR_M_1X39,Connector; Header; 39 Position
933,CONN_HDR_2.54MM_ST.PCBLIB,HDR_M_1X40,Connector; Header; 40 Position
934,CONN_HDR_2.54MM_ST.PCBLIB,HDR_M_1X50,Connector; Header; 50 Position
935,CONN_HDR_2.54MM_ST.PCBLIB,HDR_M_2X10,Male Header 2X10 with 2.54 mm Pitch
936,CONN_HDR_2.54MM_ST.PCBLIB,HDR_M_2X11,Male Header 2X11 with 2.54 mm Pitch
937,CONN_HDR_2.54MM_ST.PCBLIB,HDR_M_2X12,Male Header 2X12 with 2.54 mm Pitch
938,CONN_HDR_2.54MM_ST.PCBLIB,HDR_M_2X13,Male Header 2X13 with 2.54 mm Pitch
939,CONN_HDR_2.54MM_ST.PCBLIB,HDR_M_2X14,Male Header 2X14 with 2.54 mm Pitch
940,CONN_HDR_2.54MM_ST.PCBLIB,HDR_M_2X15,Connector; Header; 15x2 Position
941,CONN_HDR_2.54MM_ST.PCBLIB,HDR_M_2X16,Connector; Header; 16x2 Position
942,CONN_HDR_2.54MM_ST.PCBLIB,HDR_M_2X17,Connector; Header; 17x2 Position
943,CONN_HDR_2.54MM_ST.PCBLIB,HDR_M_2X18,Connector; Header; 18x2 Position
944,CONN_HDR_2.54MM_ST.PCBLIB,HDR_M_2X19,Connector; Header; 19x2 Position
945,CONN_HDR_2.54MM_ST.PCBLIB,HDR_M_2X20,Connector; Header; 20x2 Position
946,CONN_HDR_2.54MM_ST.PCBLIB,HDR_M_2X21,Male Header 2X21 with 2.54 mm Pitch
947,CONN_HDR_2.54MM_ST.PCBLIB,HDR_M_2X22,Male Header 2X22 with 2.54 mm Pitch
948,CONN_HDR_2.54MM_ST.PCBLIB,HDR_M_2X23,Male Header 2X23 with 2.54 mm Pitch
949,CONN_HDR_2.54MM_ST.PCBLIB,HDR_M_2X24,Male Header 2X24 with 2.54 mm Pitch
950,CONN_HDR_2.54MM_ST.PCBLIB,HDR_M_2X25,Male Header 2X25 with 2.54 mm Pitch
951,CONN_HDR_2.54MM_ST.PCBLIB,HDR_M_2X26,Male Header 2X26 with 2.54 mm Pitch
952,CONN_HDR_2.54MM_ST.PCBLIB,HDR_M_2X27,Male Header 2X27 with 2.54 mm Pitch
953,CONN_HDR_2.54MM_ST.PCBLIB,HDR_M_2X28,Male Header 2X28 with 2.54 mm Pitch
954,CONN_HDR_2.54MM_ST.PCBLIB,HDR_M_2X29,Male Header with 2.54 mm Pitch
955,CONN_HDR_2.54MM_ST.PCBLIB,HDR_M_2X30,Male Header 2X30 with 2.54 mm Pitch
956,CONN_HDR_2.54MM_ST.PCBLIB,HDR_M_2X31,Male Header with 2.54 mm Pitch
957,CONN_HDR_2.54MM_ST.PCBLIB,HDR_M_2X32,Male Header 2X32 with 2.54 mm Pitch
958,CONN_HDR_2.54MM_ST.PCBLIB,HDR_M_2X33,Male Header 2X33 with 2.54 mm Pitch
959,CONN_HDR_2.54MM_ST.PCBLIB,HDR_M_2X34,Male Header 2X34 with 2.54 mm Pitch
960,CONN_HDR_2.54MM_ST.PCBLIB,HDR_M_2X35,Male Header 2X35 with 2.54 mm Pitch
961,CONN_HDR_2.54MM_ST.PCBLIB,HDR_M_2X36,Male Header 2X36 with 2.54 mm Pitch
962,CONN_HDR_2.54MM_ST.PCBLIB,HDR_M_2X37,Male Header with 2.54 mm Pitch
963,CONN_HDR_2.54MM_ST.PCBLIB,HDR_M_2X38,Male Header 2X38 with 2.54 mm Pitch
964,CONN_HDR_2.54MM_ST.PCBLIB,HDR_M_2X39,Male Header with 2.54 mm Pitch
965,CONN_HDR_2.54MM_ST.PCBLIB,HDR_M_2X40,Male Header 2X40 with 2.54 mm Pitch
966,CONN_HDR_2.54MM_ST_SMD.PCBLIB,HDRS_F_1X2,"HEADER, 2.54mm pitch, straight, SMD"
967,CONN_HDR_2.54MM_ST_SMD.PCBLIB,HDRS_F_1X3,"HEADER, 2.54mm pitch, straight, SMD"
968,CONN_HDR_2.54MM_ST_SMD.PCBLIB,HDRS_F_1X4,"HEADER, 2.54mm pitch, straight, SMD"
969,CONN_HDR_2.54MM_ST_SMD.PCBLIB,HDRS_F_1X5,"HEADER, 2.54mm pitch, straight, SMD"
970,CONN_HDR_2.54MM_ST_SMD.PCBLIB,HDRS_F_1X6,"HEADER, 2.54mm pitch, straight, SMD"
971,CONN_HDR_2.54MM_ST_SMD.PCBLIB,HDRS_F_1X7,"HEADER, 2.54mm pitch, straight, SMD"
972,CONN_HDR_2.54MM_ST_SMD.PCBLIB,HDRS_F_1X8,"HEADER, 2.54mm pitch, straight, SMD"
973,CONN_HDR_2.54MM_ST_SMD.PCBLIB,HDRS_F_1X9,"HEADER, 2.54mm pitch, straight, SMD"
974,CONN_HDR_2.54MM_ST_SMD.PCBLIB,HDRS_F_2X2,"HEADER, 2.54mm pitch, straight, SMD"
975,CONN_HDR_2.54MM_ST_SMD.PCBLIB,HDRS_F_2X3,"HEADER, 2.54mm pitch, straight, SMD"
976,CONN_HDR_2.54MM_ST_SMD.PCBLIB,HDRS_F_2X4,"HEADER, 2.54mm pitch, straight, SMD, TSM-105-01-X-DV-A"
977,CONN_HDR_2.54MM_ST_SMD.PCBLIB,HDRS_F_2X5,"HEADER, 2.54mm pitch, straight, SMD, TSM-105-01-X-DV-A"
978,CONN_HDR_2.54MM_ST_SMD.PCBLIB,HDRS_F_2X6,"HEADER, 2.54mm pitch, straight, SMD"
979,CONN_HDR_2.54MM_ST_SMD.PCBLIB,HDRS_F_2X7,"HEADER, 2.54mm pitch, straight, SMD"
980,CONN_HDR_2.54MM_ST_SMD.PCBLIB,HDRS_F_2X8,"HEADER, 2.54mm pitch, straight, SMD"
981,CONN_HDR_2.54MM_ST_SMD.PCBLIB,HDRS_F_2X9,"HEADER, 2.54mm pitch, straight, SMD"
982,CONN_HDR_2.54MM_ST_SMD.PCBLIB,HDRS_M_1X2,"HEADER, 2.54mm pitch, straight, SMD"
983,CONN_HDR_2.54MM_ST_SMD.PCBLIB,HDRS_M_1X3,"HEADER, 2.54mm pitch, straight, SMD"
984,CONN_HDR_2.54MM_ST_SMD.PCBLIB,HDRS_M_1X4,"HEADER, 2.54mm pitch, straight, SMD"
985,CONN_HDR_2.54MM_ST_SMD.PCBLIB,HDRS_M_1X5,"HEADER, 2.54mm pitch, straight, SMD"
986,CONN_HDR_2.54MM_ST_SMD.PCBLIB,HDRS_M_1X6,"HEADER, 2.54mm pitch, straight, SMD"
987,CONN_HDR_2.54MM_ST_SMD.PCBLIB,HDRS_M_1X7,"HEADER, 2.54mm pitch, straight, SMD"
988,CONN_HDR_2.54MM_ST_SMD.PCBLIB,HDRS_M_1X8,"HEADER, 2.54mm pitch, straight, SMD"
989,CONN_HDR_2.54MM_ST_SMD.PCBLIB,HDRS_M_1X9,"HEADER, 2.54mm pitch, straight, SMD"
990,CONN_HDR_2.54MM_ST_SMD.PCBLIB,HDRS_M_2X2,"HEADER, 2.54mm pitch, straight, SMD"
991,CONN_HDR_2.54MM_ST_SMD.PCBLIB,HDRS_M_2X3,"HEADER, 2.54mm pitch, straight, SMD"
992,CONN_HDR_2.54MM_ST_SMD.PCBLIB,HDRS_M_2X4,"HEADER, 2.54mm pitch, straight, SMD, TSM-105-01-X-DV-A"
993,CONN_HDR_2.54MM_ST_SMD.PCBLIB,HDRS_M_2X5,"HEADER, 2.54mm pitch, straight, SMD, TSM-105-01-X-DV-A"
994,CONN_HDR_2.54MM_ST_SMD.PCBLIB,HDRS_M_2X6,"HEADER, 2.54mm pitch, straight, SMD"
995,CONN_HDR_2.54MM_ST_SMD.PCBLIB,HDRS_M_2X7,"HEADER, 2.54mm pitch, straight, SMD"
996,CONN_HDR_2.54MM_ST_SMD.PCBLIB,HDRS_M_2X8,"HEADER, 2.54mm pitch, straight, SMD"
997,CONN_HDR_2.54MM_ST_SMD.PCBLIB,HDRS_M_2X9,"HEADER, 2.54mm pitch, straight, SMD"
998,CONN_HDR_2.54MM_ST_SMD.PCBLIB,HDRS_F_1X10,"HEADER, 2.54mm pitch, straight, SMD"
999,CONN_HDR_2.54MM_ST_SMD.PCBLIB,HDRS_F_2X10,"HEADER, 2.54mm pitch, straight, SMD"
1000,CONN_HDR_2.54MM_ST_SMD.PCBLIB,HDRS_M_1X10,"HEADER, 2.54mm pitch, straight, SMD"
1001,CONN_HDR_2.54MM_ST_SMD.PCBLIB,HDRS_M_2X10,"HEADER, 2.54mm pitch, straight, SMD"
1002,CONN_HDR_2.54MM_ST_SMD.PCBLIB,HDRS_M_2X11,"HEADER, 2.54mm pitch, straight, SMD"
1003,CONN_HDR_2.54MM_ST_SMD.PCBLIB,HDRS_M_2X12,"HEADER, 2.54mm pitch, straight, SMD"
1004,CONN_HDR_2.54MM_ST_SMD.PCBLIB,HDRS_M_2X13,"HEADER, 2.54mm pitch, straight, SMD"
1005,CONN_HDR_2.54MM_ST_SMD.PCBLIB,HDRS_M_2X14,"HEADER, 2.54mm pitch, straight, SMD"
1006,CONN_HDR_2.54MM_ST_SMD.PCBLIB,HDRS_M_2X15,"HEADER, 2.54mm pitch, straight, SMD"
1007,CONN_HDR_2.54MM_ST_SMD.PCBLIB,HDRS_M_2X16,"HEADER, 2.54mm pitch, straight, SMD"
1008,CONN_HDR_2.54MM_ST_SMD.PCBLIB,HDRS_M_2X17,"HEADER, 2.54mm pitch, straight, SMD"
1009,CONN_HDR_2.54MM_ST_SMD.PCBLIB,HDRS_M_2X18,"HEADER, 2.54mm pitch, straight, SMD"
1010,CONN_HDR_2.54MM_ST_SMD.PCBLIB,HDRS_M_2X19,"HEADER, 2.54mm pitch, straight, SMD"
1011,CONN_HDR_2.54MM_ST_SMD.PCBLIB,HDRS_M_2X20,"HEADER, 2.54mm pitch, straight, SMD"
1012,CONN_HDR_2.54MM_ST_SMD.PCBLIB,HDRS_M_2X5_C,"HEADER, 2.54mm pitch, straight, SMD WITH CABLE"
1013,CONN_HDR_2.54MM_ST_SMDE.PCBLIB,HDRSE_F_1X2,"Connector; Header; 2 Position, SMD edge"
1014,CONN_HDR_2.54MM_ST_SMDE.PCBLIB,HDRSE_F_1X3,Connector; Header; 3 Position
1015,CONN_HDR_2.54MM_ST_SMDE.PCBLIB,HDRSE_F_1X4,Connector; Header; 4 Position
1016,CONN_HDR_2.54MM_ST_SMDE.PCBLIB,HDRSE_F_1X5,Connector; Header; 5 Position
1017,CONN_HDR_2.54MM_ST_SMDE.PCBLIB,HDRSE_F_1X6,Connector; Header; 6 Position
1018,CONN_HDR_2.54MM_ST_SMDE.PCBLIB,HDRSE_F_1X7,Connector; Header; 7 Position
1019,CONN_HDR_2.54MM_ST_SMDE.PCBLIB,HDRSE_F_1X8,Connector; Header; 8 Position
1020,CONN_HDR_2.54MM_ST_SMDE.PCBLIB,HDRSE_F_1X9,Connector; Header; 9 Position
1021,CONN_HDR_2.54MM_ST_SMDE.PCBLIB,HDRSE_F_2X1,Connector; Header; 2x1 Position
1022,CONN_HDR_2.54MM_ST_SMDE.PCBLIB,HDRSE_F_2X2,Connector; Header; 2x2 Position
1023,CONN_HDR_2.54MM_ST_SMDE.PCBLIB,HDRSE_F_2X3,Connector; Header; 3x2 Position
1024,CONN_HDR_2.54MM_ST_SMDE.PCBLIB,HDRSE_F_2X4,Male Header 2X04 with 2.54 mm Pitch
1025,CONN_HDR_2.54MM_ST_SMDE.PCBLIB,HDRSE_F_2X5,Male Header 2X05 with 2.54 mm Pitch
1026,CONN_HDR_2.54MM_ST_SMDE.PCBLIB,HDRSE_F_2X6,Male Header 2X06 with 2.54 mm Pitch
1027,CONN_HDR_2.54MM_ST_SMDE.PCBLIB,HDRSE_F_2X7,Male Header 2X07 with 2.54 mm Pitch
1028,CONN_HDR_2.54MM_ST_SMDE.PCBLIB,HDRSE_F_2X8,Male Header 2X08 with 2.54 mm Pitch
1029,CONN_HDR_2.54MM_ST_SMDE.PCBLIB,HDRSE_F_2X9,Male Header 2X09 with 2.54 mm Pitch
1030,CONN_HDR_2.54MM_ST_SMDE.PCBLIB,HDRSE_M_1X2,"Connector; Header; 2 Position, SMD edge"
1031,CONN_HDR_2.54MM_ST_SMDE.PCBLIB,HDRSE_M_1X3,Connector; Header; 3 Position
1032,CONN_HDR_2.54MM_ST_SMDE.PCBLIB,HDRSE_M_1X4,Connector; Header; 4 Position
1033,CONN_HDR_2.54MM_ST_SMDE.PCBLIB,HDRSE_M_1X5,Connector; Header; 5 Position
1034,CONN_HDR_2.54MM_ST_SMDE.PCBLIB,HDRSE_M_1X6,Connector; Header; 6 Position
1035,CONN_HDR_2.54MM_ST_SMDE.PCBLIB,HDRSE_M_1X7,Connector; Header; 7 Position
1036,CONN_HDR_2.54MM_ST_SMDE.PCBLIB,HDRSE_M_1X8,Connector; Header; 8 Position
1037,CONN_HDR_2.54MM_ST_SMDE.PCBLIB,HDRSE_M_1X9,Connector; Header; 9 Position
1038,CONN_HDR_2.54MM_ST_SMDE.PCBLIB,HDRSE_M_2X1,Connector; Header; 2x1 Position
1039,CONN_HDR_2.54MM_ST_SMDE.PCBLIB,HDRSE_M_2X2,Connector; Header; 2x2 Position
1040,CONN_HDR_2.54MM_ST_SMDE.PCBLIB,HDRSE_M_2X3,Connector; Header; 3x2 Position
1041,CONN_HDR_2.54MM_ST_SMDE.PCBLIB,HDRSE_M_2X4,Male Header 2X04 with 2.54 mm Pitch
1042,CONN_HDR_2.54MM_ST_SMDE.PCBLIB,HDRSE_M_2X5,Male Header 2X05 with 2.54 mm Pitch
1043,CONN_HDR_2.54MM_ST_SMDE.PCBLIB,HDRSE_M_2X6,Male Header 2X06 with 2.54 mm Pitch
1044,CONN_HDR_2.54MM_ST_SMDE.PCBLIB,HDRSE_M_2X7,Male Header 2X07 with 2.54 mm Pitch
1045,CONN_HDR_2.54MM_ST_SMDE.PCBLIB,HDRSE_M_2X8,Male Header 2X08 with 2.54 mm Pitch
1046,CONN_HDR_2.54MM_ST_SMDE.PCBLIB,HDRSE_M_2X9,Male Header 2X09 with 2.54 mm Pitch
1047,CONN_HDR_2.54MM_ST_SMDE.PCBLIB,HDRSE_F_1X10,Connector; Header; 10 Position
1048,CONN_HDR_2.54MM_ST_SMDE.PCBLIB,HDRSE_F_2X10,Male Header 2X10 with 2.54 mm Pitch
1049,CONN_HDR_2.54MM_ST_SMDE.PCBLIB,HDRSE_M_1X10,Connector; Header; 10 Position
1050,CONN_HDR_2.54MM_ST_SMDE.PCBLIB,HDRSE_M_1X12,Connector; Header; 12 Position
1051,CONN_HDR_2.54MM_ST_SMDE.PCBLIB,HDRSE_M_2X10,Male Header 2X10 with 2.54 mm Pitch
1052,CONN_JACKAV.PCBLIB,CONNA,"Conn, Audio Cable, Stereo, 3.5mm"
1053,CONN_JACKAV.PCBLIB,SPDIF_T,"PLT133/T10W, PLT237-T10WH, FCR684208T"
1054,CONN_JACKAV.PCBLIB,JCKV_RCA,RCA PHONO JACK VIDEO KEYSTONE 901
1055,CONN_JACKAV.PCBLIB,CONNV_RCA,Cable Video Connector
1056,CONN_JACKAV.PCBLIB,SYM_A_SPK,
1057,CONN_JACKAV.PCBLIB,JCKAS_PJ237,"Jack, Audio, Stereo, 3.5mm, RA, SMD, PJ-237"
1058,CONN_JACKAV.PCBLIB,JCKAS_PJ340,"Jack, Audio, Stereo, 3.5mm, PJ-340-SMD"
1059,CONN_JACKAV.PCBLIB,JCKAS_PJ386,"Jack, Audio, Stereo, 3.5mm, RA, SMD"
1060,CONN_JACKAV.PCBLIB,JCKAT_PJ321,"Jack, Audio, Stereo, 3.5mm, RA, THD, PJ-321B"
1061,CONN_JACKAV.PCBLIB,JCKAS_SJ2513,CUI SJ1-2513-SMT 2.5mm stereo jack
1062,CONN_JACKAV.PCBLIB,JCKAT_MJ3502,CUI MJ-3502 3.5mm audio jack - mono
1063,CONN_JACKAV.PCBLIB,JCKAT_SJ3535,"Jack, Audio, Stereo, 3.5mm, RA, THD, SJ1-3535NG BLACK"
1064,CONN_JACKAV.PCBLIB,JCKV_RCA_TRC,TRC Video Connector
1065,CONN_JACKAV.PCBLIB,SYM_A_LINEIN,"Symbol, Audio, LineIN"
1066,CONN_JACKAV.PCBLIB,JCKAS_SJ43617,"Jack, Audio, Stereo, 3.5mm, SJ-43617-SMT"
1067,CONN_JACKAV.PCBLIB,JCKAS_STX3500,"Jack, Audio, Stereo, 3.5mm, RA, SMD"
1068,CONN_JACKAV.PCBLIB,JCKAT_SJ43514,Audio_JACK_RA_TH_SJ-43514
1069,CONN_JACKAV.PCBLIB,JCKAT_STX3000,STX-3000 Audio Jack
1070,CONN_JACKAV.PCBLIB,JCKAT_STX3100,"Jack, Audio, Stereo, 3.5mm, RA, THD"
1071,CONN_JACKAV.PCBLIB,JCKAT_TSH3675,"Jack, Audio, Stereo, 3.5mm, RA, THD, TSH3675"
1072,CONN_JACKAV.PCBLIB,SYM_A_HDPHONE,"Symbol, Audio, HeadPhone"
1073,CONN_JACKAV.PCBLIB,JCKAS_35RASMT4,"Audio Jack, 35RASMT4BHNTRX"
1074,CONN_JACKAV.PCBLIB,JCKAT_PJS05LBH,"Jack, Audio, Stereo, 3.5mm, RA, THD, PJS-05-LB-H"
1075,CONN_JACKAV.PCBLIB,JCKAT_SJ3535BLU,"Jack, Audio, Stereo, 3.5mm, RA, THD, SJ1-3535NG-BE"
1076,CONN_JACKAV.PCBLIB,JCKAT_SJ3535GRN,"Jack, Audio, Stereo, 3.5mm, RA, THD, SJ1-3535NG-GR"
1077,CONN_JACKAV.PCBLIB,JCKAT_SJ3535PNK,"Jack, Audio, Stereo, 3.5mm, RA, THD, SJ1-3535NG-PI"
1078,CONN_JACKAV.PCBLIB,JCKV_RCA_RCJ044,"RCA PHONO JACK VIDEO CUI, RCJ-044"
1079,CONN_OPTIC.PCBLIB,SFP_20,"SFP+ Conn, MOLEX, 74441-0010, 74737-0010"
1080,CONN_OPTIC.PCBLIB,SFP_QUAD,760455001
1081,CONN_OPTIC.PCBLIB,QSFP28_38,"zQSFP+/QSFP28 Conn, TE 1551920-2"
1082,CONN_OPTIC.PCBLIB,SFP_20_SH,"SFP Conn, MOLEX, 74441-0010, 74737-0010"
1083,CONN_OPTIC.PCBLIB,QSFP28_38_SH,"zQSFP+/QSFP28 Conn, TE 1551920-2 + 2170705-7"
1084,CONN_PCIE_PCI.PCBLIB,PCIE_BRACKET,PC IO BOARD BRACKET
1085,CONN_PCIE_PCI.PCBLIB,PCIE_SLOT_X1,"CONN, PCI EXPRESS Slot, 36POS, VERT, THD"
1086,CONN_PCIE_PCI.PCBLIB,PCIE_X1_EDGE,"PCIE, 1LANE, EDGE pcb connections"
1087,CONN_PCIE_PCI.PCBLIB,PCIE_X4_EDGE,"PCIE, 4LANE, EDGE pcb connections"
1088,CONN_PCIE_PCI.PCBLIB,PCIE_X8_EDGE,"PCIE, 8LANE, EDGE pcb connections"
1089,CONN_PCIE_PCI.PCBLIB,PCIE_X16_EDGE,"PCIE, 16LANE, EDGE pcb connections"
1090,CONN_PCIE_PCI.PCBLIB,PCIE_SLOT_MINI,"CONN, PCIE SLOT, MINI, 2X26, SMT 0.8mm"
1091,CONN_PCIE_PCI.PCBLIB,PCIE_BRACKET_LP,PC IO BOARD BRACKET
1092,CONN_PCIE_PCI.PCBLIB,PCIE_SLOT_MINI_L,"CONN, PCIE LATCH, MINI, 2X26, SMT 0.8mm"
1093,CONN_PCIE_PCI.PCBLIB,PCIE_X16_EDGE_LCK,"PCIE, 16LANE, EDGE pcb connections with lock"
1094,CONN_PCIE_PCI.PCBLIB,PCIE-064-02-X-D-RA,SAMTEC_PCIE-064-02-F-D-RA
1095,CONN_PCIE_PCI.PCBLIB,PCIE-064-02-X-D-TH,SAMTEC_PCIE-064-02-F-D-TH
1096,CONN_PCIE_PCI.PCBLIB,PCIE-164-02-X-D-RA,SAMTEC_PCIE-164-02-F-D-RA
1097,CONN_PCIE_PCI.PCBLIB,PCIE-164-02-X-D-TH,SAMTEC_PCIE-164-02-F-D-TH
1098,CONN_PCIE_PCI.PCBLIB,PCIE-064-02-X-D-EMS2,SAMTEC_PCIE-064-02-F-D-EMS2
1099,CONN_PCIE_PCI.PCBLIB,PCIE-164-02-X-D-EMS2,SAMTEC_PCIE-164-02-F-D-EMS2
1100,CONN_POWERJACK.PCBLIB,JAC_PWR1,"DC POWER JACK, 1mm, Power Jack PJ-031C"
1101,CONN_POWERJACK.PCBLIB,JAC_PWR2,"DC POWER JACK, Power Jack KLDX-0202"
1102,CONN_POWERJACK.PCBLIB,JAC_PWR07,"DC POWER JACK, 0.7mm ID, 2.35mm OD"
1103,CONN_POWERJACK.PCBLIB,JAC_PWR2_SMD,"DC POWER JACK, CUI PJ-036A-SMT"
1104,CONN_POWERJACK.PCBLIB,JAC_PWR_DIN4,"Power Connector, KPJX-4S-S"
1105,CONN_POWERJACK.PCBLIB,JAC_PWRS2_721,"DC POWER JACK, 2.1mm Dia, SWITCHCRAFT 721A"
1106,CONN_POWERJACK.PCBLIB,JAC_PWR2_722RA,"DC POWER JACK, 2.1mm Dia, 722RA, right angled"
1107,CONN_POWERJACK.PCBLIB,JAC_PWR2_PJ003,"DC POWER JACK, CUI Inc. PJ-003A, 7.8mm Height, 2mm Center pin"
1108,CONN_POWERJACK.PCBLIB,JAC_PWR2_PJ066,"DC POWER JACK, 2.1mm Dia, PJ-066A, right angled"
1109,CONN_POWERJACK.PCBLIB,JAC_PWR2_L722RA,"DC POWER JACK, 2.1mm Dia, L722RA, right angled"
1110,CONN_POWERJACK.PCBLIB,JAC_PWRS2P5_712,"DC POWER JACK, 2.5mm Dia, SWITCHCRAFT 712A"
1111,CONN_POWERJACK.PCBLIB,JAC_PWRS2_DC022,"DC POWER JACK, 2.1mm Dia, DC-022"
1112,CONN_POWERJACK.PCBLIB,JAC_PWRS2_PJ005,"DC POWER JACK, 2.1mm Dia, PJ-005A"
1113,CONN_POWERJACK.PCBLIB,JAC_PWRS2_PJ011,"DC POWER JACK, 2.0mm Dia, PJ-011A"
1114,CONN_POWERJACK.PCBLIB,JAC_PWRS2_PJ064,"DC POWER JACK, 2.0mm Dia, PJ-064A"
1115,CONN_POWERJACK.PCBLIB,JAC_PWRS2_PJ065,"DC POWER JACK, 2.0mm Dia, PJ-065A"
1116,CONN_POWERJACK.PCBLIB,JAC_PWR2_PJ063AH,"DC POWER JACK, CUI PJ-063AH, 2mm Center pin"
1117,CONN_POWERJACK.PCBLIB,JAC_PWR2_PJ079AH,"DC POWER JACK, CUI PJ-079AH, 2mm Center pin"
1118,CONN_POWERJACK.PCBLIB,JAC_PWR2_PJ089AH,"DC POWER JACK, CUI PJ-089AH-MSMT, midmount, 5.4mm Height, 2mm Center pin"
1119,CONN_POWERJACK.PCBLIB,JAC_PWRS2P5_PJ011,"DC POWER JACK, 2.1mm Dia, PJ-011B"
1120,CONN_PROG.PCBLIB,IDC_2X3,
1121,CONN_PROG.PCBLIB,IDC_2X5,"IDC, HEADER BOX 2X5, 10p, 2.54mm pitch"
1122,CONN_PROG.PCBLIB,IDC_2X7,"IDC, HEADER BOX 2X7, 14p, 2.54mm pitch"
1123,CONN_PROG.PCBLIB,IDC_2X10,
1124,CONN_PROG.PCBLIB,TC2030_IDC,TC2030-IDC Tag-Connect cables
1125,CONN_PROG.PCBLIB,TC2050_IDC,TC2050-IDC Tag-Connect cables
1126,CONN_PROG.PCBLIB,HDR127MAG_4,HEADER 1.27mm with magnet
1127,CONN_PROG.PCBLIB,IDC_2X5_SMDE,"IDC, HEADER BOX 2X5, 10p, 2.54mm pitch"
1128,CONN_PROG.PCBLIB,HDR2P54_PROG_4,Header 2.54mm 4pin for programming
1129,CONN_PWR.PCBLIB,PWL_2,Connector; Header; 2 Position
1130,CONN_PWR.PCBLIB,PWL_3,Connector; Header; 3 Position
1131,CONN_PWR.PCBLIB,PWL_4,Connector; Header; 4 Position
1132,CONN_PWR.PCBLIB,PWL_5,Connector; Header; 5 Position
1133,CONN_PWR.PCBLIB,PWL_6,Connector; Header; 6 Position
1134,CONN_PWR.PCBLIB,PWL_7,Connector; Header; 7 Position
1135,CONN_PWR.PCBLIB,PWL_8,Connector; Header; 8 Position
1136,CONN_PWR.PCBLIB,PWL_9,Connector; Header; 9 Position
1137,CONN_PWR.PCBLIB,PWL_10,Connector; Header; 10 Position
1138,CONN_PWR.PCBLIB,ATXPWR_2,"Connector; ATX Power; 2 Position, Molex 39281023"
1139,CONN_PWR.PCBLIB,ATXPWR_4,"Connector; ATX Power; 4 Position, TE 4-1775099-0"
1140,CONN_PWR.PCBLIB,ATXPWR_6,"Connector; ATX Power; 6 Position, TE 4-1775099-1"
1141,CONN_PWR.PCBLIB,ATXPWR_8,"Connector; ATX Power; 10 Position, TE 4-1775099-2"
1142,CONN_PWR.PCBLIB,DDPWR4_R,DP04PR IDE DISK DRIVE 4pin power connector Right Angle Power Plug
1143,CONN_PWR.PCBLIB,DDPWR4_S,DP04PR IDE DISK DRIVE 4pin power connector Straight Power Plug
1144,CONN_PWR.PCBLIB,ATXPWR_10,"Connector; ATX Power; 10 Position, TE 4-1775099-3"
1145,CONN_PWR.PCBLIB,ATXPWR_20,"ATX power 20pin ,pitch4.2mm, TE 4-1775099-7"
1146,CONN_PWR.PCBLIB,ATXPWR_4_R,"Connector; ATX Power; 4 Position, Right Angle"
1147,CONN_PWR.PCBLIB,ATXPWR_6_R,PCI Express POWER CONNECTOR 6PIN 12V Right Angle
1148,CONN_PWR.PCBLIB,ATXPWR_20_R,"ATX power 20pin ,pitch4.2mm"
1149,CONN_PWR.PCBLIB,DDPWR4_SMDE,DP04PR IDE DISK DRIVE 4pin power connector Straight Power Plug
1150,CONN_PWR.PCBLIB,TABTERM_2P8,"Tab terminal FASTON 110, 2.8 mm width, 0.8 mm thickness"
1151,CONN_PWR.PCBLIB,ATXPWR4242_2,Connector; ATX Power; pitch: 4.2mm-Row4.2mm
1152,CONN_PWR.PCBLIB,ATXPWR4242_4,Connector; ATX Power; pitch: 4.2mm-Row4.2mm
1153,CONN_PWR.PCBLIB,ATXPWR4242_6,Connector; ATX Power; pitch: 4.2mm-Row4.2mm
1154,CONN_PWR.PCBLIB,ATXPWR4242_8,Connector; ATX Power; pitch: 4.2mm-Row4.2mm
1155,CONN_PWR.PCBLIB,TABTERM_6P35,"Tab terminal FASTON 250, 6.35 mm width, 0.8 mm thickness"
1156,CONN_PWR.PCBLIB,AC_SKT_CEF_MP,"AC power Brass socket METAL PART of Type C, E, F"
1157,CONN_PWR.PCBLIB,ATXPWR4242_10,Connector; ATX Power; pitch: 4.2mm-Row4.2mm
1158,CONN_PWR.PCBLIB,BNANASKT_L_BLK,Banana socket long black
1159,CONN_PWR.PCBLIB,BNANASKT_L_RED,Banana socket long Red
1160,CONN_RF.PCBLIB,UFL,"CONN RF, COAX UP, U.FL-R-SMT-1 2.8x2.8mm"
1161,CONN_RF.PCBLIB,BNC_RA,"BNC connector, right angle PCB-mounted Elbow"
1162,CONN_RF.PCBLIB,BNC_ST,BNC Short Connector
1163,CONN_RF.PCBLIB,SMA_EM,SMA-J-P-H-ST-EM1 edge mounting
1164,CONN_RF.PCBLIB,SMA_RA,"CONN, RF, COAX, SMA, RIGHT ANGLE THD"
1165,CONN_RF.PCBLIB,SMA_ST,
1166,CONN_RF.PCBLIB,SMB_ST,High Frequency SMB Connector
1167,CONN_RF.PCBLIB,MCXC_ST,"CONN, RF, MCX, CIRCULAR, STRAIGHT"
1168,CONN_RF.PCBLIB,MCXS_RA,"CONN, RF, MCX, SQUARE, STRAIGHT, MCX-J-P-H-RA-TH1"
1169,CONN_RF.PCBLIB,MCXS_ST,"CONN, RF, MCX, SQUARE, STRAIGHT, MCX-J-P-H-ST-TH1"
1170,CONN_RF.PCBLIB,MMBX_ST,
1171,CONN_RF.PCBLIB,MMCX_RA,"RF connector, right-angle THD, TE 1-1634010-0, TE 1408151"
1172,CONN_RF.PCBLIB,MMCX_ST,
1173,CONN_RF.PCBLIB,SMA_PN2,"SMA-J-P-H-ST-PN2, 1pin Wall mounting"
1174,CONN_RF.PCBLIB,SMA_PN4,SMA-J-P-H-ST-PN4 1pin Wall mounting
1175,CONN_RF.PCBLIB,SMA_RA2,"CONN, RF, COAX, SMA, RIGHT ANGLE, SMA-J-P-XX-RA-MT1smt pin with 4 tht pin ground"
1176,CONN_RF.PCBLIB,SMA_ST2,SMA-J-P-X-ST-MT1 straight smt pin with 4 tht pin ground
1177,CONN_RF.PCBLIB,MMCX_ST2,MMCX-J-P-X-ST-MT1 straight smt pin with 4 tht ground pin
1178,CONN_RF.PCBLIB,SMA_ST_CPX,SMA_ST COMPLEX THD SMT
1179,CONN_RF.PCBLIB,SSMC_RA_BH,"RF connector, right-angle THD, Jack Bulkhead"
1180,CONN_RF.PCBLIB,MCXS_RA_SMT,"CONN, RF, MCX, SQUARE, STRAIGHT, MCX-J-P-H-RA-SM1"
1181,CONN_RF.PCBLIB,MCXS_ST_SMT,"CONN, RF, MCX, SQUARE, STRAIGHT, MCX-J-P-H-ST-SM1"
1182,CONN_RF.PCBLIB,MMCX_ST_SMT,MMCX PCB-JCK SMT straight
1183,CONN_RF.PCBLIB,SMA_MMCX_SSMC,
1184,CONN_RF.PCBLIB,SMA_EM_1420701851,142-0701-851 edge mounting
1185,CONN_RJ.PCBLIB,RJ45_8_ST,"RJ45 8P8C, Straight, WURTH  615008138021"
1186,CONN_RJ.PCBLIB,RJ45_8M_LS,"HALO Ethernet FASTJACK with LED STAGGERED, RB1-125BAG1A"
1187,CONN_RJ.PCBLIB,RJ45_CABLE,RJ45 Ethernet CABLE
1188,CONN_RJ.PCBLIB,RJ11_4P4C_ST,"RJ11 4P4C, Straight, WURTH 615004144021"
1189,CONN_RJ.PCBLIB,RJ11_6P4C_ST,"RJ11, 6P4C, Straight, WURTH 615004144121"
1190,CONN_RJ.PCBLIB,RJ11_6P6C_ST,"RJ11, 6P6C, Straight, WURTH 615006144121"
1191,CONN_RJ.PCBLIB,RJ45_8_RA_TD,"RJ45 8P8C, RightAngle, TabDown, WURTH 615008137121"
1192,CONN_RJ.PCBLIB,RJ45_8_RA_TU,"RJ45 8P8C, RightAngle, TabUp, WURTH 615008148521"
1193,CONN_RJ.PCBLIB,RJ11_4P4C_SMD,"RJ11 4P4C, Tab Up, Straight, Top Entry_4P4C T&R with Mylar for Pick & Place"
1194,CONN_RJ.PCBLIB,RJ45_10M_JXD1,"RJ45, 10/100BASE, Up Tab"
1195,CONN_RJ.PCBLIB,RJ45_8S_RA_TD,"RJ45, 8P, SHIELDED, RightAngle, TabDown, WURTH 615008142621"
1196,CONN_RJ.PCBLIB,RJ45_8S_RA_TU,"RJ45, 8P, SHIELDED, RightAngle, TabUP, WURTH 615008140621"
1197,CONN_RJ.PCBLIB,RJ45_8_RA_SMD,"RJ45 8P8C, RightAngle, TabDown SMD, WURTH 634008137221"
1198,CONN_RJ.PCBLIB,RJ45_8_ST_SMD,"RJ45 8P8C, Straight SMD, WURTH 634008138121"
1199,CONN_RJ.PCBLIB,RJ45_8S_RA_SMD,"RJ45, 8P8C, RightAngle, TabUp, SMD, WURTH 634008149721"
1200,CONN_RJ.PCBLIB,RJ11_4P4C_RA_TD,"RJ11 4P4C, RightAngle, TabDown"
1201,CONN_RJ.PCBLIB,RJ11_4P4C_RA_TU,"RJ11 4P4C, RightAngle, TabUp"
1202,CONN_RJ.PCBLIB,RJ11_6P2C_RA_TU,"RJ11, 6P2C, RightAngle TabUp, WURTH 615002138421"
1203,CONN_RJ.PCBLIB,RJ11_6P4C_RA_TD,"RJ11 6P4C, RightAngle, TabDown, WURTH 615004141121"
1204,CONN_RJ.PCBLIB,RJ11_6P4C_RA_TU,"RJ11, 6P4C, RightAngle TabUp, WURTH 615004138421"
1205,CONN_RJ.PCBLIB,RJ11_6P6C_RA_TD,"RJ11 6P6C, RightAngle, TabDown, WURTH 615004141121"
1206,CONN_RJ.PCBLIB,RJ11_6P6C_RA_TU,"RJ11, 6P6C, RightAngle TabUp, WURTH 615006138421"
1207,CONN_RJ.PCBLIB,RJ45_8M_RA_JXD1,Ethernet 10/100 JXD1-1001NL
1208,CONN_RJ.PCBLIB,RJ45_8S_RA_TD_L,"RJ45, 8P+LED, SHIELDED, RightAngle, TabDOWN, RJE73-188-00XX"
1209,CONN_RJ.PCBLIB,RJ45_8S_RA_TU_L,"RJ45, 8P+LED, SHIELDED, RightAngle, TabUP, WURTH 615008137421"
1210,CONN_RJ.PCBLIB,RJ45_8M_100M_SMD,"RJ45, 10/100BASE, MOLEX SMD WITH G/Y LED"
1211,CONN_RJ.PCBLIB,RJ45_8M_RA_TD_LI,Ethernet FASTJACK MAGJACK with LED INLINE
1212,CONN_RJ.PCBLIB,RJ45_8S_RA_SMD_L,"RJ45, 8P+G/Y-LED, RightAngle, TabUp, SMD, WURTH 634008137521"
1213,CONN_RJ.PCBLIB,RJ45_10M_HFJ11_1G,"RJ45_HFJ11_1G01E (HALO Ethernet Gigabit FASTJACK), Down Tab"
1214,CONN_RJ.PCBLIB,RJ45_10M_RJ000002,"RJ45, 10/100BASE, Down Tab"
1215,CONN_RJ.PCBLIB,RJ45_8M_HR911103A,"RJ45, 10/100BASE, HR911103A WITH G/Y LED"
1216,CONN_RJ.PCBLIB,RJ45_8M_HR911105A,"RJ45, 10/100BASE, HR911105A WITH G/Y LED"
1217,CONN_RJ.PCBLIB,RJ45_8S_RA_TD_SMD,"RJ45 8P8C, RightAngle, TabDown SMD, shielded, MJ88-B011-JRVS1-P"
1218,CONN_RJ.PCBLIB,RJ45_8S_ST_CRJ043,"RJ45 8P8C, Straight, CRJ043-1-TH"
1219,CONN_RJ.PCBLIB,RJ45_10M_HR911130A,"RJ45, 1000BASE with Magnet, HR911130A WITH G/Y LED, Down Tab"
1220,CONN_RJ.PCBLIB,RJ45_10M_HR915350C,"RJ45, HR915350C, LPJG16515A4NL, WITH LED, Up Tab"
1221,CONN_RJ.PCBLIB,RJ45_12M_TE2301994,"RJ45, 1000Base, Up Tab, TE 6-2301994-1"
1222,CONN_RJ.PCBLIB,RJ45_20M_JXK0_0190,"RJ45, 1000Base, JXK0-0190NL Pulse, Up Tab"
1223,CONN_RJ.PCBLIB,RJ45_8M_0934635206,"RJ45, 10/100BASE, Up Tab, 0934635206 MOLEX"
1224,CONN_RJ.PCBLIB,RJ45_10M_HFJ11_1G_L,"RJ45_HFJ11 (HALO Ethernet Gigabit FASTJACK) WITH LED, Down Tab"
1225,CONN_RJ.PCBLIB,RJ45_10M_WE7498111001,"LAN Transformer, 1000Base, body 21.6x15.88mm, Up Tab"
1226,CONN_RJ.PCBLIB,RJ45_10M_WE7498111120,"LAN Transformer, 1000Base, body 21.84x15.65mm, Up Tab"
1227,CONN_SATA.PCBLIB,SATA_7_ST,Serial ATA/Vertical/THD/Locking Latch/Footprint molex pn:67800-8001
1228,CONN_SATA.PCBLIB,SATA_22_ST,Serial ATA/Vertical/Through Hole/Locking Latch/Footprint molex pn:67800-8001
1229,CONN_SATA.PCBLIB,SATA_7_RA_SMD,Serial ATA/RightAngle/SMT/Locking Latch/Footprint molex pn:047080-4001
1230,CONN_SATA.PCBLIB,SATA_7_ST_SMD,Serial ATA/Vertical/SMT/Locking Latch/Footprint molex pn:67800-5003
1231,CONN_TBLOCK_2P54.PCBLIB,MPT_02,"PHOENIX MPT, 2.54mm pitch, MPT 0,5/ 2-2,54"
1232,CONN_TBLOCK_2P54.PCBLIB,MPT_03,"PHOENIX MPT, 2.54mm pitch, MPT 0,5/ 3-2,54"
1233,CONN_TBLOCK_2P54.PCBLIB,MPT_04,"PHOENIX MPT, 2.54mm pitch, MPT 0,5/ 4-2,54"
1234,CONN_TBLOCK_2P54.PCBLIB,MPT_05,"PHOENIX MPT, 2.54mm pitch, MPT 0,5/ 5-2,54"
1235,CONN_TBLOCK_2P54.PCBLIB,MPT_06,"PHOENIX MPT, 2.54mm pitch, MPT 0,5/ 6-2,54"
1236,CONN_TBLOCK_2P54.PCBLIB,MPT_07,"PHOENIX MPT, 2.54mm pitch, MPT 0,5/ 7-2,54"
1237,CONN_TBLOCK_2P54.PCBLIB,MPT_08,"PHOENIX MPT, 2.54mm pitch, MPT 0,5/ 8-2,54"
1238,CONN_TBLOCK_2P54.PCBLIB,MPT_09,"PHOENIX MPT, 2.54mm pitch, MPT 0,5/ 9-2,54"
1239,CONN_TBLOCK_2P54.PCBLIB,MPT_10,"PHOENIX MPT, 2.54mm pitch, MPT 0,5/ 10-2,54"
1240,CONN_TBLOCK_2P54.PCBLIB,DG308_02,"Terminal Block Screw, Pitch 2.54mm, H 8.6mm"
1241,CONN_TBLOCK_2P54.PCBLIB,DG308_03,"Terminal Block Screw, Pitch 2.54mm, H 8.6mm"
1242,CONN_TBLOCK_2P54.PCBLIB,DG308_04,"Terminal Block Screw, Pitch 2.54mm, H 8.6mm"
1243,CONN_TBLOCK_2P54.PCBLIB,DG308_05,"Terminal Block Screw, Pitch 2.54mm, H 8.6mm"
1244,CONN_TBLOCK_2P54.PCBLIB,DG308_06,"Terminal Block Screw, Pitch 2.54mm, H 8.6mm"
1245,CONN_TBLOCK_2P54.PCBLIB,DG308_07,"Terminal Block Screw, Pitch 2.54mm, H 8.6mm"
1246,CONN_TBLOCK_2P54.PCBLIB,DG308_08,"Terminal Block Screw, Pitch 2.54mm, H 8.6mm"
1247,CONN_TBLOCK_2P54.PCBLIB,DG308_09,"Terminal Block Screw, Pitch 2.54mm, H 8.6mm"
1248,CONN_TBLOCK_2P54.PCBLIB,DG308_10,"Terminal Block Screw, Pitch 2.54mm, H 8.6mm"
1249,CONN_TBLOCK_2P54.PCBLIB,DG141R_02,"Terminal Block Spring, Pitch 2.54mm, Green"
1250,CONN_TBLOCK_2P54.PCBLIB,DG141R_03,"Terminal Block Spring, Pitch 2.54mm, Green"
1251,CONN_TBLOCK_2P54.PCBLIB,DG141R_04,"Terminal Block Spring, Pitch 2.54mm, Green"
1252,CONN_TBLOCK_2P54.PCBLIB,DG141R_05,"Terminal Block Spring, Pitch 2.54mm, Green"
1253,CONN_TBLOCK_2P54.PCBLIB,DG141R_06,"Terminal Block Spring, Pitch 2.54mm, Green"
1254,CONN_TBLOCK_2P54.PCBLIB,DG141R_07,"Terminal Block Spring, Pitch 2.54mm, Green"
1255,CONN_TBLOCK_2P54.PCBLIB,DG141R_08,"Terminal Block Spring, Pitch 2.54mm, Green"
1256,CONN_TBLOCK_2P54.PCBLIB,DG141R_09,"Terminal Block Spring, Pitch 2.54mm, Green"
1257,CONN_TBLOCK_2P54.PCBLIB,DG141R_10,"Terminal Block Spring, Pitch 2.54mm, Green"
1258,CONN_TBLOCK_2P54.PCBLIB,DG141V_02,"Terminal Block Spring, Pitch 2.54mm, Green"
1259,CONN_TBLOCK_2P54.PCBLIB,DG141V_03,"Terminal Block Spring, Pitch 2.54mm, Green"
1260,CONN_TBLOCK_2P54.PCBLIB,DG141V_04,"Terminal Block Spring, Pitch 2.54mm, Green"
1261,CONN_TBLOCK_2P54.PCBLIB,DG141V_05,"Terminal Block Spring, Pitch 2.54mm, Green"
1262,CONN_TBLOCK_2P54.PCBLIB,DG141V_06,"Terminal Block Spring, Pitch 2.54mm, Green"
1263,CONN_TBLOCK_2P54.PCBLIB,DG141V_07,"Terminal Block Spring, Pitch 2.54mm, Green"
1264,CONN_TBLOCK_2P54.PCBLIB,DG141V_08,"Terminal Block Spring, Pitch 2.54mm, Green"
1265,CONN_TBLOCK_2P54.PCBLIB,DG141V_09,"Terminal Block Spring, Pitch 2.54mm, Green"
1266,CONN_TBLOCK_2P54.PCBLIB,DG141V_10,"Terminal Block Spring, Pitch 2.54mm, Green"
1267,CONN_TBLOCK_2P54.PCBLIB,WIREMATE_6H,"Terminal Block Spring,  pitch 2.54mm, Horizontal, WIRE MATE 6, TE,"
1268,CONN_TBLOCK_2P54.PCBLIB,WIREMATE_6V,"Terminal Block Spring,  pitch 2.54mm, Vertical, WIRE MATE 6, TE"
1269,CONN_TBLOCK_3P0.PCBLIB,TBSMT3MM_01B,"Conn TB, SMT 3mm pitch, Black, 2059-321/998-403"
1270,CONN_TBLOCK_3P0.PCBLIB,TBSMT3MM_01W,"Conn TB, SMT 3mm pitch, White, 2059-301/998-403"
1271,CONN_TBLOCK_3P0.PCBLIB,TBSMT3MM_02B,"Conn TB, SMT 3mm pitch, Black, 2059-322/998-403"
1272,CONN_TBLOCK_3P0.PCBLIB,TBSMT3MM_02W,"Conn TB, SMT 3mm pitch, White, 2059-302/998-403"
1273,CONN_TBLOCK_3P0.PCBLIB,TBSMT3MM_03B,"Conn TB, SMT 3mm pitch, Black, 2059-323/998-403"
1274,CONN_TBLOCK_3P0.PCBLIB,TBSMT3MM_03W,"Conn TB, SMT 3mm pitch, White, 2059-303/998-403"
1275,CONN_TBLOCK_3P5_A.PCBLIB,DG350_3P5_02,"Terminal Block Screw, Pitch 3.5mm, H 8.6mm"
1276,CONN_TBLOCK_3P5_A.PCBLIB,DG350_3P5_03,"Terminal Block Screw, Pitch 3.5mm, H 8.6mm"
1277,CONN_TBLOCK_3P5_A.PCBLIB,DG350_3P5_04,"Terminal Block Screw, Pitch 3.5mm, H 8.6mm"
1278,CONN_TBLOCK_3P5_A.PCBLIB,DG350_3P5_05,"Terminal Block Screw, Pitch 3.5mm, H 8.6mm"
1279,CONN_TBLOCK_3P5_A.PCBLIB,DG350_3P5_06,"Terminal Block Screw, Pitch 3.5mm, H 8.6mm"
1280,CONN_TBLOCK_3P5_A.PCBLIB,DG350_3P5_07,"Terminal Block Screw, Pitch 3.5mm, H 8.6mm"
1281,CONN_TBLOCK_3P5_A.PCBLIB,DG350_3P5_08,"Terminal Block Screw, Pitch 3.5mm, H 8.6mm"
1282,CONN_TBLOCK_3P5_A.PCBLIB,DG350_3P5_09,"Terminal Block Screw, Pitch 3.5mm, H 8.6mm"
1283,CONN_TBLOCK_3P5_A.PCBLIB,DG350_3P5_10,"Terminal Block Screw, Pitch 3.5mm, H 8.6mm"
1284,CONN_TBLOCK_3P5_A.PCBLIB,DG381_3P5_02,"Terminal Block Screw, Pitch 3.5mm, H 8.6mm"
1285,CONN_TBLOCK_3P5_A.PCBLIB,DG381_3P5_03,"Terminal Block Screw, Pitch 3.5mm, H 8.6mm"
1286,CONN_TBLOCK_3P5_A.PCBLIB,DG381_3P5_04,"Terminal Block Screw, Pitch 3.5mm, H 8.6mm"
1287,CONN_TBLOCK_3P5_A.PCBLIB,DG381_3P5_05,"Terminal Block Screw, Pitch 3.5mm, H 8.6mm"
1288,CONN_TBLOCK_3P5_A.PCBLIB,DG381_3P5_06,"Terminal Block Screw, Pitch 3.5mm, H 8.6mm"
1289,CONN_TBLOCK_3P5_A.PCBLIB,DG381_3P5_07,"Terminal Block Screw, Pitch 3.5mm, H 8.6mm"
1290,CONN_TBLOCK_3P5_A.PCBLIB,DG381_3P5_08,"Terminal Block Screw, Pitch 3.5mm, H 8.6mm"
1291,CONN_TBLOCK_3P5_A.PCBLIB,DG381_3P5_09,"Terminal Block Screw, Pitch 3.5mm, H 8.6mm"
1292,CONN_TBLOCK_3P5_A.PCBLIB,DG381_3P5_10,"Terminal Block Screw, Pitch 3.5mm, H 8.6mm"
1293,CONN_TBLOCK_3P5_A.PCBLIB,DG351R_3P5_02,"Terminal Block Screw, Pitch 3.5mm, H 7.6mm"
1294,CONN_TBLOCK_3P5_A.PCBLIB,DG351R_3P5_03,"Terminal Block Screw, Pitch 3.5mm, H 7.6mm"
1295,CONN_TBLOCK_3P5_A.PCBLIB,DG351R_3P5_04,"Terminal Block Screw, Pitch 3.5mm, H 7.6mm"
1296,CONN_TBLOCK_3P5_A.PCBLIB,DG351R_3P5_05,"Terminal Block Screw, Pitch 3.5mm, H 7.6mm"
1297,CONN_TBLOCK_3P5_A.PCBLIB,DG351R_3P5_06,"Terminal Block Screw, Pitch 3.5mm, H 7.6mm"
1298,CONN_TBLOCK_3P5_A.PCBLIB,DG351R_3P5_07,"Terminal Block Screw, Pitch 3.5mm, H 7.6mm"
1299,CONN_TBLOCK_3P5_A.PCBLIB,DG351R_3P5_08,"Terminal Block Screw, Pitch 3.5mm, H 7.6mm"
1300,CONN_TBLOCK_3P5_A.PCBLIB,DG351R_3P5_09,"Terminal Block Screw, Pitch 3.5mm, H 7.6mm"
1301,CONN_TBLOCK_3P5_A.PCBLIB,DG351R_3P5_10,"Terminal Block Screw, Pitch 3.5mm, H 7.6mm"
1302,CONN_TBLOCK_3P5_A.PCBLIB,DG351V_3P5_02,"Terminal Block Screw, Pitch 3.5mm, H 9.2mm"
1303,CONN_TBLOCK_3P5_A.PCBLIB,DG351V_3P5_03,"Terminal Block Screw, Pitch 3.5mm, H 9.2mm"
1304,CONN_TBLOCK_3P5_A.PCBLIB,DG351V_3P5_04,"Terminal Block Screw, Pitch 3.5mm, H 9.2mm"
1305,CONN_TBLOCK_3P5_A.PCBLIB,DG351V_3P5_05,"Terminal Block Screw, Pitch 3.5mm, H 9.2mm"
1306,CONN_TBLOCK_3P5_A.PCBLIB,DG351V_3P5_06,"Terminal Block Screw, Pitch 3.5mm, H 9.2mm"
1307,CONN_TBLOCK_3P5_A.PCBLIB,DG351V_3P5_07,"Terminal Block Screw, Pitch 3.5mm, H 9.2mm"
1308,CONN_TBLOCK_3P5_A.PCBLIB,DG351V_3P5_08,"Terminal Block Screw, Pitch 3.5mm, H 9.2mm"
1309,CONN_TBLOCK_3P5_A.PCBLIB,DG351V_3P5_09,"Terminal Block Screw, Pitch 3.5mm, H 9.2mm"
1310,CONN_TBLOCK_3P5_A.PCBLIB,DG351V_3P5_10,"Terminal Block Screw, Pitch 3.5mm, H 9.2mm"
1311,CONN_TBLOCK_3P5_B.PCBLIB,PST_3P5_02,"Terminal pin strip, Pitch 3.5mm, PST 1,0/ x-3,5"
1312,CONN_TBLOCK_3P5_B.PCBLIB,PST_3P5_03,"Terminal pin strip, Pitch 3.5mm, PST 1,0/ x-3,5"
1313,CONN_TBLOCK_3P5_B.PCBLIB,PST_3P5_04,"Terminal pin strip, Pitch 3.5mm, PST 1,0/ x-3,5"
1314,CONN_TBLOCK_3P5_B.PCBLIB,PST_3P5_05,"Terminal pin strip, Pitch 3.5mm, PST 1,0/ x-3,5"
1315,CONN_TBLOCK_3P5_B.PCBLIB,PST_3P5_06,"Terminal pin strip, Pitch 3.5mm, PST 1,0/ x-3,5"
1316,CONN_TBLOCK_3P5_B.PCBLIB,PST_3P5_07,"Terminal pin strip, Pitch 3.5mm, PST 1,0/ x-3,5"
1317,CONN_TBLOCK_3P5_B.PCBLIB,PST_3P5_08,"Terminal pin strip, Pitch 3.5mm, PST 1,0/ x-3,5"
1318,CONN_TBLOCK_3P5_B.PCBLIB,PST_3P5_09,"Terminal pin strip, Pitch 3.5mm, PST 1,0/ x-3,5"
1319,CONN_TBLOCK_3P5_B.PCBLIB,PST_3P5_10,"Terminal pin strip, Pitch 3.5mm, PST 1,0/ x-3,5"
1320,CONN_TBLOCK_3P5_B.PCBLIB,DGRC_3P5_GRN_02,"Terminal Block Pluggable, 15EDGRC-3.5-0xP-14, Green, 8A/300v"
1321,CONN_TBLOCK_3P5_B.PCBLIB,DGRC_3P5_GRN_03,"Terminal Block Pluggable, 15EDGRC-3.5-0xP-14, Green, 8A/300v"
1322,CONN_TBLOCK_3P5_B.PCBLIB,DGRC_3P5_GRN_04,"Terminal Block Pluggable, 15EDGRC-3.5-0xP-14, Green, 8A/300v"
1323,CONN_TBLOCK_3P5_B.PCBLIB,DGRC_3P5_GRN_05,"Terminal Block Pluggable, 15EDGRC-3.5-0xP-14, Green, 8A/300v"
1324,CONN_TBLOCK_3P5_B.PCBLIB,DGRC_3P5_GRN_06,"Terminal Block Pluggable, 15EDGRC-3.5-0xP-14, Green, 8A/300v"
1325,CONN_TBLOCK_3P5_B.PCBLIB,DGRC_3P5_GRN_07,"Terminal Block Pluggable, 15EDGRC-3.5-0xP-14, Green, 8A/300v"
1326,CONN_TBLOCK_3P5_B.PCBLIB,DGRC_3P5_GRN_08,"Terminal Block Pluggable, 15EDGRC-3.5-0xP-14, Green, 8A/300v"
1327,CONN_TBLOCK_3P5_B.PCBLIB,DGRC_3P5_GRN_09,"Terminal Block Pluggable, 15EDGRC-3.5-0xP-14, Green, 8A/300v"
1328,CONN_TBLOCK_3P5_B.PCBLIB,DGRC_3P5_GRN_10,"Terminal Block Pluggable, 15EDGRC-3.5-xxP-14, Green, 8A/300v"
1329,CONN_TBLOCK_3P5_B.PCBLIB,DGVC_3P5_GRN_02,"Terminal Block Pluggable, 15EDGVC-3.5-0xP-14, Green, 8A/300v"
1330,CONN_TBLOCK_3P5_B.PCBLIB,DGVC_3P5_GRN_03,"Terminal Block Pluggable, 15EDGVC-3.5-0xP-14, Green, 8A/300v"
1331,CONN_TBLOCK_3P5_B.PCBLIB,DGVC_3P5_GRN_04,"Terminal Block Pluggable, 15EDGVC-3.5-0xP-14, Green, 8A/300v"
1332,CONN_TBLOCK_3P5_B.PCBLIB,DGVC_3P5_GRN_05,"Terminal Block Pluggable, 15EDGVC-3.5-0xP-14, Green, 8A/300v"
1333,CONN_TBLOCK_3P5_B.PCBLIB,DGVC_3P5_GRN_06,"Terminal Block Pluggable, 15EDGVC-3.5-0xP-14, Green, 8A/300v"
1334,CONN_TBLOCK_3P5_B.PCBLIB,DGVC_3P5_GRN_07,"Terminal Block Pluggable, 15EDGVC-3.5-0xP-14, Green, 8A/300v"
1335,CONN_TBLOCK_3P5_B.PCBLIB,DGVC_3P5_GRN_08,"Terminal Block Pluggable, 15EDGVC-3.5-0xP-14, Green, 8A/300v"
1336,CONN_TBLOCK_3P5_B.PCBLIB,DGVC_3P5_GRN_09,"Terminal Block Pluggable, 15EDGVC-3.5-0xP-14, Green, 8A/300v"
1337,CONN_TBLOCK_3P5_B.PCBLIB,DGVC_3P5_GRN_10,"Terminal Block Pluggable, 15EDGVC-3.5-0xP-14, Green, 8A/300v"
1338,CONN_TBLOCK_3P5_B.PCBLIB,PST_3P5_02_ASSY,"Terminal pin strip, Pitch 3.5mm, PST 1,0/ x-3,5"
1339,CONN_TBLOCK_3P5_B.PCBLIB,DGRC_3P5_GRN_02_ASSY,"Terminal Block Pluggable, 15EDGRC-3.5-0xP-14, Green, 8A/300v"
1340,CONN_TBLOCK_3P5_B.PCBLIB,DGRC_3P5_GRN_03_ASSY,"Terminal Block Pluggable, 15EDGRC-3.5-0xP-14, Green, 8A/300v"
1341,CONN_TBLOCK_3P5_B.PCBLIB,DGRC_3P5_GRN_04_ASSY,"Terminal Block Pluggable, 15EDGRC-3.5-0xP-14, Green, 8A/300v"
1342,CONN_TBLOCK_3P5_B.PCBLIB,DGRC_3P5_GRN_05_ASSY,"Terminal Block Pluggable, 15EDGRC-3.5-0xP-14, Green, 8A/300v"
1343,CONN_TBLOCK_3P5_B.PCBLIB,DGVC_3P5_GRN_02_ASSY,"Terminal Block Pluggable, 15EDGVC-3.5-0xP-14, Green, 8A/300v"
1344,CONN_TBLOCK_3P5_B.PCBLIB,DGVC_3P5_GRN_03_ASSY,"Terminal Block Pluggable, 15EDGVC-3.5-0xP-14, Green, 8A/300v"
1345,CONN_TBLOCK_3P5_B.PCBLIB,DGVC_3P5_GRN_04_ASSY,"Terminal Block Pluggable, 15EDGVC-3.5-0xP-14, Green, 8A/300v"
1346,CONN_TBLOCK_3P5_B.PCBLIB,DGVC_3P5_GRN_05_ASSY,"Terminal Block Pluggable, 15EDGVC-3.5-0xP-14, Green, 8A/300v"
1347,CONN_TBLOCK_3P81.PCBLIB,DGRC_3P81_02,"Terminal Block, 3.81mm pitch, Right Angle"
1348,CONN_TBLOCK_3P81.PCBLIB,DGRC_3P81_03,"Terminal Block, 3.81mm pitch, Right Angle"
1349,CONN_TBLOCK_3P81.PCBLIB,DGRC_3P81_04,"Terminal Block, 3.81mm pitch, Right Angle"
1350,CONN_TBLOCK_3P81.PCBLIB,DGRC_3P81_05,"Terminal Block, 3.81mm pitch, Right Angle"
1351,CONN_TBLOCK_3P81.PCBLIB,DGRC_3P81_06,"Terminal Block, 3.81mm pitch, Right Angle"
1352,CONN_TBLOCK_3P81.PCBLIB,DGRC_3P81_07,"Terminal Block, 3.81mm pitch, Right Angle"
1353,CONN_TBLOCK_3P81.PCBLIB,DGRC_3P81_08,"Terminal Block, 3.81mm pitch, Right Angle"
1354,CONN_TBLOCK_3P81.PCBLIB,DGRC_3P81_09,"Terminal Block, 3.81mm pitch, Right Angle"
1355,CONN_TBLOCK_3P81.PCBLIB,DGRC_3P81_10,"Terminal Block, 3.81mm pitch, Right Angle"
1356,CONN_TBLOCK_3P81.PCBLIB,DGRM_3P81_02,"Terminal Block, 3.81mm pitch, Right Angle, Screw fixed"
1357,CONN_TBLOCK_3P81.PCBLIB,DGRM_3P81_03,"Terminal Block, 3.81mm pitch, Right Angle, Screw fixed"
1358,CONN_TBLOCK_3P81.PCBLIB,DGRM_3P81_04,"Terminal Block, 3.81mm pitch, Right Angle, Screw fixed"
1359,CONN_TBLOCK_3P81.PCBLIB,DGRM_3P81_05,"Terminal Block, 3.81mm pitch, Right Angle, Screw fixed"
1360,CONN_TBLOCK_3P81.PCBLIB,DGRM_3P81_06,"Terminal Block, 3.81mm pitch, Right Angle, Screw fixed"
1361,CONN_TBLOCK_3P81.PCBLIB,DGRM_3P81_07,"Terminal Block, 3.81mm pitch, Right Angle, Screw fixed"
1362,CONN_TBLOCK_3P81.PCBLIB,DGRM_3P81_08,"Terminal Block, 3.81mm pitch, Right Angle, Screw fixed"
1363,CONN_TBLOCK_3P81.PCBLIB,DGRM_3P81_09,"Terminal Block, 3.81mm pitch, Right Angle, Screw fixed"
1364,CONN_TBLOCK_3P81.PCBLIB,DGRM_3P81_10,"Terminal Block, 3.81mm pitch, Right Angle, Screw fixed"
1365,CONN_TBLOCK_3P81.PCBLIB,DGVC_3P81_02,"Terminal Block, 3.81mm pitch, Straight"
1366,CONN_TBLOCK_3P81.PCBLIB,DGVC_3P81_03,"Terminal Block, 3.81mm pitch, Straight"
1367,CONN_TBLOCK_3P81.PCBLIB,DGVC_3P81_04,"Terminal Block, 3.81mm pitch, Straight"
1368,CONN_TBLOCK_3P81.PCBLIB,DGVC_3P81_05,"Terminal Block, 3.81mm pitch, Straight"
1369,CONN_TBLOCK_3P81.PCBLIB,DGVC_3P81_06,"Terminal Block, 3.81mm pitch, Straight"
1370,CONN_TBLOCK_3P81.PCBLIB,DGVC_3P81_07,"Terminal Block, 3.81mm pitch, Straight"
1371,CONN_TBLOCK_3P81.PCBLIB,DGVC_3P81_08,"Terminal Block, 3.81mm pitch, Straight"
1372,CONN_TBLOCK_3P81.PCBLIB,DGVC_3P81_09,"Terminal Block, 3.81mm pitch, Straight"
1373,CONN_TBLOCK_3P81.PCBLIB,DGVC_3P81_10,"Terminal Block, 3.81mm pitch, Straight"
1374,CONN_TBLOCK_3P81.PCBLIB,DGVM_3P81_02,"Terminal Block, 3.81mm pitch, Straight, Screw fixed"
1375,CONN_TBLOCK_3P81.PCBLIB,DGVM_3P81_03,"Terminal Block, 3.81mm pitch, Straight, Screw fixed"
1376,CONN_TBLOCK_3P81.PCBLIB,DGVM_3P81_04,"Terminal Block, 3.81mm pitch, Straight, Screw fixed"
1377,CONN_TBLOCK_3P81.PCBLIB,DGVM_3P81_05,"Terminal Block, 3.81mm pitch, Straight, Screw fixed"
1378,CONN_TBLOCK_3P81.PCBLIB,DGVM_3P81_06,"Terminal Block, 3.81mm pitch, Straight, Screw fixed"
1379,CONN_TBLOCK_3P81.PCBLIB,DGVM_3P81_07,"Terminal Block, 3.81mm pitch, Straight, Screw fixed"
1380,CONN_TBLOCK_3P81.PCBLIB,DGVM_3P81_08,"Terminal Block, 3.81mm pitch, Straight, Screw fixed"
1381,CONN_TBLOCK_3P81.PCBLIB,DGVM_3P81_09,"Terminal Block, 3.81mm pitch, Straight, Screw fixed"
1382,CONN_TBLOCK_3P81.PCBLIB,DGVM_3P81_10,"Terminal Block, 3.81mm pitch, Straight, Screw fixed"
1383,CONN_TBLOCK_3P81.PCBLIB,DG381_3P81_02,"Terminal Block Screw, Pitch 3.81mm, H 8.6mm"
1384,CONN_TBLOCK_3P81.PCBLIB,DG381_3P81_03,"Terminal Block Screw, Pitch 3.81mm, H 8.6mm"
1385,CONN_TBLOCK_3P81.PCBLIB,DG381_3P81_04,"Terminal Block Screw, Pitch 3.81mm, H 8.6mm"
1386,CONN_TBLOCK_3P81.PCBLIB,DG381_3P81_05,"Terminal Block Screw, Pitch 3.81mm, H 8.6mm"
1387,CONN_TBLOCK_3P81.PCBLIB,DG381_3P81_06,"Terminal Block Screw, Pitch 3.81mm, H 8.6mm"
1388,CONN_TBLOCK_3P81.PCBLIB,DG381_3P81_07,"Terminal Block Screw, Pitch 3.81mm, H 8.6mm"
1389,CONN_TBLOCK_3P81.PCBLIB,DG381_3P81_08,"Terminal Block Screw, Pitch 3.81mm, H 8.6mm"
1390,CONN_TBLOCK_3P81.PCBLIB,DG381_3P81_09,"Terminal Block Screw, Pitch 3.81mm, H 8.6mm"
1391,CONN_TBLOCK_3P81.PCBLIB,DG381_3P81_10,"Terminal Block Screw, Pitch 3.81mm, H 8.6mm"
1392,CONN_TBLOCK_3P81.PCBLIB,DGVC_3P81_02_BLU,"Terminal Block, 3.81mm pitch, Straight, Blue"
1393,CONN_TBLOCK_3P81.PCBLIB,DGRC_3P81_02_ASSY,"PHOENIX MC 1.5, EDGK-3.81, 3.81mm pitch, 2pin"
1394,CONN_TBLOCK_3P81.PCBLIB,DGRC_3P81_03_ASSY,"PHOENIX MC 1.5, EDGK-3.81, 3.81mm pitch, 3pin"
1395,CONN_TBLOCK_3P81.PCBLIB,DGRC_3P81_04_ASSY,"PHOENIX MC 1.5, EDGK-3.81, 3.81mm pitch, 4pin"
1396,CONN_TBLOCK_3P81.PCBLIB,DGRC_3P81_05_ASSY,"PHOENIX MC 1.5, EDGK-3.81, 3.81mm pitch, 5pin"
1397,CONN_TBLOCK_3P81.PCBLIB,DGRC_3P81_06_ASSY,"PHOENIX MC 1.5, EDGK-3.81, 3.81mm pitch, 6pin"
1398,CONN_TBLOCK_3P81.PCBLIB,DGRC_3P81_07_ASSY,"PHOENIX MC 1.5, EDGK-3.81, 3.81mm pitch, 7pin"
1399,CONN_TBLOCK_3P81.PCBLIB,DGRC_3P81_08_ASSY,"PHOENIX MC 1.5, EDGK-3.81, 3.81mm pitch, 8pin"
1400,CONN_TBLOCK_3P81.PCBLIB,DGRC_3P81_09_ASSY,"PHOENIX MC 1.5, EDGK-3.81, 3.81mm pitch, 9pin"
1401,CONN_TBLOCK_3P81.PCBLIB,DGRC_3P81_10_ASSY,"PHOENIX MC 1.5, EDGK-3.81, 3.81mm pitch, 10pin"
1402,CONN_TBLOCK_5P0_A.PCBLIB,DG166_02,"Terminal Screw, Pitch 5mm"
1403,CONN_TBLOCK_5P0_A.PCBLIB,DG166_03,"Terminal Screw, Pitch 5mm"
1404,CONN_TBLOCK_5P0_A.PCBLIB,DG166_04,"Terminal Screw, Pitch 5mm"
1405,CONN_TBLOCK_5P0_A.PCBLIB,DG166_05,"Terminal Screw, Pitch 5mm"
1406,CONN_TBLOCK_5P0_A.PCBLIB,DG166_06,"Terminal Screw, Pitch 5mm"
1407,CONN_TBLOCK_5P0_A.PCBLIB,DG166_07,"Terminal Screw, Pitch 5mm"
1408,CONN_TBLOCK_5P0_A.PCBLIB,DG166_08,"Terminal Screw, Pitch 5mm"
1409,CONN_TBLOCK_5P0_A.PCBLIB,DG166_09,"Terminal Screw, Pitch 5mm"
1410,CONN_TBLOCK_5P0_A.PCBLIB,DG166_10,"Terminal Screw, Pitch 5mm"
1411,CONN_TBLOCK_5P0_A.PCBLIB,DG103_5P0_02,"Terminal Block 45° Screw, Pitch 5mm, L15mm"
1412,CONN_TBLOCK_5P0_A.PCBLIB,DG103_5P0_03,"Terminal Block 45° Screw, Pitch 5mm, L15mm"
1413,CONN_TBLOCK_5P0_A.PCBLIB,DG103_5P0_04,"Terminal Block 45° Screw, Pitch 5mm, L15mm"
1414,CONN_TBLOCK_5P0_A.PCBLIB,DG103_5P0_05,"Terminal Block 45° Screw, Pitch 5mm, L15mm"
1415,CONN_TBLOCK_5P0_A.PCBLIB,DG103_5P0_06,"Terminal Block 45° Screw, Pitch 5mm, L15mm"
1416,CONN_TBLOCK_5P0_A.PCBLIB,DG103_5P0_07,"Terminal Block 45° Screw, Pitch 5mm, L15mm"
1417,CONN_TBLOCK_5P0_A.PCBLIB,DG103_5P0_08,"Terminal Block 45° Screw, Pitch 5mm, L15mm"
1418,CONN_TBLOCK_5P0_A.PCBLIB,DG103_5P0_09,"Terminal Block 45° Screw, Pitch 5mm, L15mm"
1419,CONN_TBLOCK_5P0_A.PCBLIB,DG103_5P0_10,"Terminal Block 45° Screw, Pitch 5mm, L15mm"
1420,CONN_TBLOCK_5P0_A.PCBLIB,DG127_5P0_02,"Terminal Block Screw, Pitch 5mm, H10mm, DG127-5.0-xxP"
1421,CONN_TBLOCK_5P0_A.PCBLIB,DG127_5P0_03,"Terminal Block Screw, Pitch 5mm, H10mm, DG127-5.0-xxP"
1422,CONN_TBLOCK_5P0_A.PCBLIB,DG127_5P0_04,"Terminal Block Screw, Pitch 5mm, H10mm, DG127-5.0-xxP"
1423,CONN_TBLOCK_5P0_A.PCBLIB,DG127_5P0_05,"Terminal Block Screw, Pitch 5mm, H10mm, DG127-5.0-xxP"
1424,CONN_TBLOCK_5P0_A.PCBLIB,DG127_5P0_06,"Terminal Block Screw, Pitch 5mm, H10mm, DG127-5.0-xxP"
1425,CONN_TBLOCK_5P0_A.PCBLIB,DG127_5P0_07,"Terminal Block Screw, Pitch 5mm, H10mm, DG127-5.0-xxP"
1426,CONN_TBLOCK_5P0_A.PCBLIB,DG127_5P0_08,"Terminal Block Screw, Pitch 5mm, H10mm, DG127-5.0-xxP"
1427,CONN_TBLOCK_5P0_A.PCBLIB,DG127_5P0_09,"Terminal Block Screw, Pitch 5mm, H10mm, DG127-5.0-xxP"
1428,CONN_TBLOCK_5P0_A.PCBLIB,DG127_5P0_10,"Terminal Block Screw, Pitch 5mm, H10mm, DG127-5.0-xxP"
1429,CONN_TBLOCK_5P0_A.PCBLIB,DG128_5P0_02,"Terminal Block, Pitch 5mm, 20A/300v"
1430,CONN_TBLOCK_5P0_A.PCBLIB,DG128_5P0_03,"Terminal Block, Pitch 5mm, 20A/300v"
1431,CONN_TBLOCK_5P0_A.PCBLIB,DG128_5P0_04,"Terminal Block, Pitch 5mm, 20A/300v"
1432,CONN_TBLOCK_5P0_A.PCBLIB,DG128_5P0_05,"Terminal Block, Pitch 5mm, 20A/300v"
1433,CONN_TBLOCK_5P0_A.PCBLIB,DG128_5P0_06,"Terminal Block, Pitch 5mm, 20A/300v"
1434,CONN_TBLOCK_5P0_A.PCBLIB,DG128_5P0_07,"Terminal Block, Pitch 5mm, 20A/300v"
1435,CONN_TBLOCK_5P0_A.PCBLIB,DG128_5P0_08,"Terminal Block, Pitch 5mm, 20A/300v"
1436,CONN_TBLOCK_5P0_A.PCBLIB,DG128_5P0_09,"Terminal Block, Pitch 5mm, 20A/300v"
1437,CONN_TBLOCK_5P0_A.PCBLIB,DG128_5P0_10,"Terminal Block, Pitch 5mm, 20A/300v"
1438,CONN_TBLOCK_5P0_A.PCBLIB,DG129_5P0_02,"Terminal Block Screw, Pitch 5mm, H20mm"
1439,CONN_TBLOCK_5P0_A.PCBLIB,DG129_5P0_03,"Terminal Block Screw, Pitch 5mm, H20mm"
1440,CONN_TBLOCK_5P0_A.PCBLIB,DG129_5P0_04,"Terminal Block Screw, Pitch 5mm, H20mm"
1441,CONN_TBLOCK_5P0_A.PCBLIB,DG129_5P0_05,"Terminal Block Screw, Pitch 5mm, H20mm"
1442,CONN_TBLOCK_5P0_A.PCBLIB,DG129_5P0_06,"Terminal Block Screw, Pitch 5mm, H20mm"
1443,CONN_TBLOCK_5P0_A.PCBLIB,DG129_5P0_07,"Terminal Block Screw, Pitch 5mm, H20mm"
1444,CONN_TBLOCK_5P0_A.PCBLIB,DG129_5P0_08,"Terminal Block Screw, Pitch 5mm, H20mm"
1445,CONN_TBLOCK_5P0_A.PCBLIB,DG129_5P0_09,"Terminal Block Screw, Pitch 5mm, H20mm"
1446,CONN_TBLOCK_5P0_A.PCBLIB,DG129_5P0_10,"Terminal Block Screw, Pitch 5mm, H20mm"
1447,CONN_TBLOCK_5P0_B.PCBLIB,DG301_02,"Terminal Screw, Pitch 5mm, Blue, H 10mm"
1448,CONN_TBLOCK_5P0_B.PCBLIB,DG301_03,"Terminal Screw, Pitch 5mm, Blue, H 10mm"
1449,CONN_TBLOCK_5P0_B.PCBLIB,DG301_04,"Terminal Screw, Pitch 5mm, Blue, H 10mm"
1450,CONN_TBLOCK_5P0_B.PCBLIB,DG301_05,"Terminal Screw, Pitch 5mm, Blue, H 10mm"
1451,CONN_TBLOCK_5P0_B.PCBLIB,DG301_06,"Terminal Screw, Pitch 5mm, Blue, H 10mm"
1452,CONN_TBLOCK_5P0_B.PCBLIB,DG301_07,"Terminal Screw, Pitch 5mm, Blue, H 10mm"
1453,CONN_TBLOCK_5P0_B.PCBLIB,DG301_08,"Terminal Screw, Pitch 5mm, Blue, H 10mm"
1454,CONN_TBLOCK_5P0_B.PCBLIB,DG301_09,"Terminal Screw, Pitch 5mm, Blue, H 10mm"
1455,CONN_TBLOCK_5P0_B.PCBLIB,DG301_10,"Terminal Screw, Pitch 5mm, Blue, H 10mm"
1456,CONN_TBLOCK_5P0_B.PCBLIB,DG306_02,"Terminal B Screw, Pitch 5mm, H 10mm"
1457,CONN_TBLOCK_5P0_B.PCBLIB,DG306_03,"Terminal B Screw, Pitch 5mm, H 10mm"
1458,CONN_TBLOCK_5P0_B.PCBLIB,DG306_04,"Terminal B Screw, Pitch 5mm, H 10mm"
1459,CONN_TBLOCK_5P0_B.PCBLIB,DG306_05,"Terminal B Screw, Pitch 5mm, H 10mm"
1460,CONN_TBLOCK_5P0_B.PCBLIB,DG306_06,"Terminal B Screw, Pitch 5mm, H 10mm"
1461,CONN_TBLOCK_5P0_B.PCBLIB,DG306_07,"Terminal B Screw, Pitch 5mm, H 10mm"
1462,CONN_TBLOCK_5P0_B.PCBLIB,DG306_08,"Terminal B Screw, Pitch 5mm, H 10mm"
1463,CONN_TBLOCK_5P0_B.PCBLIB,DG306_09,"Terminal B Screw, Pitch 5mm, H 10mm"
1464,CONN_TBLOCK_5P0_B.PCBLIB,DG306_10,"Terminal B Screw, Pitch 5mm, H 10mm"
1465,CONN_TBLOCK_5P0_B.PCBLIB,DGPSR_02,"Terminal Block Spring, Pitch 5mm, DGPS2.5R-5.0"
1466,CONN_TBLOCK_5P0_B.PCBLIB,DGPSR_03,"Terminal Block Spring, Pitch 5mm, DGPS2.5R-5.0"
1467,CONN_TBLOCK_5P0_B.PCBLIB,DGPSR_04,"Terminal Block Spring, Pitch 5mm, DGPS2.5R-5.0"
1468,CONN_TBLOCK_5P0_B.PCBLIB,DGPSR_05,"Terminal Block Spring, Pitch 5mm, DGPS2.5R-5.0"
1469,CONN_TBLOCK_5P0_B.PCBLIB,DGPSR_06,"Terminal Block Spring, Pitch 5mm, DGPS2.5R-5.0"
1470,CONN_TBLOCK_5P0_B.PCBLIB,DGPSR_07,"Terminal Block Spring, Pitch 5mm, DGPS2.5R-5.0"
1471,CONN_TBLOCK_5P0_B.PCBLIB,DGPSR_08,"Terminal Block Spring, Pitch 5mm, DGPS2.5R-5.0"
1472,CONN_TBLOCK_5P0_B.PCBLIB,DGPSR_09,"Terminal Block Spring, Pitch 5mm, DGPS2.5R-5.0"
1473,CONN_TBLOCK_5P0_B.PCBLIB,DGPSR_10,"Terminal Block Spring, Pitch 5mm, DGPS2.5R-5.0"
1474,CONN_TBLOCK_5P0_B.PCBLIB,DG301_02_WS,"Terminal Screw, Pitch 5mm, H 10mm, with spade"
1475,CONN_TBLOCK_5P0_B.PCBLIB,DG301_03_WS,"Terminal Screw, Pitch 5mm, H 10mm, with spade"
1476,CONN_TBLOCK_5P0_B.PCBLIB,DG301_04_WS,"Terminal Screw, Pitch 5mm, H 10mm, with spade"
1477,CONN_TBLOCK_5P0_B.PCBLIB,DG301_05_WS,"Terminal Screw, Pitch 5mm, H 10mm, with spade"
1478,CONN_TBLOCK_5P0_B.PCBLIB,DG301_06_WS,"Terminal Screw, Pitch 5mm, H 10mm, with spade"
1479,CONN_TBLOCK_5P0_B.PCBLIB,DG301_07_WS,"Terminal Screw, Pitch 5mm, H 10mm, with spade"
1480,CONN_TBLOCK_5P0_B.PCBLIB,DG301_08_WS,"Terminal Screw, Pitch 5mm, H 10mm, with spade"
1481,CONN_TBLOCK_5P0_B.PCBLIB,DG301_09_WS,"Terminal Screw, Pitch 5mm, H 10mm, with spade"
1482,CONN_TBLOCK_5P0_B.PCBLIB,DG301_10_WS,"Terminal Screw, Pitch 5mm, H 10mm, with spade"
1483,CONN_TBLOCK_5P0_B.PCBLIB,DG300_5P0_02,"Terminal Screw, Pitch 5mm, H 13.5mm"
1484,CONN_TBLOCK_5P0_B.PCBLIB,DG300_5P0_03,"Terminal Screw, Pitch 5mm, H 12.6mm"
1485,CONN_TBLOCK_5P0_B.PCBLIB,DG300_5P0_04,"Terminal Screw, Pitch 5mm, H 12.6mm"
1486,CONN_TBLOCK_5P0_B.PCBLIB,DG300_5P0_05,"Terminal Screw, Pitch 5mm, H 12.6mm"
1487,CONN_TBLOCK_5P0_B.PCBLIB,DG300_5P0_06,"Terminal Screw, Pitch 5mm, H 12.6mm"
1488,CONN_TBLOCK_5P0_B.PCBLIB,DG300_5P0_07,"Terminal Screw, Pitch 5mm, H 12.6mm"
1489,CONN_TBLOCK_5P0_B.PCBLIB,DG300_5P0_08,"Terminal Screw, Pitch 5mm, H 12.6mm"
1490,CONN_TBLOCK_5P0_B.PCBLIB,DG300_5P0_09,"Terminal Screw, Pitch 5mm, H 12.6mm"
1491,CONN_TBLOCK_5P0_B.PCBLIB,DG300_5P0_10,"Terminal Screw, Pitch 5mm, H 12.6mm"
1492,CONN_TBLOCK_5P0_B.PCBLIB,DG302_5P0_02,"Terminal Screw, Pitch 5mm, H 13.5mm"
1493,CONN_TBLOCK_5P0_B.PCBLIB,DG302_5P0_03,"Terminal Screw, Pitch 5mm, H 13.5mm"
1494,CONN_TBLOCK_5P0_B.PCBLIB,DG302_5P0_04,"Terminal Screw, Pitch 5mm, H 13.5mm"
1495,CONN_TBLOCK_5P0_B.PCBLIB,DG302_5P0_05,"Terminal Screw, Pitch 5mm, H 13.5mm"
1496,CONN_TBLOCK_5P0_B.PCBLIB,DG302_5P0_06,"Terminal Screw, Pitch 5mm, H 13.5mm"
1497,CONN_TBLOCK_5P0_B.PCBLIB,DG302_5P0_07,"Terminal Screw, Pitch 5mm, H 13.5mm"
1498,CONN_TBLOCK_5P0_B.PCBLIB,DG302_5P0_08,"Terminal Screw, Pitch 5mm, H 13.5mm"
1499,CONN_TBLOCK_5P0_B.PCBLIB,DG302_5P0_09,"Terminal Screw, Pitch 5mm, H 13.5mm"
1500,CONN_TBLOCK_5P0_B.PCBLIB,DG302_5P0_10,"Terminal Screw, Pitch 5mm, H 13.5mm"
1501,CONN_TBLOCK_5P0_B.PCBLIB,DG305_5P0_02,"Terminal B Screw, Pitch 5mm, H 12.6mm"
1502,CONN_TBLOCK_5P0_B.PCBLIB,DG305_5P0_03,"Terminal B Screw, Pitch 5mm, H 12.6mm"
1503,CONN_TBLOCK_5P0_B.PCBLIB,DG305_5P0_04,"Terminal B Screw, Pitch 5mm, H 12.6mm"
1504,CONN_TBLOCK_5P0_B.PCBLIB,DG305_5P0_05,"Terminal B Screw, Pitch 5mm, H 12.6mm"
1505,CONN_TBLOCK_5P0_B.PCBLIB,DG305_5P0_06,"Terminal B Screw, Pitch 5mm, H 12.6mm"
1506,CONN_TBLOCK_5P0_B.PCBLIB,DG305_5P0_07,"Terminal B Screw, Pitch 5mm, H 12.6mm"
1507,CONN_TBLOCK_5P0_B.PCBLIB,DG305_5P0_08,"Terminal B Screw, Pitch 5mm, H 12.6mm"
1508,CONN_TBLOCK_5P0_B.PCBLIB,DG305_5P0_09,"Terminal B Screw, Pitch 5mm, H 12.6mm"
1509,CONN_TBLOCK_5P0_B.PCBLIB,DG305_5P0_10,"Terminal B Screw, Pitch 5mm, H 12.6mm"
1510,CONN_TBLOCK_5P0_B.PCBLIB,DG302R_5P0_02,"Terminal Screw, Pitch 5mm, H 9mm"
1511,CONN_TBLOCK_5P0_B.PCBLIB,DG302R_5P0_03,"Terminal Screw, Pitch 5mm, H 9mm"
1512,CONN_TBLOCK_5P0_B.PCBLIB,DG302R_5P0_04,"Terminal Screw, Pitch 5mm, H 9mm"
1513,CONN_TBLOCK_5P0_B.PCBLIB,DG302R_5P0_05,"Terminal Screw, Pitch 5mm, H 9mm"
1514,CONN_TBLOCK_5P0_B.PCBLIB,DG302R_5P0_06,"Terminal Screw, Pitch 5mm, H 9mm"
1515,CONN_TBLOCK_5P0_B.PCBLIB,DG302R_5P0_07,"Terminal Screw, Pitch 5mm, H 9mm"
1516,CONN_TBLOCK_5P0_B.PCBLIB,DG302R_5P0_08,"Terminal Screw, Pitch 5mm, H 9mm"
1517,CONN_TBLOCK_5P0_B.PCBLIB,DG302R_5P0_09,"Terminal Screw, Pitch 5mm, H 9mm"
1518,CONN_TBLOCK_5P0_B.PCBLIB,DG302R_5P0_10,"Terminal Screw, Pitch 5mm, H 9mm"
1519,CONN_TBLOCK_5P08.PCBLIB,TBB_02,Terminal Block Blue
1520,CONN_TBLOCK_5P08.PCBLIB,TBB_03,Terminal Block Blue
1521,CONN_TBLOCK_5P08.PCBLIB,TBB_04,Terminal Block Blue
1522,CONN_TBLOCK_5P08.PCBLIB,TBB_05,Terminal Block Blue
1523,CONN_TBLOCK_5P08.PCBLIB,TBB_06,Terminal Block Blue
1524,CONN_TBLOCK_5P08.PCBLIB,TBB_07,Terminal Block Blue
1525,CONN_TBLOCK_5P08.PCBLIB,TBB_08,Terminal Block Blue
1526,CONN_TBLOCK_5P08.PCBLIB,TBB_09,Terminal Block Blue
1527,CONN_TBLOCK_5P08.PCBLIB,TBB_10,Terminal Block Blue
1528,CONN_TBLOCK_5P08.PCBLIB,TBG_02,Terminal Block Green
1529,CONN_TBLOCK_5P08.PCBLIB,TBG_03,Terminal Block Green
1530,CONN_TBLOCK_5P08.PCBLIB,TBG_04,Terminal Block Green
1531,CONN_TBLOCK_5P08.PCBLIB,TBG_05,Terminal Block Green
1532,CONN_TBLOCK_5P08.PCBLIB,TBG_06,Terminal Block Green
1533,CONN_TBLOCK_5P08.PCBLIB,TBG_07,Terminal Block Green
1534,CONN_TBLOCK_5P08.PCBLIB,TBG_08,Terminal Block Green
1535,CONN_TBLOCK_5P08.PCBLIB,TBG_09,Terminal Block Green
1536,CONN_TBLOCK_5P08.PCBLIB,TBG_10,Terminal Block Green
1537,CONN_TBLOCK_5P08.PCBLIB,2EDGR_5P08_02,"Terminal Plug, pitch 5.08mm, PHOENIX MSTB 2,5/ x-G-5,08"
1538,CONN_TBLOCK_5P08.PCBLIB,2EDGR_5P08_03,"Terminal Plug, pitch 5.08mm, PHOENIX MSTB 2,5/ x-G-5,08"
1539,CONN_TBLOCK_5P08.PCBLIB,2EDGR_5P08_04,"Terminal Plug, pitch 5.08mm, PHOENIX MSTB 2,5/ x-G-5,08"
1540,CONN_TBLOCK_5P08.PCBLIB,2EDGR_5P08_05,"Terminal Plug, pitch 5.08mm, PHOENIX MSTB 2,5/ x-G-5,08"
1541,CONN_TBLOCK_5P08.PCBLIB,2EDGR_5P08_06,"Terminal Plug, pitch 5.08mm, PHOENIX MSTB 2,5/ x-G-5,08"
1542,CONN_TBLOCK_5P08.PCBLIB,2EDGR_5P08_07,"Terminal Plug, pitch 5.08mm, PHOENIX MSTB 2,5/ x-G-5,08"
1543,CONN_TBLOCK_5P08.PCBLIB,2EDGR_5P08_08,"Terminal Plug, pitch 5.08mm, PHOENIX MSTB 2,5/ x-G-5,08"
1544,CONN_TBLOCK_5P08.PCBLIB,2EDGR_5P08_09,"Terminal Plug, pitch 5.08mm, PHOENIX MSTB 2,5/ x-G-5,08"
1545,CONN_TBLOCK_5P08.PCBLIB,2EDGR_5P08_10,"Terminal Plug, pitch 5.08mm, PHOENIX MSTB 2,5/ x-G-5,08"
1546,CONN_TBLOCK_5P08.PCBLIB,2EDGV_5P08_02,"Terminal Plug, pitch 5.08mm, PHOENIX MSTBV 2,5/ x-G-5,08"
1547,CONN_TBLOCK_5P08.PCBLIB,2EDGV_5P08_03,"Terminal Plug, pitch 5.08mm, PHOENIX MSTBV 2,5/ x-G-5,08"
1548,CONN_TBLOCK_5P08.PCBLIB,2EDGV_5P08_04,"Terminal Plug, pitch 5.08mm, PHOENIX MSTBV 2,5/ x-G-5,08"
1549,CONN_TBLOCK_5P08.PCBLIB,2EDGV_5P08_05,"Terminal Plug, pitch 5.08mm, PHOENIX MSTBV 2,5/ x-G-5,08"
1550,CONN_TBLOCK_5P08.PCBLIB,2EDGV_5P08_06,"Terminal Plug, pitch 5.08mm, PHOENIX MSTBV 2,5/ x-G-5,08"
1551,CONN_TBLOCK_5P08.PCBLIB,2EDGV_5P08_07,"Terminal Plug, pitch 5.08mm, PHOENIX MSTBV 2,5/ x-G-5,08"
1552,CONN_TBLOCK_5P08.PCBLIB,2EDGV_5P08_08,"Terminal Plug, pitch 5.08mm, PHOENIX MSTBV 2,5/ x-G-5,08"
1553,CONN_TBLOCK_5P08.PCBLIB,2EDGV_5P08_09,"Terminal Plug, pitch 5.08mm, PHOENIX MSTBV 2,5/ x-G-5,08"
1554,CONN_TBLOCK_5P08.PCBLIB,2EDGV_5P08_10,"Terminal Plug, pitch 5.08mm, PHOENIX MSTBV 2,5/ x-G-5,08"
1555,CONN_TBLOCK_5P08.PCBLIB,DG127_5P08_02,"Terminal Block Screw, Pitch 5mm, H10mm, DG127-5.08-xxP"
1556,CONN_TBLOCK_5P08.PCBLIB,DG127_5P08_03,"Terminal Block Screw, Pitch 5mm, H10mm, DG127-5.08-xxP"
1557,CONN_TBLOCK_5P08.PCBLIB,DG127_5P08_04,"Terminal Block Screw, Pitch 5mm, H10mm, DG127-5.08-xxP"
1558,CONN_TBLOCK_5P08.PCBLIB,DG127_5P08_05,"Terminal Block Screw, Pitch 5mm, H10mm, DG127-5.08-xxP"
1559,CONN_TBLOCK_5P08.PCBLIB,DG127_5P08_06,"Terminal Block Screw, Pitch 5mm, H10mm, DG127-5.08-xxP"
1560,CONN_TBLOCK_5P08.PCBLIB,DG127_5P08_07,"Terminal Block Screw, Pitch 5mm, H10mm, DG127-5.08-xxP"
1561,CONN_TBLOCK_5P08.PCBLIB,DG127_5P08_08,"Terminal Block Screw, Pitch 5mm, H10mm, DG127-5.08-xxP"
1562,CONN_TBLOCK_5P08.PCBLIB,DG127_5P08_09,"Terminal Block Screw, Pitch 5mm, H10mm, DG127-5.08-xxP"
1563,CONN_TBLOCK_5P08.PCBLIB,DG127_5P08_10,"Terminal Block Screw, Pitch 5mm, H10mm, DG127-5.08-xxP"
1564,CONN_TBLOCK_5P08.PCBLIB,15EDGR_5P08_02,"Terminal Plug, pitch 5.08mm, PHOENIX MC 1,5/ x-G-5,08"
1565,CONN_TBLOCK_5P08.PCBLIB,15EDGR_5P08_03,"Terminal Plug, pitch 5.08mm, PHOENIX MC 1,5/ x-G-5,08"
1566,CONN_TBLOCK_5P08.PCBLIB,15EDGR_5P08_04,"Terminal Plug, pitch 5.08mm, PHOENIX MC 1,5/ x-G-5,08"
1567,CONN_TBLOCK_5P08.PCBLIB,15EDGR_5P08_05,"Terminal Plug, pitch 5.08mm, PHOENIX MC 1,5/ x-G-5,08"
1568,CONN_TBLOCK_5P08.PCBLIB,15EDGR_5P08_06,"Terminal Plug, pitch 5.08mm, PHOENIX MC 1,5/ x-G-5,08"
1569,CONN_TBLOCK_5P08.PCBLIB,15EDGR_5P08_07,"Terminal Plug, pitch 5.08mm, PHOENIX MC 1,5/ x-G-5,08"
1570,CONN_TBLOCK_5P08.PCBLIB,15EDGR_5P08_08,"Terminal Plug, pitch 5.08mm, PHOENIX MC 1,5/ x-G-5,08"
1571,CONN_TBLOCK_5P08.PCBLIB,15EDGR_5P08_09,"Terminal Plug, pitch 5.08mm, PHOENIX MC 1,5/ x-G-5,08"
1572,CONN_TBLOCK_5P08.PCBLIB,15EDGR_5P08_10,"Terminal Plug, pitch 5.08mm, PHOENIX MC 1,5/ x-G-5,08"
1573,CONN_TBLOCK_5P08.PCBLIB,15EDGV_5P08_02,"Terminal Plug, pitch 5.08mm, PHOENIX MCV 1,5/ x-G-5,08"
1574,CONN_TBLOCK_5P08.PCBLIB,15EDGV_5P08_03,"Terminal Plug, pitch 5.08mm, PHOENIX MCV 1,5/ x-G-5,08"
1575,CONN_TBLOCK_5P08.PCBLIB,15EDGV_5P08_04,"Terminal Plug, pitch 5.08mm, PHOENIX MCV 1,5/ x-G-5,08"
1576,CONN_TBLOCK_5P08.PCBLIB,15EDGV_5P08_05,"Terminal Plug, pitch 5.08mm, PHOENIX MCV 1,5/ x-G-5,08"
1577,CONN_TBLOCK_5P08.PCBLIB,15EDGV_5P08_06,"Terminal Plug, pitch 5.08mm, PHOENIX MCV 1,5/ x-G-5,08"
1578,CONN_TBLOCK_5P08.PCBLIB,15EDGV_5P08_07,"Terminal Plug, pitch 5.08mm, PHOENIX MCV 1,5/ x-G-5,08"
1579,CONN_TBLOCK_5P08.PCBLIB,15EDGV_5P08_08,"Terminal Plug, pitch 5.08mm, PHOENIX MCV 1,5/ x-G-5,08"
1580,CONN_TBLOCK_5P08.PCBLIB,15EDGV_5P08_09,"Terminal Plug, pitch 5.08mm, PHOENIX MCV 1,5/ x-G-5,08"
1581,CONN_TBLOCK_5P08.PCBLIB,15EDGV_5P08_10,"Terminal Plug, pitch 5.08mm, PHOENIX MCV 1,5/ x-G-5,08"
1582,CONN_TBLOCK_5P08.PCBLIB,2EDGR_5P08_02_ASSY,"Terminal Plug, pitch 5.08mm, PHOENIX MSTB 2,5/ x-G-5,08"
1583,CONN_TBLOCK_5P08.PCBLIB,2EDGR_5P08_03_ASSY,"Terminal Plug, pitch 5.08mm, PHOENIX MSTB 2,5/ x-G-5,08"
1584,CONN_TBLOCK_5P08.PCBLIB,2EDGR_5P08_04_ASSY,"Terminal Plug, pitch 5.08mm, PHOENIX MSTB 2,5/ x-G-5,08"
1585,CONN_TBLOCK_5P08.PCBLIB,2EDGR_5P08_05_ASSY,"Terminal Plug, pitch 5.08mm, PHOENIX MSTB 2,5/ x-G-5,08"
1586,CONN_TBLOCK_5P08.PCBLIB,2EDGR_5P08_06_ASSY,"Terminal Plug, pitch 5.08mm, PHOENIX MSTB 2,5/ x-G-5,08"
1587,CONN_TBLOCK_5P08.PCBLIB,2EDGR_5P08_07_ASSY,"Terminal Plug, pitch 5.08mm, PHOENIX MSTB 2,5/ x-G-5,08"
1588,CONN_TBLOCK_5P08.PCBLIB,2EDGR_5P08_08_ASSY,"Terminal Plug, pitch 5.08mm, PHOENIX MSTB 2,5/ x-G-5,08"
1589,CONN_TBLOCK_5P08.PCBLIB,2EDGR_5P08_09_ASSY,"Terminal Plug, pitch 5.08mm, PHOENIX MSTB 2,5/ x-G-5,08"
1590,CONN_TBLOCK_5P08.PCBLIB,2EDGR_5P08_10_ASSY,"Terminal Plug, pitch 5.08mm, PHOENIX MSTB 2,5/ x-G-5,08"
1591,CONN_TBLOCK_6P35.PCBLIB,DG636_6P35_02,"Terminal B Screw, pitch 6.35mm, H 21.5mm"
1592,CONN_TBLOCK_6P35.PCBLIB,DG636_6P35_03,"Terminal B Screw, pitch 6.35mm, H 21.5mm"
1593,CONN_TBLOCK_6P35.PCBLIB,DG636_6P35_04,"Terminal B Screw, pitch 6.35mm, H 21.5mm"
1594,CONN_TBLOCK_6P35.PCBLIB,DG636_6P35_05,"Terminal B Screw, pitch 6.35mm, H 21.5mm"
1595,CONN_TBLOCK_6P35.PCBLIB,DG636_6P35_06,"Terminal B Screw, pitch 6.35mm, H 21.5mm"
1596,CONN_TBLOCK_6P35.PCBLIB,DG636_6P35_07,"Terminal B Screw, pitch 6.35mm, H 21.5mm"
1597,CONN_TBLOCK_6P35.PCBLIB,DG636_6P35_08,"Terminal B Screw, pitch 6.35mm, H 21.5mm"
1598,CONN_TBLOCK_6P35.PCBLIB,DG636_6P35_09,"Terminal B Screw, pitch 6.35mm, H 21.5mm"
1599,CONN_TBLOCK_6P35.PCBLIB,DG636_6P35_10,"Terminal B Screw, pitch 6.35mm, H 21.5mm"
1600,CONN_TBLOCK_7P5.PCBLIB,DG300_7P5_02,"Terminal B screw, Pitch 7.5mm, H 12.6mm"
1601,CONN_TBLOCK_7P5.PCBLIB,DG300_7P5_03,"Terminal B screw, Pitch 7.5mm, H 12.6mm"
1602,CONN_TBLOCK_7P5.PCBLIB,DG300_7P5_04,"Terminal B screw, Pitch 7.5mm, H 12.6mm"
1603,CONN_TBLOCK_7P5.PCBLIB,DG300_7P5_05,"Terminal B screw, Pitch 7.5mm, H 12.6mm"
1604,CONN_TBLOCK_7P5.PCBLIB,DG300_7P5_06,"Terminal B screw, Pitch 7.5mm, H 12.6mm"
1605,CONN_TBLOCK_7P5.PCBLIB,DG300_7P5_07,"Terminal B screw, Pitch 7.5mm, H 12.6mm"
1606,CONN_TBLOCK_7P5.PCBLIB,DG300_7P5_08,"Terminal B screw, Pitch 7.5mm, H 12.6mm"
1607,CONN_TBLOCK_7P5.PCBLIB,DG300_7P5_09,"Terminal B screw, Pitch 7.5mm, H 12.6mm"
1608,CONN_TBLOCK_7P5.PCBLIB,DG300_7P5_10,"Terminal B screw, Pitch 7.5mm, H 12.6mm"
1609,CONN_TBLOCK_7P5.PCBLIB,DG302_7P5_02,"Terminal B screw, Pitch 7.5mm, H 13.5mm"
1610,CONN_TBLOCK_7P5.PCBLIB,DG302_7P5_03,"Terminal B screw, Pitch 7.5mm, H 13.5mm"
1611,CONN_TBLOCK_7P5.PCBLIB,DG302_7P5_04,"Terminal B screw, Pitch 7.5mm, H 13.5mm"
1612,CONN_TBLOCK_7P5.PCBLIB,DG302_7P5_05,"Terminal B screw, Pitch 7.5mm, H 13.5mm"
1613,CONN_TBLOCK_7P5.PCBLIB,DG302_7P5_06,"Terminal B screw, Pitch 7.5mm, H 13.5mm"
1614,CONN_TBLOCK_7P5.PCBLIB,DG302_7P5_07,"Terminal B screw, Pitch 7.5mm, H 13.5mm"
1615,CONN_TBLOCK_7P5.PCBLIB,DG302_7P5_08,"Terminal B screw, Pitch 7.5mm, H 13.5mm"
1616,CONN_TBLOCK_7P5.PCBLIB,DG302_7P5_09,"Terminal B screw, Pitch 7.5mm, H 13.5mm"
1617,CONN_TBLOCK_7P5.PCBLIB,DG302_7P5_10,"Terminal B screw, Pitch 7.5mm, H 13.5mm"
1618,CONN_TBLOCK_7P5.PCBLIB,DG305_7P5_02,"Terminal B screw, Pitch 7.5mm, H 12.7mm"
1619,CONN_TBLOCK_7P5.PCBLIB,DG305_7P5_03,"Terminal B screw, Pitch 7.5mm, H 12.7mm"
1620,CONN_TBLOCK_7P5.PCBLIB,DG305_7P5_04,"Terminal B screw, Pitch 7.5mm, H 12.7mm"
1621,CONN_TBLOCK_7P5.PCBLIB,DG305_7P5_05,"Terminal B screw, Pitch 7.5mm, H 12.7mm"
1622,CONN_TBLOCK_7P5.PCBLIB,DG305_7P5_06,"Terminal B screw, Pitch 7.5mm, H 12.7mm"
1623,CONN_TBLOCK_7P5.PCBLIB,DG305_7P5_07,"Terminal B screw, Pitch 7.5mm, H 12.7mm"
1624,CONN_TBLOCK_7P5.PCBLIB,DG305_7P5_08,"Terminal B screw, Pitch 7.5mm, H 12.7mm"
1625,CONN_TBLOCK_7P5.PCBLIB,DG305_7P5_09,"Terminal B screw, Pitch 7.5mm, H 12.7mm"
1626,CONN_TBLOCK_7P5.PCBLIB,DG305_7P5_10,"Terminal B screw, Pitch 7.5mm, H 12.7mm"
1627,CONN_TBLOCK_7P62.PCBLIB,DG360_02,"Terminal B screw, Pitch 7.5mm, H 12.7mm"
1628,CONN_TBLOCK_7P62.PCBLIB,DG360_03,"Terminal B screw, Pitch 7.5mm, H 12.7mm"
1629,CONN_TBLOCK_7P62.PCBLIB,DG360_04,"Terminal B screw, Pitch 7.5mm, H 12.7mm"
1630,CONN_TBLOCK_7P62.PCBLIB,DG360_05,"Terminal B screw, Pitch 7.5mm, H 12.7mm"
1631,CONN_TBLOCK_7P62.PCBLIB,DG360_06,"Terminal B screw, Pitch 7.5mm, H 12.7mm"
1632,CONN_TBLOCK_7P62.PCBLIB,DG360_07,"Terminal B screw, Pitch 7.5mm, H 12.7mm"
1633,CONN_TBLOCK_7P62.PCBLIB,DG360_08,"Terminal B screw, Pitch 7.5mm, H 12.7mm"
1634,CONN_TBLOCK_7P62.PCBLIB,DG360_09,"Terminal B screw, Pitch 7.5mm, H 12.7mm"
1635,CONN_TBLOCK_7P62.PCBLIB,DG360_10,"Terminal B screw, Pitch 7.5mm, H 12.7mm"
1636,CONN_TBLOCK_7P62.PCBLIB,KF762_02,"Terminal Screw, pitch 7.62mm, H 12.5mm, KF-762-7.62-xxP"
1637,CONN_TBLOCK_7P62.PCBLIB,KF762_03,"Terminal Screw, pitch 7.62mm, H 12.5mm, KF-762-7.62-xxP"
1638,CONN_TBLOCK_7P62.PCBLIB,KF762_04,"Terminal Screw, pitch 7.62mm, H 12.5mm, KF-762-7.62-xxP"
1639,CONN_TBLOCK_7P62.PCBLIB,KF762_05,"Terminal Screw, pitch 7.62mm, H 12.5mm, KF-762-7.62-xxP"
1640,CONN_TBLOCK_7P62.PCBLIB,KF762_06,"Terminal Screw, pitch 7.62mm, H 12.5mm, KF-762-7.62-xxP"
1641,CONN_TBLOCK_7P62.PCBLIB,KF762_07,"Terminal Screw, pitch 7.62mm, H 12.5mm, KF-762-7.62-xxP"
1642,CONN_TBLOCK_7P62.PCBLIB,KF762_08,"Terminal Screw, pitch 7.62mm, H 12.5mm, KF-762-7.62-xxP"
1643,CONN_TBLOCK_7P62.PCBLIB,KF762_09,"Terminal Screw, pitch 7.62mm, H 12.5mm, KF-762-7.62-xxP"
1644,CONN_TBLOCK_7P62.PCBLIB,KF762_10,"Terminal Screw, pitch 7.62mm, H 12.5mm, KF-762-7.62-xxP"
1645,CONN_TBLOCK_7P62.PCBLIB,2EDGR_7P62_02,"Terminal B Plug. , pitch 7.62mm, H 8.6mm, PHOENIX GMSTB 2,5/x-G-7,62"
1646,CONN_TBLOCK_7P62.PCBLIB,2EDGR_7P62_03,"Terminal B Plug. , pitch 7.62mm, H 8.6mm, PHOENIX GMSTB 2,5/x-G-7,62"
1647,CONN_TBLOCK_7P62.PCBLIB,2EDGR_7P62_04,"Terminal B Plug. , pitch 7.62mm, H 8.6mm, PHOENIX GMSTB 2,5/x-G-7,62"
1648,CONN_TBLOCK_7P62.PCBLIB,2EDGR_7P62_05,"Terminal B Plug. , pitch 7.62mm, H 8.6mm, PHOENIX GMSTB 2,5/x-G-7,62"
1649,CONN_TBLOCK_7P62.PCBLIB,2EDGR_7P62_06,"Terminal B Plug. , pitch 7.62mm, H 8.6mm, PHOENIX GMSTB 2,5/x-G-7,62"
1650,CONN_TBLOCK_7P62.PCBLIB,2EDGR_7P62_07,"Terminal B Plug. , pitch 7.62mm, H 8.6mm, PHOENIX GMSTB 2,5/x-G-7,62"
1651,CONN_TBLOCK_7P62.PCBLIB,2EDGR_7P62_08,"Terminal B Plug. , pitch 7.62mm, H 8.6mm, PHOENIX GMSTB 2,5/x-G-7,62"
1652,CONN_TBLOCK_7P62.PCBLIB,2EDGR_7P62_09,"Terminal B Plug. , pitch 7.62mm, H 8.6mm, PHOENIX GMSTB 2,5/x-G-7,62"
1653,CONN_TBLOCK_7P62.PCBLIB,2EDGR_7P62_10,"Terminal B Plug. , pitch 7.62mm, H 8.6mm, PHOENIX GMSTB 2,5/x-G-7,62"
1654,CONN_TBLOCK_7P62.PCBLIB,2EDGR_7P62_11,"Terminal B Plug. , pitch 7.62mm, H 8.6mm, PHOENIX GMSTB 2,5/x-G-7,62"
1655,CONN_TBLOCK_7P62.PCBLIB,2EDGR_7P62_12,"Terminal B Plug. , pitch 7.62mm, H 8.6mm, PHOENIX GMSTB 2,5/x-G-7,62"
1656,CONN_TBLOCK_7P62.PCBLIB,DG167_7P62_02,"Terminal Screw, pitch 7.62mm, H 13.7mm"
1657,CONN_TBLOCK_7P62.PCBLIB,DG167_7P62_03,"Terminal Screw, pitch 7.62mm, H 13.7mm"
1658,CONN_TBLOCK_7P62.PCBLIB,DG167_7P62_04,"Terminal Screw, pitch 7.62mm, H 13.7mm"
1659,CONN_TBLOCK_7P62.PCBLIB,DG167_7P62_05,"Terminal Screw, pitch 7.62mm, H 13.7mm"
1660,CONN_TBLOCK_7P62.PCBLIB,DG167_7P62_06,"Terminal Screw, pitch 7.62mm, H 13.7mm"
1661,CONN_TBLOCK_7P62.PCBLIB,DG167_7P62_07,"Terminal Screw, pitch 7.62mm, H 13.7mm"
1662,CONN_TBLOCK_7P62.PCBLIB,DG167_7P62_08,"Terminal Screw, pitch 7.62mm, H 13.7mm"
1663,CONN_TBLOCK_7P62.PCBLIB,DG167_7P62_09,"Terminal Screw, pitch 7.62mm, H 13.7mm"
1664,CONN_TBLOCK_7P62.PCBLIB,DG167_7P62_10,"Terminal Screw, pitch 7.62mm, H 13.7mm"
1665,CONN_TBLOCK_7P62.PCBLIB,DG25C_7P62_02,"Terminal Screw, pitch 7.62mm, H 14.8mm, DG25C-7.62-xxP"
1666,CONN_TBLOCK_7P62.PCBLIB,DG25C_7P62_03,"Terminal Screw, pitch 7.62mm, H 14.8mm, DG25C-7.62-xxP"
1667,CONN_TBLOCK_7P62.PCBLIB,DG25C_7P62_04,"Terminal Screw, pitch 7.62mm, H 14.8mm, DG25C-7.62-xxP"
1668,CONN_TBLOCK_7P62.PCBLIB,DG25C_7P62_05,"Terminal Screw, pitch 7.62mm, H 14.8mm, DG25C-7.62-xxP"
1669,CONN_TBLOCK_7P62.PCBLIB,DG25C_7P62_06,"Terminal Screw, pitch 7.62mm, H 14.8mm, DG25C-7.62-xxP"
1670,CONN_TBLOCK_7P62.PCBLIB,DG25C_7P62_07,"Terminal Screw, pitch 7.62mm, H 14.8mm, DG25C-7.62-xxP"
1671,CONN_TBLOCK_7P62.PCBLIB,DG25C_7P62_08,"Terminal Screw, pitch 7.62mm, H 14.8mm, DG25C-7.62-xxP"
1672,CONN_TBLOCK_7P62.PCBLIB,DG25C_7P62_09,"Terminal Screw, pitch 7.62mm, H 14.8mm, DG25C-7.62-xxP"
1673,CONN_TBLOCK_7P62.PCBLIB,DG25C_7P62_10,"Terminal Screw, pitch 7.62mm, H 14.8mm, DG25C-7.62-xxP"
1674,CONN_TBLOCK_7P62.PCBLIB,DG25S_7P62_02,"Terminal Screw, pitch 7.62mm, H 14.8mm, DG25C-7.62-xxP"
1675,CONN_TBLOCK_7P62.PCBLIB,DG25S_7P62_03,"Terminal Screw, pitch 7.62mm, H 14.8mm, DG25C-7.62-xxP"
1676,CONN_TBLOCK_7P62.PCBLIB,DG25S_7P62_04,"Terminal Screw, pitch 7.62mm, H 14.8mm, DG25C-7.62-xxP"
1677,CONN_TBLOCK_7P62.PCBLIB,DG25S_7P62_05,"Terminal Screw, pitch 7.62mm, H 14.8mm, DG25C-7.62-xxP"
1678,CONN_TBLOCK_7P62.PCBLIB,DG25S_7P62_06,"Terminal Screw, pitch 7.62mm, H 14.8mm, DG25C-7.62-xxP"
1679,CONN_TBLOCK_7P62.PCBLIB,DG25S_7P62_07,"Terminal Screw, pitch 7.62mm, H 14.8mm, DG25C-7.62-xxP"
1680,CONN_TBLOCK_7P62.PCBLIB,DG25S_7P62_08,"Terminal Screw, pitch 7.62mm, H 14.8mm, DG25C-7.62-xxP"
1681,CONN_TBLOCK_7P62.PCBLIB,DG25S_7P62_09,"Terminal Screw, pitch 7.62mm, H 14.8mm, DG25C-7.62-xxP"
1682,CONN_TBLOCK_7P62.PCBLIB,DG25S_7P62_10,"Terminal Screw, pitch 7.62mm, H 14.8mm, DG25C-7.62-xxP"
1683,CONN_TBLOCK_7P62.PCBLIB,DG636_7P62_02,"Terminal Screw, pitch 7.62mm, H 21.5mm"
1684,CONN_TBLOCK_7P62.PCBLIB,DG636_7P62_03,"Terminal Screw, pitch 7.62mm, H 21.5mm"
1685,CONN_TBLOCK_7P62.PCBLIB,DG636_7P62_04,"Terminal Screw, pitch 7.62mm, H 21.5mm"
1686,CONN_TBLOCK_7P62.PCBLIB,DG636_7P62_05,"Terminal Screw, pitch 7.62mm, H 21.5mm"
1687,CONN_TBLOCK_7P62.PCBLIB,DG636_7P62_06,"Terminal Screw, pitch 7.62mm, H 21.5mm"
1688,CONN_TBLOCK_7P62.PCBLIB,DG636_7P62_07,"Terminal Screw, pitch 7.62mm, H 21.5mm"
1689,CONN_TBLOCK_7P62.PCBLIB,DG636_7P62_08,"Terminal Screw, pitch 7.62mm, H 21.5mm"
1690,CONN_TBLOCK_7P62.PCBLIB,DG636_7P62_09,"Terminal Screw, pitch 7.62mm, H 21.5mm"
1691,CONN_TBLOCK_7P62.PCBLIB,DG636_7P62_10,"Terminal Screw, pitch 7.62mm, H 21.5mm"
1692,CONN_TBLOCK_7P62.PCBLIB,2EDGR_7P62_02_ASSY,"Terminal B Plug. , pitch 7.62mm, H 8.6mm, PHOENIX GMSTB 2,5/x-G-7,62"
1693,CONN_TBLOCK_7P62.PCBLIB,2EDGR_7P62_03_ASSY,"Terminal B Plug. , pitch 7.62mm, H 8.6mm, PHOENIX GMSTB 2,5/x-G-7,62"
1694,CONN_TBLOCK_7P62.PCBLIB,2EDGR_7P62_04_ASSY,"Terminal B Plug. , pitch 7.62mm, H 8.6mm, PHOENIX GMSTB 2,5/x-G-7,62"
1695,CONN_TBLOCK_7P62.PCBLIB,2EDGR_7P62_05_ASSY,"Terminal B Plug. , pitch 7.62mm, H 8.6mm, PHOENIX GMSTB 2,5/x-G-7,62"
1696,CONN_TBLOCK_7P62.PCBLIB,2EDGR_7P62_06_ASSY,"Terminal B Plug. , pitch 7.62mm, H 8.6mm, PHOENIX GMSTB 2,5/x-G-7,62"
1697,CONN_TBLOCK_7P62.PCBLIB,2EDGR_7P62_07_ASSY,"Terminal B Plug. , pitch 7.62mm, H 8.6mm, PHOENIX GMSTB 2,5/x-G-7,62"
1698,CONN_TBLOCK_7P62.PCBLIB,2EDGR_7P62_08_ASSY,"Terminal B Plug. , pitch 7.62mm, H 8.6mm, PHOENIX GMSTB 2,5/x-G-7,62"
1699,CONN_TBLOCK_7P62.PCBLIB,2EDGR_7P62_09_ASSY,"Terminal B Plug. , pitch 7.62mm, H 8.6mm, PHOENIX GMSTB 2,5/x-G-7,62"
1700,CONN_TBLOCK_7P62.PCBLIB,2EDGR_7P62_10_ASSY,"Terminal B Plug. , pitch 7.62mm, H 8.6mm, PHOENIX GMSTB 2,5/x-G-7,62"
1701,CONN_TBLOCK_7P62.PCBLIB,2EDGR_7P62_11_ASSY,"Terminal B Plug. , pitch 7.62mm, H 8.6mm, PHOENIX GMSTB 2,5/x-G-7,62"
1702,CONN_TBLOCK_7P62.PCBLIB,2EDGR_7P62_12_ASSY,"Terminal B Plug. , pitch 7.62mm, H 8.6mm, PHOENIX GMSTB 2,5/x-G-7,62"
1703,CONN_TBLOCK_8P25TO15P0.PCBLIB,DG35C_02,"Terminal Block Screw, Pitch 8.25mm, 20A/300v, DG35C= KF35C"
1704,CONN_TBLOCK_8P25TO15P0.PCBLIB,DG35C_03,"Terminal Block Screw, Pitch 8.25mm, 20A/300v, DG35C= KF35C"
1705,CONN_TBLOCK_8P25TO15P0.PCBLIB,DG35C_04,"Terminal Block Screw, Pitch 8.25mm, 20A/300v, DG35C= KF35C"
1706,CONN_TBLOCK_8P25TO15P0.PCBLIB,DG35C_05,"Terminal Block Screw, Pitch 8.25mm, 20A/300v, DG35C= KF35C"
1707,CONN_TBLOCK_8P25TO15P0.PCBLIB,DG35C_06,"Terminal Block Screw, Pitch 8.25mm, 20A/300v, DG35C= KF35C"
1708,CONN_TBLOCK_8P25TO15P0.PCBLIB,DG35C_07,"Terminal Block Screw, Pitch 8.25mm, 20A/300v, DG35C= KF35C"
1709,CONN_TBLOCK_8P25TO15P0.PCBLIB,DG35C_08,"Terminal Block Screw, Pitch 8.25mm, 20A/300v, DG35C= KF35C"
1710,CONN_TBLOCK_8P25TO15P0.PCBLIB,DG35C_09,"Terminal Block Screw, Pitch 8.25mm, 20A/300v, DG35C= KF35C"
1711,CONN_TBLOCK_8P25TO15P0.PCBLIB,DG35C_10,"Terminal Block Screw, Pitch 8.25mm, 20A/300v, DG35C= KF35C"
1712,CONN_TBLOCK_8P25TO15P0.PCBLIB,DG45CB_02,"Terminal Block Screw, Pitch 9.5mm, 20A/300v"
1713,CONN_TBLOCK_8P25TO15P0.PCBLIB,DG45CB_03,"Terminal Block Screw, Pitch 9.5mm, 20A/300v"
1714,CONN_TBLOCK_8P25TO15P0.PCBLIB,DG45CB_04,"Terminal Block Screw, Pitch 9.5mm, 20A/300v"
1715,CONN_TBLOCK_8P25TO15P0.PCBLIB,DG45CB_05,"Terminal Block Screw, Pitch 9.5mm, 20A/300v"
1716,CONN_TBLOCK_8P25TO15P0.PCBLIB,DG45CB_06,"Terminal Block Screw, Pitch 9.5mm, 20A/300v"
1717,CONN_TBLOCK_8P25TO15P0.PCBLIB,DG45CB_07,"Terminal Block Screw, Pitch 9.5mm, 20A/300v"
1718,CONN_TBLOCK_8P25TO15P0.PCBLIB,DG45CB_08,"Terminal Block Screw, Pitch 9.5mm, 20A/300v"
1719,CONN_TBLOCK_8P25TO15P0.PCBLIB,DG45CB_09,"Terminal Block Screw, Pitch 9.5mm, 20A/300v"
1720,CONN_TBLOCK_8P25TO15P0.PCBLIB,DG45CB_10,"Terminal Block Screw, Pitch 9.5mm, 20A/300v"
1721,CONN_TBLOCK_8P25TO15P0.PCBLIB,DG45SB_02,"Terminal Block Screw, Pitch 9.5mm, 20A/300v"
1722,CONN_TBLOCK_8P25TO15P0.PCBLIB,DG45SB_03,"Terminal Block Screw, Pitch 9.5mm, 20A/300v"
1723,CONN_TBLOCK_8P25TO15P0.PCBLIB,DG45SB_04,"Terminal Block Screw, Pitch 9.5mm, 20A/300v"
1724,CONN_TBLOCK_8P25TO15P0.PCBLIB,DG45SB_05,"Terminal Block Screw, Pitch 9.5mm, 20A/300v"
1725,CONN_TBLOCK_8P25TO15P0.PCBLIB,DG45SB_06,"Terminal Block Screw, Pitch 9.5mm, 20A/300v"
1726,CONN_TBLOCK_8P25TO15P0.PCBLIB,DG45SB_07,"Terminal Block Screw, Pitch 9.5mm, 20A/300v"
1727,CONN_TBLOCK_8P25TO15P0.PCBLIB,DG45SB_08,"Terminal Block Screw, Pitch 9.5mm, 20A/300v"
1728,CONN_TBLOCK_8P25TO15P0.PCBLIB,DG45SB_09,"Terminal Block Screw, Pitch 9.5mm, 20A/300v"
1729,CONN_TBLOCK_8P25TO15P0.PCBLIB,DG45SB_10,"Terminal Block Screw, Pitch 9.5mm, 20A/300v"
1730,CONN_TBLOCK_8P25TO15P0.PCBLIB,DG55CB_02,"Terminal Block Screw, Pitch 10mm, 20A/300v, DG55C-B= KF55"
1731,CONN_TBLOCK_8P25TO15P0.PCBLIB,DG55CB_03,"Terminal Block Screw, Pitch 10mm, 20A/300v, DG55C-B= KF55"
1732,CONN_TBLOCK_8P25TO15P0.PCBLIB,DG55CB_04,"Terminal Block Screw, Pitch 10mm, 20A/300v, DG55C-B= KF55"
1733,CONN_TBLOCK_8P25TO15P0.PCBLIB,DG55CB_05,"Terminal Block Screw, Pitch 10mm, 20A/300v, DG55C-B= KF55"
1734,CONN_TBLOCK_8P25TO15P0.PCBLIB,DG55CB_06,"Terminal Block Screw, Pitch 10mm, 20A/300v, DG55C-B= KF55"
1735,CONN_TBLOCK_8P25TO15P0.PCBLIB,DG55CB_07,"Terminal Block Screw, Pitch 10mm, 20A/300v, DG55C-B= KF55"
1736,CONN_TBLOCK_8P25TO15P0.PCBLIB,DG55CB_08,"Terminal Block Screw, Pitch 10mm, 20A/300v, DG55C-B= KF55"
1737,CONN_TBLOCK_8P25TO15P0.PCBLIB,DG55CB_09,"Terminal Block Screw, Pitch 10mm, 20A/300v, DG55C-B= KF55"
1738,CONN_TBLOCK_8P25TO15P0.PCBLIB,DG55CB_10,"Terminal Block Screw, Pitch 10mm, 20A/300v, DG55C-B= KF55"
1739,CONN_TBLOCK_8P25TO15P0.PCBLIB,DG65CB_02,"Terminal Block Screw, Pitch 11mm, 20A/300v, DG65C-B= KF65"
1740,CONN_TBLOCK_8P25TO15P0.PCBLIB,DG65CB_03,"Terminal Block Screw, Pitch 11mm, 20A/300v, DG65C-B= KF65"
1741,CONN_TBLOCK_8P25TO15P0.PCBLIB,DG65CB_04,"Terminal Block Screw, Pitch 11mm, 20A/300v, DG65C-B= KF65"
1742,CONN_TBLOCK_8P25TO15P0.PCBLIB,DG65CB_05,"Terminal Block Screw, Pitch 11mm, 20A/300v, DG65C-B= KF65"
1743,CONN_TBLOCK_8P25TO15P0.PCBLIB,DG65CB_06,"Terminal Block Screw, Pitch 11mm, 20A/300v, DG65C-B= KF65"
1744,CONN_TBLOCK_8P25TO15P0.PCBLIB,DG65CB_07,"Terminal Block Screw, Pitch 11mm, 20A/300v, DG65C-B= KF65"
1745,CONN_TBLOCK_8P25TO15P0.PCBLIB,DG65CB_08,"Terminal Block Screw, Pitch 11mm, 20A/300v, DG65C-B= KF65"
1746,CONN_TBLOCK_8P25TO15P0.PCBLIB,DG65CB_09,"Terminal Block Screw, Pitch 11mm, 20A/300v, DG65C-B= KF65"
1747,CONN_TBLOCK_8P25TO15P0.PCBLIB,DG65CB_10,"Terminal Block Screw, Pitch 11mm, 20A/300v, DG65C-B= KF65"
1748,CONN_TBLOCK_8P25TO15P0.PCBLIB,DG46GSB_01,"Terminal Block Screw, Pitch 9.5mm, 20A/300v, DG46GS-B,"
1749,CONN_TBLOCK_8P25TO15P0.PCBLIB,DG46GSB_02,"Terminal Block Screw, Pitch 9.5mm, 20A/300v, DG46GS-B,"
1750,CONN_TBLOCK_8P25TO15P0.PCBLIB,DG46GSB_03,"Terminal Block Screw, Pitch 9.5mm, 20A/300v, DG46GS-B,"
1751,CONN_TBLOCK_8P25TO15P0.PCBLIB,DG46GSB_04,"Terminal Block Screw, Pitch 9.5mm, 20A/300v, DG46GS-B,"
1752,CONN_TBLOCK_8P25TO15P0.PCBLIB,DG46GSB_05,"Terminal Block Screw, Pitch 9.5mm, 20A/300v, DG46GS-B,"
1753,CONN_TBLOCK_8P25TO15P0.PCBLIB,DG46GSB_06,"Terminal Block Screw, Pitch 9.5mm, 20A/300v, DG46GS-B,"
1754,CONN_TBLOCK_8P25TO15P0.PCBLIB,DG46GSB_07,"Terminal Block Screw, Pitch 9.5mm, 20A/300v, DG46GS-B,"
1755,CONN_TBLOCK_8P25TO15P0.PCBLIB,DG46GSB_08,"Terminal Block Screw, Pitch 9.5mm, 20A/300v, DG46GS-B,"
1756,CONN_TBLOCK_8P25TO15P0.PCBLIB,DG46GSB_09,"Terminal Block Screw, Pitch 9.5mm, 20A/300v, DG46GS-B,"
1757,CONN_TBLOCK_8P25TO15P0.PCBLIB,DG46GSB_10,"Terminal Block Screw, Pitch 9.5mm, 20A/300v, DG46GS-B,"
1758,CONN_TBLOCK_8P25TO15P0.PCBLIB,DG45CB_02_WS,"Terminal Block Screw, Pitch 9.5mm, 20A/300v, with Spade"
1759,CONN_TBLOCK_8P25TO15P0.PCBLIB,DG45CB_03_WS,"Terminal Block Screw, Pitch 9.5mm, 20A/300v, with Spade"
1760,CONN_TBLOCK_8P25TO15P0.PCBLIB,DG45CB_04_WS,"Terminal Block Screw, Pitch 9.5mm, 20A/300v, with Spade"
1761,CONN_TBLOCK_8P25TO15P0.PCBLIB,DG45CB_05_WS,"Terminal Block Screw, Pitch 9.5mm, 20A/300v, with Spade"
1762,CONN_TBLOCK_8P25TO15P0.PCBLIB,DG45CB_06_WS,"Terminal Block Screw, Pitch 9.5mm, 20A/300v, with Spade"
1763,CONN_TBLOCK_8P25TO15P0.PCBLIB,DG45CB_07_WS,"Terminal Block Screw, Pitch 9.5mm, 20A/300v, with Spade"
1764,CONN_TBLOCK_8P25TO15P0.PCBLIB,DG45CB_08_WS,"Terminal Block Screw, Pitch 9.5mm, 20A/300v, with Spade"
1765,CONN_TBLOCK_8P25TO15P0.PCBLIB,DG45CB_09_WS,"Terminal Block Screw, Pitch 9.5mm, 20A/300v, with Spade"
1766,CONN_TBLOCK_8P25TO15P0.PCBLIB,DG45CB_10_WS,"Terminal Block Screw, Pitch 9.5mm, 20A/300v, with Spade"
1767,CONN_TBLOCK_8P25TO15P0.PCBLIB,DG636_9P52_02,"Terminal Block Screw, Pitch 9.52mm, 30A/300v"
1768,CONN_TBLOCK_8P25TO15P0.PCBLIB,DG636_9P52_03,"Terminal Block Screw, Pitch 9.52mm, 30A/300v"
1769,CONN_TBLOCK_8P25TO15P0.PCBLIB,DG636_9P52_04,"Terminal Block Screw, Pitch 9.52mm, 30A/300v"
1770,CONN_TBLOCK_8P25TO15P0.PCBLIB,DG636_9P52_05,"Terminal Block Screw, Pitch 9.52mm, 30A/300v"
1771,CONN_TBLOCK_8P25TO15P0.PCBLIB,DG636_9P52_06,"Terminal Block Screw, Pitch 9.52mm, 30A/300v"
1772,CONN_TBLOCK_8P25TO15P0.PCBLIB,DG636_9P52_07,"Terminal Block Screw, Pitch 9.52mm, 30A/300v"
1773,CONN_TBLOCK_8P25TO15P0.PCBLIB,DG636_9P52_08,"Terminal Block Screw, Pitch 9.52mm, 30A/300v"
1774,CONN_TBLOCK_8P25TO15P0.PCBLIB,DG636_9P52_09,"Terminal Block Screw, Pitch 9.52mm, 30A/300v"
1775,CONN_TBLOCK_8P25TO15P0.PCBLIB,DG636_9P52_10,"Terminal Block Screw, Pitch 9.52mm, 30A/300v"
1776,CONN_TBLOCK_8P25TO15P0.PCBLIB,DG136T_12P7_02,"Terminal Block Screw, Pitch 12.7mm, 60A/600v"
1777,CONN_TBLOCK_8P25TO15P0.PCBLIB,DG136T_12P7_03,"Terminal Block Screw, Pitch 12.7mm, 60A/600v"
1778,CONN_TBLOCK_8P25TO15P0.PCBLIB,DG136T_12P7_04,"Terminal Block Screw, Pitch 12.7mm, 60A/600v"
1779,CONN_TBLOCK_8P25TO15P0.PCBLIB,DG136T_12P7_05,"Terminal Block Screw, Pitch 12.7mm, 60A/600v"
1780,CONN_TBLOCK_8P25TO15P0.PCBLIB,DG136T_12P7_06,"Terminal Block Screw, Pitch 12.7mm, 60A/600v"
1781,CONN_TBLOCK_8P25TO15P0.PCBLIB,DG136T_12P7_07,"Terminal Block Screw, Pitch 12.7mm, 60A/600v"
1782,CONN_TBLOCK_8P25TO15P0.PCBLIB,DG136T_12P7_08,"Terminal Block Screw, Pitch 12.7mm, 60A/600v"
1783,CONN_TBLOCK_8P25TO15P0.PCBLIB,DG136T_12P7_09,"Terminal Block Screw, Pitch 12.7mm, 60A/600v"
1784,CONN_TBLOCK_8P25TO15P0.PCBLIB,DG136T_12P7_10,"Terminal Block Screw, Pitch 12.7mm, 60A/600v"
1785,CONN_TBLOCK_8P25TO15P0.PCBLIB,DG137T_15P0_02,"Terminal Block Screw, Pitch 15mm, 115A/600v"
1786,CONN_TBLOCK_8P25TO15P0.PCBLIB,DG137T_15P0_03,"Terminal Block Screw, Pitch 15mm, 115A/600v"
1787,CONN_TBLOCK_8P25TO15P0.PCBLIB,DG137T_15P0_04,"Terminal Block Screw, Pitch 15mm, 115A/600v"
1788,CONN_TBLOCK_8P25TO15P0.PCBLIB,DG137T_15P0_05,"Terminal Block Screw, Pitch 15mm, 115A/600v"
1789,CONN_TBLOCK_8P25TO15P0.PCBLIB,DG137T_15P0_06,"Terminal Block Screw, Pitch 15mm, 115A/600v"
1790,CONN_TBLOCK_8P25TO15P0.PCBLIB,DG137T_15P0_07,"Terminal Block Screw, Pitch 15mm, 115A/600v"
1791,CONN_TBLOCK_8P25TO15P0.PCBLIB,DG137T_15P0_08,"Terminal Block Screw, Pitch 15mm, 115A/600v"
1792,CONN_TBLOCK_8P25TO15P0.PCBLIB,DG137T_15P0_09,"Terminal Block Screw, Pitch 15mm, 115A/600v"
1793,CONN_TBLOCK_8P25TO15P0.PCBLIB,DG137T_15P0_10,"Terminal Block Screw, Pitch 15mm, 115A/600v"
1794,CONN_TBLOCK_8P25TO15P0.PCBLIB,DG136HT_12P7_02,"Terminal Block Screw, Pitch 12.7mm, 60A/600v"
1795,CONN_TBLOCK_8P25TO15P0.PCBLIB,DG136HT_12P7_03,"Terminal Block Screw, Pitch 12.7mm, 60A/600v"
1796,CONN_TBLOCK_8P25TO15P0.PCBLIB,DG136HT_12P7_04,"Terminal Block Screw, Pitch 12.7mm, 60A/600v"
1797,CONN_TBLOCK_8P25TO15P0.PCBLIB,DG136HT_12P7_05,"Terminal Block Screw, Pitch 12.7mm, 60A/600v"
1798,CONN_TBLOCK_8P25TO15P0.PCBLIB,DG136HT_12P7_06,"Terminal Block Screw, Pitch 12.7mm, 60A/600v"
1799,CONN_TBLOCK_8P25TO15P0.PCBLIB,DG136HT_12P7_07,"Terminal Block Screw, Pitch 12.7mm, 60A/600v"
1800,CONN_TBLOCK_8P25TO15P0.PCBLIB,DG136HT_12P7_08,"Terminal Block Screw, Pitch 12.7mm, 60A/600v"
1801,CONN_TBLOCK_8P25TO15P0.PCBLIB,DG136HT_12P7_09,"Terminal Block Screw, Pitch 12.7mm, 60A/600v"
1802,CONN_TBLOCK_8P25TO15P0.PCBLIB,DG136HT_12P7_10,"Terminal Block Screw, Pitch 12.7mm, 60A/600v"
1803,CONN_TBLOCK_8P25TO15P0.PCBLIB,DG136T_10P16_02,"Terminal Block Screw, Pitch 10.16mm, 60A/300v"
1804,CONN_TBLOCK_8P25TO15P0.PCBLIB,DG136T_10P16_03,"Terminal Block Screw, Pitch 10.16mm, 60A/300v"
1805,CONN_TBLOCK_8P25TO15P0.PCBLIB,DG136T_10P16_04,"Terminal Block Screw, Pitch 10.16mm, 60A/300v"
1806,CONN_TBLOCK_8P25TO15P0.PCBLIB,DG136T_10P16_05,"Terminal Block Screw, Pitch 10.16mm, 60A/300v"
1807,CONN_TBLOCK_8P25TO15P0.PCBLIB,DG136T_10P16_06,"Terminal Block Screw, Pitch 10.16mm, 60A/300v"
1808,CONN_TBLOCK_8P25TO15P0.PCBLIB,DG136T_10P16_07,"Terminal Block Screw, Pitch 10.16mm, 60A/300v"
1809,CONN_TBLOCK_8P25TO15P0.PCBLIB,DG136T_10P16_08,"Terminal Block Screw, Pitch 10.16mm, 60A/300v"
1810,CONN_TBLOCK_8P25TO15P0.PCBLIB,DG136T_10P16_09,"Terminal Block Screw, Pitch 10.16mm, 60A/300v"
1811,CONN_TBLOCK_8P25TO15P0.PCBLIB,DG136T_10P16_10,"Terminal Block Screw, Pitch 10.16mm, 60A/300v"
1812,CONN_TBLOCK_8P25TO15P0.PCBLIB,DG136HT_10P16_02,"Terminal Block Screw, Pitch 10.16mm, 60A/300v"
1813,CONN_TBLOCK_8P25TO15P0.PCBLIB,DG136HT_10P16_03,"Terminal Block Screw, Pitch 10.16mm, 60A/300v"
1814,CONN_TBLOCK_8P25TO15P0.PCBLIB,DG136HT_10P16_04,"Terminal Block Screw, Pitch 10.16mm, 60A/300v"
1815,CONN_TBLOCK_8P25TO15P0.PCBLIB,DG136HT_10P16_05,"Terminal Block Screw, Pitch 10.16mm, 60A/300v"
1816,CONN_TBLOCK_8P25TO15P0.PCBLIB,DG136HT_10P16_06,"Terminal Block Screw, Pitch 10.16mm, 60A/300v"
1817,CONN_TBLOCK_8P25TO15P0.PCBLIB,DG136HT_10P16_07,"Terminal Block Screw, Pitch 10.16mm, 60A/300v"
1818,CONN_TBLOCK_8P25TO15P0.PCBLIB,DG136HT_10P16_08,"Terminal Block Screw, Pitch 10.16mm, 60A/300v"
1819,CONN_TBLOCK_8P25TO15P0.PCBLIB,DG136HT_10P16_09,"Terminal Block Screw, Pitch 10.16mm, 60A/300v"
1820,CONN_TBLOCK_8P25TO15P0.PCBLIB,DG136HT_10P16_10,"Terminal Block Screw, Pitch 10.16mm, 60A/300v"
1821,CONN_USB.PCBLIB,USBTEST,"CONN, USB A Receptacle RIGHT ANGLE"
1822,CONN_USB.PCBLIB,USB_B_ST,"CONN, USB B, Receptacle, STRAIGHT, THD"
1823,CONN_USB.PCBLIB,USB3_A_RA,"USB 3.0 Receptecal, Type A, Top Mount, Through Hole, Horizontal"
1824,CONN_USB.PCBLIB,USB3_A_RA_X2,"USB 3.0 Dual Receptecal, Type A, Top Mount, Through Hole, Horizontal"
1825,CONN_USB.PCBLIB,USB3_MICRO_B,"CONN, USB3, Micro B, CMS1811-010010 (HOSIDEN), GSB343133HR (AMPHENOL)"
1826,CONN_USB.PCBLIB,USB_A_PLG_RA,"CONN, USB, Type A, PLUG, Right Angle, SMD, THD"
1827,CONN_USB.PCBLIB,USB_A_REC_ST,"CONN, USB A, Receptacle, STRAIGHT, THD"
1828,CONN_USB.PCBLIB,USB_B_RA_SMD,"CONN, USB B, Receptacle, RIGHT ANGLE, SMD"
1829,CONN_USB.PCBLIB,USB_B_RA_THD,"CONN, USB B, Receptacle, RIGHT ANGLE, THD"
1830,CONN_USB.PCBLIB,USB3_B_RA_THD,"CONN, USB3.0, TYPE B, THD"
1831,CONN_USB.PCBLIB,USB_A_PLG_PCB,"CONN, USB, A, best pcb thickness: 2mm"
1832,CONN_USB.PCBLIB,USB_A_REC_UR1,"CONN, USB A, upright, Right Angle, VERTICAL, THD"
1833,CONN_USB.PCBLIB,USB_A_REC_UR2,"CONN, USB A, upright, Right Angle, VERTICAL, THD"
1834,CONN_USB.PCBLIB,USB_A_REC_UR3,"CONN, USB A, upright, Right Angle, VERTICAL, THD"
1835,CONN_USB.PCBLIB,USB_A_REC_UR4,"CONN, USB A, upright, Right Angle, VERTICAL, THD"
1836,CONN_USB.PCBLIB,USB_A_REC_UR5,"CONN, USB A, upright, Right Angle, VERTICAL, THD"
1837,CONN_USB.PCBLIB,USB_MICRO_B_V,"CONN, USB Micro B Vertical"
1838,CONN_USB.PCBLIB,USB_B_RA_CABLE,"CONN, USB B, Receptacle, RIGHT ANGLE, THD"
1839,CONN_USB.PCBLIB,USB_MICRO_AB_V,"CONN, USB Micro AB Vertical"
1840,CONN_USB.PCBLIB,USB_A_REC_RA_X2,"CONN, USB A, Right Angle, DUAL"
1841,CONN_USB.PCBLIB,USB_MICRO_B_FCI,"CONN, USB Micro AB"
1842,CONN_USB.PCBLIB,USB_MINI_B5_SMD,"CONN, USB MINI B, 5PIN, RIGHT ANGLE, SMD"
1843,CONN_USB.PCBLIB,USB_MINI_B5_THD,"CONN, USB MINI B, 5PIN, RIGHT ANGLE, THD"
1844,CONN_USB.PCBLIB,USB_A_PLG_RA_SMD,"CONN, USB, Type A, PLUG, Right Angle, SMD, THD"
1845,CONN_USB.PCBLIB,USB_A_REC_RA_SMD,"CONN, USB A, Receptacle, RIGHT ANGLE, SMD"
1846,CONN_USB.PCBLIB,USB_A_REC_RA_THD,"CONN, USB A, Receptacle, RIGHT ANGLE, THD"
1847,CONN_USB.PCBLIB,USB_MINI_B5_CABLE,"CONN, USB MINI B, 5PIN, RIGHT ANGLE, SMD"
1848,CONN_USB.PCBLIB,USB_A_REC_RA_THD_S,"CONN, USB A, Receptacle, RIGHT ANGLE, THD SHORT"
1849,CONN_USB.PCBLIB,USB_MICRO_B_BM_SHS,"CONN, USB Micro B - Standard (Bottom mount), Shell SMD, 473460001, ZX62-AB-5PA"
1850,CONN_USB.PCBLIB,USB_MICRO_B_BM_SHT,"CONN, USB Micro AB - Standard (Bottom mount), Shell SMT"
1851,CONN_USB.PCBLIB,USB_MICRO_AB_BM_SHS,"CONN, USB Micro AB - Standard (Bottom mount), Shell THD, TE 1981584-1"
1852,CONN_USB.PCBLIB,USB_MICRO_AB_BM_SHT,"CONN, USB Micro AB - Standard (Bottom mount), Shell THD, G610"
1853,CONN_USB.PCBLIB,USB_MICRO_AB_TM_SHT,"CONN, USB Micro AB, Top mount, Shell THT, molex 475900001"
1854,CONN_USB.PCBLIB,USB_MICRO_B_MOLEX - duplicate,"CONN, USB Micro AB"
1855,CONN_USB_C.PCBLIB,USBC_MID,"USB 3.1 Type C Receptacle Horizontal THR, MID-Mount"
1856,CONN_USB_C.PCBLIB,USBC_PCB,"CONN, USB C , PCB, pcb thickness must be 0.6mm"
1857,CONN_USB_C.PCBLIB,USBC_PLUG,"CONN, USB C , PLUG"
1858,CONN_USB_C.PCBLIB,USBC_CABLE,"CONN, USB C , CABLE"
1859,CONN_USB_C.PCBLIB,USBC_PCB_6,"CONN, USB C , PCB, pcb thickness must be 0.6mm"
1860,CONN_USB_C.PCBLIB,USBC_PCB_16,"CONN, USB C , PCB, pcb thickness must be 0.6mm"
1861,CONN_USB_C.PCBLIB,USBC_SMD_16,"CONN, USB, Type C, 2171790001"
1862,CONN_USB_C.PCBLIB,USBC_SMD_16V,"CONN, USB, Type C, SMD Vertical"
1863,CONN_USB_C.PCBLIB,USBC_THD_16V,"CONN, USB, Type C, THD Vertical"
1864,CONN_USB_C.PCBLIB,USBC_SMD_E402A,"CONN, USB, Type C, SMD, 12401598E4#2A, 12401610E4#2A"
1865,CONN_USB_C.PCBLIB,USBC_SMD_E412A,"CONN, USB, Type C, SMD, 12401899E412A"
1866,CONN_USB_C.PCBLIB,USBC_HYB_632723,"CONN, USB, Type C, USB 3.1, Receptacle Horizontal, 632723"
1867,CONN_USB_C.PCBLIB,USBC_SMD_105450,"CONN, USB, Type C, SMD"
1868,CONN_USB_C.PCBLIB,USBC_SMD_201267,"CONN, USB, Type C, SMD"
1869,CONN_USB_C.PCBLIB,USBC_HYB_10137062,"CONN, USB, Type C, 10137062"
1870,CONN_USB_C.PCBLIB,USBC_HYB_UJ31CH31,"CONN, USB, Type C, UJ31-CH-31N-SMT, UJ31-CH-31-SMT"
1871,CONN_USB_C.PCBLIB,USBC_SMD_10137065,"CONN, USB, Type C, SMD"
1872,CONN_USB_C.PCBLIB,USBC_HYB_UJ31CH3SMT,"CONN, USB, Type C, USB 3.1 Gen 2, Right-Angle, HYBRID, UJ31-CH-3-SMT"
1873,CONN_USB_C.PCBLIB,USBC_SMD_16_USB4105,"CONN, USB, Type C, USB4105, popular*"
1874,CONN_USB_C.PCBLIB,USBC_SMD_16_USB4110,"CONN, USB, Type C, USB4110"
1875,CONN_USB_C.PCBLIB,USBC_SMD_CX90B1_24P,"CONN, USB, Type C, SMD, CX90B1-24P"
1876,CONN_USB_C.PCBLIB,USBC_HYB_UJ31CH4MSMT,"CONN, USB, Type C, UJ31-CH-4-MSMT"
1877,CONN_USB_C.PCBLIB,USBC_HYB_UJ31CHG1SMT,"CONN, USB, Type C, UJ31-CH-G1-SMT"
1878,CONN_USB_C.PCBLIB,USBC_HYB_UJ31CHG2SMT,"CONN, USB, Type C, UJ31-CH-G2-SMT"
1879,CONN_USB_C.PCBLIB,USBC_SMD_6_UJCHP3SMT,"CONN, USB, Type C, UJC-HP-3-SMT, popular*"
1880,CONN_USB_C.PCBLIB,USBC_SMD_DX07S024JA2,"CONN, USB, Type C, DX07S024JA2"
1881,CONN_USB_C.PCBLIB,USBC_SMD_KUSBXSMT3CS,"CONN, USB, Type C, KUSBX-SMT3-CS"
1882,CONN_USB_C.PCBLIB,USBC_SMD_KUSBXSMTCS2,"CONN, USB, Type C, KUSBX-SMT-CS2"
1883,CONN_USB_C.PCBLIB,USBC_SMD_KUSBXSMTCS4,"CONN, USB, Type C, KUSBX-SMT-CS4"
1884,CONN_USB_C.PCBLIB,USBC_HYB_UJ31CH312SMT,"CONN, USB, Type C, UJ31-CH-312-SMT"
1885,CONN_USB_C.PCBLIB,USBC_HYB_KUSBXSMTTHCS1,"CONN, USB, Type C, KUSBX-SMTTH-CS1, UJ31-CH-314-SMT"
1886,CONN_USB_C.PCBLIB,USBC_HYB_UJ31CH3MSMT67,"CONN, USB, Type C, Gen 2, Right-Angle, Mid Mount, HYBRID, Waterproof, UJ31-CH-3-MSMT-TR-67"
1887,CONN_USB_C.PCBLIB,USBC_SMD_16_DX07S016JA1,"CONN, USB, Type C, DX07S016JA1, popular*"
1888,CONN_USB_C.PCBLIB,USBC_HYB_KUSB67XSMTTHCS4,"CONN, USB, Type C, KUSB67X-SMTTH-CS4"
1889,CONN_W2B.PCBLIB,WF_2,"DS1070  WF, Cvilux CI31 pitch 2.54mm"
1890,CONN_W2B.PCBLIB,WF_3,"DS1070  WF, Cvilux CI31 pitch 2.54mm"
1891,CONN_W2B.PCBLIB,WF_4,"DS1070  WF, Cvilux CI31 pitch 2.54mm"
1892,CONN_W2B.PCBLIB,WF_5,"DS1070  WF, Cvilux CI31 pitch 2.54mm"
1893,CONN_W2B.PCBLIB,WF_6,"DS1070  WF, Cvilux CI31 pitch 2.54mm"
1894,CONN_W2B.PCBLIB,WF_7,"DS1070  WF, Cvilux CI31 pitch 2.54mm"
1895,CONN_W2B.PCBLIB,WF_8,"DS1070  WF, Cvilux CI31 pitch 2.54mm"
1896,CONN_W2B.PCBLIB,WF_9,"DS1070  WF, Cvilux CI31 pitch 2.54mm"
1897,CONN_W2B.PCBLIB,WF_10,"DS1070  WF, Cvilux CI31 pitch 2.54mm"
1898,CONN_W2B.PCBLIB,WF_4R,"DS1070  WF, Cvilux CI31 pitch 2.54mm right angle"
1899,CONN_W2B.PCBLIB,WF_8R,"DS1070  WF, Cvilux CI31 pitch 2.54mm right angle"
1900,CONN_W2B.PCBLIB,SMAW_3,"SMAW, pitch: 2.5mm, Righ Angle"
1901,CONN_W2B.PCBLIB,SMAW_4,"SMAW, pitch: 2.5mm, Righ Angle"
1902,CONN_W2B.PCBLIB,SMAW_5,"SMAW, pitch: 2.5mm, Righ Angle"
1903,CONN_W2B.PCBLIB,SMAW_6,"SMAW, pitch: 2.5mm, Righ Angle"
1904,CONN_W2B.PCBLIB,SMAW_7,"SMAW, pitch: 2.5mm, Righ Angle"
1905,CONN_W2B.PCBLIB,SMAW_8,"SMAW, pitch: 2.5mm, Righ Angle"
1906,CONN_W2B.PCBLIB,SMAW_9,"SMAW, pitch: 2.5mm, Righ Angle"
1907,CONN_W2B.PCBLIB,WF_12R,"DS1070  WF, Cvilux CI31 pitch 2.54mm right angle"
1908,CONN_W2B.PCBLIB,WF_14R,"DS1070  WF, Cvilux CI31 pitch 2.54mm right angle"
1909,CONN_W2B.PCBLIB,SMAW_10,"SMAW, pitch: 2.5mm, Righ Angle"
1910,CONN_W2B.PCBLIB,SMAW_11,"SMAW, pitch: 2.5mm, Righ Angle"
1911,CONN_W2B.PCBLIB,SMAW_12,"SMAW, pitch: 2.5mm, Righ Angle"
1912,CONN_W2B.PCBLIB,SMAW_13,"SMAW, pitch: 2.5mm, Righ Angle"
1913,CONN_W2B.PCBLIB,SMAW_14,"SMAW, pitch: 2.5mm, Righ Angle"
1914,CONN_W2B.PCBLIB,SMAW_15,"SMAW, pitch: 2.5mm, Righ Angle"
1915,CONN_W2B.PCBLIB,SMAW_16,"SMAW, pitch: 2.5mm, Righ Angle"
1916,CONN_W2B.PCBLIB,TMS250_2,"Molex Mini-SPOX, pitch 2.50mm, 4.0A"
1917,CONN_W2B.PCBLIB,TMS250_3,"Molex Mini-SPOX, pitch 2.50mm, 4.0A"
1918,CONN_W2B.PCBLIB,TMS250_4,"Molex Mini-SPOX, pitch 2.50mm, 4.0A"
1919,CONN_W2B.PCBLIB,TMS250_5,"Molex Mini-SPOX, pitch 2.50mm, 4.0A"
1920,CONN_W2B.PCBLIB,TMS250_6,"Molex Mini-SPOX, pitch 2.50mm, 4.0A"
1921,CONN_W2B.PCBLIB,TMS250_7,"Molex Mini-SPOX, pitch 2.50mm, 4.0A"
1922,CONN_W2B.PCBLIB,TMS250_8,"Molex Mini-SPOX, pitch 2.50mm, 4.0A"
1923,CONN_W2B.PCBLIB,TMS250_9,"Molex Mini-SPOX, pitch 2.50mm, 4.0A"
1924,CONN_W2B.PCBLIB,CONN1MM_5,"CONN, 1mm, SMT RA, TE 1734709-5"
1925,CONN_W2B.PCBLIB,DF13_2P_H,"Hirose Connector DF13-2P-1.25H, pitch:1.25mm"
1926,CONN_W2B.PCBLIB,DF13_2P_V,"Hirose Connector DF13-2P-1.25V, pitch:1.25mm"
1927,CONN_W2B.PCBLIB,DF13_4P_H,"Hirose Connector DF13-4P-1.25H, DF13 4WAY pitch:1.25mm"
1928,CONN_W2B.PCBLIB,DF13_6P_H,"Hirose Connector DF13-6P-1.25H, DF13 6WAY pitch:1.25mm"
1929,CONN_W2B.PCBLIB,DF13_8P_H,"Hirose Connector DF13-8P-1.25H, pitch:1.25mm"
1930,CONN_W2B.PCBLIB,TMS250_10,"Molex Mini-SPOX, pitch 2.50mm, 4.0A"
1931,CONN_W2B.PCBLIB,TMS250_11,"Molex Mini-SPOX, pitch 2.50mm, 4.0A"
1932,CONN_W2B.PCBLIB,TMS250_12,"Molex Mini-SPOX, pitch 2.50mm, 4.0A"
1933,CONN_W2B.PCBLIB,TMS250_13,"Molex Mini-SPOX, pitch 2.50mm, 4.0A"
1934,CONN_W2B.PCBLIB,TMS250_14,"Molex Mini-SPOX, pitch 2.50mm, 4.0A"
1935,CONN_W2B.PCBLIB,TMS250_15,"Molex Mini-SPOX, pitch 2.50mm, 4.0A"
1936,CONN_W2B.PCBLIB,DF13_10P_H,"Hirose Connector DF13-12P-1.25H, pitch:1.25mm"
1937,CONN_W2B.PCBLIB,DF13_12P_H,"Hirose Connector DF13-12P-1.25H, pitch:1.25mm"
1938,CONN_W2B.PCBLIB,DF13_2P_DS,Hirose Connector DF13-2P-1.25DS pitch:1.25mm
1939,CONN_W2B.PCBLIB,TMS250_R_2,"Molex Mini-SPOX, pitch 2.50mm, 4.0A"
1940,CONN_W2B.PCBLIB,TMS250_R_3,"Molex Mini-SPOX, pitch 2.50mm, 4.0A"
1941,CONN_W2B.PCBLIB,TMS250_R_4,"Molex Mini-SPOX, pitch 2.50mm, 4.0A"
1942,CONN_W2B.PCBLIB,TMS250_R_5,"Molex Mini-SPOX, pitch 2.50mm, 4.0A"
1943,CONN_W2B.PCBLIB,TMS250_R_6,"Molex Mini-SPOX, pitch 2.50mm, 4.0A"
1944,CONN_W2B.PCBLIB,TMS250_R_7,"Molex Mini-SPOX, pitch 2.50mm, 4.0A"
1945,CONN_W2B.PCBLIB,TMS250_R_8,"Molex Mini-SPOX, pitch 2.50mm, 4.0A"
1946,CONN_W2B.PCBLIB,TMS250_R_9,"Molex Mini-SPOX, pitch 2.50mm, 4.0A"
1947,CONN_W2B.PCBLIB,DF13_2P_DSA,Hirose Connector DF13-2P-1.25DSA pitch:1.25mm
1948,CONN_W2B.PCBLIB,DF13_4P_DSA,Hirose Connector DF13-4P-1.25DSA pitch:1.25mm
1949,CONN_W2B.PCBLIB,PICOBLADE_2,"CONN, 1.25mm pitch, Molex PicoBlade 1.0A/250v"
1950,CONN_W2B.PCBLIB,PICOBLADE_3,"CONN, 1.25mm pitch, Molex PicoBlade 1.0A/250v"
1951,CONN_W2B.PCBLIB,PICOBLADE_4,"CONN, 1.25mm pitch, Molex PicoBlade 1.0A/250v"
1952,CONN_W2B.PCBLIB,PICOBLADE_5,"CONN, 1.25mm pitch, Molex PicoBlade 1.0A/250v"
1953,CONN_W2B.PCBLIB,PICOBLADE_6,"CONN, 1.25mm pitch, Molex PicoBlade 1.0A/250v"
1954,CONN_W2B.PCBLIB,PICOBLADE_7,"CONN, 1.25mm pitch, Molex PicoBlade 1.0A/250v"
1955,CONN_W2B.PCBLIB,PICOBLADE_8,"CONN, 1.25mm pitch, Molex PicoBlade 1.0A/250v"
1956,CONN_W2B.PCBLIB,PICOBLADE_9,"CONN, 1.25mm pitch, Molex PicoBlade 1.0A/250v"
1957,CONN_W2B.PCBLIB,TMS250_R_10,"Molex Mini-SPOX, pitch 2.50mm, 4.0A"
1958,CONN_W2B.PCBLIB,TMS250_R_11,"Molex Mini-SPOX, pitch 2.50mm, 4.0A"
1959,CONN_W2B.PCBLIB,TMS250_R_12,"Molex Mini-SPOX, pitch 2.50mm, 4.0A"
1960,CONN_W2B.PCBLIB,TMS250_R_13,"Molex Mini-SPOX, pitch 2.50mm, 4.0A"
1961,CONN_W2B.PCBLIB,TMS250_R_14,"Molex Mini-SPOX, pitch 2.50mm, 4.0A"
1962,CONN_W2B.PCBLIB,TMS250_R_15,"Molex Mini-SPOX, pitch 2.50mm, 4.0A"
1963,CONN_W2B.PCBLIB,PICOBLADE_10,"CONN, 1.25mm pitch, Molex PicoBlade 1.0A/250v"
1964,CONN_W2B.PCBLIB,PICOBLADE_11,"CONN, 1.25mm pitch, Molex PicoBlade 1.0A/250v"
1965,CONN_W2B.PCBLIB,PICOBLADE_12,"CONN, 1.25mm pitch, Molex PicoBlade 1.0A/250v"
1966,CONN_W2B.PCBLIB,PICOBLADE_13,"CONN, 1.25mm pitch, Molex PicoBlade 1.0A/250v"
1967,CONN_W2B.PCBLIB,PICOBLADE_14,"CONN, 1.25mm pitch, Molex PicoBlade 1.0A/250v"
1968,CONN_W2B.PCBLIB,PICOBLADE_15,"CONN, 1.25mm pitch, Molex PicoBlade 1.0A/250v"
1969,CONN_W2B.PCBLIB,PICOBLADE_17,"CONN, 1.25mm pitch, Molex PicoBlade 1.0A/250v"
1970,CONN_W2B.PCBLIB,ER_CON3P5_2_SMD,ER-CON3.5-2P-SMD
1971,CONN_W2B.PCBLIB,PICOEZMATE120_2,"Pico-EZmate, Pitch: 1.2mm, Molex 78171"
1972,CONN_W2B.PCBLIB,PICOEZMATE120_3,"Pico-EZmate, Pitch: 1.2mm, Molex 78171"
1973,CONN_W2B.PCBLIB,PICOEZMATE120_4,"Pico-EZmate, Pitch: 1.2mm, Molex 78171"
1974,CONN_W2B.PCBLIB,PICOEZMATE120_5,"Pico-EZmate, Pitch: 1.2mm, Molex 78171"
1975,CONN_W2B.PCBLIB,PICOEZMATE120_6,"Pico-EZmate, Pitch: 1.2mm, Molex 78171"
1976,CONN_W2B.PCBLIB,BT_CONN_XT30PW_M,"BATTERY CONN, XT30PW-M , right angle"
1977,CONN_W2B.PCBLIB,BT_CONN_XT30UPB_M,"BATTERY CONN, XT30UPB-M, Vertical"
1978,CONN_W2B_H.PCBLIB,M80_82806,M80-82806 Harwin Datamate 2mm Male
1979,CONN_W2B_H.PCBLIB,M80_82808,M80-8280842 Harwin Datamate 2mm Male
1980,CONN_W2B_H.PCBLIB,M80_82810,M80-8281042 Harwin Datamate 2mm Male
1981,CONN_W2B_H.PCBLIB,M80_82816,M80-8281642 Harwin Datamate 2mm Male
1982,CONN_W2B_H.PCBLIB,M80_82818,M80-8281842 Harwin Datamate 2mm Male
1983,CONN_W2B_H.PCBLIB,M80_82820,M80-8282042 Harwin Datamate 2mm Male
1984,CONN_W2B_H.PCBLIB,M80_82826,M80-8282642 Harwin Datamate 2mm Male
1985,CONN_W2B_H.PCBLIB,ST60_36P30,"ST60-36P(30) HIROSE, 0.5mm pitch"
1986,CONN_W2B_H.PCBLIB,DF13EA-30DP,DF13EA-30DP-1.25V Hirose 1.25mm
1987,CONN_W2B_H.PCBLIB,ST60_36P30M,"ST60-36P(30) HIROSE, 0.5mm pitch modified"
1988,CONN_W2B_H.PCBLIB,DF50A_12P_1H,"DF50A-12P-1H(51), 1mm pitch"
1989,CONN_W2B_H.PCBLIB,DF50_40DP_1H,DF50-40DP-1H(51)
1990,CONN_W2B_H.PCBLIB,G125_FS11005L0,G125-FS11005L0 Harwin Gecko 1.25mm Female
1991,CONN_W2B_H.PCBLIB,G125_FS12005L0,G125-FS12005L0 Harwin Gecko 1.25mm Female
1992,CONN_W2B_H.PCBLIB,G125_FS12605L0,G125-FS12605L0 Harwin Gecko 1.25mm Female
1993,CONN_W2B_H.PCBLIB,G125_FS13405L0,G125-FS13405L0 Harwin Gecko 1.25mm Female
1994,CONN_W2B_JST.PCBLIB,GH_2,"JST GH Series, pitch: 1.25mm, 1.0A/50v"
1995,CONN_W2B_JST.PCBLIB,GH_3,"JST GH Series, pitch: 1.25mm, 1.0A/50v"
1996,CONN_W2B_JST.PCBLIB,GH_4,"JST GH Series, pitch: 1.25mm, 1.0A/50v"
1997,CONN_W2B_JST.PCBLIB,GH_5,"JST GH Series, pitch: 1.25mm, 1.0A/50v"
1998,CONN_W2B_JST.PCBLIB,GH_6,"JST GH Series, pitch: 1.25mm, 1.0A/50v"
1999,CONN_W2B_JST.PCBLIB,GH_7,"JST GH Series, pitch: 1.25mm, 1.0A/50v"
2000,CONN_W2B_JST.PCBLIB,GH_8,"JST GH Series, pitch: 1.25mm, 1.0A/50v"
2001,CONN_W2B_JST.PCBLIB,GH_9,"JST GH Series, pitch: 1.25mm, 1.0A/50v"
2002,CONN_W2B_JST.PCBLIB,PH_2,"JST PH Series, pitch: 2.0mm, 2.0A/100v"
2003,CONN_W2B_JST.PCBLIB,PH_3,"JST PH Series, pitch: 2.0mm, 2.0A/100v"
2004,CONN_W2B_JST.PCBLIB,PH_4,"JST PH Series, pitch: 2.0mm, 2.0A/100v"
2005,CONN_W2B_JST.PCBLIB,PH_5,"JST PH Series, pitch: 2.0mm, 2.0A/100v"
2006,CONN_W2B_JST.PCBLIB,PH_6,"JST PH Series, pitch: 2.0mm, 2.0A/100v"
2007,CONN_W2B_JST.PCBLIB,PH_7,"JST PH Series, pitch: 2.0mm, 2.0A/100v"
2008,CONN_W2B_JST.PCBLIB,PH_8,"JST PH Series, pitch: 2.0mm, 2.0A/100v"
2009,CONN_W2B_JST.PCBLIB,PH_9,"JST PH Series, pitch: 2.0mm, 2.0A/100v"
2010,CONN_W2B_JST.PCBLIB,XH_2,"PW10-x-M, JST-BxB-XH-A pitch: 2.5mm, 3A/250v"
2011,CONN_W2B_JST.PCBLIB,XH_3,"PW10-x-M, JST-BxB-XH-A pitch: 2.5mm, 3A/250v"
2012,CONN_W2B_JST.PCBLIB,XH_4,"PW10-x-M, JST-BxB-XH-A pitch: 2.5mm, 3A/250v"
2013,CONN_W2B_JST.PCBLIB,XH_5,"PW10-x-M, JST-BxB-XH-A pitch: 2.5mm, 3A/250v"
2014,CONN_W2B_JST.PCBLIB,XH_6,"PW10-x-M, JST-BxB-XH-A pitch: 2.5mm, 3A/250v"
2015,CONN_W2B_JST.PCBLIB,XH_7,"PW10-x-M, JST-BxB-XH-A pitch: 2.5mm, 3A/250v"
2016,CONN_W2B_JST.PCBLIB,XH_8,"PW10-x-M, JST-BxB-XH-A pitch: 2.5mm, 3A/250v"
2017,CONN_W2B_JST.PCBLIB,XH_9,"PW10-x-M, JST-BxB-XH-A pitch: 2.5mm, 3A/250v"
2018,CONN_W2B_JST.PCBLIB,GH_10,"JST GH Series, pitch: 1.25mm, 1.0A/50v"
2019,CONN_W2B_JST.PCBLIB,GH_11,"JST GH Series, pitch: 1.25mm, 1.0A/50v"
2020,CONN_W2B_JST.PCBLIB,GH_12,"JST GH Series, pitch: 1.25mm, 1.0A/50v"
2021,CONN_W2B_JST.PCBLIB,GH_13,"JST GH Series, pitch: 1.25mm, 1.0A/50v"
2022,CONN_W2B_JST.PCBLIB,GH_14,"JST GH Series, pitch: 1.25mm, 1.0A/50v"
2023,CONN_W2B_JST.PCBLIB,GH_15,"JST GH Series, pitch: 1.25mm, 1.0A/50v"
2024,CONN_W2B_JST.PCBLIB,GH_16,"JST GH Series, pitch: 1.25mm, 1.0A/50v"
2025,CONN_W2B_JST.PCBLIB,PH_10,"JST PH Series, pitch: 2.0mm, 2.0A/100v"
2026,CONN_W2B_JST.PCBLIB,PH_11,"JST PH Series, pitch: 2.0mm, 2.0A/100v"
2027,CONN_W2B_JST.PCBLIB,PH_12,"JST PH Series, pitch: 2.0mm, 2.0A/100v"
2028,CONN_W2B_JST.PCBLIB,PH_13,"JST PH Series, pitch: 2.0mm, 2.0A/100v"
2029,CONN_W2B_JST.PCBLIB,PH_14,"JST PH Series, pitch: 2.0mm, 2.0A/100v"
2030,CONN_W2B_JST.PCBLIB,PH_15,"JST PH Series, pitch: 2.0mm, 2.0A/100v"
2031,CONN_W2B_JST.PCBLIB,PH_16,"JST PH Series, pitch: 2.0mm, 2.0A/100v"
2032,CONN_W2B_JST.PCBLIB,XH_10,"PW10-x-M, JST-BxB-XH-A pitch: 2.5mm, 3A/250v"
2033,CONN_W2B_JST.PCBLIB,XH_11,"PW10-x-M, JST-BxB-XH-A pitch: 2.5mm, 3A/250v"
2034,CONN_W2B_JST.PCBLIB,XH_12,"PW10-x-M, JST-BxB-XH-A pitch: 2.5mm, 3A/250v"
2035,CONN_W2B_JST.PCBLIB,XH_13,"PW10-x-M, JST-BxB-XH-A pitch: 2.5mm, 3A/250v"
2036,CONN_W2B_JST.PCBLIB,XH_14,"PW10-x-M, JST-BxB-XH-A pitch: 2.5mm, 3A/250v"
2037,CONN_W2B_JST.PCBLIB,XH_15,"PW10-x-M, JST-BxB-XH-A pitch: 2.5mm, 3A/250v"
2038,CONN_W2B_JST.PCBLIB,XH_16,"PW10-x-M, JST-BxB-XH-A pitch: 2.5mm, 3A/250v"
2039,CONN_W2B_JST.PCBLIB,GH_R_2,"JST GH Series, pitch: 1.25mm, 1.0A/50v, Right Angle"
2040,CONN_W2B_JST.PCBLIB,GH_R_3,"JST GH Series, pitch: 1.25mm, 1.0A/50v, Right Angle"
2041,CONN_W2B_JST.PCBLIB,GH_R_4,"JST GH Series, pitch: 1.25mm, 1.0A/50v, Right Angle"
2042,CONN_W2B_JST.PCBLIB,GH_R_5,"JST GH Series, pitch: 1.25mm, 1.0A/50v, Right Angle"
2043,CONN_W2B_JST.PCBLIB,GH_R_6,"JST GH Series, pitch: 1.25mm, 1.0A/50v, Right Angle"
2044,CONN_W2B_JST.PCBLIB,GH_R_7,"JST GH Series, pitch: 1.25mm, 1.0A/50v, Right Angle"
2045,CONN_W2B_JST.PCBLIB,GH_R_8,"JST GH Series, pitch: 1.25mm, 1.0A/50v, Right Angle"
2046,CONN_W2B_JST.PCBLIB,GH_R_9,"JST GH Series, pitch: 1.25mm, 1.0A/50v, Right Angle"
2047,CONN_W2B_JST.PCBLIB,PHD_18,"PHD, Pitch: 2mm, side Entry, BxxB-PHDSS"
2048,CONN_W2B_JST.PCBLIB,XA_R_2,JST S02B-XASS-1 pitch: 2.5mm
2049,CONN_W2B_JST.PCBLIB,XH_R_2,"JST-SxB-XH-A pitch: 2.5mm, 3A/250v, Righ Angle (Side Entry)"
2050,CONN_W2B_JST.PCBLIB,XH_R_3,"JST-SxB-XH-A pitch: 2.5mm, 3A/250v, Righ Angle (Side Entry)"
2051,CONN_W2B_JST.PCBLIB,XH_R_4,"JST-SxB-XH-A pitch: 2.5mm, 3A/250v, Righ Angle (Side Entry)"
2052,CONN_W2B_JST.PCBLIB,XH_R_5,"JST-SxB-XH-A pitch: 2.5mm, 3A/250v, Righ Angle (Side Entry)"
2053,CONN_W2B_JST.PCBLIB,XH_R_6,"JST-SxB-XH-A pitch: 2.5mm, 3A/250v, Righ Angle (Side Entry)"
2054,CONN_W2B_JST.PCBLIB,XH_R_7,"JST-SxB-XH-A pitch: 2.5mm, 3A/250v, Righ Angle (Side Entry)"
2055,CONN_W2B_JST.PCBLIB,XH_R_8,"JST-SxB-XH-A pitch: 2.5mm, 3A/250v, Righ Angle (Side Entry)"
2056,CONN_W2B_JST.PCBLIB,XH_R_9,"JST-SxB-XH-A pitch: 2.5mm, 3A/250v, Righ Angle (Side Entry)"
2057,CONN_W2B_JST.PCBLIB,GHDS_18,"JST GHD Series, pitch: 1.25mm Dual row, 1.0A/50v"
2058,CONN_W2B_JST.PCBLIB,GH_R_10,"JST GH Series, pitch: 1.25mm, 1.0A/50v, Right Angle"
2059,CONN_W2B_JST.PCBLIB,GH_R_11,"JST GH Series, pitch: 1.25mm, 1.0A/50v, Right Angle"
2060,CONN_W2B_JST.PCBLIB,GH_R_12,"JST GH Series, pitch: 1.25mm, 1.0A/50v, Right Angle"
2061,CONN_W2B_JST.PCBLIB,GH_R_13,"JST GH Series, pitch: 1.25mm, 1.0A/50v, Right Angle"
2062,CONN_W2B_JST.PCBLIB,GH_R_14,"JST GH Series, pitch: 1.25mm, 1.0A/50v, Right Angle"
2063,CONN_W2B_JST.PCBLIB,GH_R_15,"JST GH Series, pitch: 1.25mm, 1.0A/50v, Right Angle"
2064,CONN_W2B_JST.PCBLIB,GH_R_16,"JST GH Series, pitch: 1.25mm, 1.0A/50v, Right Angle"
2065,CONN_W2B_JST.PCBLIB,PHDR_18,"PHD, Pitch: 2mm, side Entry, SxxB-PHDSS"
2066,CONN_W2B_JST.PCBLIB,PHDR_20,"PHD, Pitch: 2mm, side Entry, SxxB-PHDSS"
2067,CONN_W2B_JST.PCBLIB,XH_R_10,"JST-SxB-XH-A pitch: 2.5mm, 3A/250v, Righ Angle (Side Entry)"
2068,CONN_W2B_JST.PCBLIB,XH_R_11,"JST-SxB-XH-A pitch: 2.5mm, 3A/250v, Righ Angle (Side Entry)"
2069,CONN_W2B_JST.PCBLIB,XH_R_12,"JST-SxB-XH-A pitch: 2.5mm, 3A/250v, Righ Angle (Side Entry)"
2070,CONN_W2B_JST.PCBLIB,XH_R_13,"JST-SxB-XH-A pitch: 2.5mm, 3A/250v, Righ Angle (Side Entry)"
2071,CONN_W2B_JST.PCBLIB,XH_R_14,"JST-SxB-XH-A pitch: 2.5mm, 3A/250v, Righ Angle (Side Entry)"
2072,CONN_W2B_JST.PCBLIB,XH_R_15,"JST-SxB-XH-A pitch: 2.5mm, 3A/250v, Righ Angle (Side Entry)"
2073,CONN_W2B_JST.PCBLIB,XH_R_16,"JST-SxB-XH-A pitch: 2.5mm, 3A/250v, Righ Angle (Side Entry)"
2074,CONN_W2B_JST.PCBLIB,GH_SMD_2,"JST GH Series, pitch: 1.25mm, 1.0A/50v, SMD"
2075,CONN_W2B_JST.PCBLIB,GH_SMD_3,"JST GH Series, pitch: 1.25mm, 1.0A/50v, SMD"
2076,CONN_W2B_JST.PCBLIB,GH_SMD_4,"JST GH Series, pitch: 1.25mm, 1.0A/50v, SMD"
2077,CONN_W2B_JST.PCBLIB,GH_SMD_5,"JST GH Series, pitch: 1.25mm, 1.0A/50v, SMD"
2078,CONN_W2B_JST.PCBLIB,GH_SMD_6,"JST GH Series, pitch: 1.25mm, 1.0A/50v, SMD"
2079,CONN_W2B_JST.PCBLIB,GH_SMD_7,"JST GH Series, pitch: 1.25mm, 1.0A/50v, SMD"
2080,CONN_W2B_JST.PCBLIB,GH_SMD_8,"JST GH Series, pitch: 1.25mm, 1.0A/50v, SMD"
2081,CONN_W2B_JST.PCBLIB,GH_SMD_9,"JST GH Series, pitch: 1.25mm, 1.0A/50v, SMD"
2082,CONN_W2B_JST.PCBLIB,B06B_PASK,"JST PA Series, pitch: 2.0mm, 3.0A/100v, BxxB-PASK"
2083,CONN_W2B_JST.PCBLIB,GH_SMD_10,"JST GH Series, pitch: 1.25mm, 1.0A/50v, SMD"
2084,CONN_W2B_JST.PCBLIB,GH_SMD_11,"JST GH Series, pitch: 1.25mm, 1.0A/50v, SMD"
2085,CONN_W2B_JST.PCBLIB,GH_SMD_12,"JST GH Series, pitch: 1.25mm, 1.0A/50v, SMD"
2086,CONN_W2B_JST.PCBLIB,GH_SMD_13,"JST GH Series, pitch: 1.25mm, 1.0A/50v, SMD"
2087,CONN_W2B_JST.PCBLIB,GH_SMD_14,"JST GH Series, pitch: 1.25mm, 1.0A/50v, SMD"
2088,CONN_W2B_JST.PCBLIB,GH_SMD_15,"JST GH Series, pitch: 1.25mm, 1.0A/50v, SMD"
2089,CONN_W2B_JST.PCBLIB,GH_SMD_16,"JST GH Series, pitch: 1.25mm, 1.0A/50v, SMD"
2090,CONN_W2B_JST.PCBLIB,XH_MSMD_6,"JST-SxB-XH-A pitch: 2.5mm, manual smd!"
2091,CONN_W2B_JST.PCBLIB,BM02B_SRSS,"SH, Pitch: 1mm, Top Entry, BMxxB-SRSS-TB"
2092,CONN_W2B_JST.PCBLIB,BM02B_SURS,"eSUR, Pitch: 0.8mm, Top Entry"
2093,CONN_W2B_JST.PCBLIB,BM03B_SRSS,"SH, Pitch: 1mm, Top Entry, BMxxB-SRSS-TB"
2094,CONN_W2B_JST.PCBLIB,BM04B_SRSS,"SH, Pitch: 1mm, Top Entry, BMxxB-SRSS-TB"
2095,CONN_W2B_JST.PCBLIB,BM04B_SURS,"eSUR, Pitch: 0.8mm, Top Entry"
2096,CONN_W2B_JST.PCBLIB,BM05B_SRSS,"SH, Pitch: 1mm, Top Entry, BMxxB-SRSS-TB"
2097,CONN_W2B_JST.PCBLIB,BM06B_SRSS,"SH, Pitch: 1mm, Top Entry, BMxxB-SRSS-TB"
2098,CONN_W2B_JST.PCBLIB,BM07B_SRSS,"SH, Pitch: 1mm, Top Entry, BMxxB-SRSS-TB"
2099,CONN_W2B_JST.PCBLIB,BM08B_SRSS,"SH, Pitch: 1mm, Top Entry, BMxxB-SRSS-TB"
2100,CONN_W2B_JST.PCBLIB,BM09B_SRSS,"SH, Pitch: 1mm, Top Entry, BMxxB-SRSS-TB"
2101,CONN_W2B_JST.PCBLIB,BM10B_SRSS,"SH, Pitch: 1mm, Top Entry, BMxxB-SRSS-TB"
2102,CONN_W2B_JST.PCBLIB,BM11B_SRSS,"SH, Pitch: 1mm, Top Entry, BMxxB-SRSS-TB"
2103,CONN_W2B_JST.PCBLIB,BM12B_SRSS,"SH, Pitch: 1mm, Top Entry, BMxxB-SRSS-TB"
2104,CONN_W2B_JST.PCBLIB,BM13B_SRSS,"SH, Pitch: 1mm, Top Entry, BMxxB-SRSS-TB"
2105,CONN_W2B_JST.PCBLIB,BM14B_SRSS,"SH, Pitch: 1mm, Top Entry, BMxxB-SRSS-TB"
2106,CONN_W2B_JST.PCBLIB,BM15B_SRSS,"SH, Pitch: 1mm, Top Entry, BMxxB-SRSS-TB"
2107,CONN_W2B_JST.PCBLIB,GH_R_SMD_2,"JST GH Series, pitch: 1.25mm, 1.0A/50v, Right Angle, SMD"
2108,CONN_W2B_JST.PCBLIB,GH_R_SMD_3,"JST GH Series, pitch: 1.25mm, 1.0A/50v, Right Angle, SMD"
2109,CONN_W2B_JST.PCBLIB,GH_R_SMD_4,"JST GH Series, pitch: 1.25mm, 1.0A/50v, Right Angle, SMD"
2110,CONN_W2B_JST.PCBLIB,GH_R_SMD_5,"JST GH Series, pitch: 1.25mm, 1.0A/50v, Right Angle, SMD"
2111,CONN_W2B_JST.PCBLIB,GH_R_SMD_6,"JST GH Series, pitch: 1.25mm, 1.0A/50v, Right Angle, SMD"
2112,CONN_W2B_JST.PCBLIB,GH_R_SMD_7,"JST GH Series, pitch: 1.25mm, 1.0A/50v, Right Angle, SMD"
2113,CONN_W2B_JST.PCBLIB,GH_R_SMD_8,"JST GH Series, pitch: 1.25mm, 1.0A/50v, Right Angle, SMD"
2114,CONN_W2B_JST.PCBLIB,GH_R_SMD_9,"JST GH Series, pitch: 1.25mm, 1.0A/50v, Right Angle, SMD"
2115,CONN_W2B_JST.PCBLIB,PH_R_SMD_2,"JST PH Series, pitch: 2.0mm, 2.0A/100v, Right Angle, SMD"
2116,CONN_W2B_JST.PCBLIB,PH_R_SMD_3,"JST PH Series, pitch: 2.0mm, 2.0A/100v, Right Angle, SMD"
2117,CONN_W2B_JST.PCBLIB,PH_R_SMD_4,"JST PH Series, pitch: 2.0mm, 2.0A/100v, Right Angle, SMD"
2118,CONN_W2B_JST.PCBLIB,PH_R_SMD_5,"JST PH Series, pitch: 2.0mm, 2.0A/100v, Right Angle, SMD"
2119,CONN_W2B_JST.PCBLIB,PH_R_SMD_6,"JST PH Series, pitch: 2.0mm, 2.0A/100v, Right Angle, SMD"
2120,CONN_W2B_JST.PCBLIB,PH_R_SMD_7,"JST PH Series, pitch: 2.0mm, 2.0A/100v, Right Angle, SMD"
2121,CONN_W2B_JST.PCBLIB,PH_R_SMD_8,"JST PH Series, pitch: 2.0mm, 2.0A/100v, Right Angle, SMD"
2122,CONN_W2B_JST.PCBLIB,PH_R_SMD_9,"JST PH Series, pitch: 2.0mm, 2.0A/100v, Right Angle, SMD"
2123,CONN_W2B_JST.PCBLIB,SM02B_SRSS,"SH, Pitch: 1mm, side Entry, SMxxB-SRSS-TB"
2124,CONN_W2B_JST.PCBLIB,SM02B_SURS,"eSUR, Pitch: 0.8mm, side Entry"
2125,CONN_W2B_JST.PCBLIB,SM03B_SRSS,"SH, Pitch: 1mm, side Entry, SMxxB-SRSS-TB"
2126,CONN_W2B_JST.PCBLIB,SM04B_SRSS,"SH, Pitch: 1mm, side Entry, SMxxB-SRSS-TB"
2127,CONN_W2B_JST.PCBLIB,SM05B_SRSS,"SH, Pitch: 1mm, side Entry, SMxxB-SRSS-TB"
2128,CONN_W2B_JST.PCBLIB,SM06B_SRSS,"SH, Pitch: 1mm, side Entry, SMxxB-SRSS-TB"
2129,CONN_W2B_JST.PCBLIB,SM07B_SRSS,"SH, Pitch: 1mm, side Entry, SMxxB-SRSS-TB"
2130,CONN_W2B_JST.PCBLIB,SM08B_SRSS,"SH, Pitch: 1mm, side Entry, SMxxB-SRSS-TB"
2131,CONN_W2B_JST.PCBLIB,SM09B_SRSS,"SH, Pitch: 1mm, side Entry, SMxxB-SRSS-TB"
2132,CONN_W2B_JST.PCBLIB,SM10B_SRSS,"SH, Pitch: 1mm, side Entry, SMxxB-SRSS-TB"
2133,CONN_W2B_JST.PCBLIB,SM11B_SRSS,"SH, Pitch: 1mm, side Entry, SMxxB-SRSS-TB"
2134,CONN_W2B_JST.PCBLIB,SM12B_SRSS,"SH, Pitch: 1mm, side Entry, SMxxB-SRSS-TB"
2135,CONN_W2B_JST.PCBLIB,SM13B_SRSS,"SH, Pitch: 1mm, side Entry, SMxxB-SRSS-TB"
2136,CONN_W2B_JST.PCBLIB,SM14B_SRSS,"SH, Pitch: 1mm, side Entry, SMxxB-SRSS-TB"
2137,CONN_W2B_JST.PCBLIB,SM15B_SRSS,"SH, Pitch: 1mm, side Entry, SMxxB-SRSS-TB"
2138,CONN_W2B_JST.PCBLIB,SM20B_SRSS,"SH, Pitch: 1mm, side Entry, SMxxB-SRSS-TB"
2139,CONN_W2B_JST.PCBLIB,SM20B_SURS,"eSUR, Pitch: 0.8mm, side Entry"
2140,CONN_W2B_JST.PCBLIB,XH_MSMDE_6,"JST-BxB-XH-A pitch: 2.5mm, 3A/250v, manual SMD EDGE !"
2141,CONN_W2B_JST.PCBLIB,XH_R_SMD_2,"JST-SxB-XH-SM4-TB pitch: 2.5mm, 3A/250v, Righ Angle (Side Entry), SMD"
2142,CONN_W2B_JST.PCBLIB,XH_R_SMD_3,"JST-SxB-XH-SM4-TB pitch: 2.5mm, 3A/250v, Righ Angle (Side Entry), SMD"
2143,CONN_W2B_JST.PCBLIB,XH_R_SMD_4,"JST-SxB-XH-SM4-TB pitch: 2.5mm, 3A/250v, Righ Angle (Side Entry), SMD"
2144,CONN_W2B_JST.PCBLIB,XH_R_SMD_5,"JST-SxB-XH-SM4-TB pitch: 2.5mm, 3A/250v, Righ Angle (Side Entry), SMD"
2145,CONN_W2B_JST.PCBLIB,XH_R_SMD_6,"JST-SxB-XH-SM4-TB pitch: 2.5mm, 3A/250v, Righ Angle (Side Entry), SMD"
2146,CONN_W2B_JST.PCBLIB,XH_R_SMD_8,"JST-SxB-XH-SM4-TB pitch: 2.5mm, 3A/250v, Righ Angle (Side Entry), SMD"
2147,CONN_W2B_JST.PCBLIB,GH_R_SMD_10,"JST GH Series, pitch: 1.25mm, 1.0A/50v, Right Angle, SMD"
2148,CONN_W2B_JST.PCBLIB,GH_R_SMD_11,"JST GH Series, pitch: 1.25mm, 1.0A/50v, Right Angle, SMD"
2149,CONN_W2B_JST.PCBLIB,GH_R_SMD_12,"JST GH Series, pitch: 1.25mm, 1.0A/50v, Right Angle, SMD"
2150,CONN_W2B_JST.PCBLIB,GH_R_SMD_13,"JST GH Series, pitch: 1.25mm, 1.0A/50v, Right Angle, SMD"
2151,CONN_W2B_JST.PCBLIB,GH_R_SMD_14,"JST GH Series, pitch: 1.25mm, 1.0A/50v, Right Angle, SMD"
2152,CONN_W2B_JST.PCBLIB,GH_R_SMD_15,"JST GH Series, pitch: 1.25mm, 1.0A/50v, Right Angle, SMD"
2153,CONN_W2B_JST.PCBLIB,GH_R_SMD_16,"JST GH Series, pitch: 1.25mm, 1.0A/50v, Right Angle, SMD"
2154,CONN_W2B_JST.PCBLIB,PH_R_SMD_10,"JST PH Series, pitch: 2.0mm, 2.0A/100v, Right Angle, SMD"
2155,CONN_W2B_JST.PCBLIB,PH_R_SMD_11,"JST PH Series, pitch: 2.0mm, 2.0A/100v, Right Angle, SMD"
2156,CONN_W2B_JST.PCBLIB,PH_R_SMD_12,"JST PH Series, pitch: 2.0mm, 2.0A/100v, Right Angle, SMD"
2157,CONN_W2B_JST.PCBLIB,PH_R_SMD_13,"JST PH Series, pitch: 2.0mm, 2.0A/100v, Right Angle, SMD"
2158,CONN_W2B_JST.PCBLIB,PH_R_SMD_14,"JST PH Series, pitch: 2.0mm, 2.0A/100v, Right Angle, SMD"
2159,CONN_W2B_JST.PCBLIB,PH_R_SMD_15,"JST PH Series, pitch: 2.0mm, 2.0A/100v, Right Angle, SMD"
2160,CONN_W2B_JST.PCBLIB,PH_R_SMD_16,"JST PH Series, pitch: 2.0mm, 2.0A/100v, Right Angle, SMD"
2161,CONN_W2B_JST.PCBLIB,XH_MSMDES_6,"JST-BxB-XH-A pitch: 2.5mm, 3A/250v, manual SMD EDGE MOUNT small pads"
2162,CRYSTAL_OSC.PCBLIB,XTLT_2,Crystal PTH HC49S
2163,CRYSTAL_OSC.PCBLIB,XTLT_2R,"Crystal PTH HC49S 11x4.5x13mm, bended"
2164,CRYSTAL_OSC.PCBLIB,XTL_RTC,"AB26TRB, AB26TRJ, AB26TRQ"
2165,CRYSTAL_OSC.PCBLIB,XTLT_RTC,"CRYSTAL RTC SLEEP, AB26T"
2166,CRYSTAL_OSC.PCBLIB,XTL_4_8X4,"ABS25, SMD crystal, 8x3.8x2.5mm"
2167,CRYSTAL_OSC.PCBLIB,XTL_2_11X5,"SMD crystal resonator, ABL, ABLS, HC-49, HC49 11X4.5MM"
2168,CRYSTAL_OSC.PCBLIB,XTL_2_1610,Crystals 1.6 mm x 1.0 mm
2169,CRYSTAL_OSC.PCBLIB,XTL_2_2012,ABS06 2.0X1.2mm
2170,CRYSTAL_OSC.PCBLIB,XTL_2_3215,ABS07 3.2x1.5mm
2171,CRYSTAL_OSC.PCBLIB,XTL_2_4115,ABS07 4.1x1.5mm
2172,CRYSTAL_OSC.PCBLIB,XTL_2_5032,ABM3
2173,CRYSTAL_OSC.PCBLIB,XTL_2_6035,"ABM7 6.2X3.5mm, 6.0X3.5mm"
2174,CRYSTAL_OSC.PCBLIB,XTL_2_8045,ABM2 8.0X4.5x1.4mm
2175,CRYSTAL_OSC.PCBLIB,XTL_3_3213,Crystal resonator CSTCE 3-lead 3.2 mm x 1.3 mm
2176,CRYSTAL_OSC.PCBLIB,XTL_3_4520,Crystal resonator CSTCR 3-lead 4.5 mm x 2.0 mm
2177,CRYSTAL_OSC.PCBLIB,XTL_4_10X4,MC-406 9.6X4mm
2178,CRYSTAL_OSC.PCBLIB,XTL_4_1210,"CRYSTAL OSCILATOR 1.2X1.0mm, ABM13"
2179,CRYSTAL_OSC.PCBLIB,XTL_4_12X4,MA-406 11.7X4mm
2180,CRYSTAL_OSC.PCBLIB,XTL_4_12X5,"ABC2, SMD crystal, 11.8X5.5mm"
2181,CRYSTAL_OSC.PCBLIB,XTL_4_13X5,MA-506
2182,CRYSTAL_OSC.PCBLIB,XTL_4_1612,"CRYSTAL OSCILATOR 1.6X1.2mm, ABM12"
2183,CRYSTAL_OSC.PCBLIB,XTL_4_2016,ABM11
2184,CRYSTAL_OSC.PCBLIB,XTL_4_2520,"CRYSTAL OSCILATOR 2.5X2.0mm, ABM10, CDFN-4, ASDM"
2185,CRYSTAL_OSC.PCBLIB,XTL_4_3225,"CRYSTAL OSCILATOR 3.2X2.5mm, ABM8, CDFN-4"
2186,CRYSTAL_OSC.PCBLIB,XTL_4_5032,"ASFLMB, CDFN-4"
2187,CRYSTAL_OSC.PCBLIB,XTL_4_7015,CRYSTAL OSCILATOR 7.0X1.5mm
2188,CRYSTAL_OSC.PCBLIB,XTL_4_7050,"DFN-4, 7x5mm"
2189,CRYSTAL_OSC.PCBLIB,XTL_4_9X14,VCXO CVHD-950 9x14mm
2190,CRYSTAL_OSC.PCBLIB,XTL_6_2520,"KT2520, KT2520, SM2520 2.5X2.0mm"
2191,CRYSTAL_OSC.PCBLIB,XTL_6_3225,CRYSTAL OSCILATOR 5X3.2mm
2192,CRYSTAL_OSC.PCBLIB,XTL_6_5032,CRYSTAL OSCILATOR 5X3.2mm
2193,CRYSTAL_OSC.PCBLIB,XTL_6_7050,"Crystal Oscillator 6-Lead, 7X5mm"
2194,CRYSTAL_OSC.PCBLIB,XTL_6_9X14,VCXO CVPD-920/940/970 9x14mm
2195,CRYSTAL_OSC.PCBLIB,XTL_8_3215,"8-CLCC, 3.2X1.5X0.8mm, 0.9mm pitch"
2196,CRYSTAL_OSC.PCBLIB,XTL_8_7050,CRYSTAL OSCILLATOR 7X5mm
2197,CRYSTAL_OSC.PCBLIB,XTLT_3_7025,"Crystal 3p, pitch:1.8mm, 7x2.5mm"
2198,CRYSTAL_OSC.PCBLIB,XTLT_4_DIP8,"HO-22, 13X13mm, Crystal oscillator DIP-8"
2199,CRYSTAL_OSC.PCBLIB,XTLT_RTC_ST,"CRYSTAL RTC STAND, AB26T"
2200,CRYSTAL_OSC.PCBLIB,XTL_10_3725,"10-VDFN, 3.7X2.5X0.9mm, 0.8mm pitch"
2201,CRYSTAL_OSC.PCBLIB,XTL_10_7050,CRYSTAL OSCILLATOR 7.0X5.0mm 10PAD
2202,CRYSTAL_OSC.PCBLIB,XTL_4_2016A,ABM11
2203,CRYSTAL_OSC.PCBLIB,XTL_4_2520A,"CRYSTAL OSCILATOR 2.5X2.0mm, ABM10, CDFN-4, ASDM"
2204,CRYSTAL_OSC.PCBLIB,XTL_4_3225A,"CRYSTAL OSCILATOR 3.2X2.5mm, ABM8, CDFN-4"
2205,CRYSTAL_OSC.PCBLIB,XTL_4_3225S,"CRYSTAL OSCILATOR 3.2X2.5mm, small pad"
2206,CRYSTAL_OSC.PCBLIB,XTL_6T_7050,SiT9102 7X5 WITH CENTER-PAD
2207,CRYSTAL_OSC.PCBLIB,XTL_6_7050D,DSF753SDF-D73312GQ
2208,CRYSTAL_OSC.PCBLIB,XTLT_4_DIP14,"HO-12, 20X13mm, Crystal oscillator DIP-14"
2209,CRYSTAL_OSC.PCBLIB,XTL_6_503225,CRYSTAL OSCILATOR 5X3.2mm and 3.2X2.5mm
2210,CRYSTAL_OSC.PCBLIB,XTL_4_3225GEN,CRYSTAL OSCILATOR 1.2X1.0mm to 3.2X2.5mm
2211,CRYSTAL_OSC.PCBLIB,XTL_4_7050GEN,2.5X2 TO 7X5
2212,CRYSTAL_OSC.PCBLIB,XTL_4_BGA1508,"BGA-4, 1.5x0.8x0.5mm"
2213,CRYSTAL_OSC.PCBLIB,XTL_6_3225SIT,CRYSTAL OSCILATOR 5X3.2mm SIT
2214,CRYSTAL_OSC.PCBLIB,XTL_4_70503225,3.2X2.5 to 7X5
2215,DIODE.PCBLIB,D0603,"DIODE 0603, CDSU101A (Package SOD-523F)"
2216,DIODE.PCBLIB,D0805,"DIODE0805, SOD323 (PHILIPS), SC-76 (JEITA), DL-35, MicroMELF"
2217,DIODE.PCBLIB,D1006,"DIODE, CLP1006-2, DSN1006-2, SOD993, 1X0.6mm"
2218,DIODE.PCBLIB,D1206,"SOD123, miniMELF, DO-213AA, MLL34, 320X160D"
2219,DIODE.PCBLIB,D1808,"MELF, DIOD1810, SOD-87"
2220,DIODE.PCBLIB,D2010,"MELF Diode, 2-Leads, Body 5.0X2.5mm"
2221,DIODE.PCBLIB,D_SMA,"SMA Molded Diode, 2-Leads, Body 4.3x2.7mm, SOD-128"
2222,DIODE.PCBLIB,D_SMB,"SMB Molded Diode, 2-Leads, Body 4.3x3.5mm"
2223,DIODE.PCBLIB,D_SMC,"SMC, Molded Diode, 7.0x6.0mm"
2224,DIODE.PCBLIB,D_SMP,"SMP DO-220AA, 2-Leads, Body 3.6x2.1mm"
2225,DIODE.PCBLIB,D_MELF,"MELF, SOD-106, DO-213AB LL-41, 4.8X2.4mm"
2226,DIODE.PCBLIB,D_S457,"CASE457-04 Diode, 2-Leads, Body 2x2mm"
2227,DIODE.PCBLIB,D_SMPA,"SMPA DO-221BC, 2-Leads, Body 5.2x2.6mm"
2228,DIODE.PCBLIB,D_SMPC,"SMPC TO-277A, Body 6.1x4.6mm, POWERDI5"
2229,DIODE.PCBLIB,D1006NP,"DSN1006-2, Bidirectional, 1X0.6mm"
2230,DIODE.PCBLIB,DBRG_C8,"BRDIGE RECTIFIER, pitch: 4.7mm, 8X8mm"
2231,DIODE.PCBLIB,DBRG_C10,"BRDIGE RECTIFIER, WOB WOG, pitch: 5.08mm, 10X10mm"
2232,DIODE.PCBLIB,DBRG_DIP,"BRDIGE RECTIFIER, pitch: 5.08mm, 8X5mm"
2233,DIODE.PCBLIB,DBRG_S20,"BRIDGE RECTIFIER, pitch: 12.7mm, 20X20mm"
2234,DIODE.PCBLIB,D_SMC_NP,"SMC, Molded Diode, 7.0x6.0mm, no Polar"
2235,DIODE.PCBLIB,D_SOD123,"SOD123, 1206D"
2236,DIODE.PCBLIB,D_SOD128,"SOD-128, SOD128, CFP5, 3.8x2.6x1mm"
2237,DIODE.PCBLIB,D_SOD323,"DIODE0805, SOD-323, SC-76, DL-35, 0805 similar size"
2238,DIODE.PCBLIB,D_SOD523,"SOD523 SC-79 Molded Diode, 2-Leads, 1.2x0.8mm"
2239,DIODE.PCBLIB,D_SOD923,"SOD-923 2-Leads, Body 0.60x.8mm"
2240,DIODE.PCBLIB,D_SOD993,"X2-DSN1006-2, SOD993, 1X0.6X0.3mm"
2241,DIODE.PCBLIB,DBRG_23X7,"BRDIGE RECTIFIER, KBU 810 pitch: 5.08mm, 23X7X19mm"
2242,DIODE.PCBLIB,DFN2020_3,"DFN2020D-3, SOT1061D, Body 2X2X0.65mm,"
2243,DIODE.PCBLIB,DSN1006_3,"X2-DSN1006-3, SOD883, 1X0.6X0.35mm"
2244,DIODE.PCBLIB,D_AX03_1W,"DIODE 0.3 INCH SPACING 1W, 1N4001"
2245,DIODE.PCBLIB,D_SOD123F,"SOD123, 1206D"
2246,DIODE.PCBLIB,D_SOD123O,"SOD123, 1206D pad size Optimized"
2247,DIODE.PCBLIB,D_SOD123P,"POWERDI-123, SOD123, SOD123F, 1206D,"
2248,DIODE.PCBLIB,D_SOD123W,"PowerDI-123, SOD123, DO-213AA, 1206D"
2249,DIODE.PCBLIB,D_SOD323A,"DIODE0805, SOD323 (PHILIPS), SC-76 (JEITA), DL-35"
2250,DIODE.PCBLIB,D_SOD523A,"SOD523 SC-79 Molded Diode, 2-Leads, 1.2x0.8mm"
2251,DIODE.PCBLIB,D_AX03_1WS,DIODE 0.3 INCH SPACING 1W STAND
2252,DIODE.PCBLIB,D_MELFMINI,"MINI-MELF, SOD-80, DO-213AA, LL-34, 3.6X1.6mm, LL4148"
2253,DIODE.PCBLIB,D_SOD123PA,"PowerDI-123, SOD123, DO-213AA, 1206D"
2254,DIODE.PCBLIB,D_SOD323HE,"MicroSMP DO-219AD, DIODE0805, SOD-323"
2255,DIODE.PCBLIB,D_WSON2517,"WSON, DQX 2.5X1.7mm"
2256,DIODE.PCBLIB,DBRG_DIPSMD,"BRIDGE RECTIFIER, pitch: 5.08mm, 8X6mm, DB-S, DF005S"
2257,DIODE.PCBLIB,D_AX02_DO35,"DIODE 0.2 INCH SPACING DO-35, 1N4148"
2258,DIODE.PCBLIB,D_AX03_DO35,DIODE 0.3 INCH SPACING DO35
2259,DIODE.PCBLIB,D_AX04_DO41,DIODE 0.4 INCH SPACING DO-41
2260,DIODE.PCBLIB,D_AX05_DO15,DIODE 0.4 INCH SPACING DO-15
2261,DIODE.PCBLIB,D_AX06_DO27,DIODE 0.6 INCH SPACING A-500 (Vishay)  DO-201A DO-27 BYW98
2262,DIODE.PCBLIB,D_AX07_DO27,"DIODE 0.7 INCH SPACING DO-201AD, DO-27"
2263,DIODE.PCBLIB,D_AX07_P600,"DIODE 0.7 INCH SPACING, P600, 9mm width"
2264,DIODE.PCBLIB,D_MELFMICRO,"MICRO-MELF 0102, 2X1.2mm"
2265,DIODE.PCBLIB,D_MICROMELF,"DIODE0805, SOD323 (PHILIPS), SC-76 (JEITA), DL-35, MicroMELF"
2266,DIODE.PCBLIB,D_SOD323HEA,"DIODE0805, SOD-323"
2267,DIODE.PCBLIB,DZENLS_3_4X4,
2268,DIODE.PCBLIB,D_AX02_STAND,"DIODE 0.2 INCH SPACING DO-35, 1N4148"
2269,DIODE.PCBLIB,D_AX06_SOD64,DIODE 0.6 INCH SPACING SOD-64
2270,DIODE.PCBLIB,D_POWERDI5_3,"POWERDI5, Body 5.5x4.0mm"
2271,DIODE.PCBLIB,DBRG_CD_DF4XXS,"BRDIGE RECTIFIER, CD-DF4xxS, 10.5x8.1mm"
2272,DIODE.PCBLIB,DBRG_DIPSMD_MINI,"MDB, MBS, TO-269AA, pitch:2.54mm, 4.8x3.8mm"
2273,DIODE.PCBLIB,DBRG_DIPSMD_ABS210,"ABS, SOPA-4, pitch: 4mm, 5x4.4x1.4mm"
2274,DPAK_SMD.PCBLIB,HRP_7,"HRP7, 1.27mm pitch"
2275,DPAK_SMD.PCBLIB,DFET_M,"DirectFET-MX, Medium size canPAK, MG-WDSON-2, 6.3x5x0.7mm"
2276,DPAK_SMD.PCBLIB,DFET_S,"DirectFET, Small size can, ST, SC, 5x4x0.7mm"
2277,DPAK_SMD.PCBLIB,DPAK_3,"D-PAK (TO-252), 3-Pads, Body 6.2x6.7mm"
2278,DPAK_SMD.PCBLIB,DPAK_5,"D-PAK (TO-252), 5-Pads, Body 6.2x6.7mm"
2279,DPAK_SMD.PCBLIB,PFM_11,"PFM11 (TI), TZA11A, pitch: 127mm, 11p, 15X15mm"
2280,DPAK_SMD.PCBLIB,D2PAK_2,"D2PAK-3, FMG500_3_S1000"
2281,DPAK_SMD.PCBLIB,D2PAK_3,"D2-PAK, 4-Pads, Body 7.6x8.6mm"
2282,DPAK_SMD.PCBLIB,D2PAK_5,"TO-263-5L, D2PAK-5, DDPAK, FMG170_5_S1000"
2283,DPAK_SMD.PCBLIB,D2PAK_7,"TO-263-7, D2PAK-7, NDW-7, TO-PMOD-7"
2284,DPAK_SMD.PCBLIB,D3PAK_3,"D3-PAK, 4-Pads, TO-268AA"
2285,DPAK_SMD.PCBLIB,LFPAK_4,"Renesas LFPAK56, POWER-SO8, SOT669, DFN5X6"
2286,DPAK_SMD.PCBLIB,WPAK_8D,"WPAK, POWERPAK SO-8 1.27mm pitch Dual"
2287,DPAK_SMD.PCBLIB,WPAK_8S,"WPAK, POWERPAK SO-8 1.27mm pitch Single"
2288,DPAK_SMD.PCBLIB,DFN5X6_8,DFN5X6
2289,DPAK_SMD.PCBLIB,D3PAK_3HS,"D3-PAK, 4-Pads, TO-268AA"
2290,DPAK_SMD.PCBLIB,LFPAK33_4,"LFPAK33-5, PG-TSDSON-8, WDFN8, 3.3X3.3X0.9mm, 0.65mm pitch"
2291,DPAK_SMD.PCBLIB,WPAK_LFPAK,WPAK+LFPAK
2292,DPAK_SMD.PCBLIB,HSML3030_8D,"Power Pair33, HSML3030, 0.65P 3.0x3.0x0.8mm"
2293,DPAK_SMD.PCBLIB,PG_TSDSON_8,"LFPAK33-5, PG-TSDSON-8, WDFN8, 3.3X3.3X0.9mm, 0.65mm pitch"
2294,DPAK_SMD.PCBLIB,PPAK1212_8D,PowerPAK 1212-8(vishay) pitch: 0.65mm 3.3x3.3x1.1mm
2295,DPAK_SMD.PCBLIB,PPAK1212_8S,"PowerPAK 1212-8, pitch: 0.65mm 3.3x3.3x1.1mm, PowerDI3333-8"
2296,DPAK_SMD.PCBLIB,PPAKSC70_6D,"PowerPAK SC-70-6, DFN2020D-6, DRV, PWSON, WDFN6 Pitch: 0.65mm 2x2x1.1mm with 2 Thermal pad"
2297,DPAK_SMD.PCBLIB,PPAKSC70_6S,"PowerPAK SC-70-6 SINGLE, MicroFET 2X2, DFN2020MD-6, SOT1220, Pitch: 0.65mm 2x2x1.1mm with 2 Thermal pad"
2298,DPAK_SMD.PCBLIB,WDFN3030_8D,"Power33, WDFN8 3x3, 0.65P 3.0x3.0x0.8mm"
2299,DPAK_SMD.PCBLIB,UFET2020_6D1,"MicroFET-6 2x2, 2x2mm, 0.65mm pitch, Dual thermal Pad"
2300,DPAK_SMD.PCBLIB,UFET2020_6D2,"MicroFET-6 2x2, 2x2mm, 0.65mm pitch, Dual thermal Pad"
2301,DPAK_SMD.PCBLIB,SON50_6D_1616,"UDFN-6 1.6x1.6mm, 0.5mm pitch"
2302,EMI_FILTER.PCBLIB,BNX01,MURATA EMIFIL
2303,EMI_FILTER.PCBLIB,BNX02,"MURATA EMIFIL SMD 12.1x9.1x3.5mm, BNX023-01, BNX022"
2304,EMI_FILTER.PCBLIB,ACT45B,Common Mode Chokes TDK ACT45B 3.2x4.5mm
2305,EMI_FILTER.PCBLIB,BNX002,MURATA EMIFIL
2306,EMI_FILTER.PCBLIB,ACM7060,Common Mode Chokes TDK ACM2012 2x1.2mm
2307,EMI_FILTER.PCBLIB,CUWI11T,Common Mode Chokes CUWI11T 1x1.25mm
2308,EMI_FILTER.PCBLIB,ELF0603,1.6x0.8mm ELF NF MURATA EMI FILTER
2309,EMI_FILTER.PCBLIB,ELF0805,
2310,EMI_FILTER.PCBLIB,ELF1206,"FV1206, LFCN"
2311,EMI_FILTER.PCBLIB,ELF2220,"NFM46P11 5.7X5.00mm, NFM2220"
2312,EMI_FILTER.PCBLIB,ACM90V_4,Common Mode Chokes TDK ACM90V 2x1.2mm
2313,EMI_FILTER.PCBLIB,ELF1206M,MURATA Feed Through Capacitor
2314,EMI_FILTER.PCBLIB,SON128_6,"SFECF10M7, 3.1X3.45X1.3mm, 1.28mm pitch"
2315,EMI_FILTER.PCBLIB,GE0805C_4,"GE0805C-3, GE0805C-5, 2x1.25x0.95mm, 0.65mm pitch"
2316,EMI_FILTER.PCBLIB,GE0805C_6,"GE0805C-1, GE0805C-9, 2x1.25x0.95mm, 0.65mm pitch"
2317,EMI_FILTER.PCBLIB,GE0805C_8,"GE0805C-2, GE0805C-4, GE0805C-15, 2x1.25x0.95mm, 0.65mm pitch"
2318,EMI_FILTER.PCBLIB,JV1210C_3,"JV1210C, 3.2x2.5x1.5mm"
2319,EMI_FILTER.PCBLIB,JV1210C_4,"JV1210C, 3.2x2.5x1.5mm"
2320,EMI_FILTER.PCBLIB,MCZ1210AH,Common Mode Chokes MCZ1210AH 1x1.25mm
2321,EMI_FILTER.PCBLIB,FIL_4_0805,"EMI filter Murata, DLW21, 2X1.3mm"
2322,EMI_FILTER.PCBLIB,FIL_4_1206,"transformer LINE FILTER, 4-Leads, Body 3.2x1.6mm"
2323,EMI_FILTER.PCBLIB,FIL_4_5050,"EMI filter Murata, DLW5x, 5x5mm"
2324,EMI_FILTER.PCBLIB,FIL_6_0805,"Ceramic Chip Balun, 0805, 6-Lead"
2325,EMI_FILTER.PCBLIB,FIL_6_1206,"Ceramic Chip Balun, 0805, 6-Lead"
2326,EMI_FILTER.PCBLIB,FIL_4_5050A,"EMI filter Murata, DLW5x, 5x5mm"
2327,EMI_FILTER.PCBLIB,ACM2012_0805,Common Mode Chokes TDK ACM2012 2x1.2mm
2328,EMI_FILTER.PCBLIB,CMCHOKE_UU16,"COMMON MODE CHOKE, UU16, UT2024"
2329,EMI_FILTER.PCBLIB,FIL_4_0402X2,"0402X2, 0302, 0.85x0.65mm ,CommMode NoiseFilter"
2330,GPS.PCBLIB,GPS_LEA,GPS LEA-6
2331,GPS.PCBLIB,GPS_MAX,"MAX-M8, 18-Leads, Body 9.70x10.10mm, Pitch 1.10mm"
2332,GPS.PCBLIB,GPS_NEO,"GPS NEO-6, UBLOX_NEO6M GPS MODULE"
2333,GPS.PCBLIB,GPS_GM22,
2334,GPS.PCBLIB,GPS_SAM_M8,ublox SAM antenna module
2335,GRAPHICAL_SIGN.PCBLIB,SIGN_CE,"CE Compliant, 7x7mm"
2336,GRAPHICAL_SIGN.PCBLIB,SIGN_FCC,"FCC Compliant, 7x7mm"
2337,GRAPHICAL_SIGN.PCBLIB,SYM_A_MIC,"Symbol, Audio, Microphone, 6X9.5mm"
2338,GRAPHICAL_SIGN.PCBLIB,SYM_A_SPK,"Symbol, Audio, Speaker"
2339,GRAPHICAL_SIGN.PCBLIB,SYM_POWER,"Symbol, POWER, 4.6X6.3mm"
2340,GRAPHICAL_SIGN.PCBLIB,SYM_RESET,"Symbol, RESET, 8.8x5mm"
2341,GRAPHICAL_SIGN.PCBLIB,SIGN_ROHS1,"SIGN, ROHS Compliant, 5.5x4.8mm"
2342,GRAPHICAL_SIGN.PCBLIB,SIGN_ROHS2,"SIGN, ROHS Compliant, 14X12mm"
2343,GRAPHICAL_SIGN.PCBLIB,SIGN_ROHS3,"SIGN, ROHS Compliant, 22.5X12mm"
2344,GRAPHICAL_SIGN.PCBLIB,SIGN_ROHS4,"SIGN, ROHS Compliant, 12X12mm"
2345,GRAPHICAL_SIGN.PCBLIB,SIGN_ROHS5,"SIGN, ROHS Compliant, 12X12mm"
2346,GRAPHICAL_SIGN.PCBLIB,SYM_A_SPK2,"Symbol, Audio, Speaker Full"
2347,GRAPHICAL_SIGN.PCBLIB,SYM_RESET2,"Symbol, RESET, 5.4x6.3mm"
2348,GRAPHICAL_SIGN.PCBLIB,SIGN_PBFREE,"SIGN, Lead-Free, 12X12mm"
2349,GRAPHICAL_SIGN.PCBLIB,ESD_WARNING0,"Electrostatic Discharge Warning, 8x7mm"
2350,GRAPHICAL_SIGN.PCBLIB,ESD_WARNING1,"Electrostatic Discharge Warning, 10.3X11.6mm"
2351,GRAPHICAL_SIGN.PCBLIB,ESD_WARNING2,"Electrostatic Discharge Warning, 10.3X11.6mm"
2352,GRAPHICAL_SIGN.PCBLIB,ESD_WARNING3,"Electrostatic Discharge Warning, 9.6X11.1mm"
2353,GRAPHICAL_SIGN.PCBLIB,FIDUCIAL1SM2,"FIDUCIAL 1mm Pad, 2mm SolderMask"
2354,GRAPHICAL_SIGN.PCBLIB,FIDUCIAL1SM3,"FIDUCIAL 1mm Pad, 3mm SolderMask"
2355,GRAPHICAL_SIGN.PCBLIB,SIGN_RECBIN1,"SIGN, Recycle-bin, 6x5mm"
2356,GRAPHICAL_SIGN.PCBLIB,SIGN_RECBIN2,"SIGN, Recycle-bin, 8x7mm"
2357,GRAPHICAL_SIGN.PCBLIB,SIGN_RECBIN3,"SIGN, Recycle-bin, 10x8mm"
2358,GRAPHICAL_SIGN.PCBLIB,SIGN_RECBIN4,"SIGN, Recycle-bin, 14X14mm"
2359,GRAPHICAL_SIGN.PCBLIB,SIGN_WARNING,"SIGN, WARNING, 12X12mm"
2360,GRAPHICAL_SIGN.PCBLIB,SYM_A_LINEIN,"Symbol, Audio, LineIN"
2361,GRAPHICAL_SIGN.PCBLIB,SYM_A_HDPHONE,"Symbol, Audio, HeadPhone"
2362,GRAPHICAL_SIGN.PCBLIB,SIGN_HIGHVOLTAGE,"SIGN, HIGH VOLTAGE HAZARD, 12X12.5mm"
2363,IC_DIP.PCBLIB,DIP_4,"BRIDGE DIODE, DIP, pitch 2.54mm, 300mil Width"
2364,IC_DIP.PCBLIB,DIP_6,"DIP, pitch 2.54mm, 300mil Width"
2365,IC_DIP.PCBLIB,DIP_8,"DIP, pitch 2.54mm, 300mil Width"
2366,IC_DIP.PCBLIB,DIP_12,"DIP, pitch 2.54mm, 300mil Width"
2367,IC_DIP.PCBLIB,DIP_14,"DIP, pitch 2.54mm, 300mil Width"
2368,IC_DIP.PCBLIB,DIP_16,"DIP, pitch 2.54mm, 300mil Width"
2369,IC_DIP.PCBLIB,DIP_18,"DIP, pitch 2.54mm, 300mil Width"
2370,IC_DIP.PCBLIB,DIP_20,"DIP, pitch 2.54mm, 300mil Width"
2371,IC_DIP.PCBLIB,DIP_22,"DIP, pitch 2.54mm, 400mil Width, 28X10mm"
2372,IC_DIP.PCBLIB,DIP_24,"DIP, pitch 2.54mm, 300mil Width"
2373,IC_DIP.PCBLIB,DIP_28,"DIP, pitch 2.54mm, 300mil Width"
2374,IC_DIP.PCBLIB,DIP8SOP8,"DIP, 8-Leads, 0.300"" lead span , 0.100"" lead pitch"
2375,IC_DIP.PCBLIB,DIP_24DW,"DIP, pitch 2.54mm, 600mil Width"
2376,IC_DIP.PCBLIB,DIP_28DW,"DIP, pitch 2.54mm, 600mil Width"
2377,IC_DIP.PCBLIB,DIP_32DW,"DIP, pitch 2.54mm, 600mil Width"
2378,IC_DIP.PCBLIB,DIP_40DW,"DIP, pitch 2.54mm, 600mil Width"
2379,IC_DIP.PCBLIB,DIP_48DW,"DIP, pitch 2.54mm, 600mil Width"
2380,IC_DIP.PCBLIB,DIP_4SMD,"DIP4, pitch 2.54mm, 300mil Width SMD"
2381,IC_DIP.PCBLIB,DIP_64TW,"DIP, pitch 2.54mm, 900mil Width"
2382,IC_DIP.PCBLIB,DIP_6SMD,DIP6 SMD Package
2383,IC_DIP.PCBLIB,DIP_7_N6,"DIP, pitch 2.54mm, without pin 6"
2384,IC_DIP.PCBLIB,DIP_8SMD,DIP8 SMD Package
2385,IC_DIP.PCBLIB,DIP_16SMD,"DIP4, pitch 2.54mm, 300mil Width SMD"
2386,IC_DIP.PCBLIB,DIP_20CCD,ICX285AL
2387,IC_DIP.PCBLIB,DIP_7SMD_N6,"DIP8 SMD Package, without pin 6"
2388,IC_DIP.PCBLIB,DIP_8FLATPAK,Flatpack-8 SMD
2389,IC_DIP.PCBLIB,DIP_4SMD_MINI,"SMD MINI FLAT, HCPL-181, pitch:2.54mm, 4.4x3.6mm"
2390,IC_SMD_BGA.PCBLIB,BGA50_4,"BGA, pitch; 0.5mm, 4-Ball, 0.9x0.9mm"
2391,IC_SMD_BGA.PCBLIB,BGA40_16,"BGA, CB-16-10, 0.4mm pitch, 1.6x1.6x0.55mm"
2392,IC_SMD_BGA.PCBLIB,BGA40_25,"BGA, DSBGA, YFQ0025, 0.4mm pitch, 2x2x0.6mm"
2393,IC_SMD_BGA.PCBLIB,BGA50_196,"BGA, CPGA196, 8x8mm, Pitch 0.50mm"
2394,IC_SMD_BGA.PCBLIB,BGA65_565,"BGA, FCCSP565L, Body 15.5x14.4x0.9mm, Pitch 0.65mm"
2395,IC_SMD_BGA.PCBLIB,BGA100_1517,
2396,IC_SMD_BGA.PCBLIB,BGA40_23_S2,"BGA, 23-balls (5x5), 2x2mm, Pitch 0.4mm"
2397,IC_SMD_BGA.PCBLIB,BGA50_49_S4,
2398,IC_SMD_BGA.PCBLIB,BGA50_76_S6,"CSPBGA-76, BC-76-2, 6x6, 0.5mm ptich"
2399,IC_SMD_BGA.PCBLIB,BGA50_81_S5,
2400,IC_SMD_BGA.PCBLIB,BGA65_81_S7,"BGA, 81-Leads, Body 7.00x7.00mmx1.10mm, Pitch 0.65mm"
2401,IC_SMD_BGA.PCBLIB,BGA80_36_S6,
2402,IC_SMD_BGA.PCBLIB,BGA80_49_S7,
2403,IC_SMD_BGA.PCBLIB,BGA80_64_S8,
2404,IC_SMD_BGA.PCBLIB,BGA80_81_S8,
2405,IC_SMD_BGA.PCBLIB,BGA100_25_S7,"BGA, 25-Leads, Body 7x7mm, Pitch 1mm"
2406,IC_SMD_BGA.PCBLIB,BGA100_36_S8,"BGA, 36-Leads, Body 8x8mm, Pitch 1mm"
2407,IC_SMD_BGA.PCBLIB,BGA100_49_S9,BGA; 49 Balls; Body 9 x 9 mm; Pitch 1 mm
2408,IC_SMD_BGA.PCBLIB,BGA40_209_S7,"ZXN BGA, 209-balls (16x16), 7x7mm, Pitch 0.4mm"
2409,IC_SMD_BGA.PCBLIB,BGA40_6_1208,"BGA WLCSP-6, 0.40mm pitch, 1.2x0.8x0.55mm"
2410,IC_SMD_BGA.PCBLIB,BGA40_6_1309,"BGA DSBGA, 6-Leads, YFF, Body 0.88x1.28mmx0.62mm, Pitch 0.40mm"
2411,IC_SMD_BGA.PCBLIB,BGA40_6_1408,"BGA WLCSP6, 6-Leads, Body 0.80x1.40mmx0.37mm, Pitch 0.40mm"
2412,IC_SMD_BGA.PCBLIB,BGA40_9_1212,"WLCSP9, 9-Leads, Body 1.26x1.215x0.50mm, Pitch 0.40mm"
2413,IC_SMD_BGA.PCBLIB,BGA50_121_S6,
2414,IC_SMD_BGA.PCBLIB,BGA50_169_S7,BGA; 169 Balls; Body 7 x 7 mm; Pitch 0.5mm
2415,IC_SMD_BGA.PCBLIB,BGA50_24_3X3,"BGA, 24-Leads, ZQS24, Body 3x3mm, Pitch 0.5mm"
2416,IC_SMD_BGA.PCBLIB,BGA50_8_1414,"DSBGA-8, YPB8, 0.5mm pitch, 1.45x1.45x0.6mm"
2417,IC_SMD_BGA.PCBLIB,BGA50_8_1909,"BGA, YZP8, 8-Leads, Body 1.9x0.9mm, Pitch 0.5mm"
2418,IC_SMD_BGA.PCBLIB,BGA80_100_S8,"TFBGA100, 0.8mm pitch, 8x8x1.1mm"
2419,IC_SMD_BGA.PCBLIB,BGA80_54_8X8,"BGA, 54-Leads, Body 8.0x8.0mmx1.2mm, Pitch 0.80mm"
2420,IC_SMD_BGA.PCBLIB,BGA80_6X8_S7,6X8
2421,IC_SMD_BGA.PCBLIB,BGA80_6X8_S9,
2422,IC_SMD_BGA.PCBLIB,BGA100_24_6X8,"TFBGA, 1mm pitch, 6X8mm, 5X5=24-Ball"
2423,IC_SMD_BGA.PCBLIB,BGA100_25_6X8,"TFBGA, 1mm pitch, 6X8mm, 5X5=25-Ball"
2424,IC_SMD_BGA.PCBLIB,BGA100_64_S10,BGA; 64 Balls; Body 10 x 10 mm; Pitch 1 mm
2425,IC_SMD_BGA.PCBLIB,BGA100_81_S11,BGA; 81 Balls; Body 11 x 11 mm; Pitch 1 mm
2426,IC_SMD_BGA.PCBLIB,BGA40_515_S12,"BGA, 515-Leads, Body 12.00x12.00mm, Pitch 0.40mm"
2427,IC_SMD_BGA.PCBLIB,BGA50_20_2530,"NFBGA-20, 0.5mm pitch, 2.5x3x1mm, NME"
2428,IC_SMD_BGA.PCBLIB,BGA50_49_3535,"BGA CB-49-1, 3.5x3.5x0.6mm, 0.5mm pitch"
2429,IC_SMD_BGA.PCBLIB,BGA65_196_S10,"NFBGA, 196-Ball, pitch:0.65mm, 10x10mm"
2430,IC_SMD_BGA.PCBLIB,BGA65_347_S14,"ALLWINNER H3, pitch 0.65mm, 14x14x1.2mm"
2431,IC_SMD_BGA.PCBLIB,BGA65_441_S14,
2432,IC_SMD_BGA.PCBLIB,BGA65_451_S15,"ALLWINNER H6, pitch 0.65mm, 15x15x1.2mm"
2433,IC_SMD_BGA.PCBLIB,BGA75_48_9X11,"FBGA-48, 0.75mm pitch, 6X8, 8X9.5, 9X11"
2434,IC_SMD_BGA.PCBLIB,BGA80_100_S10,
2435,IC_SMD_BGA.PCBLIB,BGA80_121_S10,"BGA, 121-Leads, Body 10x10mm,  Pitch 0.80mm"
2436,IC_SMD_BGA.PCBLIB,BGA80_144_S10,"BC-144-7, BP-144-1, 0.8mm pitch, 10x10x1.7mm"
2437,IC_SMD_BGA.PCBLIB,BGA80_169_S11,
2438,IC_SMD_BGA.PCBLIB,BGA80_169_S12,"ZWS, BGA, 169-Ball, 0.8mm pitch, 12x12x1.4mm"
2439,IC_SMD_BGA.PCBLIB,BGA80_196_S12,"BP-196-4, ACP, 0.8mm pitch, 12X12X1.53mm"
2440,IC_SMD_BGA.PCBLIB,BGA80_206_S13,mc34708
2441,IC_SMD_BGA.PCBLIB,BGA80_265_S14,"TFBGA240+25, pitch 0.8mm, 14x14x1.1mm"
2442,IC_SMD_BGA.PCBLIB,BGA80_282_S14,"TFBGA282, 0.8mm pitch, 14x14x1.3mm"
2443,IC_SMD_BGA.PCBLIB,BGA80_289_S14,"BGA, 289-Leads, Body 14.00x14.00mmx1.20mm, Pitch 0.80mm"
2444,IC_SMD_BGA.PCBLIB,BGA80_289_S15,"nFBGA ZBV ZAV, N289-Leads, Body 15x15mm, Pitch 0.8mm"
2445,IC_SMD_BGA.PCBLIB,BGA80_324_S15,"BGA, 324-Leads, CSG324, Body 15x15mm, Pitch 0.8mm, AM33XX"
2446,IC_SMD_BGA.PCBLIB,BGA80_400_S17,"BGA, CLG400, 400-Balls, Body 17x17mm, Pitch 0.8mm"
2447,IC_SMD_BGA.PCBLIB,BGA80_42_5060,BGA pitch 0.8mm. 5x6x1.3mm
2448,IC_SMD_BGA.PCBLIB,BGA80_453_S19,"BGA-453 0.8mm pitch, 23X23, 19x19x1.4mm"
2449,IC_SMD_BGA.PCBLIB,BGA80_484_S19,"BGA, 484-Leads, Body 19.0x19.0mm,  Pitch 0.80mm"
2450,IC_SMD_BGA.PCBLIB,BGA80_529_S19,
2451,IC_SMD_BGA.PCBLIB,BGA80_60_8X11,DDR 60-BALL 11.5X8
2452,IC_SMD_BGA.PCBLIB,BGA80_60_9X11,"BGA, 60-Balls, Body 11.5x9mm, Pitch 0.8mm"
2453,IC_SMD_BGA.PCBLIB,BGA80_63_9X11,"BGA, 63-Balls, Body 11.5x9mm, Pitch 0.8mm"
2454,IC_SMD_BGA.PCBLIB,BGA80_697_S24,ZTZ GTZ PBGA N697
2455,IC_SMD_BGA.PCBLIB,BGA80_760_S23,"BGA, ABC, 760-ball, 0.8mm pitch 23x23x3mm"
2456,IC_SMD_BGA.PCBLIB,BGA80_784_S23,"BGA, 784-Leads, SFVC784, Pitch 0.80mm, Body 23.00x23.00mmx3.30mm"
2457,IC_SMD_BGA.PCBLIB,BGA80_841_S24,BGA_841P_31_945X945
2458,IC_SMD_BGA.PCBLIB,BGA80_84_12X8,DDR BGA 84 BALL 12.5X8.0mm
2459,IC_SMD_BGA.PCBLIB,BGA80_96_8X14,"96-Ball FBGA, 0.8mm pitch, 14x8x1.1 mm"
2460,IC_SMD_BGA.PCBLIB,BGA100_100_S12,BGA; 100 Balls; Body 12 x 12 mm; Pitch 1 mm
2461,IC_SMD_BGA.PCBLIB,BGA100_121_S13,BGA; 121 Balls; Body 13 x 13 mm; Pitch 1 mm
2462,IC_SMD_BGA.PCBLIB,BGA100_144_S14,BGA; 144 Balls; Body 14 x 14 mm; Pitch 1 mm
2463,IC_SMD_BGA.PCBLIB,BGA100_196_S15,"BGA, FTGB196, 196-Leads, Body 15.00x15.00mmx1.55mm, Pitch 1.00mm"
2464,IC_SMD_BGA.PCBLIB,BGA100_256_S17,"LBGA256, Body 17x17mm, Pitch 1.00mm"
2465,IC_SMD_BGA.PCBLIB,BGA100_324_S19,
2466,IC_SMD_BGA.PCBLIB,BGA100_441_S23,"BGA, 441-Leads, Body 23x23mm, Pitch 1mm"
2467,IC_SMD_BGA.PCBLIB,BGA100_484_S23,"BGA, 484-Leads, Body 23.0x23.0mm,  Pitch 1.00mm"
2468,IC_SMD_BGA.PCBLIB,BGA100_484_S27,"BGA, 484-Leads, Body 27x27mm, Pitch 1mm"
2469,IC_SMD_BGA.PCBLIB,BGA100_529_S25,"BGA, 529-Leads, Body 25x25mm, Pitch 1mm"
2470,IC_SMD_BGA.PCBLIB,BGA100_576_S25,"BGA, 576-Leads, Body 25x25mm, Pitch 1mm"
2471,IC_SMD_BGA.PCBLIB,BGA100_625_S27,"BGA, 625-Leads, Body 27x27mm, Pitch 1mm"
2472,IC_SMD_BGA.PCBLIB,BGA100_64_10X8,"BGA 64-Ball, 1mm pitch, 8x10x1.2 mm"
2473,IC_SMD_BGA.PCBLIB,BGA100_676_S27,"BGA, 676-Leads, Body 27.0x27.0mm,  Pitch 1.00mm"
2474,IC_SMD_BGA.PCBLIB,BGA100_784_S29,"BGA, 784-Leads, Body 29x29mm, Pitch 1mm"
2475,IC_SMD_BGA.PCBLIB,BGA100_900_S31,"BGA, 900-Leads, FFG900, FFG901, Body 31.0x31.0mm,  Pitch 1.00mm"
2476,IC_SMD_BGA.PCBLIB,BGA127_40_6X11,"BGA, 5X8, 1.27mm, 6.25x11.25x5.12mm"
2477,IC_SMD_BGA.PCBLIB,BGA50_153_EMMC,"BGA 153ball, pitch:0.5mm, 11.5x13mm"
2478,IC_SMD_BGA.PCBLIB,BGA80_63_12X14,"BGA, VFBGA63, VBM063, 0.8mm pitch"
2479,IC_SMD_BGA.PCBLIB,BGA80_78_10X12,"BGA_78 7.5X11mm, 9.5X11.5mm, 10.5X12mm"
2480,IC_SMD_BGA.PCBLIB,BGA80_96_9X16B,"96-Ball FBGA, 0.8mm pitch, 14x10x1.1 mm"
2481,IC_SMD_BGA.PCBLIB,LGA127_144_S15,LGA 144-Lead (15mm × 15mm × 4.41mm)
2482,IC_SMD_BGA.PCBLIB,BGA100_1156_S35,"BGA, 1156-Leads, FFVA1156, 35x35mm,  Pitch 1.00mm"
2483,IC_SMD_BGA.PCBLIB,BGA100_2104_S47,"BGA, 2104-Leads, Body 47.50x47.50mmx4.30mm, Pitch 1.00mm"
2484,IC_SMD_BGA.PCBLIB,BGA100_2104_S52,"BGA, 2104-Leads, Body 52.50x52.50mmx4.30mm, Pitch 1.00mm"
2485,IC_SMD_BGA.PCBLIB,BGA100_2892_S55,"BGA, 2892-Leads, Body 55x55mmx4.30mm, Pitch 1.00mm"
2486,IC_SMD_BGA.PCBLIB,BGA100_64_13X11,"BGA, LAA064, 64-Leads, Body 13x11mm, Pitch 1mm"
2487,IC_SMD_BGA.PCBLIB,BGA50_153_11X13,"BGA 153ball, pitch:0.5mm, 11.5x13mm"
2488,IC_SMD_BGA.PCBLIB,BGA50_169_12X16,"BGA 153ball, pitch:0.5mm, 12x16mm"
2489,IC_SMD_BGA.PCBLIB,BGA50_169_14X18,"BGA 153ball, pitch:0.5mm, 14x18mm"
2490,IC_SMD_BGA.PCBLIB,BGA60_454_16X14,"FCBGA, 52x46 ball matrix, 14.3x16.1mm, 0.6mm pitch staggered"
2491,IC_SMD_BGA.PCBLIB,BGA65_178_11X11,"BGA-178, pitch: 0.65mm, 17X13, 11.50x11x1mm"
2492,IC_SMD_BGA.PCBLIB,BGA65_200_11x14,"200-Ball FBGA, 0.65mm pitch, 11x14.5x1.0 mm"
2493,IC_SMD_BGA.PCBLIB,BGA65_298_13X13,"BGA-298 ZCE, 0.65mm pitch, 13x13x1.3mm"
2494,IC_SMD_BGA.PCBLIB,BGA80_260_11X17,"BGA ZBX, 260-Balls, Body 11x17mm, Pitch 0.8mm"
2495,IC_SMD_BGA.PCBLIB,BGA100_117_10X14,"BGA, 117-Leads, Body 10x14mm, Pitch 1mm"
2496,IC_SMD_BGA.PCBLIB,BGA127_119_14X22,"BGA, 119-Balls, Body 22x14mm, Pitch 1.27mm"
2497,IC_SMD_BGA.PCBLIB,BGA50_24_210X310,DSBGA 24-BALL 2.1X3.1mm pitch:0.5mm
2498,IC_SMD_BGA.PCBLIB,BGA65_161_S10_ABL,"BGA, 161-Balls, ABL0161B, Body 10.4x10.4mm, Pitch 0.65mm"
2499,IC_SMD_DUAL.PCBLIB,SO_4,"SOP-4, 2.6x4.4mm body 1.27mm pitch"
2500,IC_SMD_DUAL.PCBLIB,SO_5,"SO-6 5pin, 1.27mm pitch, 4.5x3.7x2.1mm"
2501,IC_SMD_DUAL.PCBLIB,SO_8,"SOP-8, 5x3.9mm body 1.27mm pitch, SOT96-1, M08A, S8, SOIC8, VO8, MS-012AA(JEDEC), R-8, 8S2, VOG8"
2502,IC_SMD_DUAL.PCBLIB,SO_14,"SOP, SOIC, 3.9mm width, 1.27mm pitch,"
2503,IC_SMD_DUAL.PCBLIB,SO_16,"SOP, SOIC, 3.9mm width, 1.27mm pitch,"
2504,IC_SMD_DUAL.PCBLIB,SO_18,"SOP, SOIC, 3.9mm width, 1.27mm pitch,"
2505,IC_SMD_DUAL.PCBLIB,SO_20,"SOP, SOIC, 3.9mm width, 1.27mm pitch,"
2506,IC_SMD_DUAL.PCBLIB,SO_22,"SOP, SOIC, 3.9mm width, 1.27mm pitch,"
2507,IC_SMD_DUAL.PCBLIB,SO_24,"SOP, SOIC, 3.9mm width, 1.27mm pitch,"
2508,IC_SMD_DUAL.PCBLIB,SO_26,"SOP, SOIC, 3.9mm width, 1.27mm pitch,"
2509,IC_SMD_DUAL.PCBLIB,SO_28,"SOP, SOIC, 3.9mm width, 1.27mm pitch,"
2510,IC_SMD_DUAL.PCBLIB,SO_4A,"SOP-4, 2.6x4.4mm body 1.27mm pitch"
2511,IC_SMD_DUAL.PCBLIB,SO_4F,"SOP-4, 2.6x4.4mm body 1.27mm pitch FLAT"
2512,IC_SMD_DUAL.PCBLIB,SO_8A,"SOP-8, 5x3.9mm body 1.27mm pitch, SOT96-1, M08A, S8, SOIC8, VO8, MS-012AA(JEDEC), R-8, 8S2, VOG8"
2513,IC_SMD_DUAL.PCBLIB,SO_8T,"SOP-8, 5x3.9mm body 1.27mm pitch, DDA, SO PowerPAD"
2514,IC_SMD_DUAL.PCBLIB,SO_16T,"SOP, SOIC, 3.9mm width, 1.27mm pitch,"
2515,IC_SMD_DUAL.PCBLIB,SO_6_W,"SOIC6 W, 1.27mm pitch, 6.8x4.5x3.2mm, 11.5mm H"
2516,IC_SMD_DUAL.PCBLIB,SO_8_W,"SOIC Wide, 5x5.3mm body 1.27mm pitch, 5.28mm SOIJ"
2517,IC_SMD_DUAL.PCBLIB,SOG50_8,"VSSOP DCU US8  (TI), 8-Leads, 2.00x2.30mm, Pitch 0.50mm"
2518,IC_SMD_DUAL.PCBLIB,SOG65_8,"PW TSSOP (TI), MO-153 (JEDEC), 8Lead, pitch: 0.65mm, 3x4.4x1.2mm"
2519,IC_SMD_DUAL.PCBLIB,SON35_8,"X2SON-8-DQE, pitch: 0.35mm, 1.4mmX1.00mm"
2520,IC_SMD_DUAL.PCBLIB,SON50_4,"UDFN-4, 1X1.3mm, 0.5mm pitch"
2521,IC_SMD_DUAL.PCBLIB,SOP_7C1,SOP-7 custom1 KP18001WPA
2522,IC_SMD_DUAL.PCBLIB,SO_14_W,"SOP, SOIC, 7.5mm width, 1.27mm pitch,"
2523,IC_SMD_DUAL.PCBLIB,SO_16_W,"SOP, SOIC, 7.5mm width, 1.27mm pitch,"
2524,IC_SMD_DUAL.PCBLIB,SO_18_W,"SOP, SOIC, 7.5mm width, 1.27mm pitch,"
2525,IC_SMD_DUAL.PCBLIB,SO_20_W,"SOP, SOIC, 7.5mm width, 1.27mm pitch,"
2526,IC_SMD_DUAL.PCBLIB,SO_24_W,"SOP, SOIC, 7.5mm width, 1.27mm pitch,"
2527,IC_SMD_DUAL.PCBLIB,SO_28_W,"SOP, SOIC, 7.5mm width, 1.27mm pitch,"
2528,IC_SMD_DUAL.PCBLIB,SO_56_W,"SOP, SOIC, 7.5mm width, 1.27mm pitch,"
2529,IC_SMD_DUAL.PCBLIB,SO_7_N3,"SOP-8 without pin3, 5x3.9mm body 1.27mm pitch, SOT33-5"
2530,IC_SMD_DUAL.PCBLIB,SO_7_N7,"SOP-8 without pin7, 5x3.9mm body 1.27mm pitch, SOP-7"
2531,IC_SMD_DUAL.PCBLIB,SO_8_W2,"SOIC 7.5mm body Width, 1.27mm pitch"
2532,IC_SMD_DUAL.PCBLIB,SOC127_6,"TSOC-6, 1.27mm pitch, 4x4mm"
2533,IC_SMD_DUAL.PCBLIB,SOG40_14,
2534,IC_SMD_DUAL.PCBLIB,SOG40_16,DGV TVSOP-16 0.4mm pitch
2535,IC_SMD_DUAL.PCBLIB,SOG40_20,DGV
2536,IC_SMD_DUAL.PCBLIB,SOG40_24,DGV
2537,IC_SMD_DUAL.PCBLIB,SOG40_38,
2538,IC_SMD_DUAL.PCBLIB,SOG40_48,
2539,IC_SMD_DUAL.PCBLIB,SOG40_56,"TSSOP, 56Lead, pitch: 0.5mm, 11.5x4.4x1.2mm"
2540,IC_SMD_DUAL.PCBLIB,SOG40_80,"DBB TSSOP (TI), MO-153 (JEDEC), 80Lead, pitch: 0.4mm, 17x6.1x1.2mm"
2541,IC_SMD_DUAL.PCBLIB,SOG50_10,"VSSOP-10 DGS, 3X3mm 0.5mm pitch, MSOP10, 10uSOP/usop10 (Dallas), MO-187BA(JEDEC)"
2542,IC_SMD_DUAL.PCBLIB,SOG50_16,
2543,IC_SMD_DUAL.PCBLIB,SOG50_20,"DBT TSSOP (TI), MO-153 (JEDEC), 20Lead, pitch: 0.5mm, 5x4.4x1.2mm"
2544,IC_SMD_DUAL.PCBLIB,SOG50_24,"DBT TSSOP (TI), MO-153 (JEDEC), 24Lead, pitch: 0.5mm, 6.5x4.4x1.2mm"
2545,IC_SMD_DUAL.PCBLIB,SOG50_28,"DBT TSSOP (TI), MO-153 (JEDEC), 28Lead, pitch: 0.5mm, 8x4.4x1.2mm"
2546,IC_SMD_DUAL.PCBLIB,SOG50_30,"DBT TSSOP (TI), MO-153 (JEDEC), 30Lead, pitch: 0.5mm, 8x4.4x1.2mm"
2547,IC_SMD_DUAL.PCBLIB,SOG50_32,"TSSOP, 32-Leads, Body 8.1x18.5mm (max), Pitch 0.50mm, IPC Low Density"
2548,IC_SMD_DUAL.PCBLIB,SOG50_38,"38L TSSOP (MAXIM),38Lead, pitch: 0.5mm, 10x4.4x1.2mm"
2549,IC_SMD_DUAL.PCBLIB,SOG50_40,"TS040, TSOP40, TSSOP, 40-Leads, Body 10.00x18.40mm, Pitch 0.50mm"
2550,IC_SMD_DUAL.PCBLIB,SOG50_44,"DBT TSSOP (TI), MO-153 (JEDEC), 44Lead, pitch: 0.5mm, 11.5x4.4x1.2mm"
2551,IC_SMD_DUAL.PCBLIB,SOG50_48,"DGG, MO-153-ED, SOT362-1, TSSOP48, pitch: 0.5mm, 12.5x6.1x1.2mm"
2552,IC_SMD_DUAL.PCBLIB,SOG50_50,"DBT TSSOP (TI), MO-153 (JEDEC), 50Lead, pitch: 0.5mm, 12.5x4.4x1.2mm"
2553,IC_SMD_DUAL.PCBLIB,SOG50_56,"DGG TSSOP (TI), MO-153-EE (JEDEC), 56Lead, pitch: 0.5mm, 14x6.1x1.2mm"
2554,IC_SMD_DUAL.PCBLIB,SOG50_64,"DGG TSSOP (TI), MO-153 (JEDEC), 64Lead, pitch: 0.5mm, 17x6.1x1.2mm"
2555,IC_SMD_DUAL.PCBLIB,SOG50_86,TSOPII-86
2556,IC_SMD_DUAL.PCBLIB,SOG50_8A,"VSSOP DCU US8  (TI), 8-Leads, 2.00x2.30mm, Pitch 0.50mm"
2557,IC_SMD_DUAL.PCBLIB,SOG55_28,"Z28, TSSOP, 28-Leads, Body 8.10x12.00mm, Pitch 0.55mm"
2558,IC_SMD_DUAL.PCBLIB,SOG63_16,"SOP DBQ, QSOP, 16-Leads, Body 4.90x3.90mm, Pitch 0.635mm"
2559,IC_SMD_DUAL.PCBLIB,SOG63_20,"SSOP, 20-Leads, 8.60xWidth: 3.90mm, Pitch 0.635mm"
2560,IC_SMD_DUAL.PCBLIB,SOG63_24,"QSOP24, 8.6X3.9mm, 0.635mm pitch"
2561,IC_SMD_DUAL.PCBLIB,SOG63_28,"SSOP, 28-Leads, 9.9x3.9mm, Pitch 0.635mm"
2562,IC_SMD_DUAL.PCBLIB,SOG63_48,"SOT370-1, MO-118, SSOP48, 7.5mm width, 0.635mm pitch"
2563,IC_SMD_DUAL.PCBLIB,SOG63_56,"SSOP 56Lead, pitch: 0.635, 18.5x7.5x2.8mm"
2564,IC_SMD_DUAL.PCBLIB,SOG65_10,"TSSOP, 10 Leads, Body 3.7x4.4mm (max), Pitch 0.65mm"
2565,IC_SMD_DUAL.PCBLIB,SOG65_14,"PW TSSOP (TI), MO-153-AB (JEDEC), 14Lead, pitch: 0.65mm, 5x4.4x1.2mm"
2566,IC_SMD_DUAL.PCBLIB,SOG65_16,"PW TSSOP (TI), MO-153-AB (JEDEC), 16Lead, pitch: 0.65mm, 5x4.4x1.2mm"
2567,IC_SMD_DUAL.PCBLIB,SOG65_20,"PW TSSOP (TI), MO-153-AC (JEDEC), 20Lead, pitch: 0.65mm, 6.5x4.4x1.2mm"
2568,IC_SMD_DUAL.PCBLIB,SOG65_24,"PW TSSOP (TI), MO-153-AD (JEDEC), 24Lead, pitch: 0.65mm, 8x4.4x1.2mm"
2569,IC_SMD_DUAL.PCBLIB,SOG65_28,"PW TSSOP (TI), MO-153-AE (JEDEC), 28Lead, pitch: 0.65mm, 10x4.4x1.2mm"
2570,IC_SMD_DUAL.PCBLIB,SOG65_44,"HSSOP-44, 11mm Width, 0.65mm pitch"
2571,IC_SMD_DUAL.PCBLIB,SOG65_8A,"PW TSSOP (TI), MO-153 (JEDEC), 8Lead, pitch: 0.65mm, 3x4.4x1.2mm"
2572,IC_SMD_DUAL.PCBLIB,SOG80_36,
2573,IC_SMD_DUAL.PCBLIB,SOG80_44,
2574,IC_SMD_DUAL.PCBLIB,SOG80_54,
2575,IC_SMD_DUAL.PCBLIB,SO_14_W5,"SOP NS, 5.3mm width, 1.27mm pitch,"
2576,IC_SMD_DUAL.PCBLIB,SO_16_W5,"SOP, SOIC, 4.55mm width, 1.27mm pitch,"
2577,IC_SMD_DUAL.PCBLIB,SO_16_WL,"SOP, SOIC, 7.5mm width, 1.27mm pitch, MS-013-AC, RI-16-2, 16-Lead"
2578,IC_SMD_DUAL.PCBLIB,SO_18_W5,"SOP-18, 5.4mm width, 1.27mm pitch,"
2579,IC_SMD_DUAL.PCBLIB,SO_20_W5,"SOP, 20-Leads, Body 12.60x5.30mm, Pitch 1.27mm, NS"
2580,IC_SMD_DUAL.PCBLIB,SOC127_6A,"TSOC-6, 1.27mm pitch, 4x4mm"
2581,IC_SMD_DUAL.PCBLIB,SOG100_24,"ETHERNET TRANSFORMER, 15.24X10.2mm, 1mm pitch,HX5084NL"
2582,IC_SMD_DUAL.PCBLIB,SOG40_100,"DBB TSSOP (TI), MO-153 (JEDEC), 100Lead, pitch: 0.4mm, 21x6.1x1.2mm"
2583,IC_SMD_DUAL.PCBLIB,SOG50_10T,"HVSSOP-10 DGQ, MSOP10, 3X3mm 0.5mm pitch"
2584,IC_SMD_DUAL.PCBLIB,SOG50_16T,"MSOP 16Lead, pitch: 0.5mm, 4x3x1.1mm"
2585,IC_SMD_DUAL.PCBLIB,SOG50_36T,"PowerSSO-36, pitch 0.5mm"
2586,IC_SMD_DUAL.PCBLIB,SOG50_48T,"TSSOP 6.1mm(MAXIM), MO-153-EDT (JEDEC), 48Lead, pitch: 0.5mm, 12.5x6.1x1.2mm"
2587,IC_SMD_DUAL.PCBLIB,SOG50_56T,"TSSOP, MO-153-EET (JEDEC), 56Lead, pitch: 0.5mm, 14x6.1x1.2mm"
2588,IC_SMD_DUAL.PCBLIB,SOG63_16T,"SOP, 16-Leads, Body 4.90x3.90mm, Pitch 0.64mm, Thermal Pad 3.30.2x2.44.2mm, IPC Medium Density"
2589,IC_SMD_DUAL.PCBLIB,SOG65_14T,"TSSOP 4.4mm, PWP, MO-153-ABT , 14Lead, pitch: 0.65mm, 5x4.4x1.2mm"
2590,IC_SMD_DUAL.PCBLIB,SOG65_16T,"TSSOP 4.4mm(MAXIM), MO-153-ABT (JEDEC), 16Lead, pitch: 0.65mm, 5x4.4x1.2mm"
2591,IC_SMD_DUAL.PCBLIB,SOG65_20T,"TSSOP 4.4mm(MAXIM), MO-153-ACT (JEDEC), 20Lead, pitch: 0.65mm, 6.5x4.4x1.2mm"
2592,IC_SMD_DUAL.PCBLIB,SOG65_24T,"TSSOP 4.4mm(MAXIM), MO-153-ADT (JEDEC), 24Lead, pitch: 0.65mm, 8x4.4x1.2mm"
2593,IC_SMD_DUAL.PCBLIB,SOG65_28T,"TSSOP 4.4mm, MO-153-AET (JEDEC), 28TLead, pitch: 0.65mm, 10x4.4x1.2mm, PWP HTSSOP R-PDSO-G28"
2594,IC_SMD_DUAL.PCBLIB,SOG65_8_3,"MICRO8, DGK DCT (TI) VSSOP-8, pitch: 0.65mm, 3X3mm, MSOP8, RM-8, MS8, MSOP-8, 
miniSOP8, miniSO8, TSSO3X5-G8/D3.1, 8 uMAX, usop8/8uSOP, TSSOP-8, SOT505-1, MO-187AA, MO-153AA"
2595,IC_SMD_DUAL.PCBLIB,SON45_12T,"DFN, 12, 3X3mm, ptich: 0.45mm"
2596,IC_SMD_DUAL.PCBLIB,SONHR50_6,"VSON-HR, 6, DMQ, 0.5mm pitch, 1.5x1.5mm"
2597,IC_SMD_DUAL.PCBLIB,SOG50_48_W,"TSOP I, 12x20mm, pitch: 0.5mm"
2598,IC_SMD_DUAL.PCBLIB,SOG50_56_W,"TSOP56, TS056, pitch: 0.5mm, 18.4x14mm"
2599,IC_SMD_DUAL.PCBLIB,SOG65_14TA,"TSSOP 4.4mm, PWP, MO-153-ABT , 14Lead, pitch: 0.65mm, 5x4.4x1.2mm"
2600,IC_SMD_DUAL.PCBLIB,SOG65_14_W,"SSOP 5.3mm Width 0.65mm pitch, SOT337-1, SOT402-1, MO-150AB(JEDEC),"
2601,IC_SMD_DUAL.PCBLIB,SOG65_16_N,"SSOP, 4mm width"
2602,IC_SMD_DUAL.PCBLIB,SOG65_16_W,"SSOP16, SOT338-1, SOT403-1, RU-16, pitch: 0.65mm, 6x5.3mm, GN16, MO-150AC"
2603,IC_SMD_DUAL.PCBLIB,SOG65_20_W,"SSOP20, TSSOP20, RU-20, RQ-20, DB, pitch: 0.65mm, 7X5.3mm, QSP, SOT339-1, SOT266-1, AT-260, TSSO6X6-G20, NP20, MO-153AC, MO-150AE, MO-137-AD, MO-152"
2604,IC_SMD_DUAL.PCBLIB,SOG65_24_W,"DB, SSOP24, TSSOP24, 0.65mm pitch, 5.3mm Width, SOT340-1, SOT355-1, MO-150AG, MO-153AD(JEDEC),"
2605,IC_SMD_DUAL.PCBLIB,SOG65_28_W,"SOP, 28-Leads, Body 10.6x5.6mm (max), Pitch 0.65mm"
2606,IC_SMD_DUAL.PCBLIB,SOG65_30_W,"DA, DAE TSSOP (TI), MO-153-DB-1 (JEDEC), 30Lead, pitch: 0.65mm, 11x6.1x1.2mm"
2607,IC_SMD_DUAL.PCBLIB,SOG65_32_W,"DA, DAE TSSOP (TI), MO-153-DC (JEDEC), 32Lead, pitch: 0.65mm, 11x6.1x1.2mm"
2608,IC_SMD_DUAL.PCBLIB,SOG65_36_W,"SSOP36, TSSOP36"
2609,IC_SMD_DUAL.PCBLIB,SOG65_38_W,"DA, DAE TSSOP (TI), MO-153-DD-1 (JEDEC), 38Lead, pitch: 0.65mm, 12.5x6.1x1.2mm"
2610,IC_SMD_DUAL.PCBLIB,SOG65_8T_3,PG-TSSOP-8-1
2611,IC_SMD_DUAL.PCBLIB,SOG65_8_3A,"MICRO8, DGK DCT (TI) VSSOP-8, pitch: 0.65mm, 3X3mm, MSOP8, RM-8, MS8, MSOP-8, 
miniSOP8, miniSO8, TSSO3X5-G8/D3.1, 8 uMAX, usop8/8uSOP, TSSOP-8, SOT505-1, MO-187AA, MO-153AA"
2612,IC_SMD_DUAL.PCBLIB,SONHR50_6A,"VSON-HR, 6, DMQ, 0.5mm pitch, 1.5x1.5mm"
2613,IC_SMD_DUAL.PCBLIB,SOP100_10T,"ESSOP-10, 1mm pitch"
2614,IC_SMD_DUAL.PCBLIB,SO_16_HALO,"16pinsoic (HALO)  pitch: 1.27mm, 12.7X7.1X5mm"
2615,IC_SMD_DUAL.PCBLIB,SOG65_20T_W,"TSSOP20P, PWP, pitch: 0.65mm, 7X5.3mm, MO-153"
2616,IC_SMD_DUAL.PCBLIB,SOG65_24T_W,
2617,IC_SMD_DUAL.PCBLIB,SOG65_28T_W,"TSSOP28P, PWP"
2618,IC_SMD_DUAL.PCBLIB,SOG65_36T_D,"HSSOP 36 DKD 11mm Width, 0.65mm pitch"
2619,IC_SMD_DUAL.PCBLIB,SO_32_21X11,
2620,IC_SMD_DUAL.PCBLIB,SON35_6_1010,"DSF X2SON, 0.35mm pitch, 1x1mm"
2621,IC_SMD_DUAL.PCBLIB,SON40_5_1714,"UFDFPN5, pitch:0.4mm 1.7x1.4x0.5mm"
2622,IC_SMD_DUAL.PCBLIB,SON40_6_1213,"DFN6 1.2x1.3mm, 6-Leads, Pitch 0.40mm"
2623,IC_SMD_DUAL.PCBLIB,SON40_8_1812,"X2SON8 DQM, 1.8X1.2mm, 0.4mm pitch"
2624,IC_SMD_DUAL.PCBLIB,SON50_6_1410,"DRY, ULLGA6_1.45X1_0.5mm, USON 6-PIN , UDFN, MicroPak-6"
2625,IC_SMD_DUAL.PCBLIB,SON50_6_1515,"WSON DSE,  6-Lead DFN Pitch: 0.5mm 1.5x1.5x0.8mm"
2626,IC_SMD_DUAL.PCBLIB,SON50_8_2010,"QFN-8 DLC, 1.95X1X0.5mm, pitch: 0.5mm"
2627,IC_SMD_DUAL.PCBLIB,SON50_8_2015,"QFN-8 DLC, 2X1.5X1mm, pitch: 0.5mm"
2628,IC_SMD_DUAL.PCBLIB,SON50_8_3020,
2629,IC_SMD_DUAL.PCBLIB,SON65_8_3030,"LFCSP_WD, CP-8-15, 3.00x3.00mm, Pitch 0.65mm"
2630,IC_SMD_DUAL.PCBLIB,SO_28_330MIL,"SOP-28 330mil width, 18.50x8.50mm, Pitch 1.27mm"
2631,IC_SMD_DUAL.PCBLIB,POWERSO_10T_W,"PowerSO-10, 9.4x9.4x3.7mm body, 1.27mm pitch"
2632,IC_SMD_DUAL.PCBLIB,POWERSO_20T_W,"PowerSO-20, 9.4x14.2x3.6mm body, 1.27mm pitch"
2633,IC_SMD_DUAL.PCBLIB,SOG153_8_6635,"SM-8, SM8, 6.6X3.5mm, pitch 1.53mm"
2634,IC_SMD_DUAL.PCBLIB,SOJ50_12_3624,"SOJ, 12-Leads, Body 3.60x2.40mm, Pitch 0.50mm"
2635,IC_SMD_DUAL.PCBLIB,SOJ65_20_7054,"VSOJ-20, 7x5.4x1.3mm, 0.65mm pitch"
2636,IC_SMD_DUAL.PCBLIB,SON40_10_2020,DFN-10 pitch:0.4mm 2X2X0.85mm
2637,IC_SMD_DUAL.PCBLIB,SON40_20_4020,"SON20, DQS, pitch: 0.4mm, 2x4x0.5mm"
2638,IC_SMD_DUAL.PCBLIB,SON40_8T_1714,"DFN, TDFN pitch:0.4mm 1.7X1.35X0.8mm, 1.6X1.4mm"
2639,IC_SMD_DUAL.PCBLIB,SON50_10_2510,"DQA, USON, uDFN-10, MO-229 (JEDEC), SLP2510P8  - 2.5x1.0x0.5mm"
2640,IC_SMD_DUAL.PCBLIB,SON50_12_3624,"SOJ, 12-Leads, Body 3.6x2.4mm, Pitch 0.50mm"
2641,IC_SMD_DUAL.PCBLIB,SON50_22_6350,"SON-22, 0.5mm pitch, 5x6.3x1.3mm"
2642,IC_SMD_DUAL.PCBLIB,SON50_4T_0808,"SDFN-4, X2SON 5, DPW, 0.8X0.8mm, 0.48mm pitch"
2643,IC_SMD_DUAL.PCBLIB,SON50_6T_1520,"X2-DFN1520-6,  6-Lead DFN Pitch: 0.5mm 1.5x2x0.8mm"
2644,IC_SMD_DUAL.PCBLIB,SON50_6T_1616,SLP1616P6 DGN08   6-Lead DFN Pitch: 0.5mm 1.6x1.6x0.6mm with Thermal pad
2645,IC_SMD_DUAL.PCBLIB,SON50_6T_1620,6-Lead DFN Pitch: 0.5mm 1.6x2x0.8mm with Thermal pad
2646,IC_SMD_DUAL.PCBLIB,SON50_6T_2018,"U-DFN2018-6, 2x1.8mm, 0.5mm pitch"
2647,IC_SMD_DUAL.PCBLIB,SON50_6T_2020,"DFN, 2X2mm, 0.5mm pitch"
2648,IC_SMD_DUAL.PCBLIB,SON50_6T_2030,6-Lead DFN Pitch: 0.5mm 2x3x0.75mm with Thermal pad
2649,IC_SMD_DUAL.PCBLIB,SON50_8T_2020,"DSG PWSON, DFN2x2-8L, Pitch: 0.5mm 2x2x0.8mm with Thermal pad"
2650,IC_SMD_DUAL.PCBLIB,SON50_8T_2030,"TDFN, UFDFPN8, Pitch: 0.5mm 2x3x0.8mm with Thermal pad"
2651,IC_SMD_DUAL.PCBLIB,SON50_8T_2525,"SON, 2.5X2.5X1mm, 0.5mm pitch"
2652,IC_SMD_DUAL.PCBLIB,SON50_8T_3020,"SON8, CP-8-1 LFCSP_VD, 0.5mm pitch, 2X3X1mm"
2653,IC_SMD_DUAL.PCBLIB,SON50_8T_3030,"WSON-8, DRG, LFCSP_WD CP-8-21, 3X3mm 0.5mm pitch with Thermal pad"
2654,IC_SMD_DUAL.PCBLIB,SON65_4T_1010,"X2SON, DQN, DFN(PLP)1010-4, DFN1010C-4, 1.0X1.0mm, 0.65mm pitch"
2655,IC_SMD_DUAL.PCBLIB,SON65_4T_1216,"DFN4-1216-0.65, DFN(PLP)1612-4, 1.2X1.6mm, 0.65mm pitch"
2656,IC_SMD_DUAL.PCBLIB,SON65_6T_2020,DRV PWSON DFN6 Pitch: 0.65mm 2x2x1.1mm
2657,IC_SMD_DUAL.PCBLIB,SON65_6T_3333,"506DF, DFN6 3.3x3.3, 0.65P"
2658,IC_SMD_DUAL.PCBLIB,SON65_8T_3030,"DRB PVSON8 (TI), 3.00x3.00mm, Pitch 0.65mm"
2659,IC_SMD_DUAL.PCBLIB,SON80_8T_4030,"USON-8 4x3mm, Pitch 0.80mm"
2660,IC_SMD_DUAL.PCBLIB,SON80_8T_4040,"SON, DFN8, WSON-8, 8-Leads, Body 4x4mm, Pitch 0.80mm"
2661,IC_SMD_DUAL.PCBLIB,SON95_6T_3030,Pitch: 0.95mm 3x3x1.1mm
2662,IC_SMD_DUAL.PCBLIB,SON95_8T_4040,"DFN-8, SON, pitch 0.95mm, 4X4.5X0.75mm"
2663,IC_SMD_DUAL.PCBLIB,SO_8_SPIFLASH,SOP-8 WIDE + WSON-8 6x8 and 6x5 combined
2664,IC_SMD_DUAL.PCBLIB,SON127_8T_5060,WSON8_6X5
2665,IC_SMD_DUAL.PCBLIB,SON127_8T_6080,"WSON 8, 6X8, pitch: 1.27mm"
2666,IC_SMD_DUAL.PCBLIB,SON40_10T_2020,"WSON, 10-LEAD, DSQ, 0.4mm pitch, 2x2mm"
2667,IC_SMD_DUAL.PCBLIB,SON50_10T_2525,"DSK SON(TI), DFN2626-10, 2.5X2.5mm, Pitch: 0.5mm with thermal pad"
2668,IC_SMD_DUAL.PCBLIB,SON50_10T_2725,"DFN(PLP)2527-10, 0.5mm pitch, 2.7x2.5x0.6mm"
2669,IC_SMD_DUAL.PCBLIB,SON50_10T_3020,"DQC, PWSON-N10, Pitch: 0.5mm, 2X3mm"
2670,IC_SMD_DUAL.PCBLIB,SON50_10T_3030,"DRC SON, LFCSP CP-10-9, 10 TDFN, 3X3mm, Pitch: 0.5mm with thermal pad"
2671,IC_SMD_DUAL.PCBLIB,SON50_10_2510E,"DQA, USON, uDFN-10, MO-229 (JEDEC), SLP2510P8  - 2.5x1.0x0.5mm"
2672,IC_SMD_DUAL.PCBLIB,SON50_12T_2030,"WSON, 12-Leads, DSS, Body 3X2mm, Pitch 0.50mm"
2673,IC_SMD_DUAL.PCBLIB,SON50_12T_3030,"WSON-12, DRR, 0.5mm pitch, 3x3x0.8mm"
2674,IC_SMD_DUAL.PCBLIB,SON50_12T_3035,"SON, DSON, DFN, pitch: 0.5mm, 3.5x3mm"
2675,IC_SMD_DUAL.PCBLIB,SON50_16T_5040,"DHD DFN-16, 5X4mm, 0.5mm pitch"
2676,IC_SMD_DUAL.PCBLIB,SON50_16T_5050,"WSON16, 5X5mm, 0.5mm pitch"
2677,IC_SMD_DUAL.PCBLIB,SON50_22T_5060,"DQP, PQFN-22, SON-22, 5X6X1.5mm, 0.5mm pitch"
2678,IC_SMD_DUAL.PCBLIB,SON50_8T_2030A,"TDFN, UFDFPN8, Pitch: 0.5mm 2x3x0.8mm with Thermal pad"
2679,IC_SMD_DUAL.PCBLIB,SON80_10T_4040,"DPR WSON10, 10-Leads, 4x4mm, Pitch 0.80mm"
2680,IC_SMD_DUAL.PCBLIB,SON80_14T_5060,"NHM VSON, 0.8mm pitch, 5X6mm"
2681,IC_SMD_DUAL.PCBLIB,SON95_6T_3030A,Pitch: 0.95mm 3x3x1.1mm
2682,IC_SMD_DUAL.PCBLIB,SON95_8T2_5040,"5x4A DFN-8, 0.95mm pitch, 5X4X0.8mm"
2683,IC_SMD_DUAL.PCBLIB,SON127_8T_6080A,"WSON 8, 6X8, pitch: 1.27mm"
2684,IC_SMD_DUAL.PCBLIB,SON50_10T2_2520,"WDFN-10, 2.5X2mm, Pitch: 0.5mm with 2 thermal pad"
2685,IC_SMD_DUAL.PCBLIB,SO_168_SPIFLASH,"SPI FLASH, footpirnt for SOP8W+SON8W+SOP16W"
2686,IC_SMD_QUAD.PCBLIB,QFN50_8,"RSE UQFN-8, 1.5X1.5X.6mm"
2687,IC_SMD_QUAD.PCBLIB,QFG40_64,"LQFP64_7x7mm, 7X7mm, 0.4mm"
2688,IC_SMD_QUAD.PCBLIB,QFG40_80,"LQFP-80, 0.40mm Pitch, 10x10mm, FCE80"
2689,IC_SMD_QUAD.PCBLIB,QFG50_32,"PBS TSQFP, 32-Leads, Body 5.00x5.00mm, Pitch 0.50mm"
2690,IC_SMD_QUAD.PCBLIB,QFG50_48,"LQFP48, PQFF, PQFG, TSQFP, 48-Leads, Body 7.00x7.00mm, Pitch 0.50mm"
2691,IC_SMD_QUAD.PCBLIB,QFG50_64,"A64 (CYPRESS), TQFP64, LQFP64, VQ44, VQG44, 10X10mm, Pitch: 0.5mm"
2692,IC_SMD_QUAD.PCBLIB,QFG50_80,"lqfp80, TFP-80C (Hitachi), 12.0x12.0mm, Pitch 0.5mm"
2693,IC_SMD_QUAD.PCBLIB,QFG65_52,"MQFP52, S-52-2 (analog-Device), MO-112-AC-1(JEDEC), 52-Leads, Body 10x10mm, Pitch 0.65mm"
2694,IC_SMD_QUAD.PCBLIB,QFG65_80,"QFP, 80-Leads, Body 14x14mm (max), Pitch 0.65mm"
2695,IC_SMD_QUAD.PCBLIB,QFG80_32,"TQFP32, A32 (Cypress), GP32 (Zarlink), MS-026ABA(JEDEC), 7X7mm, 0.8mm"
2696,IC_SMD_QUAD.PCBLIB,QFG80_44,"TQFP44, PQFP44, A44 (Cypress), QFP44/MQFP44N (Dallas), VQ44,VQG44 (Xilinx), MS-026ACB, MS-022AB(JEDEC), 44A, 10X10, 0.8mm"
2697,IC_SMD_QUAD.PCBLIB,QFG80_64,"TQFP64, N65 (Cypress), , MS-026 AEB(JEDEC), 64A (atmel), 14X14mm, 0.8mm"
2698,IC_SMD_QUAD.PCBLIB,QFN50_15,"RUW, PVQFN-N15, 3.5x3.5x1mm"
2699,IC_SMD_QUAD.PCBLIB,QFN66_8T,"MINI-CIRCUIT AMP, CASE STYLE: DQ849, pitch: 0.66mm"
2700,IC_SMD_QUAD.PCBLIB,QFN80_36,"LPCC (HMC6343)IDT72255, 9X9mm, 0.8mm"
2701,IC_SMD_QUAD.PCBLIB,FC2QFN_17,FC2QFN-17 3.5x3.75x0.8mm
2702,IC_SMD_QUAD.PCBLIB,QFG40_128,"LQFP128, PQFP-128, MS-026(JEDEC), 14X14mm, 0.4mm"
2703,IC_SMD_QUAD.PCBLIB,QFG40_80T,"LQFP-80, 0.40mm Pitch, 10x10mm, FCE80"
2704,IC_SMD_QUAD.PCBLIB,QFG50_100,"LQFP100, PQFP100, A100 (Cypress), TQ100/VQ100 (Xilinx), 14.0x14.0mm, Pitch 0.5mm, HT100, HTG100"
2705,IC_SMD_QUAD.PCBLIB,QFG50_128,"128-Leads, Body 20X14mm, Pitch 0.50mm"
2706,IC_SMD_QUAD.PCBLIB,QFG50_144,"LQFP144, TQFP144, A144 (Cypress), HT144/TQ144 TQG144 (Xilinx), MS-026, MO-136(JEDEC), LQFP PGE, 20X20mm, Pitch 0.50mm, HT144, HTG144"
2707,IC_SMD_QUAD.PCBLIB,QFG50_176,"PQFP176, HT176/TQ176 (Xilinx), 24X24mm, Pitch: 0.5mm, HTG176"
2708,IC_SMD_QUAD.PCBLIB,QFG50_208,"LQFP208, pqfp208 (Altera), N208 (Cypress), HQ208/MQ208/PQ208/PQG208 (Xilinx), MS-029FA1(JEDEC), SOT459-1, 28X28mm, Pitch: 0.5mm"
2709,IC_SMD_QUAD.PCBLIB,QFG50_48A,"LQFP48, PQFF, PQFG, TSQFP, 48-Leads, Body 7.00x7.00mm, Pitch 0.50mm"
2710,IC_SMD_QUAD.PCBLIB,QFG50_48T,"LQFP48P, SV-48, MS-026-ABC(JEDEC), 7.0X7.0mm, Pitch: 0.5mm"
2711,IC_SMD_QUAD.PCBLIB,QFG50_64T,"PowerPad PAP (TI) HTQFP 64PIN 10X10mm, Pitch: 0.5mm"
2712,IC_SMD_QUAD.PCBLIB,QFG50_80T,"HTQFP-80-Leads, Body 12.0x12.0mm, Pitch 0.5mm, Thermal Pad 8.0x8.0mm"
2713,IC_SMD_QUAD.PCBLIB,QFG65_100,"PQ100, MS-022-GC1(JEDEC), QFP100, 20X14, 0.65mm"
2714,IC_SMD_QUAD.PCBLIB,QFG65_112,"LQFP-112, 20x20, 0.65mm Pitch"
2715,IC_SMD_QUAD.PCBLIB,QFG65_52T,"LQFP, TQFP, 52-Leads, Body 10x10mm, Pitch 0.65mm"
2716,IC_SMD_QUAD.PCBLIB,QFN35_68T,"QFN, 68-Leads, 7x7mm, Pitch 0.35mm,"
2717,IC_SMD_QUAD.PCBLIB,QFN40_20T,"QFN, RUK, PWQFN, 20-Leads, Body 3X3mm, Pitch 0.40mm"
2718,IC_SMD_QUAD.PCBLIB,QFN40_24T,"QFN, 24-Leads, Body 3.5x3.5mm, Pitch 0.40mm"
2719,IC_SMD_QUAD.PCBLIB,QFN40_28T,"QFN28, 0.4mm pitch, 4x4mm, MLPQ-UT28"
2720,IC_SMD_QUAD.PCBLIB,QFN40_32T,"QFN, 32M3, 32-Leads, Body 4x4mm, Pitch 0.40mm"
2721,IC_SMD_QUAD.PCBLIB,QFN40_40T,"40 TQFN-EP (maxim), 5X5mm, 0.4mm"
2722,IC_SMD_QUAD.PCBLIB,QFN40_48T,"QFN, 48-Leads, Body 6.00x6.00mm, Pitch 0.40mm, Thermal Pad 4.40x4.40mm"
2723,IC_SMD_QUAD.PCBLIB,QFN40_56T,"QFN-56 7*7,  pitch: 0.4mm, 7x7x0.8mm"
2724,IC_SMD_QUAD.PCBLIB,QFN40_68T,"QFN-68, pitch 0.4mm, 8x8x0.75mm"
2725,IC_SMD_QUAD.PCBLIB,QFN40_76T,"QFN, 76-Leads, Body 9.00x9.00mm, Pitch 0.40mm, Thermal Pad 5.50x5.50mm"
2726,IC_SMD_QUAD.PCBLIB,QFN40_88T,"QFN, 88-Leads, 10x10mm, Pitch 0.40mm"
2727,IC_SMD_QUAD.PCBLIB,QFN50_12T,"LFCSP, CP-12-4, 3X3mm, 0.5mm pitch, MO-220"
2728,IC_SMD_QUAD.PCBLIB,QFN50_16R,"TFLGA 3x3x1, 5+3+5+3, 3X3mm, 0.5mm pitch"
2729,IC_SMD_QUAD.PCBLIB,QFN50_20T,"QFN, 20, 4X4mm, 0.5mm"
2730,IC_SMD_QUAD.PCBLIB,QFN50_24T,"RTW, RGE S-PQFP-N24 (TI), HVQFN24, 4X4mm, 0.5mm, MO-220 (JEDEC)"
2731,IC_SMD_QUAD.PCBLIB,QFN50_28T,"QFN, 28, 5X5mm, 0.5mm"
2732,IC_SMD_QUAD.PCBLIB,QFN50_32T,"HVQFN32, UFQFPN32, QFN-32, RGJ, 5X5X0.9mm, 0.5mm"
2733,IC_SMD_QUAD.PCBLIB,QFN50_36T,"MO-220-VJJD (JEDEC), 36 TQFN T3666+3 (MAXIM), 6X6mm, 0.5mm"
2734,IC_SMD_QUAD.PCBLIB,QFN50_40T,"PVQFN, QFN, 40-Leads, Body 6x6mm, Pitch 0.5mm"
2735,IC_SMD_QUAD.PCBLIB,QFN50_44T,"QFN-44, 44ML, pitch:0.5mm, 7x7x1mm"
2736,IC_SMD_QUAD.PCBLIB,QFN50_48T,"CP-48, UFQFPN48, RGZ S-PQFP-N48, S-PWQFN-N48, MO-220-VKKD-2(JEDEC), 7X7mm, 0.5mm"
2737,IC_SMD_QUAD.PCBLIB,QFN50_56T,"QFN56, pitch: 0.5mm, 8x8mm"
2738,IC_SMD_QUAD.PCBLIB,QFN50_64T,"LFCSP_VQ, MO-220-VMMD-4, MO-220-WNJR-5(JEDEC), RGC S-PQFP-N64 (TI), 9X9mm, 0.5mm"
2739,IC_SMD_QUAD.PCBLIB,QFN50_68T,"HCP-68-1, 0.5mm pitch, 10X10X0.9mm"
2740,IC_SMD_QUAD.PCBLIB,QFN50_72T,"QFN, 72-Leads, Body 10x10mm, Pitch 0.5mm"
2741,IC_SMD_QUAD.PCBLIB,QFN50_88T,"CP-88, 12X12mm, 0.5mm pitch"
2742,IC_SMD_QUAD.PCBLIB,QFN65_16T,"QFN, RGV, CP -16-23, LFCSP_WQ, 4X4mm, 0.65mm, MO-220 VGGC WGGC-4(JEDEC)"
2743,IC_SMD_QUAD.PCBLIB,QFN65_20T,"QFN, 20-Leads, RGW/S-PVQFN-N20, 5x5mm, Pitch 0.65mm, MO-220(JEDEC)"
2744,IC_SMD_QUAD.PCBLIB,QFN65_28T,"QFN, 28-Leads, Body 6.00x6.00mm, Pitch 0.65mm"
2745,IC_SMD_QUAD.PCBLIB,QFN65_32T,"32 TQFN-EP, 7X7mm, 0.65mm"
2746,IC_SMD_QUAD.PCBLIB,QFN80_16T,"QFN, 16-Leads, Body 5.00x5.00mm, Pitch 0.80mm, Thermal Pad 3.00x3.00mm"
2747,IC_SMD_QUAD.PCBLIB,QFG40_128T,"LQFP128, PQFP-128, MS-026(JEDEC), 14X14mm, 0.4mm"
2748,IC_SMD_QUAD.PCBLIB,QFG50_100T,"LQFP100P, HTQFP-100, PZP, 14.0x14.0mm, Pitch 0.5mm"
2749,IC_SMD_QUAD.PCBLIB,QFG50_128T,"128-Leads, Body 20X14mm, Pitch 0.50mm"
2750,IC_SMD_QUAD.PCBLIB,QFG50_208T,"LQFP208p, PYP, HQ208, MS-026(JEDEC), 28X28mm, ptich: 0.5mm"
2751,IC_SMD_QUAD.PCBLIB,QFG65_100T,"HQ100, 20X14, 0.65mm"
2752,IC_SMD_QUAD.PCBLIB,QFN35_68TA,"QFN, 68-Leads, 7x7mm, Pitch 0.35mm, for PCBA"
2753,IC_SMD_QUAD.PCBLIB,QFN40_20TA,"QFN, RUK, PWQFN, 20-Leads, Body 3X3mm, Pitch 0.40mm"
2754,IC_SMD_QUAD.PCBLIB,QFN50_24T2,"MO-220-WGGD (JEDEC), LFCSP_WQ, CP - 24 - 12, ADP2386 (AD)"
2755,IC_SMD_QUAD.PCBLIB,QFN50_24TA,"RTW, RGE S-PQFP-N24 (TI), HVQFN24, 4X4mm, 0.5mm"
2756,IC_SMD_QUAD.PCBLIB,QFN50_28TA,"QFN, 28, 5X5mm, 0.5mm"
2757,IC_SMD_QUAD.PCBLIB,QFN50_34T3,"TinyBuck (FAIRCHILD), 34-Lead, PQFN, 5.5 mm x 5.0 mm"
2758,IC_SMD_QUAD.PCBLIB,QFN50_40TA,"PVQFN, QFN, 40-Leads, Body 6x6mm, Pitch 0.5mm"
2759,IC_SMD_QUAD.PCBLIB,QFN50_56TA,"QFN56, pitch: 0.5mm, 8x8mm"
2760,IC_SMD_QUAD.PCBLIB,QFN50_64FT,FT2232HQ
2761,IC_SMD_QUAD.PCBLIB,QFN65_16TL,"QFN, RSA, LLP 16, SQB16A, 4X4mm, pitch: 0.65mm"
2762,IC_SMD_QUAD.PCBLIB,QFN80_40T2,"QFN, 40-Leads, Body 10x10mm, Pitch 0.80mm RVQ (TI)"
2763,IC_SMD_QUAD.PCBLIB,QFN80_RLG72,"RLG-72, 0.8mm pitch, 15X16mm"
2764,IC_SMD_QUAD.PCBLIB,QFNHR_12RPS,"VQFN-HR RPS, 2.2X2.5X1mm"
2765,IC_SMD_QUAD.PCBLIB,QFN50_15_RXB,"VQFN-FCRLF RXB, 2.6X2.6X1mm"
2766,IC_SMD_QUAD.PCBLIB,QFN50_16_3X3,"LPCC, RGT, 16-lead, pitch: 0.5mm, 3x3mm"
2767,IC_SMD_QUAD.PCBLIB,QFN50_18_RJE,"VQFN RJE, 18-Leads, Body 3x3mm, Pitch 0.50mm"
2768,IC_SMD_QUAD.PCBLIB,QFN50_20_3X3,"UFQFPN20, pitch: 0.5mm, 3x3mm"
2769,IC_SMD_QUAD.PCBLIB,QFN50_20_RNJ,"VQFN RNJ, 20-Leads, Body 3.5x4mm, Pitch 0.50mm"
2770,IC_SMD_QUAD.PCBLIB,QFN50_28_4X4,"UFQFPN-28, 28, 4X4mm, 0.5mm pitch"
2771,IC_SMD_QUAD.PCBLIB,QFN50_28_EP3,QFN5x5-28L EP3_S
2772,IC_SMD_QUAD.PCBLIB,QFN80_14_5X3,LGA_CC-14-1 ADXL345
2773,IC_SMD_QUAD.PCBLIB,QFN80_4_1412,"TE2769, PQFN, 4-Leads, Body 1.40x1.20mm, Pitch 0.80mm"
2774,IC_SMD_QUAD.PCBLIB,QFN80_RLG72A,"RLG-72, 0.8mm pitch, 15X16mm"
2775,IC_SMD_QUAD.PCBLIB,QFNHR_12_RNX,"VQFN-HR12, RNX, 2X3X1mm, RNX0012B"
2776,IC_SMD_QUAD.PCBLIB,QFNHR_16_RPH,"VQFN-HR16, RPH, 4.5x3.5x1.0mm"
2777,IC_SMD_QUAD.PCBLIB,QFNHR_18_RNN,"VQFNHR-18, RNN, 3.5x3.5x"
2778,IC_SMD_QUAD.PCBLIB,QFNHR_18_RNV,"VQFNHR-18, RNV, 3.5x3.5x"
2779,IC_SMD_QUAD.PCBLIB,QFNHR_22_RNL,"VQFN-HR22, RNL, 5X4X0.9mm"
2780,IC_SMD_QUAD.PCBLIB,QFN35_48T_5X5,"QFN, 0.35mm pitch, 5x5mm"
2781,IC_SMD_QUAD.PCBLIB,QFN40_10_1316,"QFN, 10, 1.3X1.6mm, 0.4mm, LFCSP, CP-10-10"
2782,IC_SMD_QUAD.PCBLIB,QFN40_10_1418,"PUQFN-10 RSW 1.8X1.4mm, 0.4mm pitch"
2783,IC_SMD_QUAD.PCBLIB,QFN40_12_1616,"X2QFN-12, RWB, 1.6x1.6x0.4mm, 0.4mm pitch"
2784,IC_SMD_QUAD.PCBLIB,QFN40_12_1720,"RUT, UQFN-12, pitch: 0.4mm, 1.7x2x0.5mm"
2785,IC_SMD_QUAD.PCBLIB,QFN40_12_1818,"UMLP-12, QFN, 12-Leads, 1.8x1.80mm, Pitch 0.40mm, JEDEC MO-252"
2786,IC_SMD_QUAD.PCBLIB,QFN40_16_2618,"PUQFN-16 RSV XQFN16 SOT1161-1, 2.6X1.8mm, 0.4mm pitch"
2787,IC_SMD_QUAD.PCBLIB,QFN40_24_4020,"RJW UQFN-24, 2x4mm, Pitch 0.40mm"
2788,IC_SMD_QUAD.PCBLIB,QFN45_20T_3X3,"20M2, QFN-20, 3X3mm, pitch 0.45mm"
2789,IC_SMD_QUAD.PCBLIB,QFN45_28T_4X4,"28M1, QFN-28, pitch:0.45mm 4x4x1mm"
2790,IC_SMD_QUAD.PCBLIB,QFN50_11_2025,"VQFN11, RNR, 2x2.5x1mm, pitch 0.5mm"
2791,IC_SMD_QUAD.PCBLIB,QFN50_16T_3X3,"RGT PVQFN, LFCSP CP-16-22, 16-lead, pitch: 0.5mm, 3x3mm"
2792,IC_SMD_QUAD.PCBLIB,QFN50_16T_4X4,"QFN, 16, 4X4mm, 0.5mm"
2793,IC_SMD_QUAD.PCBLIB,QFN50_48T_8X8,"QFN-48 pitch:0.5mm, 8X8mm, FT232HQ"
2794,IC_SMD_QUAD.PCBLIB,QFN60_31T_9X9,"QFN 9x9x1mm, 31 leads, pitch 0.6 mm"
2795,IC_SMD_QUAD.PCBLIB,QFN40_10_1418A,"PUQFN-10 RSW 1.8X1.4mm, 0.4mm pitch"
2796,IC_SMD_QUAD.PCBLIB,QFN40_28T_4535,"VQFN-CLIP 28, RVE, 4.5x3.5x1, 0.4mm pitch"
2797,IC_SMD_QUAD.PCBLIB,QFN50_14T_2525,"WQFN-14, 0.5mm pitch, 2.5x2.5mm"
2798,IC_SMD_QUAD.PCBLIB,QFN50_14T_2530,"DHVQFN14, BQA, WQFN-14, 0.5mm pitch, 2.5x3x0.85mm"
2799,IC_SMD_QUAD.PCBLIB,QFN50_14T_3535,"S-PVQFN-N14 RGY, 3.5X3.5mm, pitch: 0.5mm, 5+2+5+2"
2800,IC_SMD_QUAD.PCBLIB,QFN50_16T_3525,"VQFN-16 RGY 3.5X2.5mm, 0.5mm pitch"
2801,IC_SMD_QUAD.PCBLIB,QFN50_16T_4035,"VQFN-16 RGY 4X3.5mm, 0.5mm pitch"
2802,IC_SMD_QUAD.PCBLIB,QFN50_20T_3030,"QFN20, pitch: 0.5mm, 3x3mm"
2803,IC_SMD_QUAD.PCBLIB,QFN50_20T_3535,"QFN, 20, RGR, VQFN, 3.5X3.5mm, 0.5mm"
2804,IC_SMD_QUAD.PCBLIB,QFN50_20T_4525,"RKS VQFN-20, 0.5mm Pitch, 4.5x2.5x1mm"
2805,IC_SMD_QUAD.PCBLIB,QFN50_20T_4535,"RGY VQFN-20, 0.5mm Pitch, 4.5x3.5x1mm"
2806,IC_SMD_QUAD.PCBLIB,QFN50_24T_5535,"RGY RHL VQFN-24, 0.5mm Pitch, 5.5x3.5x1mm"
2807,IC_SMD_QUAD.PCBLIB,QFN50_36T_5335,"QFN 36, 0.5mm pitch, 5.3X3.5X0.95mm"
2808,IC_SMD_QUAD.PCBLIB,QFN50_38T_7050,"UHF QFN, 38-Leads, Body 5.00x7.00mm, Pitch 0.50mm"
2809,IC_SMD_QUAD.PCBLIB,QFN50_40T_7050,"RVF0040, LGFN-CLIP, 7.0X5.0X1.5mm, 0.5mm pitch"
2810,IC_SMD_QUAD.PCBLIB,QFN50_24T2_5040,"CP-24-4, QFN-24, 0.5mm pitch, 5x4x1.5mm"
2811,IC_SMD_QUAD.PCBLIB,QFN50_10T_3020--,
2812,IC_SMD_QUAD.PCBLIB,QFN50_9_2030_RWY,"VQFN-9 RWY, pitch: 0.5mm, 2x3x1mm"
2813,IC_SMD_QUAD.PCBLIB,QFN40_24T_3X3_RMQ,"WQFN-24, RMQ, SAW, 3x3mm, Pitch 0.40mm"
2814,IC_SMD_QUAD.PCBLIB,QFN45_10_2020_RPW,"QFN-10 RPW, pitch: 0.5mm, 2x2x1mm"
2815,IC_SMD_QUAD.PCBLIB,QFN50_10_1520_RUG,"X2QFN-10, RUG, 0.5mm pitch, 1.5x2x0.4mm"
2816,IC_SMD_QUAD.PCBLIB,QFN50_10_2020_RPU,"VQFNHR-10, RPU, 0.5mm pitch, 2x2x1mm"
2817,IC_SMD_QUAD.PCBLIB,QFN50_11_2030_RGX,"QFN-11 RGX, pitch: 0.5mm, 2x3x1mm"
2818,IC_SMD_QUAD.PCBLIB,QFN50_12_2520_RUX,"VQFN-HR RUX0012, pitch: 0.5mm, 0.7mm, 2x2.5x1mm"
2819,IC_SMD_QUAD.PCBLIB,QFN50_10T_3020_UDB,"QFN-10 3x2mm, UDB"
2820,IC_SMD_QUAD.PCBLIB,QFN50_10_1520_RUGA,"X2QFN-10, RUG, 0.5mm pitch, 1.5x2x0.4mm"
2821,LCD.PCBLIB,LCDTFT_3P2,"TFT LCD 3.2"" , ER-TFT032-3"
2822,LCD.PCBLIB,ELT240320ADP,"ELT240320ADP , 2.8 Inch TFT LED with Touch Screen , 37 Leads with 1mm Pitch"
2823,LCD.PCBLIB,LCDG_128X64D,"LCD Graphic Disp, 128X64, 78X70mm"
2824,LCD.PCBLIB,LCDG_240X128,"LCD Graphic Disp, 240X128, TS240128 With T6963 Controller, 144x104x12mm"
2825,LCD.PCBLIB,LCDG_240X64Y,"LCD Graphic Disp, 240X64, YB24064-B"
2826,LCD.PCBLIB,LCDG_1P3_96X68,"LCD Nokia 1202, 1203, 1280"
2827,LCD.PCBLIB,LCDG_1P5_84X48,"LCD, NOKIA 3310, 5110, PCD8544"
2828,LCD.PCBLIB,LCDTFT_2P8INCH,"LCD, TFT, ELT240320ATP"
2829,LCD.PCBLIB,LCDTFT_2P8_N96,"LCD, TFT, 2.8"" N96"
2830,LCD.PCBLIB,LCDTFT_4P3SIZE,"LCD4.3"" FOR SIZE ONLY"
2831,LCD.PCBLIB,LCDCHAR_8X2_14P,"LCD Characters Display, 2linesX8char, header2x7 + 2"
2832,LCD.PCBLIB,LCDCHAR_8X2_16P,"LCD Characters Display, 2linesX8char, header2x8"
2833,LCD.PCBLIB,LCDG_128X64_BLU,"LCD Graphic Disp, 128X64, TS12864A-2"
2834,LCD.PCBLIB,LCDG_128X64_GRN,"LCD Graphic Disp, 128X64, TS12864A-2"
2835,LCD.PCBLIB,LCDCHAR_16x2_BLU,"LCD Characters Display, 2linesX16char, Blue, header1x16"
2836,LCD.PCBLIB,LCDCHAR_16x2_GRN,"LCD Characters Display, 2linesX16char, Green, header1x16"
2837,LCD.PCBLIB,LCDCHAR_20X4_BLU,"LCD Characters Display, 4linesX20char, Blue, header1x16"
2838,LCD.PCBLIB,LCDCHAR_20X4_GRN,"LCD Characters Display, 4linesX20char, Green, header1x16"
2839,LCD.PCBLIB,LCDG_1P5_84X48H1,"LCD, NOKIA 3310, 5110, PCD8544"
2840,LCD.PCBLIB,LCDG_1P5_84X48H2,"LCD, NOKIA 3310, 5110, PCD8544"
2841,LCD.PCBLIB,LCDTFT_7INCH_50P,"LCD, TFT, 7"" 800X480"
2842,LCD.PCBLIB,LCDTFT_7INCH_BKO,
2843,LCD.PCBLIB,LCDTFT_2P8_N96BKO,
2844,LCD.PCBLIB,OLED_SSD1306_2832,OLED Display UG-2832HSWEG04
2845,LCD.PCBLIB,OLED_SSD1306_2864,OLED Display UG-2864HMBEG01
2846,LCD.PCBLIB,LCDTFT_0P96_80X160,TFT LCD 0.96 inch-80x160 - ST7735
2847,LCD.PCBLIB,LCDTFT_10P1_FPC50P,"TFT LCD 10.1"" , ER-TFT101-1"
2848,LCD.PCBLIB,LCDTFT_1P3_240X240,"LCD TFT Color, 1.3"", 240X240, ST7789"
2849,LCD.PCBLIB,LCDTFT_1P5_132X132,"LCD, NOKIA 6610, 6220, 6100, 2600, 2610"
2850,LCD.PCBLIB,LCDTFT_0P96_80X160B,TFT LCD 0.96 inch-80x160 - ST7735
2851,LCD.PCBLIB,LCDTFT_1P28_240X240,"LCD TFT Color, 1.28"", 240X240, GC9A01"
2852,LCD.PCBLIB,OLED_SSD1306_64_I2C,"OLED SS1306 Breakout, 128X64, I2C"
2853,LCD.PCBLIB,OLED_SSD1306_64_SPI,"OLED SS1306 Breakout, 128X64, SPI"
2854,LCD.PCBLIB,LCDTFT_1P28_240X240H,"LCD TFT Color, 1.28"", 240X240, GC9A01, breakout"
2855,LCD.PCBLIB,LCDTFT_4P3INCH_HEADER,"LCD4.3"""
2856,LCD.PCBLIB,LCDTFT_4INCH_40P_MLT040R40_CT1,"LCD, TFT, 4"" 480X480 40+10pins MLT040R40-CT1"
2857,LED.PCBLIB,LED3BI,LED THD 5MM BICOLOR
2858,LED.PCBLIB,LED3MM,LED THD 3MM
2859,LED.PCBLIB,LED5BI,LED THD 5MM BICOLOR
2860,LED.PCBLIB,LED0603,LED SMD 0603
2861,LED.PCBLIB,LED0805,LED SMD 0805
2862,LED.PCBLIB,LED1205,"LED, 1205, YELLOW, 3.2X1.2X1.1mm"
2863,LED.PCBLIB,LED1210,"LED, 1210, 3.2X2.5mm"
2864,LED.PCBLIB,LED1WAT,"LED, 1WATT"
2865,LED.PCBLIB,LED2835,LED 2.8mmX3.5mm
2866,LED.PCBLIB,LED3528,"LED, 3.5X2.8mm"
2867,LED.PCBLIB,LED5050,"LED 5mmX5mm, PLLC6"
2868,LED.PCBLIB,LED5054,LED 5mmX5.4mm
2869,LED.PCBLIB,LED5630,LED 5.6mmX3mm
2870,LED.PCBLIB,LED5730,LED 5.7mmX3mm
2871,LED.PCBLIB,LED5RGB,LED THD 5MM RGB
2872,LED.PCBLIB,LED0201A,"LED SMD 0201, for PCBA"
2873,LED.PCBLIB,LED0402A,"LED SMD 0402, GREEN"
2874,LED.PCBLIB,LED0603A,LED SMD 0603
2875,LED.PCBLIB,LED5630R,LED 5.6mmX3mm
2876,LED.PCBLIB,LED3528_T,"LED, 3.5X2.8mm 0.5WATT"
2877,LED.PCBLIB,LED3MMRX2,"LED THD 3MM Bi-Level Right Angle, 553-0121F"
2878,LED.PCBLIB,LED3MMRX3,LED THD 3MM Tri-Level Right Angle
2879,LED.PCBLIB,LEDBARX10,"LED BAR GRAPH, pitch: 2.54mm,  CLSRD10A SSA-LXB10HW-GF"
2880,LED.PCBLIB,LED0201AMB,"LED SMD 0201, AMBER"
2881,LED.PCBLIB,LED0201BLU,"LED SMD 0201, BLUE"
2882,LED.PCBLIB,LED0201GRN,"LED SMD 0201, GREEN"
2883,LED.PCBLIB,LED0201RED,"LED SMD 0201, RED"
2884,LED.PCBLIB,LED0201WHT,"LED SMD 0201, WHITE"
2885,LED.PCBLIB,LED0201YLW,"LED SMD 0201, YELLOW"
2886,LED.PCBLIB,LED0402BLU,"LED SMD 0402, BLUE"
2887,LED.PCBLIB,LED0402GRN,"LED SMD 0402, GREEN"
2888,LED.PCBLIB,LED0402RED,"LED SMD 0402, RED"
2889,LED.PCBLIB,LED0402WHT,"LED SMD 0402, WHITE"
2890,LED.PCBLIB,LED0402YLW,"LED SMD 0402, YELLOW"
2891,LED.PCBLIB,LED0404RGB,"LED, RGB, 1.0x1.0mm, SML-LX0404, 1010, 0404"
2892,LED.PCBLIB,LED0603AMB,"LED SMD 0603, AMBER"
2893,LED.PCBLIB,LED0603BLU,"LED SMD 0603, BLUE"
2894,LED.PCBLIB,LED0603GRN,"LED SMD 0603, GREEN"
2895,LED.PCBLIB,LED0603RED,"LED SMD 0603, RED"
2896,LED.PCBLIB,LED0603WHT,"LED SMD 0603, WHITE"
2897,LED.PCBLIB,LED0603YLW,"LED SMD 0603, YELLOW"
2898,LED.PCBLIB,LED0606RGB,1.6x1.6mm  RGB LED LTST-C19HE1WT
2899,LED.PCBLIB,LED0805BLU,"LED SMD 0805, BLUE"
2900,LED.PCBLIB,LED0805GRN,"LED SMD 0805, GREEN"
2901,LED.PCBLIB,LED0805RED,"LED SMD 0805, RED"
2902,LED.PCBLIB,LED0805WHT,"LED SMD 0805, WHITE"
2903,LED.PCBLIB,LED0805YLW,"LED SMD 0805, YELLOW"
2904,LED.PCBLIB,LED1204YLW,"LED, 1204, YELLOW, 3.0X1.0X1.9mm"
2905,LED.PCBLIB,LED1206BLU,"LED, 1206, BLUE"
2906,LED.PCBLIB,LED1206GRN,"LED, 1206, GREEN"
2907,LED.PCBLIB,LED1206RED,"LED, 1206, RED"
2908,LED.PCBLIB,LED1206WHT,"LED, 1206, WHITE"
2909,LED.PCBLIB,LED1206YLW,"LED, 1206, YELLOW"
2910,LED.PCBLIB,LED1615RGB,1.6x1.5mm  RGB LED E6C1615RGB
2911,LED.PCBLIB,LED2X5_GRN,"LED THD, 2X5mm"
2912,LED.PCBLIB,LED2X5_RED,"LED THD, 2X5mm"
2913,LED.PCBLIB,LED2X5_YLW,"LED THD, 2X5mm"
2914,LED.PCBLIB,LED3210RGB,LED RGB 3.2mmX1.0mm
2915,LED.PCBLIB,LED5050_6P,"LED 5mmX5mm, PLLC6"
2916,LED.PCBLIB,LED5MM_BLU,LED THD 5MM BLUE
2917,LED.PCBLIB,LED5MM_GRN,LED THD 5MM GREEN
2918,LED.PCBLIB,LED5MM_RED,LED THD 5MM RED
2919,LED.PCBLIB,LED5MM_VIO,LED THD 5MM VIOLET
2920,LED.PCBLIB,LED5MM_YLW,LED THD 5MM YELLOW
2921,LED.PCBLIB,LED0805SIDE,LED SMD 0805 SIDE
2922,LED.PCBLIB,LED1206_REV,"LED, 1206, Rerverse Mount"
2923,LED.PCBLIB,LED3MMR_GRN,"LED THD 3MM RIGHT ANGLE, GREEN"
2924,LED.PCBLIB,LED3MMR_RED,"LED THD 3MM RIGHT ANGLE, RED"
2925,LED.PCBLIB,LED3MMR_YLW,"LED THD 3MM RIGHT ANGLE, YELLOW"
2926,LED.PCBLIB,LED1210RGB_4,3.2x2.7X0.8mm  RGB LED
2927,LED.PCBLIB,LED2020RGB_4,"LED 2x2mm, WS2812B-2020"
2928,LED.PCBLIB,LED3210RGB_R,"LED RGB 3.2mmX1.0mm, Right Angle"
2929,LED.PCBLIB,LED3528RGB_4,3.5x2.8x1.9mm  RGB LED
2930,LED.PCBLIB,LED3532RGB_6,"LED 3.5mmX3.2mm, LRTB G6SG PLLC6"
2931,LED.PCBLIB,LED5050RGB_4,"LED 5mmX5mm, PLLC6"
2932,LED.PCBLIB,LED5050RGB_6,"LED 5mmX5mm, PLLC6"
2933,LED.PCBLIB,LED3210RGB_RA,LED RGB 3.2mmX1.0mm
2934,LED.PCBLIB,LED5050RGB_4A,"LED 5mmX5mm, PLLC6"
2935,MECH_HEXNUT.PCBLIB,1,"SCREW, M2.5, 2.5mm diameter and 5.0mm PanHead"
2936,MECH_HEXNUT.PCBLIB,NUTHEX_M2,
2937,MECH_MOUNTING_HOLE.PCBLIB,SOMH1,"Solder Mounting, Hole 1mm"
2938,MECH_MOUNTING_HOLE.PCBLIB,PSPMH2,"Plastic Spacer mouting, Hole 2mm"
2939,MECH_MOUNTING_HOLE.PCBLIB,PSPMH3,"Plastic Spacer mouting, Hole 3mm"
2940,MECH_MOUNTING_HOLE.PCBLIB,PSPMH4,"Plastic Spacer mouting, Hole 4mm"
2941,MECH_MOUNTING_HOLE.PCBLIB,SCMH_M2,"SCREW mouting, M2, 2.0mm diameter and 4.0mm PanHead"
2942,MECH_MOUNTING_HOLE.PCBLIB,SCMH_M3,"SCREW mouting, M3, 3.0mm diameter and 6.0mm PanHead"
2943,MECH_MOUNTING_HOLE.PCBLIB,SCMH_M4,"SCREW mouting, M4, 4mm diameter and 8.0mm PanHead"
2944,MECH_MOUNTING_HOLE.PCBLIB,SCMH_M5,"SCREW mouting, M5, 5mm diameter and 10.0mm PanHead"
2945,MECH_MOUNTING_HOLE.PCBLIB,SCMH_M6,"SCREW mouting, M6, 6mm diameter and 12mm PanHead"
2946,MECH_MOUNTING_HOLE.PCBLIB,PSPMH3P5,"Plastic Spacer mouting, Hole 3.5mm"
2947,MECH_MOUNTING_HOLE.PCBLIB,SCMH_M2F,"SCREW mouting, M2, 2.0mm diameter and 5.0mm FlangeHead"
2948,MECH_MOUNTING_HOLE.PCBLIB,SCMH_M3F,"SCREW mouting, M3, 3.0mm diameter and 6.0mm FlangeHead"
2949,MECH_MOUNTING_HOLE.PCBLIB,SCMH_M4F,"SCREW mouting, M4, 4mm diameter and 8.0mm FlangeHead"
2950,MECH_MOUNTING_HOLE.PCBLIB,SCMH_M1P6,"SCREW mouting, M1.6, 1.6mm diameter and 3.2mm PanHead"
2951,MECH_MOUNTING_HOLE.PCBLIB,SCMH_M2FT,"SCREW mouting, M2, 2.0mm diameter and 3.2mm, FlatHead"
2952,MECH_MOUNTING_HOLE.PCBLIB,SCMH_M2P5,"SCREW mouting, M2.5, 2.5mm diameter and 5.0mm PanHead"
2953,MECH_MOUNTING_HOLE.PCBLIB,SCMH_M3FT,"SCREW mouting, M3, 3.0mm diameter and 6.0mm, FlatHead"
2954,MECH_MOUNTING_HOLE.PCBLIB,SCMH_M3P5,"SCREW mouting, M3.5, 3.5mm diameter and 7.0mm PanHead"
2955,MECH_MOUNTING_HOLE.PCBLIB,SCMH_M4FT,"SCREW mouting, M4, 4mm diameter and 8.0mm, FlatHead"
2956,MECH_MOUNTING_HOLE.PCBLIB,SCMH_M5FT,"SCREW mouting, M5, 5mm diameter and 10.0mm, FlatHead"
2957,MECH_MOUNTING_HOLE.PCBLIB,SCMH_M6FT,"SCREW mouting, M5, 5mm diameter and 9.6mm, FlatHead"
2958,MECH_MOUNTING_HOLE.PCBLIB,SCMH_M2P5F,"SCREW mouting, M2.5, 2.5mm diameter and 6.0mm FlangeHead"
2959,MECH_MOUNTING_HOLE.PCBLIB,SCMH_M1P6FT,"SCREW mouting, M1.6, 1.6mm diameter and 2.5mm, FlatHead"
2960,MECH_MOUNTING_HOLE.PCBLIB,SCMH_M2P5FT,"SCREW mouting, M2.5, 2.5mm diameter and 5.0mm, FlatHead"
2961,MECH_MOUNTING_HOLE.PCBLIB,SCMH_M3P5FT,"SCREW mouting, M3.5, 3.5mm diameter and 7.0mm, FlatHead"
2962,MECH_MOUNTING_HOLE.PCBLIB,SCMH_M2_WOVIA,"SCREW mouting, M2, 2.0mm diameter and 4.0mm PanHead"
2963,MECH_MOUNTING_HOLE.PCBLIB,SCMH_M3_WOPAD,"SCREW mouting, M3, 3.0mm diameter and 6.0mm PanHead"
2964,MECH_MOUNTING_HOLE.PCBLIB,SCMH_M3_WOVIA,"SCREW mouting, M3, 3.0mm diameter and 6.0mm PanHead"
2965,MECH_MOUNTING_HOLE.PCBLIB,SCMH_M1P6_WOVIA,"SCREW mouting, M1.6, 1.6mm diameter and 3.2mm PanHead"
2966,MECH_MOUNTING_HOLE.PCBLIB,SCMH_M2P5_WOVIA,"SCREW mouting, M2.5, 2.5mm diameter and 5.0mm PanHead"
2967,MECH_SCREW.PCBLIB,1,"SCREW, M2.5, 2.5mm diameter and 5.0mm PanHead"
2968,MECH_SCREW.PCBLIB,SCRW_FLTHEX_M2X20,"SCREW, M2"
2969,MECH_SCREW.PCBLIB,SCRW_PANH_SLOT_M2X4,"SCREW, M3, 2.0mm diameter and 4.0mm PanHead, Slotted, 4mm length"
2970,MECH_SCREW.PCBLIB,SCRW_PANH_SLOT_M3X5,"SCREW, M3, 3.0mm diameter and 6.0mm PanHead, Slotted, 5mm length"
2971,MECH_SCREW.PCBLIB,SCRW_PANH_SLOT_M4X8,"SCREW, M3, 4.0mm diameter and 8.0mm PanHead, Slotted, 6mm length"
2972,MECH_SCREW.PCBLIB,SCRW_PANH_SLOT_M5X10,"SCREW, M3, 5.0mm diameter and 10mm PanHead, Slotted, 8mm length"
2973,MECH_SCREW.PCBLIB,SCRW_PANH_SLOT_M6X12,"SCREW, M3, 6.0mm diameter and 12mm PanHead, Slotted, 10mm length"
2974,MECH_SCREW.PCBLIB,SCRW_CHSH_PHLIPS_M2X4,"SCREW, M3, 2.0mm diameter and 4.0mm, CheaseHead, Phillips, 4mm length"
2975,MECH_SCREW.PCBLIB,SCRW_CHSH_PHLIPS_M3X5,"SCREW, M3, 3mm diameter and 6.0mm, CheaseHead, Phillips, 5mm length"
2976,MECH_SCREW.PCBLIB,SCRW_CHSH_PHLIPS_M4X8,"SCREW, M3, 4mm diameter and 8.0mm, CheaseHead, Phillips, 8mm length"
2977,MECH_SCREW.PCBLIB,SCRW_FLTH_PHLIPS_M2X4,"SCREW, M2, 2.0mm diameter and 4.0mm FlatHead, Phillips, 4mm length"
2978,MECH_SCREW.PCBLIB,SCRW_FLTH_PHLIPS_M3X5,"SCREW, M3, 3mm diameter and 6.0mm FlatHead, Phillips, 5mm length"
2979,MECH_SCREW.PCBLIB,SCRW_FLTH_PHLIPS_M4X8,"SCREW, M4, 4mm diameter and 8.0mm FlatHead, Phillips, 8mm length"
2980,MECH_SCREW.PCBLIB,SCRW_PANH_PHLIPS_M2X4,"SCREW, M3, 2.0mm diameter and 4.0mm PanHead, Phillips, 4mm length"
2981,MECH_SCREW.PCBLIB,SCRW_PANH_PHLIPS_M3X5,"SCREW, M3, 3.0mm diameter and 6.0mm PanHead, Phillips or Cross, 5mm Length"
2982,MECH_SCREW.PCBLIB,SCRW_PANH_PHLIPS_M4X8,"SCREW, M3, 4.0mm diameter and 8.0mm PanHead, Phillips, 8mm length"
2983,MECH_SCREW.PCBLIB,SCRW_PANH_SLOT_M2P5X5,"SCREW, M3, 2.0mm diameter and 5.0mm PanHead, Slotted, 5mm length"
2984,MECH_SCREW.PCBLIB,SCRW_CHSH_PHLIPS_M5X10,"SCREW, M3, 5mm diameter and 10mm, CheaseHead, Phillips, 10mm length"
2985,MECH_SCREW.PCBLIB,SCRW_CHSH_PHLIPS_M6X12,"SCREW, M3, 6mm diameter and 12mm, CheaseHead, Phillips, 12mm length"
2986,MECH_SCREW.PCBLIB,SCRW_FLTH_PHLIPS_M5X10,"SCREW, M5, 5mm diameter and 10mm FlatHead, Phillips, 10mm length"
2987,MECH_SCREW.PCBLIB,SCRW_FLTH_PHLIPS_M6X12,"SCREW, M6, 6mm diameter and 12mm FlatHead, Phillips, 12mm length"
2988,MECH_SCREW.PCBLIB,SCRW_PANH_PHLIPS_M5X10,"SCREW, M3, 5.0mm diameter and 10mm PanHead, Phillips, 10mm length"
2989,MECH_SCREW.PCBLIB,SCRW_PANH_PHLIPS_M6X12,"SCREW, M3, 6.0mm diameter and 12mm PanHead, Phillips, 12mm length"
2990,MECH_SCREW.PCBLIB,SCRW_CHSH_PHLIPS_M2P5X5,"SCREW, M3, 2.5mm diameter and 5.0mm, CheaseHead, Phillips, 5mm length"
2991,MECH_SCREW.PCBLIB,SCRW_FLTH_PHLIPS_M1P6X3,"SCREW, M1.6, 1.6mm diameter and 2.5mm FlatHead, Phillips, 3mm length"
2992,MECH_SCREW.PCBLIB,SCRW_FLTH_PHLIPS_M2P5X5,"SCREW, M2.5, 2.5mm diameter and 5.0mm FlatHead, Phillips, 5mm length"
2993,MECH_SCREW.PCBLIB,SCRW_FLTH_PHLIPS_M3P5X5,"SCREW, M3.5, 3.5mm diameter and 7.0mm FlatHead, Phillips, 5mm length"
2994,MECH_SCREW.PCBLIB,SCRW_PANH_PHLIPS_M1P6X3,"SCREW, M1.6, 1.6mm diameter and 3.2mm PanHead, Phillips, 3mm length"
2995,MECH_SCREW.PCBLIB,SCRW_PANH_PHLIPS_M2P5X5,"SCREW, M3, 2.5mm diameter and 5.0mm PanHead, Phillips, 5mm length"
2996,MECH_SPACER.PCBLIB,1,"SCREW, M2.5, 2.5mm diameter and 5.0mm PanHead"
2997,MECH_SPACER.PCBLIB,SP_HEX_M3X5,"Spacer, Hex MF M3"
2998,MECH_SPACER.PCBLIB,SP_HEX_M3X6,"Spacer, Hex MF M3"
2999,MECH_SPACER.PCBLIB,SP_HEX_M3X7,"Spacer, Hex MF M3"
3000,MECH_SPACER.PCBLIB,SP_HEX_M3X8,"Spacer, Hex MF M3"
3001,MECH_SPACER.PCBLIB,SP_HEX_M3X9,"Spacer, Hex MF M3"
3002,MECH_SPACER.PCBLIB,SP_HEX_M3X10,"Spacer, Hex MF M3"
3003,MECH_SPACER.PCBLIB,SP_HEX_M3X11,"Spacer, Hex MF M3"
3004,MECH_SPACER.PCBLIB,SP_HEX_M3X12,"Spacer, Hex MF M3"
3005,MECH_SPACER.PCBLIB,SP_HEX_M3X13,"Spacer, Hex MF M3"
3006,MECH_SPACER.PCBLIB,SP_HEX_M3X14,"Spacer, Hex MF M3"
3007,MECH_SPACER.PCBLIB,SP_HEX_M3X15,"Spacer, Hex MF M3"
3008,MECH_SPACER.PCBLIB,SP_HEX_M3X16,"Spacer, Hex MF M3"
3009,MECH_SPACER.PCBLIB,SP_HEX_M3X17,"Spacer, Hex MF M3"
3010,MECH_SPACER.PCBLIB,SP_HEX_M3X18,"Spacer, Hex MF M3"
3011,MECH_SPACER.PCBLIB,SP_HEX_M3X19,"Spacer, Hex MF M3"
3012,MECH_SPACER.PCBLIB,SP_HEX_M3X20,"Spacer, Hex MF M3"
3013,MECH_SPACER.PCBLIB,SP_HEX_M3X25,"Spacer, Hex MF M3"
3014,MECH_SPACER.PCBLIB,SP_HEX_M3X30,"Spacer, Hex MF M3"
3015,MECH_SPACER.PCBLIB,SP_HEX_M3X35,"Spacer, Hex MF M3"
3016,MECH_SPACER.PCBLIB,SP_HEX_M3X40,"Spacer, Hex MF M3"
3017,MECH_SPACER.PCBLIB,SP_HEX_M3X45,"Spacer, Hex MF M3"
3018,MECH_SPACER.PCBLIB,SP_HEX_M3X50,"Spacer, Hex MF M3"
3019,MECH_SPACER.PCBLIB,SP_HEX_M3X55,"Spacer, Hex MF M3"
3020,MECH_SPACER.PCBLIB,SP_HEX_M3X60,"Spacer, Hex MF M3"
3021,MECH_SPACER.PCBLIB,STDOFF_FM2L10,"Stand-off, Female-Male"
3022,MODULE_AC2DC.PCBLIB,ACDC12V300MA,"ACDC, 12V, 300mA"
3023,MODULE_AC2DC.PCBLIB,MINMAX_AQF30,"DC-DC Module, AQF-30"
3024,MODULE_AC2DC.PCBLIB,HLK5M_4_38X23,"HLK-5M AC/DC, 38X23X18mm"
3025,MODULE_BBB.PCBLIB,BBB,BeagleBoneBlack Board
3026,MODULE_DC2DC.PCBLIB,EDJ_5,EDJ R-PDSS-T5 TI 10X7.6mm
3027,MODULE_DC2DC.PCBLIB,PDQ15D,"DC-DC Module, 25.4X25.4mm, =MJWI10"
3028,MODULE_DC2DC.PCBLIB,PFM_11,"PFM11 (TI), TZA11A, pitch: 127mm, 11p, 15X15mm"
3029,MODULE_DC2DC.PCBLIB,D2PAK_7,"TO-263-7, D2PAK-7, NDW-7, TO-PMOD-7"
3030,MODULE_DC2DC.PCBLIB,DIP_14_7,"DIP, pitch 2.54mm, 300mil Width"
3031,MODULE_DC2DC.PCBLIB,DIP_16_8,"DIP, pitch 2.54mm, 300mil Width 8PIN NVF"
3032,MODULE_DC2DC.PCBLIB,DCDC_SIP8,"DC-DC Module, MINMAX MCWI03, MCWI05"
3033,MODULE_DC2DC.PCBLIB,QFN80_40T2,"QFN, 40-Leads, Body 10x10mm, Pitch 0.80mm RVQ (TI)"
3034,MODULE_DC2DC.PCBLIB,MINMAX_MDWI,"DC-DC Module, MINMAX MDWI03, MDWI08, MDWI10"
3035,MODULE_DC2DC.PCBLIB,MINMAX_MIW6,"DC-DC Module, MINMAX MIW6"
3036,MODULE_DC2DC.PCBLIB,BGA80_9_2923,"Module BGA, µSIP, 2.3x2.9x1mm, pitch 0.8mm"
3037,MODULE_DC2DC.PCBLIB,MINMAX_MAW01,
3038,MODULE_DC2DC.PCBLIB,TI_PTH_EUS_6,"TexasInstruments POWERMODULE, EUS Package 18.9x12.6mm"
3039,MODULE_DC2DC.PCBLIB,TI_PTH_EUT_6,"TexasInstruments POWERMODULE, EUT Package 18.9x12.6mm"
3040,MODULE_DC2DC.PCBLIB,TI_PTN_EUK_7,"TexasInstruments POWERMODULE, EUK, 38X22.1mm"
3041,MODULE_DC2DC.PCBLIB,TI_PTN_EUL_7,"TexasInstruments POWERMODULE, EUL, 38X22.1mm"
3042,MODULE_DC2DC.PCBLIB,DIP_18_10_SMD,"DIP, pitch 2.54mm, 300mil Width 10PIN DVS SOP-10"
3043,MODULE_DC2DC.PCBLIB,MINMAX_MAU200,"DC-DC Module, MAU200"
3044,MODULE_DC2DC.PCBLIB,MINMAX_MCWI03,"DC-DC Module, MINMAX MCWI03, MCWI05"
3045,MODULE_DC2DC.PCBLIB,MINMAX_MIW345,MINMAX_MIW3000 MIW4000 MIW5000
3046,MODULE_DC2DC.PCBLIB,MINMAX_MIWI10,"DC-DC Module, 20.3X31.8mm,"
3047,MODULE_DC2DC.PCBLIB,MINMAX_MJWI10,"DC-DC Module, 25.4X25.4mm, =PDQ15-D"
3048,MODULE_DC2DC.PCBLIB,MINMAX_MJWI20,"DC-DC Module, 25.4X25.4mm, =PDQ15-D"
3049,MODULE_DC2DC.PCBLIB,MINMAX_MSCW01,"DC-DC Module, MINMAX MSCW01"
3050,MODULE_DC2DC.PCBLIB,PSON65_8T_3X3,"SIL-8, MicroSiP, PSON, 8-Leads, Body 3.00x2.90mm, Pitch 0.65mm"
3051,MODULE_DC2DC.PCBLIB,TI_PTD_EFS_22,"TexasInstruments POWERMODULE, EFS, PTD08D210W, 15.24X27.94mm"
3052,MODULE_DC2DC.PCBLIB,TI_PTH_EAS_11,"TexasInstruments POWERMODULE, EAS Package 23.11x19.94mm"
3053,MODULE_DC2DC.PCBLIB,TI_PTH_EAT_11,"Module, 11-Leads, Body 22.1x18.93 mm"
3054,MODULE_DC2DC.PCBLIB,TI_PTH_EBS_11,"Module, 11-Leads, Body 22.1x15.75mm"
3055,MODULE_DC2DC.PCBLIB,TI_PTH_EBT_11,"Module, 11-Leads, Body 22.1x15.75mm"
3056,MODULE_DC2DC.PCBLIB,TI_PTH_ECL_10,"Module, 10-Leads, Body 18.92x15.75 mm"
3057,MODULE_DC2DC.PCBLIB,TI_PTH_ECM_10,"Module, 10-Leads, Body 18.92x15.75 mm"
3058,MODULE_DC2DC.PCBLIB,TI_PTH_ECP_14,"14-Leads Double Sided Module, Body 34.8x15.75mm"
3059,MODULE_DC2DC.PCBLIB,TI_PTH_ECQ_14,"14-Leads Double Sided Module, Body 34.8x15.75mm"
3060,MODULE_DC2DC.PCBLIB,BGA127_25_6262,"BGA 5X5ball, pitch: 1.27mm, 6.25X6.25mm"
3061,MODULE_DC2DC.PCBLIB,BGA127_56_1109,"LTM4642, BGA 7X8ball, pitch: 1.27mm, 9X11X5mm"
3062,MODULE_DC2DC.PCBLIB,BGA127_77_1509,"LTM8026, BGA 8X11ball, pitch: 1.27mm, 9X15mm"
3063,MODULE_DC2DC.PCBLIB,BGA127_81_1511,"LTM8026, BGA 8X11ball, pitch: 1.27mm, 15x11.25mm"
3064,MODULE_DC2DC.PCBLIB,LGA127_81_1511,"LTM8026, LGA 8X11ball, pitch: 1.27mm, 15x11.25mm"
3065,MODULE_DC2DC.PCBLIB,MINMAX_MIW2000,
3066,MODULE_DC2DC.PCBLIB,MINMAX_MIW2100,
3067,MODULE_DC2DC.PCBLIB,MINMAX_MKW1000,
3068,MODULE_DC2DC.PCBLIB,MINMAX_MKW5000,
3069,MODULE_DC2DC.PCBLIB,MINMAX_MPW1000,
3070,MODULE_DC2DC.PCBLIB,BGA127_144_1515,"BGA 12X12ball, pitch: 1.27mm, 15x15x5mm"
3071,MODULE_DC2DC.PCBLIB,BGA127_144_1616,"BGA 12X12ball, pitch: 1.27mm, 16x16x5mm"
3072,MODULE_DC2DC.PCBLIB,MINMAX_MJWI10HS,"DC-DC Module, 25.4X25.4mm, with HeatSink"
3073,MODULE_DC2DC.PCBLIB,MINMAX_MSDW1000,"DC-DC Module, MINMAX MSDW1000"
3074,MODULE_IMX.PCBLIB,IMX6_REX_MODULE_3D,
3075,MODULE_KEYPAD.PCBLIB,KEYPAD3X4_7,Matrix Keyboard 4x4
3076,MODULE_KEYPAD.PCBLIB,KEYPAD4X4_10,Matrix Keyboard 4x4
3077,MODULE_KEYPAD.PCBLIB,KEYPAD4X4_14,Matrix Keyboard 4x4
3078,MODULE_KEYPAD.PCBLIB,KEYPAD4X4_9T,Matrix Keyboard 4x4
3079,MODULE_MISC.PCBLIB,HSI_C,"CHILA_High.Speed.Interface_CARRIER, FEMALE"
3080,MODULE_MISC.PCBLIB,HSI_M,"CHILA_High.Speed.Interface_MODULE, MALE"
3081,MODULE_MISC.PCBLIB,GY9250,"GY-9250, MPU-9250 Module"
3082,MODULE_MISC.PCBLIB,WIZ830,
3083,MODULE_MISC.PCBLIB,BT_HC06,Bluetooth HC-06
3084,MODULE_MISC.PCBLIB,GY9250H,"GY-9250, MPU-9250 Module"
3085,MODULE_MISC.PCBLIB,M2_MKEY,M.2 MKEY NGFF
3086,MODULE_MISC.PCBLIB,RFID_EM18,"MODULE, RFID Reader, EM-18"
3087,MODULE_MISC.PCBLIB,AP6398S_50,"AP6398S, 0.9mm pitch, 15X13X1.85mm"
3088,MODULE_MISC.PCBLIB,RFID_RC522,RFID module header RC522
3089,MODULE_MISC.PCBLIB,TP4056_MOD,TP4056 MODULE
3090,MODULE_MISC.PCBLIB,BT_HC05_HDR,Bluetooth HC-05
3091,MODULE_MISC.PCBLIB,TP4056_MODP,TP4056 MODULE+
3092,MODULE_MISC.PCBLIB,BUTTERFLY_10,Butterfly Laser Module 10pin
3093,MODULE_MISC.PCBLIB,BUTTERFLY_14,Butterfly Laser Module 14pin
3094,MODULE_MISC.PCBLIB,DIG_JTG_SMT1,DIGILENT JTAG-SMT1
3095,MODULE_MISC.PCBLIB,DIG_JTG_SMT2,DIGILENT JTAG-SMT2
3096,MODULE_MISC.PCBLIB,SODIMM50_260,"Golden finger, SODIMM, Dual, Staggered, Pitch 0.5mm, 260-Position"
3097,MODULE_MISC.PCBLIB,SODIMM60_204,"SO-DIMM, 204pin, thickness max 1.1mm for DDR3"
3098,MODULE_MISC.PCBLIB,USONICM_SR04,"Ultrasonic sensor Module, HC-SR04"
3099,MODULE_MISC.PCBLIB,DIG_JTG_SMT1H,DIGILENT JTAG-SMT1 with Header Box connectors fo IDC cables
3100,MODULE_MISC.PCBLIB,LCDRV_SSD1963,SSD1963 Module.3 Or 5 Inch
3101,MODULE_MISC.PCBLIB,MODV_1X6_13X8,
3102,MODULE_MISC.PCBLIB,MODV_2X6_13X8,
3103,MODULE_MISC.PCBLIB,PCIE_MIN_CARD,PCIE_MINI_CARD molex 679100002
3104,MODULE_MISC.PCBLIB,SODIMM_DDR3SH,"SO-DIMM, 204pin, DDR3, SHIELDED"
3105,MODULE_MISC.PCBLIB,USONICM_SRF05,"Ultrasonic sensor Module, SRF05"
3106,MODULE_MISC.PCBLIB,DIG_JTG_SMT2NC,DIGILENT JTAG-SMT2-NC
3107,MODULE_MISC.PCBLIB,DIG_JTG_SMT3NC,DIGILENT JTAG-SMT3-NC
3108,MODULE_MISC.PCBLIB,MODV_1X4_14X10,
3109,MODULE_MISC.PCBLIB,MODV_2X6_14X10,
3110,MODULE_MISC.PCBLIB,AP6210_44_12X12,"AP6210, 0.9mm pitch, 12x12x1.5mm"
3111,MODULE_MISC.PCBLIB,AP6212_44_12X12,"AP6212, 0.9mm pitch, 12x12x1.5mm"
3112,MODULE_MISC.PCBLIB,AP625X_44_12X12,"AP6255, 0.9mm pitch, 12x12x1.5mm"
3113,MODULE_MISC.PCBLIB,PCIE_MIN_CARD_FULL,PCIE_MINI_CARD molex 679100002
3114,MODULE_MISC.PCBLIB,SODIMM50_260_SOCKET,SOCKET for SODIMM-260
3115,MODULE_RASPBERRYPI.PCBLIB,RPI_3,Raspberry Pi 3
3116,MODULE_RASPBERRYPI.PCBLIB,RPI_Z,Raspberry Pi Zero 65X30mm
3117,MODULE_RASPBERRYPI.PCBLIB,RPI_ZC,Raspberry Pi Zero 65X30mm with Cam connector
3118,MODULE_RF_WIRELESS.PCBLIB,XBEE,"XBEE MODULE digi.com, XBEE, XBEE PRO"
3119,MODULE_RF_WIRELESS.PCBLIB,NS73M,
3120,MODULE_RF_WIRELESS.PCBLIB,RF01D,
3121,MODULE_RF_WIRELESS.PCBLIB,RF_HMR,"Module RF, Receiver, HM-R"
3122,MODULE_RF_WIRELESS.PCBLIB,RF_HMT,"Module RF, Transmitter, HM-T"
3123,MODULE_RF_WIRELESS.PCBLIB,RX6788,
3124,MODULE_RF_WIRELESS.PCBLIB,TX6729,
3125,MODULE_RF_WIRELESS.PCBLIB,DRA808M,DRA808M wireless module
3126,MODULE_RF_WIRELESS.PCBLIB,RFM12BP,
3127,MODULE_RF_WIRELESS.PCBLIB,RFM22_D,"MODULE, WIRELESS, RFM22-D"
3128,MODULE_RF_WIRELESS.PCBLIB,RFM22_S,"MODULE, WIRELESS, RFM22-S1"
3129,MODULE_RF_WIRELESS.PCBLIB,RFM12B_D,"MODULE, WIRELESS, RFM12B-D"
3130,MODULE_RF_WIRELESS.PCBLIB,RFM12B_S,"MODULE, WIRELESS, RFM12B-S"
3131,MODULE_RF_WIRELESS.PCBLIB,RF_ETRXB,"Module RF, Receiver, ET-RXB-12, ET-RXB-22"
3132,MODULE_RF_WIRELESS.PCBLIB,RF_SIM20,"RF MODULE, SIMCOM SIM20"
3133,MODULE_RF_WIRELESS.PCBLIB,XBEE_SMD,XBEE SMD MODULE digi.com
3134,MODULE_RF_WIRELESS.PCBLIB,NRF24L01_H,"MODULE, WIRELESS, NRF24L01 HEADER 2X8"
3135,MODULE_RF_WIRELESS.PCBLIB,NRF24L01_S,"MODULE, WIRELESS, NRF24L01+ smd Module"
3136,MODULE_RF_WIRELESS.PCBLIB,RF_ANAREN_A11,"RF MODULE, ANAREN, 2.4GHz,"
3137,MODULE_RF_WIRELESS.PCBLIB,RF_ANAREN_A25,"RF MODULE, ANAREN, 2.4GHz,"
3138,MODULE_RF_WIRELESS.PCBLIB,LGA70_64_13P3X13P4,LGA64_13.3X13.4_0.7mm
3139,MODULEWIFI_ESP.PCBLIB,ESP32S,"ESP-32S, ESP32­WROOM­32E"
3140,MODULEWIFI_ESP.PCBLIB,NODEMCU32,"NodeMCU-32s ESP-32s, 48.26x25.4mm"
3141,MODULEWIFI_ESP.PCBLIB,ESPWROOM32,ESP-WROOM-32
3142,MODULEWIFI_ESP.PCBLIB,ESP8266_ESP01,ESP8266 ESP-01 Wi07C
3143,MODULEWIFI_ESP.PCBLIB,ESP8266_ESP02,ESP8266 ESP-02
3144,MODULEWIFI_ESP.PCBLIB,ESP8266_ESP03,ESP8266 ESP-03
3145,MODULEWIFI_ESP.PCBLIB,ESP8266_ESP04,ESP8266 ESP-04
3146,MODULEWIFI_ESP.PCBLIB,ESP8266_ESP05,ESP8266 ESP-05
3147,MODULEWIFI_ESP.PCBLIB,ESP8266_ESP06,ESP8266 ESP-06
3148,MODULEWIFI_ESP.PCBLIB,ESP8266_ESP07,ESP8266 ESP-07
3149,MODULEWIFI_ESP.PCBLIB,ESP8266_ESP09,ESP8266 ESP-09
3150,MODULEWIFI_ESP.PCBLIB,ESP8266_ESP10,ESP8266 ESP-10
3151,MODULEWIFI_ESP.PCBLIB,ESP8266_ESP11,ESP8266 ESP-11
3152,MODULEWIFI_ESP.PCBLIB,ESP8266_ESP12,ESP8266 ESP-12 Wi-Fi Module
3153,MODULEWIFI_ESP.PCBLIB,ESP8266_ESPW2,ESP8266 ESP-WROOM-02 Wi-Fi Module
3154,MODULEWIFI_ESP.PCBLIB,ESP8266_ESP12E,ESP-12 Wi-Fi Module
3155,MODULEWIFI_ESP.PCBLIB,ESP32_WROOM32UE,ESP32-WROOM-32UE-N4
3156,MODULEWIFI_ESP.PCBLIB,ESP8266_ESP12E_THD,ESP8266 ESP-12-E YHD
3157,PASSIVE_SMD.PCBLIB,L_2,"INDUCTOR, 2.0X2.0mm"
3158,PASSIVE_SMD.PCBLIB,L_3,"INDUCTOR, 3.0X3.2mm, VLS3012"
3159,PASSIVE_SMD.PCBLIB,L_4,"INDUCTOR, 3.8x3.8mm, 3.7x3.5mm, WURTH 744031470"
3160,PASSIVE_SMD.PCBLIB,L_5,"INDUCTOR, 5.0X5.0mm"
3161,PASSIVE_SMD.PCBLIB,L_6,"INDUCTOR, 6.0X6.0mm, SRP6030, XAL6030"
3162,PASSIVE_SMD.PCBLIB,L_7,"INDUCTOR, 7.2X6.9mm, 7.1X6.5mm, SPM6530"
3163,PASSIVE_SMD.PCBLIB,L_8,"INDUCTOR, 7.5X7.5mm, 8x8, DR74"
3164,PASSIVE_SMD.PCBLIB,201,"CHIP Capacitor, 0.5x0.25mm, 0201"
3165,PASSIVE_SMD.PCBLIB,402,"0402, 1005, 100X50, 1.00x0.5mm ( 1.1x0.6mm)"
3166,PASSIVE_SMD.PCBLIB,603,"1608, 160X80, 1.6x0.8mm (1.75x0.95mm)"
3167,PASSIVE_SMD.PCBLIB,805,",0805, 2012, 200X130"
3168,PASSIVE_SMD.PCBLIB,L_10,"INDUCTOR, 10.5X11.5mm, CDRH104R, MSS1038 (coilcraft)"
3169,PASSIVE_SMD.PCBLIB,L_12,"INDUCTOR, 13.5x12.5mm, DR125, CDRH127, D128C 931AS"
3170,PASSIVE_SMD.PCBLIB,L_14,"INDUCTOR, 13.5x12.5mm, DR125, CDRH127, D128C 931AS"
3171,PASSIVE_SMD.PCBLIB,L_5A,"INDUCTOR, 5.0X5.0mm"
3172,PASSIVE_SMD.PCBLIB,0402D,"0402, 1005, 100X50, 1.00x0.5mm ( 1.1x0.6mm), SMD (SolderMask Defined)"
3173,PASSIVE_SMD.PCBLIB,0603D,"1608, 160X80, 1.6x0.8mm (1.75x0.95mm), SMD (SolderMask Defined)"
3174,PASSIVE_SMD.PCBLIB,0805D,"0805, 2012, 200X130, SMD (SolderMask Defined)"
3175,PASSIVE_SMD.PCBLIB,C0100,"CHIP Capacitor, 0.4x0.2mm, 0100, 01005"
3176,PASSIVE_SMD.PCBLIB,C0201,"CHIP Capacitor, 0.5x0.25mm, 0201"
3177,PASSIVE_SMD.PCBLIB,C0204,"CHIP Capacitor, 0.5X1.0mm"
3178,PASSIVE_SMD.PCBLIB,C0306,"CHIP Capacitor, 0.8X1.6mm"
3179,PASSIVE_SMD.PCBLIB,C0402,"CHIP Capacitor, 1.0X0.5mm, 0402"
3180,PASSIVE_SMD.PCBLIB,C0508,"CHIP Capacitor, 1.3X2.0mm, 0508"
3181,PASSIVE_SMD.PCBLIB,C0603,"CHIP Capacitor, 1.6X0.8mm, 0603 OPTIMIZED"
3182,PASSIVE_SMD.PCBLIB,C0805,"CHIP Capacitor, 2.0X1.3mm, 0805"
3183,PASSIVE_SMD.PCBLIB,C1020,"CHIP Capacitor, 2.50x5.00mm"
3184,PASSIVE_SMD.PCBLIB,C1206,"CHIP Capacitor, 3.2X1.6mm, 1206"
3185,PASSIVE_SMD.PCBLIB,C1210,"CHIP Capacitor, 3.2X2.5mm, 1210, 3225"
3186,PASSIVE_SMD.PCBLIB,C1808,"CHIP Capacitor, 4.6X2.0mm, 1808, 1806, 4620, 4520"
3187,PASSIVE_SMD.PCBLIB,C1812,"Chip Capacitor, 4.5x3.2mm, 1612, 1812, 4532"
3188,PASSIVE_SMD.PCBLIB,C1825,"Chip Capacitor, 4.5x6.4mm, 1825, 4564"
3189,PASSIVE_SMD.PCBLIB,C2010,"Chip Capacitor, 5.0x2.5mm"
3190,PASSIVE_SMD.PCBLIB,C2225,"Chip Capacitor, 5.6x6.4mm, 2225, 5664, 2220"
3191,PASSIVE_SMD.PCBLIB,C2512,"Chip Capacitor, 6.4x3.2mm, 2512, 6432"
3192,PASSIVE_SMD.PCBLIB,C2824,"Chip Capacitor, 7.2x6.1x3mm, 2824"
3193,PASSIVE_SMD.PCBLIB,C4030,"Chip Capacitor, 10.2x7.6x5mm, 4030"
3194,PASSIVE_SMD.PCBLIB,C5040,"Chip Capacitor, 12.7x10.2x6mm, 5040"
3195,PASSIVE_SMD.PCBLIB,C6054,"Chip Capacitor, 15.3x13.7x7mm, 6054"
3196,PASSIVE_SMD.PCBLIB,L0402,"INDUCTOR, FERRITE BEAD, 0402, 1.0X0.5mm"
3197,PASSIVE_SMD.PCBLIB,L0603,"INDUCTOR, FERRITE BEAD, 0603, 1.6X0.8mm"
3198,PASSIVE_SMD.PCBLIB,L0606,"INDUCTOR, FERRITE BEAD, 0603, 1.6X1.6mm"
3199,PASSIVE_SMD.PCBLIB,L0805,"INDUCTOR, FERRITE BEAD, 0805, 2.0X1.3mm"
3200,PASSIVE_SMD.PCBLIB,L0806,"INDUCTOR, 2016, 0806, 2.0X1.6mm"
3201,PASSIVE_SMD.PCBLIB,L1007,"INDUCTOR, 2518 [1007], 2.5X1.8mm"
3202,PASSIVE_SMD.PCBLIB,L1008,"INDUCTOR, 2520 1008, 2.5X2.0mm"
3203,PASSIVE_SMD.PCBLIB,L1206,"INDUCTOR, FERRITE BEAD, 1206, 3.2X1.6mm"
3204,PASSIVE_SMD.PCBLIB,L1210,"INDUCTOR, FERRITE BEAD, 1210, 3.2X2.5mm"
3205,PASSIVE_SMD.PCBLIB,L1806,"INDUCTOR, FERRITE BEAD, 1806, 4.5X1.6mm"
3206,PASSIVE_SMD.PCBLIB,L1812,"INDUCTOR, 1812, 4.5X3.2mm"
3207,PASSIVE_SMD.PCBLIB,LM_24,"INDUCTOR, multi size, from 2x2 to 4x4mm"
3208,PASSIVE_SMD.PCBLIB,LM_25,"INDUCTOR, multi size, FROM 2X2 TO 5X5mm"
3209,PASSIVE_SMD.PCBLIB,LM_57,"INDUCTOR, multi size, from 5x5 to 7x7"
3210,PASSIVE_SMD.PCBLIB,L_10A,"INDUCTOR, 10.5X11.5mm, CDRH104R, MSS1038 (coilcraft)"
3211,PASSIVE_SMD.PCBLIB,L_7X5,"INDUCTOR, 6.6X4.4X3mm, SDE6603"
3212,PASSIVE_SMD.PCBLIB,L_7X6,"Precision Wire Wound Inductor, 2-Leads, Body 7.5x6.5x3mm, IPC Medium Density"
3213,PASSIVE_SMD.PCBLIB,L_9X8,"INDUCTOR, 9X7.7X1.6mm 2700 SERIES MURATA"
3214,PASSIVE_SMD.PCBLIB,R0100,"CHIP Resistor, 0.4x0.2mm, 0100"
3215,PASSIVE_SMD.PCBLIB,R0201,"CHIP Resistor, 0.5x0.25mm, 0201"
3216,PASSIVE_SMD.PCBLIB,R0402,"CHIP Resistor, 1.0X0.5mm, 0402"
3217,PASSIVE_SMD.PCBLIB,R0508,"CHIP Resistor, 1.3X2.0mm, 0508"
3218,PASSIVE_SMD.PCBLIB,R0603,"CHIP Resistor 1/10 WATT, 1.6x0.8mm, 0603, OPTIMIZED"
3219,PASSIVE_SMD.PCBLIB,R0612,"CHIP RESISTOR 1/4 WATT, Body 1.6x3.2mm, 1632, 0612"
3220,PASSIVE_SMD.PCBLIB,R0805,"CHIP RESISTOR 1/8 WATT ,2.0X1.3mm, 0805, 2012"
3221,PASSIVE_SMD.PCBLIB,R1206,"CHIP RESISTOR 1/4 WATT, Body 3.2x1.6mm,1206, 3216"
3222,PASSIVE_SMD.PCBLIB,R1210,"CHIP RESISTOR 1/2 WATT, Body 3.2x2.5mm,1210, 3225"
3223,PASSIVE_SMD.PCBLIB,R1825,"CHIP Resistor, 5.1x3.0mm, 4.6X6.4mm, 1825, 4565"
3224,PASSIVE_SMD.PCBLIB,R2010,"CHIP RESISTOR 3/4 WATT, 5.1x3mm, 2010, 5025"
3225,PASSIVE_SMD.PCBLIB,R2512,"CHIP RESISTOR 1 WATT, 6.4X3.2mm, 2512, 6432"
3226,PASSIVE_SMD.PCBLIB,R4527,"CURRENT SENSE RESISTOR, 11.5x7.0X2.4mm, 4527, 11570"
3227,PASSIVE_SMD.PCBLIB,C0100A,"CHIP Capacitor, 0.4x0.2mm, for PCBA, 01005"
3228,PASSIVE_SMD.PCBLIB,C0201A,"CHIP Capacitor, 0.5x0.25mm, for PCBA"
3229,PASSIVE_SMD.PCBLIB,C0201S,"CHIP Capacitor, 0.5x0.25mm, 0201, soldered"
3230,PASSIVE_SMD.PCBLIB,C0402A,"CHIP Capacitor, 1.0X0.5mm, 0402, for PCBA"
3231,PASSIVE_SMD.PCBLIB,C0402D,"CHIP Capacitor, 1.0X0.5mm, 0402, SMD (SolderMask Defined)"
3232,PASSIVE_SMD.PCBLIB,C0402E,"CHIP Capacitor, 1.0X0.5mm, 0402, EXPANDED PAD"
3233,PASSIVE_SMD.PCBLIB,C0402O,"CHIP Capacitor, 1.0X0.5mm, 0402 OPTIMIZED"
3234,PASSIVE_SMD.PCBLIB,C0402S,"CHIP Capacitor, 1.0X0.5mm, 0402, soldered"
3235,PASSIVE_SMD.PCBLIB,C0508A,"CHIP Capacitor, 1.3X2.0mm, 0508"
3236,PASSIVE_SMD.PCBLIB,C0603A,"CHIP Capacitor, 1.6X0.8mm, 0603 for PCBA"
3237,PASSIVE_SMD.PCBLIB,C0603D,"CHIP Capacitor, 1.6X0.8mm, 0603 , SMD (SolderMask Defined)"
3238,PASSIVE_SMD.PCBLIB,C0603E,"CHIP Capacitor, 1.6X0.8mm, EXPANDED PAD"
3239,PASSIVE_SMD.PCBLIB,C0603S,"CHIP Capacitor, 1.6X0.8mm, 0603, soldered"
3240,PASSIVE_SMD.PCBLIB,C0805A,"CHIP Capacitor, 2.0X1.3mm, 0805, for PCBA"
3241,PASSIVE_SMD.PCBLIB,C0805D,"CHIP Capacitor, 2.0X1.3mm, 0805, SMD (SolderMask Defined)"
3242,PASSIVE_SMD.PCBLIB,C0805E,"CHIP Capacitor, 2.0X1.3mm, 0805, EXPANDED PAD"
3243,PASSIVE_SMD.PCBLIB,C0805S,"CHIP Capacitor, 2.0X1.3mm, 0805, soldered"
3244,PASSIVE_SMD.PCBLIB,C1206A,"CHIP Capacitor, 3.2X1.6mm, 1206, for PCBA"
3245,PASSIVE_SMD.PCBLIB,C1206D,"CHIP Capacitor, 3.2X1.6mm, 1206, SMD (SolderMask Defined)"
3246,PASSIVE_SMD.PCBLIB,C1206E,"CHIP Capacitor, 3.2X1.6mm, 1206, EXPANDED PAD"
3247,PASSIVE_SMD.PCBLIB,C1206O,"CHIP Capacitor, 3.2X1.6mm, 1206"
3248,PASSIVE_SMD.PCBLIB,C1206S,"CHIP Capacitor, 3.2X1.6mm, 1206, soldered"
3249,PASSIVE_SMD.PCBLIB,C1210A,"CHIP Capacitor, 3.2X2.5mm, 1210, for PCBA"
3250,PASSIVE_SMD.PCBLIB,C1210D,"CHIP Capacitor, 3.2X2.5mm, 1210, 3225, SMD (SolderMask Defined)"
3251,PASSIVE_SMD.PCBLIB,C1210E,"CHIP Capacitor, 3.2X2.5mm, EXPANDED PAD"
3252,PASSIVE_SMD.PCBLIB,C1210S,"CHIP Capacitor, 3.2X2.5mm, 1210, 3225, Soldered"
3253,PASSIVE_SMD.PCBLIB,L0402A,"INDUCTOR, FERRITE BEAD, 0402, 1.0X0.5mm"
3254,PASSIVE_SMD.PCBLIB,L0402D,"INDUCTOR, FERRITE BEAD, 0402, 1.0X0.5mm, SMD (SolderMask Defined)"
3255,PASSIVE_SMD.PCBLIB,L0402E,"INDUCTOR, FERRITE BEAD, 0402, 1.0X0.5mm, EXPANDED PAD"
3256,PASSIVE_SMD.PCBLIB,L0603A,"INDUCTOR, FERRITE BEAD, 0603, 1.6X0.8mm"
3257,PASSIVE_SMD.PCBLIB,L0603D,"INDUCTOR, FERRITE BEAD, 0603, 1.6X0.8mm, SMD (SolderMask Defined)"
3258,PASSIVE_SMD.PCBLIB,L0603E,"INDUCTOR, FERRITE BEAD, 0603, 1.6X0.8mm, EXPANDED PAD"
3259,PASSIVE_SMD.PCBLIB,L0805A,"INDUCTOR, 2.0X1.3mm, 0805, for PCBA"
3260,PASSIVE_SMD.PCBLIB,L0805D,"INDUCTOR, FERRITE BEAD, 0805, 2.0X1.3mm, SMD (SolderMask Defined)"
3261,PASSIVE_SMD.PCBLIB,L0805E,"INDUCTOR, FERRITE BEAD, 0805, EXPANDED PAD"
3262,PASSIVE_SMD.PCBLIB,L0806A,"INDUCTOR, 2016, 0806, 2.0X1.6mm"
3263,PASSIVE_SMD.PCBLIB,L1007A,"INDUCTOR, 2518 [1007], 2.5X1.8mm"
3264,PASSIVE_SMD.PCBLIB,L1008A,"INDUCTOR, 2520 1008, 2.5X2.0mm, for PCBA"
3265,PASSIVE_SMD.PCBLIB,L1206A,"INDUCTOR, FERRITE BEAD, 1206, for PCBA"
3266,PASSIVE_SMD.PCBLIB,L1206D,"INDUCTOR, FERRITE BEAD, 1206, 3.2X1.6mm, SMD (SolderMask Defined)"
3267,PASSIVE_SMD.PCBLIB,L1206E,"INDUCTOR, FERRITE BEAD, 1206, EXPANDED PAD"
3268,PASSIVE_SMD.PCBLIB,L1210A,"INDUCTOR, FERRITE BEAD, 1210, for PCBA"
3269,PASSIVE_SMD.PCBLIB,L1210D,"INDUCTOR, FERRITE BEAD, 1210, 3.2X2.5mm, SMD (SolderMask Defined)"
3270,PASSIVE_SMD.PCBLIB,L1806A,"INDUCTOR, FERRITE BEAD, 1806, 4.5X1.6mm"
3271,PASSIVE_SMD.PCBLIB,L1812A,"INDUCTOR, 1812, 4.5X3.2mm, for PCBA"
3272,PASSIVE_SMD.PCBLIB,LM_810,"INDUCTOR, multi size, FROM 8X8 TO 10X10"
3273,PASSIVE_SMD.PCBLIB,L_11X7,"INDUCTOR, 7.5X10.8X7.2mm, SLC1175"
3274,PASSIVE_SMD.PCBLIB,L_4_H2,"INDUCTOR, 4.1X4.1X2.1mm, VLCF4020"
3275,PASSIVE_SMD.PCBLIB,L_5_H2,"INDUCTOR, 5.0X5.0X2mm"
3276,PASSIVE_SMD.PCBLIB,R0100A,"CHIP Resistor, 0.4x0.2mm, for PCBA"
3277,PASSIVE_SMD.PCBLIB,R0201A,"CHIP Resistor, 0.5x0.25mm, for PCBA"
3278,PASSIVE_SMD.PCBLIB,R0201S,"CHIP Resistor, 0.5x0.25mm, 0201, soldered"
3279,PASSIVE_SMD.PCBLIB,R0402A,"CHIP Resistor, 1.0X0.5mm, 0402, for PCBA"
3280,PASSIVE_SMD.PCBLIB,R0402D,"CHIP Resistor 1/16WATT, 1.0X0.5mm, 0402, SMD (SolderMask Defined)"
3281,PASSIVE_SMD.PCBLIB,R0402E,"CHIP Resistor 1/16 WATT, 1.0X0.5mm, EXPANDED PAD"
3282,PASSIVE_SMD.PCBLIB,R0402H,"CHIP Resistor, 1.0X0.5mm, 0402, High Density"
3283,PASSIVE_SMD.PCBLIB,R0402O,0402 Optimized for place close together
3284,PASSIVE_SMD.PCBLIB,R0402S,"CHIP Resistor 1/16 WATT, 1.0X0.5mm, 0402, 1005, soldered"
3285,PASSIVE_SMD.PCBLIB,R0508A,"CHIP Resistor, 1.3X2.0mm, 0508"
3286,PASSIVE_SMD.PCBLIB,R0603A,"CHIP Resistor 1/10 WATT, 1.6x0.8mm, 0603,  for PCBA"
3287,PASSIVE_SMD.PCBLIB,R0603D,"CHIP Resistor 1/10 WATT, 1.6x0.8mm, 0603, SMD (SolderMask Defined)"
3288,PASSIVE_SMD.PCBLIB,R0603E,"CHIP Resistor 1/10 WATT, 1.6x0.8mm, 0603, EXPANDED PAD"
3289,PASSIVE_SMD.PCBLIB,R0603O,"CHIP Resistor 1/10 WATT, 1.6x0.8mm, 0603, optimized for Higher isolation"
3290,PASSIVE_SMD.PCBLIB,R0603S,"CHIP Resistor 1/10 WATT, 1.6x0.8mm, 0603, 1608, soldered"
3291,PASSIVE_SMD.PCBLIB,R0805A,"CHIP RESISTOR 1/8 WATT ,2.0X1.3mm, 0805, for PCBA"
3292,PASSIVE_SMD.PCBLIB,R0805D,"CHIP RESISTOR 1/8 WATT ,2.0X1.3mm, 0805, 2012, SMD (SolderMask Defined)"
3293,PASSIVE_SMD.PCBLIB,R0805E,"CHIP RESISTOR 1/8 WATT ,2.0X1.3mm, 0805, EXPANDED PAD"
3294,PASSIVE_SMD.PCBLIB,R0805S,"CHIP RESISTOR 1/8 WATT ,2.0X1.3mm, 0805, 2012, soldered"
3295,PASSIVE_SMD.PCBLIB,R1206A,"CHIP RESISTOR 1/4 WATT, Body 3.2x1.6mm,1206, for PCBA"
3296,PASSIVE_SMD.PCBLIB,R1206D,"CHIP RESISTOR 1/4 WATT, Body 3.2x1.6mm,1206, 3216, SMD (SolderMask Defined)"
3297,PASSIVE_SMD.PCBLIB,R1206E,"CHIP RESISTOR 1/4 WATT, EXPANDED PAD"
3298,PASSIVE_SMD.PCBLIB,R1206O,"CHIP RESISTOR 1/4 WATT, Body 3.2x1.6mm,1206, 3216"
3299,PASSIVE_SMD.PCBLIB,R1206S,"CHIP RESISTOR 1/4 WATT, Body 3.2x1.6mm,1206, 3216, soldered"
3300,PASSIVE_SMD.PCBLIB,R1210A,"CHIP RESISTOR 1/2 WATT, Body 3.2x2.5mm,1210, for PCBA"
3301,PASSIVE_SMD.PCBLIB,R1210D,"CHIP RESISTOR 1/2 WATT, Body 3.2x2.5mm,1210, 3225, SMD (SolderMask Defined)"
3302,PASSIVE_SMD.PCBLIB,R1210E,"CHIP RESISTOR 1/2 WATT, EXPANDED PAD"
3303,PASSIVE_SMD.PCBLIB,R1210S,"CHIP RESISTOR 1/2 WATT, Body 3.2x2.5mm,1210, 3225, soldered"
3304,PASSIVE_SMD.PCBLIB,C008004,"CHIP Capacitor, 0.25x0.125mm, 008004, MK021, VS021"
3305,PASSIVE_SMD.PCBLIB,C0402AO,"CHIP Capacitor, 1.0X0.5mm, 0402, for PCBA optimized"
3306,PASSIVE_SMD.PCBLIB,C0402O2,"CHIP Capacitor, 1.0X0.5mm, 0402 OPTIMIZED"
3307,PASSIVE_SMD.PCBLIB,L0402AO,"INDUCTOR, FERRITE BEAD, 1.0X0.5mm, 0402, for PCBA optimized"
3308,PASSIVE_SMD.PCBLIB,LPD3015,"INDUCTOR, coupled, 3X3X1.5mm"
3309,PASSIVE_SMD.PCBLIB,LPD5030,"INDUCTOR, coupled, 5X5X3mm"
3310,PASSIVE_SMD.PCBLIB,LPS4018,"INDUCTOR, 4X4X1.8mm"
3311,PASSIVE_SMD.PCBLIB,L_13X10,"INDUCTOR, 13X9.5mm, 12.7X10mm"
3312,PASSIVE_SMD.PCBLIB,L_18X15,"INDUCTOR, 18.5X15.24mm"
3313,PASSIVE_SMD.PCBLIB,L_CDRH2,"CDRH2D18, 3.2x3.2x2.0mm"
3314,PASSIVE_SMD.PCBLIB,L_CDRH5,"INDUCTOR, 6X6X2mm, CDRH5D18"
3315,PASSIVE_SMD.PCBLIB,R0402AO,"CHIP Resistor, 1.0X0.5mm, 0402, for PCBA optimized"
3316,PASSIVE_SMD.PCBLIB,C008004A,"CHIP Capacitor, 0.25x0.125mm, for PCBA"
3317,PASSIVE_SMD.PCBLIB,C0603OLD,"CHIP Capacitor, 1.6X0.8mm, 0603"
3318,PASSIVE_SMD.PCBLIB,C2225_23,"Chip Capacitor, 5.6x6.4mm, 2225, 5664, 2220"
3319,PASSIVE_SMD.PCBLIB,C2225_46,"Chip Capacitor, 5.6x6.4mm, 2225, 5664, 2220"
3320,PASSIVE_SMD.PCBLIB,C2824_50,"Chip Capacitor, 7.2x6.1x5mm, 2824"
3321,PASSIVE_SMD.PCBLIB,CP0402X4,"Capacitor Network 0508, 0402X4, 1.3x2.0mm"
3322,PASSIVE_SMD.PCBLIB,CP0603X4,"Capacitor Network 0612, 0603X4, 1.6x3.2mm"
3323,PASSIVE_SMD.PCBLIB,L0603OLD,"INDUCTOR, FERRITE BEAD, 0603, 1.6X0.8mm"
3324,PASSIVE_SMD.PCBLIB,L_4_H3_A,"INDUCTOR, 4X4X2.8mm"
3325,PASSIVE_SMD.PCBLIB,L_5_CD54,"INDUCTOR, 5.2x5.8x4.5mm"
3326,PASSIVE_SMD.PCBLIB,R0603OLD,"CHIP Resistor 1/10 WATT, 1.6x0.8mm, 0603, 1608"
3327,PASSIVE_SMD.PCBLIB,RP0402X4,"RPACK, 0804, 0402X4, 100X50X4, 2.00x1.00mm"
3328,PASSIVE_SMD.PCBLIB,RP0402X8,"RPACK, 0402X8, 4x1.6mm"
3329,PASSIVE_SMD.PCBLIB,RP0603X2,"RPACK, 0603X2, 742C043, EXBV4V"
3330,PASSIVE_SMD.PCBLIB,RP0603X4,"RPACK, 0603X4, 160X80X4 1206, 742C083, EXBV8V"
3331,PASSIVE_SMD.PCBLIB,RP0603X8,"RPACK, 0603X8, 742C163, EXB2HV"
3332,PASSIVE_SMD.PCBLIB,RP0805X4,"RPACK, 0805X4, EXBS8V"
3333,PASSIVE_SMD.PCBLIB,CP0603X4A,"Capacitor Network 0612, 0603X4, 1.6x3.2mm"
3334,PASSIVE_SMD.PCBLIB,C_EL_D3L5,"Electrolytic Cap, D: 3.3mm, Size A, 5mm Height"
3335,PASSIVE_SMD.PCBLIB,C_EL_D4L4,"Electrolytic Cap, D: 4.3mm, Size B, 3.9mm Height"
3336,PASSIVE_SMD.PCBLIB,C_EL_D4L5,"Electrolytic Cap, D: 4.3mm, Size B, 5.5mm Height"
3337,PASSIVE_SMD.PCBLIB,C_EL_D5L5,"Electrolytic Cap, D: 5.0mm, L: 5.4mm"
3338,PASSIVE_SMD.PCBLIB,C_EL_D5L6,"Electrolytic Cap, D: 5.0mm, L: 5.8mm, Size C"
3339,PASSIVE_SMD.PCBLIB,C_EL_D6L4,"Electrolytic Cap, D: 6.3mm L: 3.9mm, Size D"
3340,PASSIVE_SMD.PCBLIB,C_EL_D6L5,"Electrolytic Cap, D: 6.3mm L: 5.4mm, Size D"
3341,PASSIVE_SMD.PCBLIB,C_EL_D6L6,"Electrolytic Cap, D: 6.3mm L: 5.8mm, Size D"
3342,PASSIVE_SMD.PCBLIB,C_EL_D6L8,"Electrolytic Cap, D: 6.3mm L: 7.7mm, Size D8"
3343,PASSIVE_SMD.PCBLIB,C_EL_D8L6,"Electrolytic Cap, 8.3X6"
3344,PASSIVE_SMD.PCBLIB,C_TN_1608,"CAPACITOR, TAN M, 1.6X0.8mm, 0603"
3345,PASSIVE_SMD.PCBLIB,C_TN_2012,"CAPACITOR, TAN N, TAN P, TAN R, 0805P, 2X1.3mm"
3346,PASSIVE_SMD.PCBLIB,C_TN_3216,"CAPACITOR, TAN A, 1206P, 3.2x1.6mm"
3347,PASSIVE_SMD.PCBLIB,C_TN_3528,"CAPACITOR, TAN B, TAN H, TAN T, TAN M, 3528P, 1210P, 3.5X2.8mm"
3348,PASSIVE_SMD.PCBLIB,C_TN_6032,"CAPACITOR, TAN C, TAN F, TAN U, TAN L, 6032P, 6.0X3.2mm"
3349,PASSIVE_SMD.PCBLIB,C_TN_7343,"CAPACITOR, TAN D, TAN E, TAN Y, TAN X, 7343P, 7.3X4.3mm"
3350,PASSIVE_SMD.PCBLIB,C_TN_7361,"CAPACITOR, TAN V, 2924, 7361, 7.3X6.1mm"
3351,PASSIVE_SMD.PCBLIB,L_XAL1010,"Inductor, XAL1010, 10.50x11.3x10mm"
3352,PASSIVE_SMD.PCBLIB,L_XAL1030,"Inductor, XAL1030, 10.50x11.3x3.1mm"
3353,PASSIVE_SMD.PCBLIB,L_XAL1060,"Inductor, XAL1060, 10.50x11.3x6.0mm"
3354,PASSIVE_SMD.PCBLIB,L_XAL1350,"Inductor, XAL1350, 13x14x5mm"
3355,PASSIVE_SMD.PCBLIB,L_XAL1510,"Inductor, XAL1510, 15.2x16.2x11mm"
3356,PASSIVE_SMD.PCBLIB,L_XAL1513,"Inductor, XAL1513, 15.2x16.2x13mm"
3357,PASSIVE_SMD.PCBLIB,L_XAL1580,"Inductor, XAL1580, 15.2x16.2x8.2mm"
3358,PASSIVE_SMD.PCBLIB,L_XAL4014,"Inductor, XAL4014, 4.0x4.0x1.4mm"
3359,PASSIVE_SMD.PCBLIB,L_XAL4020,"Inductor, XAL4020, 4.0x4.0x2.1mm"
3360,PASSIVE_SMD.PCBLIB,L_XAL4030,"Inductor, XAL4030, 4.0x4.0x3.1mm"
3361,PASSIVE_SMD.PCBLIB,L_XAL4040,"Inductor, XAL4030, 4.0x4.0x4.1mm"
3362,PASSIVE_SMD.PCBLIB,L_XAL5020,"Inductor, XAL5020, 5.3x5.5x2.0mm"
3363,PASSIVE_SMD.PCBLIB,L_XAL5030,"Inductor, XAL5030, 5.3x5.5x3.1mm"
3364,PASSIVE_SMD.PCBLIB,L_XAL5050,"Inductor, XAL5050, 5.3x5.5x5.1mm"
3365,PASSIVE_SMD.PCBLIB,L_XAL6020,"Inductor, XAL6020, 6.36x6.56x2.1mm"
3366,PASSIVE_SMD.PCBLIB,L_XAL6030,"Inductor, XAL6030, 6.36x6.56x3.1mm"
3367,PASSIVE_SMD.PCBLIB,L_XAL6060,"Inductor, XAL6060, 6.36x6.56x6.1mm"
3368,PASSIVE_SMD.PCBLIB,L_XAL7020,"Inductor, XAL7020, 7.5x7.5x2.1mm"
3369,PASSIVE_SMD.PCBLIB,L_XAL7030,"Inductor, XAL7030, 7.5x7.5x3.1mm"
3370,PASSIVE_SMD.PCBLIB,L_XAL7070,"Inductor, XAL7070, 7.5x7.5x7.0mm"
3371,PASSIVE_SMD.PCBLIB,L_XAL8080,"Inductor, XAL8080, 8.1x8.6x8mm"
3372,PASSIVE_SMD.PCBLIB,RMELF0102,"RESISTOR, MICRO MELF 0102, as 0805, 0.2WATT, L2.2xD1.2mm"
3373,PASSIVE_SMD.PCBLIB,RMELF0204,"RESISTOR, mini MELF 0204, as 1206, 0.4WATT, L3.6xD1.4mm"
3374,PASSIVE_SMD.PCBLIB,RMELF0207,"RESISTOR, MELF 0207, as 2512, 1WATT, L5.9xD2.4mm"
3375,PASSIVE_SMD.PCBLIB,RMELF0309,"RESISTOR, MELF 0309, 2WATT, L8.5xD3.4mm"
3376,PASSIVE_SMD.PCBLIB,RP0402X4A,"RPACK, 0804, 0402X4, 100X50X4, 2.00x1.00mm"
3377,PASSIVE_SMD.PCBLIB,C_EL_D10L9,"Electrolytic Cap, 10.3mm, L: 8.7mm"
3378,PASSIVE_SMD.PCBLIB,C_EL_D6L5A,"Electrolytic Cap, D: 6.3mm L: 5.4mm, Size D"
3379,PASSIVE_SMD.PCBLIB,C_EL_D8L10,"Electrolytic Cap, Size E, Size F, 8.3X10"
3380,PASSIVE_SMD.PCBLIB,C_TN_7343A,"CAPACITOR, TAN D, TAN E, TAN Y, TAN X, 7343P, 7.3X4.3mm"
3381,PASSIVE_SMD.PCBLIB,C_TRM_1715,"Cap, Trimmer TZR1 1.7mmX1.5mm"
3382,PASSIVE_SMD.PCBLIB,C_TRM_3223,"Cap, Trimmer TZV2 2.3mmX3.2mm"
3383,PASSIVE_SMD.PCBLIB,C_TRM_3225,"Cap, Trimmer TZY2 2.5mmX3.2mm"
3384,PASSIVE_SMD.PCBLIB,C_TRM_4532,"Cap, Trimmer TZC3 4.5X3.2mm, JOHANSON 9343"
3385,PASSIVE_SMD.PCBLIB,C_TRM_4542,"Cap, Trimmer TZB4 4.5X4.2mm"
3386,PASSIVE_SMD.PCBLIB,C_TRM_4842,"Cap, Trimmer SMD 4.8x4.2mm"
3387,PASSIVE_SMD.PCBLIB,C_TRM_7H15,"Cap Air, Trimmer JOHANSON 1585, >8 Turn, 7.1x H 14.8mm"
3388,PASSIVE_SMD.PCBLIB,L_7_CDRH74,"INDUCTOR, 7.3x7.3x4.5mm, CDRH74, 7.2x6.9mm, 7.1x6.5mm"
3389,PASSIVE_SMD.PCBLIB,C_EL_D10L10,"Electrolytic Cap, 10.3mm, L: 10.2mm, size G"
3390,PASSIVE_SMD.PCBLIB,C_EL_D10L12,"Electrolytic Cap, 10.3mm, L: 12.4mm"
3391,PASSIVE_SMD.PCBLIB,C_EL_D12L13,"Electrolytic Cap, 12.5x13mm, size H"
3392,PASSIVE_SMD.PCBLIB,C_EL_D16L16,"Electrolytic Cap, 16x16.5mm, size J"
3393,PASSIVE_SMD.PCBLIB,C_EL_D18L16,"Electrolytic Cap, 18x16.5mm, size K"
3394,PASSIVE_SMD.PCBLIB,C_EL_D8L10A,"Electrolytic Cap, Size E, Size F, 8.3X10"
3395,PASSIVE_SMD.PCBLIB,L_4_CDR4H28,"INDUCTOR, 4X4X2.8mm, CDR4H28"
3396,PASSIVE_SMD.PCBLIB,L_7_CLF7045,"INDUCTOR, 7.2x6.9x4.5mm, CLF7045"
3397,PASSIVE_SMD.PCBLIB,RARRX8_4021,"Resistor ARRAY X8, SMD, 4.0x2.1mm, EXBE10"
3398,PASSIVE_SMD.PCBLIB,C_TN_7343_31,"CAPACITOR, TAN D, TAN E, TAN Y, TAN X, 7343P, 7.3X4.3mm"
3399,PASSIVE_SMD.PCBLIB,C_TN_7361_20,"CAPACITOR, TAN 4, TAN 8, 2924, 7361-20, 7.3X6.1x2mm"
3400,PASSIVE_SMD.PCBLIB,L_3_CDRH2D16,"INDUCTOR, 3.0X3.2mm, CDRH2D16"
3401,PASSIVE_SMD.PCBLIB,C_TN_3216_BLK,"CAPACITOR, TAN A, 3.2x1.6mm, BLACK"
3402,PASSIVE_SMD.PCBLIB,C_TN_3528_BLK,"CAPACITOR, TAN B, 3.5X2.8mm, BLACK"
3403,PASSIVE_SMD.PCBLIB,C_TN_6032_BLK,"CAPACITOR, TAN C, 6.0X3.2mm, BLACK"
3404,PASSIVE_SMD.PCBLIB,LTOR_25X10SMD,"INDUCTOR, TORIOD, 25.0X10.0mm BENDED"
3405,PASSIVE_SMD.PCBLIB,C_TN_7343_31_BLK,"CAPACITOR, TAN D, 7.3X4.3mm, BLACK"
3406,PASSIVE_THD.PCBLIB,LT_C6,"INDUCTOR, Cylinder, 6mm,"
3407,PASSIVE_THD.PCBLIB,LT_C7,"INDUCTOR, Cylinder, 7.5mm,"
3408,PASSIVE_THD.PCBLIB,RWW4W,"RESISTOR 4 WATT, Ceramic Wirewound"
3409,PASSIVE_THD.PCBLIB,RWW5W,"RESISTOR 5 WATT, Ceramic Wirewound"
3410,PASSIVE_THD.PCBLIB,LT_C10,"INDUCTOR, Cylinder, 10mm,"
3411,PASSIVE_THD.PCBLIB,RWW10W,"RESISTOR 10 WATT, Ceramic Wirewound"
3412,PASSIVE_THD.PCBLIB,LT_AX04,"INDUCTOR, Axial, 9.8mm,"
3413,PASSIVE_THD.PCBLIB,CTRM_6X6,"CAP, TRIMMER, Murata TZ03"
3414,PASSIVE_THD.PCBLIB,C_CER_D5,"CAP, CER, D:5mm, pitch: 2.5mm"
3415,PASSIVE_THD.PCBLIB,C_CER_D6,"CAP, CER MULTILAYER, 5.8X1.7mm, pitch: 2.5mm"
3416,PASSIVE_THD.PCBLIB,C_CER_D7,"CAP, CER MULTILAYER, 7.0X1.7mm, pitch: 5.0mm"
3417,PASSIVE_THD.PCBLIB,C_CER_D8,"CAP, CER, D: 8.3mm, pitch: 5.08mm"
3418,PASSIVE_THD.PCBLIB,C_EL_4X7,"Capacitor Electrolythic, D4.0X7.0H pitch: 1.5mm"
3419,PASSIVE_THD.PCBLIB,C_EL_5X7,"Capacitor Electrolythic, D5.0X7.0H pitch: 2mm"
3420,PASSIVE_THD.PCBLIB,C_EL_6X7,"Capacitor Electrolythic, D6.3X7.0H pitch: 2.5mm"
3421,PASSIVE_THD.PCBLIB,LT_AX025,"INDUCTOR, Axial, 6.4mm,"
3422,PASSIVE_THD.PCBLIB,R1W_AX06,"RESISTOR 1 WATT, AXIAL0.6"
3423,PASSIVE_THD.PCBLIB,R2W_AX08,"RESISTOR 2 WATT, AXIAL0.8"
3424,PASSIVE_THD.PCBLIB,R3W_AX09,"RESISTOR 3 WATT, AXIAL0.9"
3425,PASSIVE_THD.PCBLIB,C_CERM_D3,"CAP, CER MULTILAYER, D:3.5mm, pitch: 2.54mm"
3426,PASSIVE_THD.PCBLIB,C_CERM_D4,"CAP, CER MULTILAYER, 4.2X2.0mm, pitch: 5.0mm, TDK FK24"
3427,PASSIVE_THD.PCBLIB,C_CERM_D5,"CAP, CER MULTILAYER, 5.0X2.5mm, pitch: 2.5mm, RAD0.1"
3428,PASSIVE_THD.PCBLIB,C_CERM_D6,"CAP, CER MULTILAYER, 6X2mm, pitch: 5mm"
3429,PASSIVE_THD.PCBLIB,C_CERM_D7,"CAP, CER MULTILAYER, 7.0X2.6mm, pitch: 5.0mm"
3430,PASSIVE_THD.PCBLIB,C_CERM_D8,"CAP, CER, High Voltage MultiLayer"
3431,PASSIVE_THD.PCBLIB,C_EL_5X11,"Capacitor Electrolythic, D5.0X11.0H pitch: 2mm"
3432,PASSIVE_THD.PCBLIB,C_EL_5X12,"Capacitor Electrolythic, D5X12H pitch: 2mm"
3433,PASSIVE_THD.PCBLIB,C_EL_5X20,"Capacitor Electrolythic, D5X20H pitch: 2.5mm"
3434,PASSIVE_THD.PCBLIB,C_EL_6X11,"Cap Elec, D6.3X11.0H pitch: 2.5mm"
3435,PASSIVE_THD.PCBLIB,C_EL_6X12,"Capacitor Electrolythic, D6.3X12H pitch: 2.5mm"
3436,PASSIVE_THD.PCBLIB,C_EL_8X12,"Capacitor Electrolythic, D8.0X12.0H pitch: 3.5mm"
3437,PASSIVE_THD.PCBLIB,C_EL_8X14,"Capacitor Electrolythic, D8X14H pitch: 3.5mm"
3438,PASSIVE_THD.PCBLIB,C_EL_8X20,"Capacitor Electrolythic, D8X14H pitch: 3.5mm"
3439,PASSIVE_THD.PCBLIB,LTOR_15X6,"INDUCTOR, TORIOD, 15.0X6.0mm"
3440,PASSIVE_THD.PCBLIB,R05W_AX05,"RESISTOR 0.5 WATT, AXIAL0.5"
3441,PASSIVE_THD.PCBLIB,R10W_AX11,"RESISTOR 10 WATT, AXIAL1.1"
3442,PASSIVE_THD.PCBLIB,R10W_AX14,"RESISTOR 10 WATT, AXIAL1.4"
3443,PASSIVE_THD.PCBLIB,R10W_AX20,"RESISTOR 10 WATT, AXIAL2.0"
3444,PASSIVE_THD.PCBLIB,RWW2W_VER,"RESISTOR 2 WATT, Ceramic Wirewound"
3445,PASSIVE_THD.PCBLIB,RWW5W_VER,"RESISTOR 5 WATT, Ceramic Wirewound"
3446,PASSIVE_THD.PCBLIB,CTRM_10X10,"CAP, TRIMMER, 10X10mm 3P"
3447,PASSIVE_THD.PCBLIB,C_CERM_D10,"CAP, CER MULTILAYER, 12X4mm, pitch: 7.5mm"
3448,PASSIVE_THD.PCBLIB,C_CERM_D12,"CAP, CER, High Voltage MultiLayer"
3449,PASSIVE_THD.PCBLIB,C_CERM_D14,"CAP, CER, High Voltage MultiLayer"
3450,PASSIVE_THD.PCBLIB,C_CERM_D5E,"CAP, CER, High Voltage MultiLayer"
3451,PASSIVE_THD.PCBLIB,C_CERM_D8E,"CAP, CER, High Voltage MultiLayer"
3452,PASSIVE_THD.PCBLIB,C_EL_10X12,"Capacitor Electrolythic, D10.0X12.0H pitch: 5.0mm"
3453,PASSIVE_THD.PCBLIB,C_EL_10X16,"Capacitor Electrolythic, D10.0X16.0H pitch: 5.0mm"
3454,PASSIVE_THD.PCBLIB,C_EL_10X20,"Cap Elec, D10.0X20.0H pitch: 5.0mm, RB.2/.4"
3455,PASSIVE_THD.PCBLIB,C_EL_10X25,"Capacitor Electrolythic, D10X25H pitch: 5mm"
3456,PASSIVE_THD.PCBLIB,C_EL_10X30,"Capacitor Electrolythic, D10X30H pitch: 5mm"
3457,PASSIVE_THD.PCBLIB,C_EL_12X15,"Capacitor Electrolythic, D12.5X15H pitch: 5mm"
3458,PASSIVE_THD.PCBLIB,C_EL_12X20,"Capacitor Electrolythic, D12.5X20H pitch: 5mm"
3459,PASSIVE_THD.PCBLIB,C_EL_12X25,"Cap Elec, D12.0X25.0H pitch: 5.0mm, RB.2/.5"
3460,PASSIVE_THD.PCBLIB,C_EL_12X30,"Capacitor Electrolythic, D12.5X30H pitch: 5mm"
3461,PASSIVE_THD.PCBLIB,C_EL_12X35,"Capacitor Electrolythic, D12.5X35H pitch: 5mm"
3462,PASSIVE_THD.PCBLIB,C_EL_12X40,"Capacitor Electrolythic, D12.5X40H pitch: 5mm"
3463,PASSIVE_THD.PCBLIB,C_EL_12X45,"Capacitor Electrolythic, D12.5X45H pitch: 5mm"
3464,PASSIVE_THD.PCBLIB,C_EL_12X50,"Capacitor Electrolythic, D12.5X50H pitch: 5mm"
3465,PASSIVE_THD.PCBLIB,C_EL_13X25,"Capacitor Electrolythic, D13X25H pitch: 5mm"
3466,PASSIVE_THD.PCBLIB,C_EL_14X20,"Capacitor Electrolythic, D14.5X20H pitch: 7.4mm"
3467,PASSIVE_THD.PCBLIB,C_EL_14X25,"Capacitor Electrolythic, D14.5X25H pitch: 7.4mm"
3468,PASSIVE_THD.PCBLIB,C_EL_14X30,"Capacitor Electrolythic, D14.5X30H pitch: 7.4mm"
3469,PASSIVE_THD.PCBLIB,C_EL_14X35,"Capacitor Electrolythic, D14.5X35H pitch: 7.4mm"
3470,PASSIVE_THD.PCBLIB,C_EL_14X40,"Capacitor Electrolythic, D14.5X40H pitch: 7.4mm"
3471,PASSIVE_THD.PCBLIB,C_EL_14X45,"Capacitor Electrolythic, D14.5X45H pitch: 7.4mm"
3472,PASSIVE_THD.PCBLIB,C_EL_14X50,"Capacitor Electrolythic, D14.5X50H pitch: 7.4mm"
3473,PASSIVE_THD.PCBLIB,C_EL_16X15,"Capacitor Electrolythic, D16X15H pitch: 7.4mm"
3474,PASSIVE_THD.PCBLIB,C_EL_16X20,"Capacitor Electrolythic, D16X20H pitch: 7.4mm"
3475,PASSIVE_THD.PCBLIB,C_EL_16X25,"Cap Elec, D16.0X25.0H pitch: 7.6mm, RB.3/.6"
3476,PASSIVE_THD.PCBLIB,C_EL_16X31,"Capacitor Electrolythic, D16X31H pitch: 7.4mm"
3477,PASSIVE_THD.PCBLIB,C_EL_16X35,"Capacitor Electrolythic, D16X35H pitch: 7.4mm"
3478,PASSIVE_THD.PCBLIB,C_EL_16X40,"Capacitor Electrolythic, D16X40H pitch: 7.4mm"
3479,PASSIVE_THD.PCBLIB,C_EL_16X45,"Capacitor Electrolythic, D16X45H pitch: 7.4mm"
3480,PASSIVE_THD.PCBLIB,C_EL_16X50,"Capacitor Electrolythic, D16X50H pitch: 7.4mm"
3481,PASSIVE_THD.PCBLIB,C_EL_18X20,"Capacitor Electrolythic, D18X20H pitch: 7.4mm"
3482,PASSIVE_THD.PCBLIB,C_EL_18X25,"Capacitor Electrolythic, D18X25H pitch: 7.4mm"
3483,PASSIVE_THD.PCBLIB,C_EL_18X31,"Capacitor Electrolythic, D18X31H pitch: 7.4mm"
3484,PASSIVE_THD.PCBLIB,C_EL_18X35,"Cap Elec, D18.0X35.0H pitch: 7.6mm, RB.3/.7"
3485,PASSIVE_THD.PCBLIB,C_EL_18X40,"Capacitor Electrolythic, D18X40H pitch: 7.4mm"
3486,PASSIVE_THD.PCBLIB,C_EL_18X45,"Capacitor Electrolythic, D18X45H pitch: 7.4mm"
3487,PASSIVE_THD.PCBLIB,C_EL_18X50,"Capacitor Electrolythic, D18X50H pitch: 7.4mm"
3488,PASSIVE_THD.PCBLIB,C_EL_20X35,"Cap Elec, D20.0X35.0H pitch: 10.0mm, RB.4/.8"
3489,PASSIVE_THD.PCBLIB,C_EL_25X40,"Cap Elec, D25.0X40.0H pitch: 12.8mm, RB.5/1"
3490,PASSIVE_THD.PCBLIB,C_EL_30X50,"Cap Elec, D30.0X50.0H pitch: 10.0mm"
3491,PASSIVE_THD.PCBLIB,C_EL_35X30,"Cap Elec, D35.0X30.0H pitch: 10.0mm, 470uF/400V, RB.44/1.3"
3492,PASSIVE_THD.PCBLIB,C_EL_6X12R,"Capacitor Electrolythic, D6.3X12.0H pitch: 2.5mm"
3493,PASSIVE_THD.PCBLIB,C_EL_8X12R,"Cap Elec, D8.0X12.0H pitch: 3.5mm, RIGHT ANGLE"
3494,PASSIVE_THD.PCBLIB,LTOR_15X6B,"INDUCTOR, TORIOD, 15.0X6.0mm BENDED"
3495,PASSIVE_THD.PCBLIB,LTOR_25X10,"INDUCTOR, TORIOD, 25.0X10.0mm"
3496,PASSIVE_THD.PCBLIB,R025W_AX04,"RESISTOR 1/4 WATT, AXIAL0.4"
3497,PASSIVE_THD.PCBLIB,R2W_AX_VER,"RESISTOR 2 WATT, AXIAL0.8"
3498,PASSIVE_THD.PCBLIB,RWW10W_VER,"RESISTOR 10 WATT, Ceramic Wirewound"
3499,PASSIVE_THD.PCBLIB,C_CERM_D5X3,"CAP, CER,"
3500,PASSIVE_THD.PCBLIB,C_CERM_D8X7,"CAP, CER, High Voltage MultiLayer"
3501,PASSIVE_THD.PCBLIB,C_CERM_D9X5,"CAP, CER, High Voltage MultiLayer"
3502,PASSIVE_THD.PCBLIB,C_CERM_D9X7,"CAP, CER, High Voltage MultiLayer"
3503,PASSIVE_THD.PCBLIB,C_EL_10X16R,"Capacitor Electrolythic, D10.0X16.0H pitch: 5.0mm"
3504,PASSIVE_THD.PCBLIB,C_EL_10X20R,"Capacitor Electrolythic, D10X20H pitch: 5.0mm"
3505,PASSIVE_THD.PCBLIB,C_EL_10X25R,"Capacitor Electrolythic, D10X25H pitch: 5mm"
3506,PASSIVE_THD.PCBLIB,C_EL_10X30R,"Capacitor Electrolythic, D10X30H pitch: 5mm"
3507,PASSIVE_THD.PCBLIB,C_EL_10X35R,"Capacitor Electrolythic, D10X35H pitch: 5mm"
3508,PASSIVE_THD.PCBLIB,C_EL_10X40R,"Capacitor Electrolythic, D10X40H pitch: 5mm"
3509,PASSIVE_THD.PCBLIB,C_EL_10X45R,"Capacitor Electrolythic, D10X45H pitch: 5mm"
3510,PASSIVE_THD.PCBLIB,C_EL_10X50R,"Capacitor Electrolythic, D10X50H pitch: 5mm"
3511,PASSIVE_THD.PCBLIB,C_EL_12X20R,"Capacitor Electrolythic, D12.5X20H pitch: 5mm"
3512,PASSIVE_THD.PCBLIB,C_EL_12X25R,"Capacitor Electrolythic, D12.5X25H pitch: 5mm"
3513,PASSIVE_THD.PCBLIB,C_EL_12X30R,"Capacitor Electrolythic, D12.5X30H pitch: 5mm"
3514,PASSIVE_THD.PCBLIB,C_EL_12X35R,"Capacitor Electrolythic, D12.5X35H pitch: 5mm"
3515,PASSIVE_THD.PCBLIB,C_EL_12X40R,"Capacitor Electrolythic, D12.5X40H pitch: 5mm"
3516,PASSIVE_THD.PCBLIB,C_EL_12X45R,"Capacitor Electrolythic, D12.5X45H pitch: 5mm"
3517,PASSIVE_THD.PCBLIB,C_EL_12X50R,"Capacitor Electrolythic, D12.5X50H pitch: 5mm"
3518,PASSIVE_THD.PCBLIB,C_EL_13X25R,"Capacitor Electrolythic, D13X25H pitch: 5mm"
3519,PASSIVE_THD.PCBLIB,C_EL_14X20R,"Capacitor Electrolythic, D14.5X20H pitch: 7.4mm"
3520,PASSIVE_THD.PCBLIB,C_EL_14X25R,"Capacitor Electrolythic, D14.5X25H pitch: 7.4mm"
3521,PASSIVE_THD.PCBLIB,C_EL_14X30R,"Capacitor Electrolythic, D14.5X30H pitch: 7.4mm"
3522,PASSIVE_THD.PCBLIB,C_EL_14X35R,"Capacitor Electrolythic, D14.5X35H pitch: 7.4mm"
3523,PASSIVE_THD.PCBLIB,C_EL_14X40R,"Capacitor Electrolythic, D14.5X40H pitch: 7.4mm"
3524,PASSIVE_THD.PCBLIB,C_EL_14X45R,"Capacitor Electrolythic, D14.5X45H pitch: 7.4mm"
3525,PASSIVE_THD.PCBLIB,C_EL_14X50R,"Capacitor Electrolythic, D14.5X50H pitch: 7.4mm"
3526,PASSIVE_THD.PCBLIB,C_EL_16X20R,"Capacitor Electrolythic, D16X20H pitch: 7.4mm"
3527,PASSIVE_THD.PCBLIB,C_EL_16x25R,"Capacitor Electrolythic, D16X25H pitch: 7.4mm"
3528,PASSIVE_THD.PCBLIB,C_EL_16X31R,"Capacitor Electrolythic, D16X31H pitch: 7.4mm"
3529,PASSIVE_THD.PCBLIB,C_EL_16X35R,"Capacitor Electrolythic, D16X35H pitch: 7.4mm"
3530,PASSIVE_THD.PCBLIB,C_EL_16X40R,"Capacitor Electrolythic, D16X40H pitch: 7.4mm"
3531,PASSIVE_THD.PCBLIB,C_EL_16X45R,"Capacitor Electrolythic, D16X45H pitch: 7.4mm"
3532,PASSIVE_THD.PCBLIB,C_EL_16X50R,"Capacitor Electrolythic, D16X50H pitch: 7.4mm"
3533,PASSIVE_THD.PCBLIB,C_EL_18X20R,"Capacitor Electrolythic, D18X20H pitch: 7.4mm"
3534,PASSIVE_THD.PCBLIB,C_EL_18X25R,"Capacitor Electrolythic, D18X25H pitch: 7.4mm"
3535,PASSIVE_THD.PCBLIB,C_EL_18X31R,"Capacitor Electrolythic, D18X31H pitch: 7.4mm"
3536,PASSIVE_THD.PCBLIB,C_EL_18X35R,"Capacitor Electrolythic, D18X35H pitch: 7.4mm"
3537,PASSIVE_THD.PCBLIB,C_EL_18X40R,"Capacitor Electrolythic, D18X40H pitch: 7.4mm"
3538,PASSIVE_THD.PCBLIB,C_EL_18X45R,"Capacitor Electrolythic, D18X45H pitch: 7.4mm"
3539,PASSIVE_THD.PCBLIB,C_EL_18X50R,"Capacitor Electrolythic, D18X50H pitch: 7.4mm"
3540,PASSIVE_THD.PCBLIB,C_FLM_4X2H7,"Capacitor, THT, Metallized Polyester Film 4.6X2.5X6.8mm"
3541,PASSIVE_THD.PCBLIB,C_FLM_4X3H7,"Capacitor, THT, Metallized Polyester Film, 4.6x3.0x7.5mm"
3542,PASSIVE_THD.PCBLIB,C_FLM_4X4H8,"Capacitor, THT, Metallized Polyester Film with 4.6x3.8x8.5mm LxTxH"
3543,PASSIVE_THD.PCBLIB,C_FLM_4X4H9,"Capacitor, THT, Metallized Polyester Film, 4.6x4.6x9.2mm"
3544,PASSIVE_THD.PCBLIB,C_FLM_6X2H5,"CAP, FILM MKT, 6.3X2.4mm, pitch: 4.7mm"
3545,PASSIVE_THD.PCBLIB,C_FLM_6X3H5,"CAP, POLYESTER, 5.8X3.5mm pitch: 5.0mm"
3546,PASSIVE_THD.PCBLIB,C_FLM_7X2H6,"Capacitor, THT, Metallized Polyester Film with 7.2x2.5x6.5mm LxTxH"
3547,PASSIVE_THD.PCBLIB,C_FLM_7X2H7,"CAP, POLYESTER, 7.5x2.5x7mm pitch: 5.0mm"
3548,PASSIVE_THD.PCBLIB,C_FLM_7X3H6,"Capacitor, THT, Metallized Polyester Film with 7.2x3.0x6.5mm LxTxH"
3549,PASSIVE_THD.PCBLIB,C_FLM_7X3H8,"Capacitor, THT, Metallized Polyester Film with 7.2x3.5x8.5mm LxTxH"
3550,PASSIVE_THD.PCBLIB,C_FLM_7X4H6,"Capacitor, THT, Metallized Polyester Film with 7.2x4.5x6mm LxTxH"
3551,PASSIVE_THD.PCBLIB,C_FLM_7X4H9,"Capacitor, THT, Metallized Polyester Film with 7.2x4.5x9.5mm LxTxH"
3552,PASSIVE_THD.PCBLIB,C_FLM_7X5H7,"Capacitor, THT, Metallized Polyester Film with 7.2x5.5x7mm LxTxH"
3553,PASSIVE_THD.PCBLIB,C_FLM_7X6H7,"Capacitor, THT, Metallized Polyester Film with 7.2x6.5x7.0mm LxTxH"
3554,PASSIVE_THD.PCBLIB,C_FLM_7X6H8,"CAP, POLYESTER, 7.3X6.5mm pitch: 5.0mm"
3555,PASSIVE_THD.PCBLIB,C_FLM_7X7H8,"Capacitor, THT, Metallized Polyester Film with 7.2x7.2x8.5mm LxTxH"
3556,PASSIVE_THD.PCBLIB,C_FLM_9X6H9,"CAP, POLYESTER, 9.3X5.2mm pitch: 7.6mm"
3557,PASSIVE_THD.PCBLIB,LTOR_25X10B,"INDUCTOR, TORIOD, 25.0X10.0mm BENDED"
3558,PASSIVE_THD.PCBLIB,R0125W_AX03,"RESISTOR 1/8 WATT, AXIAL0.3 INCH SPACING"
3559,PASSIVE_THD.PCBLIB,RES_ARRAYX8,
3560,PASSIVE_THD.PCBLIB,C_CERM_D10X6,"CAP, CER, High Voltage MultiLayer"
3561,PASSIVE_THD.PCBLIB,C_CERM_D10X7,"CAP, CER, High Voltage MultiLayer"
3562,PASSIVE_THD.PCBLIB,C_CERM_D12X7,"CAP, CER, High Voltage MultiLayer"
3563,PASSIVE_THD.PCBLIB,C_CERM_D15X9,"CAP, CER, High Voltage MultiLayer"
3564,PASSIVE_THD.PCBLIB,C_CERM_D16X5,"CAP, CER, High Voltage MultiLayer"
3565,PASSIVE_THD.PCBLIB,C_CERM_D18X8,"CAP, CER, High Voltage MultiLayer"
3566,PASSIVE_THD.PCBLIB,C_CERM_D20X6,"CAP, CER, High Voltage MultiLayer"
3567,PASSIVE_THD.PCBLIB,C_CERM_D25X8,"CAP, CER, High Voltage MultiLayer"
3568,PASSIVE_THD.PCBLIB,C_CERM_D9X7E,"CAP, CER, High Voltage MultiLayer"
3569,PASSIVE_THD.PCBLIB,C_FLM_10X2H7,"Capacitor, THT, Metallized Polyester Film 10x2.5x7mm LxTxH"
3570,PASSIVE_THD.PCBLIB,C_FLM_10X3H7,"Capacitor, THT, Metallized Polyester Film 10x3x7mm LxTxH"
3571,PASSIVE_THD.PCBLIB,C_FLM_10X4H7,"Capacitor, THT, Metallized Polyester Film 10x4.5x7mm LxTxH"
3572,PASSIVE_THD.PCBLIB,C_FLM_10X5H7,"Capacitor, THT, Metallized Polyester Film 10x5x7mm LxTxH"
3573,PASSIVE_THD.PCBLIB,C_FLM_10X5H8,"CAP, POLYESTER, 10X5.5mm pitch: 7.6mm"
3574,PASSIVE_THD.PCBLIB,C_FLM_10X6H7,"Capacitor, THT, Metallized Polyester Film with 10x5.7x7mm LxTxH"
3575,PASSIVE_THD.PCBLIB,C_FLM_10X6X9,"CAP, POLYESTER, 10.5X6.0X9.0mm pitch: 7.6mm"
3576,PASSIVE_THD.PCBLIB,C_FLM_10X7H7,"Capacitor, THT, Metallized Polyester Film 10x7.2x7mm LxTxH"
3577,PASSIVE_THD.PCBLIB,C_FLM_10X8H9,"CAP, POLYESTER, 10.0X8.0 pitch: 7.6mm"
3578,PASSIVE_THD.PCBLIB,C_FLM_11X4H8,"CAP, POLYESTER, 11.4X3.8X7.8mm pitch: 10mm, 0.1uF 400V"
3579,PASSIVE_THD.PCBLIB,C_FLM_12X4H9,"CAP, POLYESTER, 12.5X4.5X9.0 pitch: 10mm"
3580,PASSIVE_THD.PCBLIB,C_FLM_13X3H8,"Capacitor, THT, Metallized Polyester Film 13x3x8.5mm LxTxH"
3581,PASSIVE_THD.PCBLIB,C_FLM_13X3H9,"Capacitor, THT, Metallized Polyester Film with 13x3x9mm LxTxH"
3582,PASSIVE_THD.PCBLIB,C_FLM_13X4H8,"Capacitor, THT, Metallized Polyester Film 13.5x4x8.5mm LxTxH"
3583,PASSIVE_THD.PCBLIB,C_FLM_13X4H9,"Capacitor, THT, Metallized Polyester Film 13x4x9.5mm LxTxH"
3584,PASSIVE_THD.PCBLIB,C_FLM_13X5H9,"CAP, POLYESTER, 12.8X4.8 pitch: 10mm"
3585,PASSIVE_THD.PCBLIB,C_FLM_24X6H9,"CAP, POLYESTER, 23.8X5.8mm pitch: 20.0mm, 0.33uF 400V"
3586,PASSIVE_THD.PCBLIB,C_FLM_4X5H10,"Capacitor, THT, Metallized Polyester Film, 4.6x5.5x10.6mm"
3587,PASSIVE_THD.PCBLIB,C_FLM_6X4H12,"Capacitor, THT, Metallized Polyester Film, 6x4x12mm"
3588,PASSIVE_THD.PCBLIB,C_FLM_7X2H6J,"Capacitor, THT, J100, Metallized Polyester Film with 7.2x2.5x6.5mm LxTxH"
3589,PASSIVE_THD.PCBLIB,C_FLM_7X3H6R,"Capacitor, THT, Metallized Polyester Film with 7.2x3.0x6.5mm LxTxH"
3590,PASSIVE_THD.PCBLIB,C_FLM_7X3H8R,"Capacitor, THT, Metallized Polyester Film with 7.2x3.5x8.0mm LxTxH"
3591,PASSIVE_THD.PCBLIB,C_FLM_7X5H10,"Capacitor, THT, Metallized Polyester Film with 7.2x5.0x10mm LxTxH"
3592,PASSIVE_THD.PCBLIB,C_FLM_7X5H11,"Capacitor, THT, Metallized Polyester Film with 7.2x5.5x11.5mm LxTxH"
3593,PASSIVE_THD.PCBLIB,C_FLM_7X5H9R,"Capacitor, THT, Metallized Polyester Film with 7.6x5.0x9.2mm LxTxH"
3594,PASSIVE_THD.PCBLIB,C_FLM_7X5X10,"CAP, POLYESTER, 7.0X5.0x10mm pitch: 5.0mm"
3595,PASSIVE_THD.PCBLIB,C_FLM_7X6H10,"Capacitor, THT, Metallized Polyester Film, 7.3x6.5x10"
3596,PASSIVE_THD.PCBLIB,C_FLM_7X7H13,"Capacitor, THT, Metallized Polyester Film with 7.2x7.2x13mm LxTxH"
3597,PASSIVE_THD.PCBLIB,C_FLM_7X8H10,"Capacitor, THT, Metallized Polyester Film with 7.2x8.5x10mm LxTxH"
3598,PASSIVE_THD.PCBLIB,C_FLM_7X8H14,"Capacitor, THT, Metallized Polyester Film with 7.2x8.5x14mm LxTxH"
3599,PASSIVE_THD.PCBLIB,C_FLM_7X9H10,"CAP, POLYESTER, 7.2X8.5x10mm pitch: 5.0mm"
3600,PASSIVE_THD.PCBLIB,R0125W_AX025,"RESISTOR 1/8 WATT, AXIAL0.25"
3601,PASSIVE_THD.PCBLIB,R025W_AX_VER,"RESISTOR 1/4 WATT, AXIAL0.4"
3602,PASSIVE_THD.PCBLIB,C_CERM_D25X11,"CAP, CER, High Voltage MultiLayer"
3603,PASSIVE_THD.PCBLIB,C_EL_26X13X27,"Cap Elec, 26X13X27mm, 18mm pitch"
3604,PASSIVE_THD.PCBLIB,C_FLM_10X4H8R,"Capacitor, THT, Metallized Polyester Film with 3.5x9.5x10.0mm TxHxW"
3605,PASSIVE_THD.PCBLIB,C_FLM_10X6X12,"CAP, POLYESTER, 10.3X6.0X12.0mm pitch: 7.6mm"
3606,PASSIVE_THD.PCBLIB,C_FLM_12X4H10,"Capacitor, THT, Metallized Polyester Film. 12.5x4.5x10mm"
3607,PASSIVE_THD.PCBLIB,C_FLM_13X5H10,"Capacitor, THT, Metallized Polyester Film 13x5x10mm LxTxH"
3608,PASSIVE_THD.PCBLIB,C_FLM_13X5H11,"Capacitor, THT, Metallized Polyester Film 13x5x11mm LxTxH"
3609,PASSIVE_THD.PCBLIB,C_FLM_13X5H12,"Capacitor, THT, Metallized Polyester Film 13x5x12mm LxTxH"
3610,PASSIVE_THD.PCBLIB,C_FLM_13X6H12,"Capacitor, THT, Metallized Polyester Film with 13x6x12.5mm LxTxH"
3611,PASSIVE_THD.PCBLIB,C_FLM_13X6H13,"Capacitor, THT, Metallized Polyester Film 13x6x13mm LxTxH"
3612,PASSIVE_THD.PCBLIB,C_FLM_13X8H12,"Capacitor, THT, Metallized Polyester Film 13x8x12mm LxTxH"
3613,PASSIVE_THD.PCBLIB,C_FLM_17X7H14,"CAP, POLYESTER, 17X7mm pitch: 15.0mm, 0.33uF 400V"
3614,PASSIVE_THD.PCBLIB,C_FLM_18X5H11,"Capacitor, THT, Metallized Polyester Film 18x5x11mm LxTxH"
3615,PASSIVE_THD.PCBLIB,C_FLM_18X6H12,"Capacitor, THT, Metallized Polyester Film 18x6x12.5mm LxTxH"
3616,PASSIVE_THD.PCBLIB,C_FLM_18X7H14,"Capacitor, THT, Metallized Polyester Film 18x7x14mm LxTxH"
3617,PASSIVE_THD.PCBLIB,C_FLM_18X8H15,"Capacitor, THT, Metallized Polyester Film 18x8x15mm LxTxH"
3618,PASSIVE_THD.PCBLIB,C_FLM_18X9H14,"Capacitor, THT, Metallized Polyester Film 18x9x14mm LxTxH"
3619,PASSIVE_THD.PCBLIB,C_FLM_18X9H16,"Capacitor, THT, Metallized Polyester Film 18x9x16mm LxTxH"
3620,PASSIVE_THD.PCBLIB,C_FLM_19X5H13,"Capacitor, THT, Metallized Polyester Film 19x5x13mm LxTxH"
3621,PASSIVE_THD.PCBLIB,C_FLM_19X6H14,"Capacitor, THT, Metallized Polyester Film 19x6x14mm LxTxH"
3622,PASSIVE_THD.PCBLIB,C_FLM_19X7H15,"Capacitor, THT, Metallized Polyester Film 19x7x15mm LxTxH"
3623,PASSIVE_THD.PCBLIB,C_FLM_19X8H11,"CAP, POLYESTER, MKT, 18X5, 19.0X8.0mm pitch: 15.0mm, 0.22uF 400V"
3624,PASSIVE_THD.PCBLIB,C_FLM_19X8H17,"Capacitor, THT, Metallized Polyester Film 19x8x17mm LxTxH"
3625,PASSIVE_THD.PCBLIB,C_FLM_22X7H14,"CAP, POLYESTER, 33.0X7.0mm pitch: 20.0mm, 0.68uF 400V"
3626,PASSIVE_THD.PCBLIB,C_FLM_26X5H14,"Capacitor, THT, Metallized Polyester Film 26.5x5x14mm LxTxH"
3627,PASSIVE_THD.PCBLIB,C_FLM_26X6H15,"Capacitor, THT, Metallized Polyester Film 26.5x6x15mm LxTxH"
3628,PASSIVE_THD.PCBLIB,C_FLM_26X7H16,"Capacitor, THT, Metallized Polyester Film with 26.5x7x16.5mm LxTxH"
3629,PASSIVE_THD.PCBLIB,C_FLM_26X8H15,"CAP, POLYESTER, 26.0X7.8mm pitch: 22.5mm, 0.68uF 400V"
3630,PASSIVE_THD.PCBLIB,C_FLM_26X8H18,"Capacitor, THT, Metallized Polyester Film with 26.5x8.5x18.5mm LxTxH"
3631,PASSIVE_THD.PCBLIB,C_FLM_26X9H14,"CAP, POLYESTER, 26.0X9.3mm pitch: 22.5mm, 0.68uF 400V"
3632,PASSIVE_THD.PCBLIB,C_FLM_28X8H20,"Capacitor, THT, Metallized Polyester Film with 28x8x20mm LxTxH"
3633,PASSIVE_THD.PCBLIB,C_FLM_7X11H16,"Capacitor, THT, Metallized Polyester Film with 7.2x11x16mm LxTxH"
3634,PASSIVE_THD.PCBLIB,C_FLM_7X7H10R,"Capacitor, THT, Metallized Polyester Film with 7.6x7.0x10.6mm TxHxW"
3635,PASSIVE_THD.PCBLIB,C_FLM_8X8H13R,"Capacitor, THT, Metallized Polyester Film with 7.8x7.8x13.0mm LxTxH"
3636,PASSIVE_THD.PCBLIB,C_TAN_THD_4H7,"Capacitor, Polarized Radial Bead, Pin spacing 2.54mm - Body Diameter 4.5mm X Body Height 7.1mm"
3637,PASSIVE_THD.PCBLIB,C_TAN_THD_4H8,"Capacitor, Polarized Radial Bead, Pin spacing 5.08mm - Body Diameter 4.5mm X Body Height 8.5mm"
3638,PASSIVE_THD.PCBLIB,C_TAN_THD_5H8,"Capacitor, Polarized Radial Bead, Pin spacing 2.54mm - Body Diameter 5.5mm X Body Height 8.4mm"
3639,PASSIVE_THD.PCBLIB,C_TAN_THD_5H9,"Capacitor, Polarized Radial Bead, Pin spacing 2.54mm - Body Diameter 5.5mm X Body Height 9mm"
3640,PASSIVE_THD.PCBLIB,R0125W_AX_VER,"RESISTOR 1/8 WATT, AXIAL0.25"
3641,PASSIVE_THD.PCBLIB,C_FLM_18X11H14,"Capacitor, THT, Metallized Polyester Film 18x11x14mm LxTxH"
3642,PASSIVE_THD.PCBLIB,C_FLM_19X10H18,"Capacitor, THT, Metallized Polyester Film 19x10x18 LxTxH"
3643,PASSIVE_THD.PCBLIB,C_FLM_25X10H20,"Capacitor, THT, Metallized Polyester Film, 25x10x20"
3644,PASSIVE_THD.PCBLIB,C_FLM_25X10H21,"Capacitor, THT, Metallized Polyester Film, 25x10x21mm"
3645,PASSIVE_THD.PCBLIB,C_FLM_26X10H19,"Capacitor, THT, Metallized Polyester Film with 26.5x10.5x19mm LxTxH"
3646,PASSIVE_THD.PCBLIB,C_FLM_26X10H20,"Capacitor, THT, Metallized Polyester Film with 26.5x10.5x20.5mm LxTxH"
3647,PASSIVE_THD.PCBLIB,C_FLM_26X11H21,"Capacitor, THT, Metallized Polyester Film with 26.5x11x21mm LxTxH"
3648,PASSIVE_THD.PCBLIB,C_FLM_28X10H20,"Capacitor, THT, Metallized Polyester Film with 28x10x20mm LxTxH"
3649,PASSIVE_THD.PCBLIB,C_FLM_28X12H21,"Capacitor, THT, Metallized Polyester Film with 28x12x21mm LxTxH"
3650,PASSIVE_THD.PCBLIB,C_TAN_THD_6H10,"Capacitor, Polarized Radial Bead, Pin spacing 2.54mm - Body Diameter 6.0mm X Body Height 10mm"
3651,PASSIVE_THD.PCBLIB,C_TAN_THD_6H11,"Capacitor, Polarized Radial Bead, Pin spacing 5.08mm - Body Diameter 6mm X Body Height 11.5mm"
3652,PASSIVE_THD.PCBLIB,C_TAN_THD_9H15,"Capacitor, Polarized Radial Bead, Pin spacing 5.08mm - Body Diameter 8.9mm X Body Height 15.5mm"
3653,PASSIVE_THD.PCBLIB,C_TAN_THD_10H18,"Capacitor, Polarized Radial Bead, Pin spacing 5.08mm - Body Diameter 10.2mm X Body Height 18.6mm"
3654,POT.PCBLIB,VOL_R,VOULME RIGHT ANGLE
3655,POT.PCBLIB,VOL_V,VOULME VERTICAL
3656,POT.PCBLIB,POT_7X5,"POT, TRIM, 7.5X5.0mm, pitch: 5.0mm"
3657,POT.PCBLIB,VOL_9MM,"VOULME  9mm Alpha Alps, RV09ACF EVUF"
3658,POT.PCBLIB,POTS_3MM,"POT SMD, 3.0X3.0mm, Trimming PVG3A PVZ3A"
3659,POT.PCBLIB,POTS_5MM,"POT SMD, 5.0X5.0mm, Trimming PVG5H"
3660,POT.PCBLIB,VOL_14MM,"VOULME  14mm, RV141F-40E3"
3661,POT.PCBLIB,VOL_DUAL,VOULME RIGHT ANGLE DUAL 3RP/1610G
3662,POT.PCBLIB,POT_3006P,"POT, TRIM, 19.0X4.8mm 3006P"
3663,POT.PCBLIB,POT_3260H,"POT, TRIM, 4.3X6.3mm 3260H"
3664,POT.PCBLIB,POT_3262W,"POT, TRIM, 4.3X6.6mm 3262W"
3665,POT.PCBLIB,POT_3296P,"POT, TRIM, 9.5X9.5mm HORIZENTAL 3296P"
3666,POT.PCBLIB,POT_3296W,"POT, TRIM, 10.0X5.0mm, pitch: 2.5mm 3299W 3296W S64W"
3667,POT.PCBLIB,POT_3296X,"POT, TRIM, 10.0X5.0mm, pitch: 2.5mm, MURATA, PV36X 3296X"
3668,POT.PCBLIB,POT_3296Y,"POT, TRIM, 10.0X5.0mm, pitch: 2.5mm, MURATA, PV36Y 3296Y S64Y"
3669,POT.PCBLIB,POT_3296Z,"POT, TRIM, 10.0X5.0mm, pitch: 2.5mm, 3296Z"
3670,POT.PCBLIB,POT_3306F,"POT, TRIM, 7.0X7.0mm, pitch: 2.5mm, MURATA, 3306F"
3671,POT.PCBLIB,POT_3306W,"POT, TRIM, 4.5X6.8mm 3306W"
3672,POT.PCBLIB,POT_3362H,"POT, TRIM, 6.6X6.8mm 3362H, 3362P, 3362R"
3673,POT.PCBLIB,POT_3362S,"POT, TRIM, 4.3X6.6mm 3362S"
3674,POT.PCBLIB,POT_V10MM,"POT, TRIM, V-10 10mm"
3675,POT.PCBLIB,VOL_3590S,VOULME 3590S
3676,POT.PCBLIB,POTS_3214W,"POT SMD, 4.0X5.0mm, Trimming SM-42/43W 3214W"
3677,POT.PCBLIB,POTS_3314G,"POT SMD, 5.0X5.0mm, Trimming, 3314G"
3678,POT.PCBLIB,POTS_V10MM,"POT, TRIM, V-10 10mm SMD"
3679,POT.PCBLIB,POT_CA9MTV,"POT, TRIM, 10.0X10.0mm, CA9MTV"
3680,POT.PCBLIB,POT_3296W_R,"POT, TRIM, 10.0X5.0mm, pitch: 2.5mm 3299W 3296W S64W BENDED"
3681,POT.PCBLIB,VOL_PCBPANEL,VOULME VERTICAL
3682,POT.PCBLIB,POT_PIHER10MM,"POT, TRIM, PIHER PT-10 10mm"
3683,POT.PCBLIB,POT_PIHER15MM,"POT, TRIM, PIHER PT-15 15mm"
3684,PROTECT_TVS_ESD_FUSE.PCBLIB,MOV_,"VDR, VARISTOR,"
3685,PROTECT_TVS_ESD_FUSE.PCBLIB,F0603,"FUSE FAST 500mA, 1.6x0.8mm, 0603"
3686,PROTECT_TVS_ESD_FUSE.PCBLIB,F0805,"FUSE FAST 500mA, 0805, 2012, 2.0X1.3mm"
3687,PROTECT_TVS_ESD_FUSE.PCBLIB,F1206,"FUSE, 1206, 3.2x1.6mm"
3688,PROTECT_TVS_ESD_FUSE.PCBLIB,F1210,"FUSE, 1210, 3.2x2.5mm"
3689,PROTECT_TVS_ESD_FUSE.PCBLIB,F1812,"FUSE, 4.50x3.20mm"
3690,PROTECT_TVS_ESD_FUSE.PCBLIB,F2410,"FUSE, 6x2.5mm"
3691,PROTECT_TVS_ESD_FUSE.PCBLIB,F2920,"FUSE, 7.7x5.3mm"
3692,PROTECT_TVS_ESD_FUSE.PCBLIB,F1206A,"FUSE, 1206, 3.2x1.6mm"
3693,PROTECT_TVS_ESD_FUSE.PCBLIB,F2410A,"FUSE, 6x2.5mm"
3694,PROTECT_TVS_ESD_FUSE.PCBLIB,F2410C,"FUSE, 6x2.5mm, Ceramic"
3695,PROTECT_TVS_ESD_FUSE.PCBLIB,MOV_5D,"VDR, VARISTOR, 7X6.5, pitch: 5.0mm"
3696,PROTECT_TVS_ESD_FUSE.PCBLIB,MOV_7D,"VDR, VARISTOR, 9X5.6, pitch: 5.0mm, 275VAC(RMS)"
3697,PROTECT_TVS_ESD_FUSE.PCBLIB,RV3320,"MOV varistor, 3320, 8.5x5.3x2.0mm, littleFuse CH series"
3698,PROTECT_TVS_ESD_FUSE.PCBLIB,ESD0402,"CHIP ESD Suppressor, 1.0X0.5mm, 0402"
3699,PROTECT_TVS_ESD_FUSE.PCBLIB,ESD0603,"CHIP ESD Suppressor 0603ESDA2-TR2, 1.6x0.8mm, 0603"
3700,PROTECT_TVS_ESD_FUSE.PCBLIB,MOV_10D,"VDR, VARISTOR, 12.5X5.6, pitch: 7.6mm, 420VAC(RMS)"
3701,PROTECT_TVS_ESD_FUSE.PCBLIB,MOV_14D,"VDR, VARISTOR, 16.5X4.4, pitch: 7.6mm"
3702,PROTECT_TVS_ESD_FUSE.PCBLIB,MOV_20D,"VDR, VARISTOR, 23X5.6mm, pitch: 7.6mm, MOV-07DxxxK Metal Oxide Varistor (MOVs)"
3703,PROTECT_TVS_ESD_FUSE.PCBLIB,ESD0402P,"CHIP ESD Suppressor, 1.0X0.5mm, 0402"
3704,PROTECT_TVS_ESD_FUSE.PCBLIB,ESD3X125,ESD 3mm X 125mm
3705,PROTECT_TVS_ESD_FUSE.PCBLIB,FUSE_BOM,Fuse only for BOM
3706,PROTECT_TVS_ESD_FUSE.PCBLIB,ESD_XDFN2,"CHIP ESD Suppressor bidirectional, X1SON, XDFN-2 X2DFN-2, 1X0.6mm"
3707,PROTECT_TVS_ESD_FUSE.PCBLIB,FH_5X20MM,"PCB Fuse Holder 5x20mm 2 PIN, pitch: 15.0mm  24x9mm"
3708,PROTECT_TVS_ESD_FUSE.PCBLIB,FPTC_R300,"Fuse PTC, MF-R300, 12mm width"
3709,PROTECT_TVS_ESD_FUSE.PCBLIB,ESD_XDFN2P,"CHIP ESD Suppressor unidirectional, X1SON, XDFN-2 X2DFN-2, 1X0.6mm"
3710,PROTECT_TVS_ESD_FUSE.PCBLIB,FH_24101812,FUSE HOLDER for 2410 and 1812 sizes
3711,PROTECT_TVS_ESD_FUSE.PCBLIB,FPTC_RHT050,"Fuse PTC, MF-RHT050, 7.4mm width"
3712,PROTECT_TVS_ESD_FUSE.PCBLIB,FPTC_RHT100,"Fuse PTC, MF-RHT100, 9.7mm"
3713,PROTECT_TVS_ESD_FUSE.PCBLIB,FPTC_RHT200,"Fuse PTC, MF-RHT200, 9.4mm"
3714,PROTECT_TVS_ESD_FUSE.PCBLIB,FPTC_RHT300,"Fuse PTC, MF-RHT300, 8.8mm"
3715,PROTECT_TVS_ESD_FUSE.PCBLIB,FPTC_RHT400,"Fuse PTC, MF-RHT400, 10mm"
3716,PROTECT_TVS_ESD_FUSE.PCBLIB,FPTC_RHT450,"Fuse PTC, MF-RHT450, 10.4mm"
3717,PROTECT_TVS_ESD_FUSE.PCBLIB,FPTC_RHT500,"Fuse PTC, MF-RHT500, 11.2mm"
3718,PROTECT_TVS_ESD_FUSE.PCBLIB,FPTC_RHT550,"Fuse PTC, MF-RHT550, 11.2mm"
3719,PROTECT_TVS_ESD_FUSE.PCBLIB,FPTC_RHT600,"Fuse PTC, MF-RHT600, 11.2mm"
3720,PROTECT_TVS_ESD_FUSE.PCBLIB,FPTC_RHT650,"Fuse PTC, MF-RHT650, 12.7mm"
3721,PROTECT_TVS_ESD_FUSE.PCBLIB,FPTC_RHT700,"Fuse PTC, MF-RHT700, 14mm"
3722,PROTECT_TVS_ESD_FUSE.PCBLIB,FPTC_RHT750,"Fuse PTC, MF-RHT750, 14mm"
3723,PROTECT_TVS_ESD_FUSE.PCBLIB,FPTC_RHT800,"Fuse PTC, MF-RHT800, 16.4mm"
3724,PROTECT_TVS_ESD_FUSE.PCBLIB,FPTC_RHT900,"Fuse PTC, MF-RHT900, 16.5mm"
3725,PROTECT_TVS_ESD_FUSE.PCBLIB,FPTC_RHT1000,"Fuse PTC, MF-RHT1000, 17.5mm"
3726,PROTECT_TVS_ESD_FUSE.PCBLIB,FPTC_RHT1100,"Fuse PTC, MF-RHT1100, 21mm"
3727,PROTECT_TVS_ESD_FUSE.PCBLIB,FPTC_RHT1300,"Fuse PTC, MF-RHT1300, 23.5mm"
3728,PROTECT_TVS_ESD_FUSE.PCBLIB,FUSE_PCB6W48L,"PCB Fuse, 0.15mm wide, accordion shape, 48mm length, fuse time depends on substrate and current"
3729,PROTECT_TVS_ESD_FUSE.PCBLIB,FH_5X20MM_4PIN,PCB Fuse Holder 5x20mm 4 PIN
3730,PROTECT_TVS_ESD_FUSE.PCBLIB,FH_6X32MM_4PIN,"PCB Fuse Holder 6x32mm 2 PIN, pitch: 15.0mm  24x9mm"
3731,PROTECT_TVS_ESD_FUSE.PCBLIB,FH_BLADE_XF101,"Car Blade Fuse Holder, XFCN XF-101"
3732,PROTECT_TVS_ESD_FUSE.PCBLIB,AUPO_P-4F_BEND1,Aupo P-4F TCO for positioning on IC legs
3733,PROTECT_TVS_ESD_FUSE.PCBLIB,AUPO_P-4F_BEND2,Aupo P-4F TCO for positioning on IC legs
3734,PROTECT_TVS_ESD_FUSE.PCBLIB,AUPO_P-4F_BEND3,Aupo P-4F TCO for positioning on IC legs
3735,PROTECT_TVS_ESD_FUSE.PCBLIB,AUPO_P-4F_BEND4,Aupo P-4F TCO for positioning on IC legs
3736,PROTECT_TVS_ESD_FUSE.PCBLIB,AUPO_P-4F_BEND5,Aupo P-4F TCO for positioning on IC legs
3737,PROTECT_TVS_ESD_FUSE.PCBLIB,AUPO_P-4F_BEND6,Aupo P-4F TCO for positioning on IC legs
3738,PROTECT_TVS_ESD_FUSE.PCBLIB,AUPO_P-4F_BEND7,Aupo P-4F TCO for positioning on IC legs
3739,PROTECT_TVS_ESD_FUSE.PCBLIB,AUPO_P-4F_BEND8,Aupo P-4F TCO for positioning on IC legs
3740,PROTECT_TVS_ESD_FUSE.PCBLIB,AUPO_P-4F_BEND9,Aupo P-4F TCO for positioning on IC legs
3741,PROTECT_TVS_ESD_FUSE.PCBLIB,BREAKER_1410-L2,E-T-A Thermal Overcurrent Circuit Breaker 1410-L2
3742,PROTECT_TVS_ESD_FUSE.PCBLIB,FH_BLADE_KS3522,"Car Blade Fuse Holder, Keystone 3522"
3743,PROTECT_TVS_ESD_FUSE.PCBLIB,FH_BLADE_KS3557,"Car Blade Fuse Holder, Keystone 3557"
3744,PROTECT_TVS_ESD_FUSE.PCBLIB,FH_BLADE_KS3587,"Car Blade Fuse Holder, Keystone 3587"
3745,PROTECT_TVS_ESD_FUSE.PCBLIB,FH_BLADE_XF509P,"Car Blade Fuse Holder, XFCN XF-509P"
3746,PROTECT_TVS_ESD_FUSE.PCBLIB,AUPO_P-4F_BEND6M,Aupo P-4F TCO for positioning on IC legs
3747,PROTECT_TVS_ESD_FUSE.PCBLIB,AUPO_P-4F_BEND8S,Aupo P-4F TCO for positioning beside FETs
3748,PROTECT_TVS_ESD_FUSE.PCBLIB,AUPO_P-4F_BEND8T,Aupo P-4F TCO for positioning on top of FETs
3749,PROTECT_TVS_ESD_FUSE.PCBLIB,FH_BLADE_FLR4265,"Car Blade Fuse Holder, Littelfuse FLR 178.4265"
3750,PROTECT_TVS_ESD_FUSE.PCBLIB,FH_BLADE_FLR6164,"Car Blade Fuse Holder, Littelfuse FLR 178.6164"
3751,PROTECT_TVS_ESD_FUSE.PCBLIB,FH_BLADE_FLR6165,"Car Blade Fuse Holder, Littelfuse FLR 178.6165"
3752,PROTECT_TVS_ESD_FUSE.PCBLIB,FH_BLADE_KS35222,"Car Blade Fuse Holder, Keystone 3522-2, XFCN XF-507P"
3753,PROTECT_TVS_ESD_FUSE.PCBLIB,FH_BLADE_KS3522A,"Car Blade Fuse Holder, a  part similar to Keystone 3522"
3754,PROTECT_TVS_ESD_FUSE.PCBLIB,FH_BLADE_KS35572,"Car Blade Fuse Holder, Keystone 3557-2, XF-508P"
3755,PROTECT_TVS_ESD_FUSE.PCBLIB,AUPO_P-4F_BEND6SP,Aupo P-4F TCO for positioning on IC legs
3756,PROTECT_TVS_ESD_FUSE.PCBLIB,FH_BLADE_KS35222A,"Car Blade Fuse Holder, a  part similar to Keystone 3522-2"
3757,PROTECT_TVS_ESD_FUSE.PCBLIB,FH_BLADE_MAXI_KS3555,"Car Blade Fuse Holder, Keystone 3555"
3758,PROTECT_TVS_ESD_FUSE.PCBLIB,FH_BLADE_MAXI_KS35552,"Car Blade Fuse Holder, Keystone 3555-2, MAXI size"
3759,RELAY.PCBLIB,REL_4PDT_2127,"RELAY, DPDT, 21x27x35mm, pitch 4.4mm"
3760,RELAY.PCBLIB,REL_SPDT_5_T90,Relay 32.5x27.6x20.5mm. 1C form
3761,RELAY.PCBLIB,REL_SPDT_5_T91,"Relay 32.4x27.5x28mm. 1C form, T91, JQX-16F, MPQ2"
3762,RELAY.PCBLIB,REL_DPDT_8_1507,"RELAY, DPDT, 8P, 2.54mm pitch, 15X7.5mm, TE FX2, G6S-2"
3763,RELAY.PCBLIB,REL_DPDT_8_2010,"RELAY, DPDT, 8P, 20.5X10.2mm, G5V-2"
3764,RELAY.PCBLIB,REL_DPDT_8_2913,"RELAY, DPDT, 8P, 2.54mm pitch, 29X13mm, G2R-2C, HHC69A, NNC69A, JQX-14FC"
3765,RELAY.PCBLIB,REL_DPST_6_2913,"RELAY, DPST-NO, 6P, 2.54mm pitch, 29X13mm, G2R-2A"
3766,RELAY.PCBLIB,REL_SPDT_5_1512,"RELAY, SPDT, 15.40x12.10x14.0mm, G8QN, SUN HOLD RAM"
3767,RELAY.PCBLIB,REL_SPDT_5_1611,"RELAY, SPDT, 15.7X11X12mm, TRBS"
3768,RELAY.PCBLIB,REL_SPDT_5_2216,"RELAY SPDT, OMRON G5LE SERIES, 22X16mm and 18.8x15.4mm, HJR-3FF, RAS-1215"
3769,RELAY.PCBLIB,REL_SPDT_5_2913,
3770,RELAY.PCBLIB,REL_SPDT_6_1207,"RELAY, SPDT, 6P, 2.54mm pitch, 12.5X7.5mm, G5V-1, HRB"
3771,RELAY.PCBLIB,REL_SPDT_6_1611,"RELAY, SPDT, 15.7X11X12mm, HFD41, HK4100F, TRB"
3772,RELAY.PCBLIB,REL_SPDT_7_2419,"RELAY SPDT, 4119, 23.8X19.2mm, 4119 car Relay 40A"
3773,RELAY.PCBLIB,REL_SPST_4_1905,"RELAY, SPST, 19X5X7.4mm, S1A05,"
3774,RELAY.PCBLIB,REL_SPST_4_2007,"RELAY, SPST, 20.5X7.2X15mm"
3775,RELAY.PCBLIB,REL_DPDT_10_1409,"RELAY, DPDT, 10P, 14X9mm, TE FP2"
3776,RELAY.PCBLIB,REL_DPDT_8_1006E,"RELAY, DPDT, 10X6.5X5mm, OMRON G6K-2P EQUAL pitch 2.54mm"
3777,RELAY.PCBLIB,REL_DPDT_8_1006N,"RELAY, DPDT, 10X6.5X5mm, OMRON G6K-2P-Y, Not equal pitch"
3778,RELAY.PCBLIB,REL_DPDT_8_1507S,"RELAY, DPDT SMD, 8P, 2.54mm pitch, 15X7.5X9.6mm"
3779,RELAY.PCBLIB,REL_DPDT_10_1409S,"RELAY, DPDT, 10P, 14X9mm, TQ2SA"
3780,RELAY.PCBLIB,REL_DPDT_8_1006ES,"RELAY, DPDT, 10X6mm, SMD, Equal pitch 2.54mm, G6K-2F"
3781,RELAY.PCBLIB,REL_DPDT_8_1006NS,"RELAY, DPDT, 10X6mm, TE IM48DGR SMD, Not equal pitch"
3782,RFMISC.PCBLIB,PIND_2_2525,"RF pin Diode, SKY16601, 2.5x2.5x0.75"
3783,RFMISC.PCBLIB,SAWF_6_3030,"SawFilter, SKY16601, 3x3x1.3, TA0152A"
3784,RFMISC.PCBLIB,SAWF254_12_13X6,"SawFilter, SKY16601, 13.3x6.5x1.6, TB0439A"
3785,SENSOR.PCBLIB,MQ7A,"Sensor GAS, 23.8mm Diameter"
3786,SENSOR.PCBLIB,MQ7B,"Sensor GAS, 17.8mm Diameter"
3787,SENSOR.PCBLIB,MQXA,"Sensor GAS, 19mm Diameter"
3788,SENSOR.PCBLIB,MQXB,"Sensor GAS, 16.8mm Diameter"
3789,SENSOR.PCBLIB,AHT10,ASAIR AOSONG AHT10 humidity and temp sensor 4X5x1.6mm
3790,SENSOR.PCBLIB,AHT20,ASAIR AOSONG AHT20 humidity and temp sensor 3X3x1mm
3791,SENSOR.PCBLIB,DHT22,Sensor Humidity and Temp.
3792,SENSOR.PCBLIB,DIL_2,"Photodiode, Silicon PIN, BPW34"
3793,SENSOR.PCBLIB,Laser,Laser small bronze head (red)
3794,SENSOR.PCBLIB,MG812,"Sensor GAS, 9.4mm Diameter"
3795,SENSOR.PCBLIB,PIR_3,"PIR Sensors, D203B, D203S, D204B, D204S"
3796,SENSOR.PCBLIB,SHT1X,SENSIRION SHT1x humidity and temp sensor
3797,SENSOR.PCBLIB,SHT2X,SENSIRION SHT2X humidity and temp sensor 3X3x1.1mm
3798,SENSOR.PCBLIB,SHT3X,SENSIRION SHT3x humidity and temp sensor 2.5x2.5x1mm
3799,SENSOR.PCBLIB,SHT4X,SENSIRION SHT4X humidity and temp sensor 1.5X1.5x0.54mm
3800,SENSOR.PCBLIB,SHT7X,SENSIRION SHT7x humidity and temp sensor
3801,SENSOR.PCBLIB,SHTCX,SENSIRION SHTCx humidity and temp sensor 2X2x0.75mm
3802,SENSOR.PCBLIB,SHTWX,SENSIRION SHTW2 humidity and temp sensor 0.7X1.3x0.5mm
3803,SENSOR.PCBLIB,WSOF5,"ROHM light sensor, 1.6x1.6x0.6mm, 0.5mm pitch"
3804,SENSOR.PCBLIB,WSOF6,"ROHM light sensor, 1.6x3x0.75mm, 0.5mm pitch"
3805,SENSOR.PCBLIB,YMF_6,"YMF0006A PicoStar, 0.85x0.95x0.22mm, 0.35mm pitch"
3806,SENSOR.PCBLIB,DIL_2S,"Photodiode, Silicon PIN, BPW34S"
3807,SENSOR.PCBLIB,ENS210,SCIOSENSE ENS210 humidity and temp sensor 2X2x0.75mm
3808,SENSOR.PCBLIB,HS1101,HUMIDITY SENSOR
3809,SENSOR.PCBLIB,LED3MM,LED THD 3MM
3810,SENSOR.PCBLIB,PHTR_2,"Photransistor, PT534-6B"
3811,SENSOR.PCBLIB,RS1206,"RESISTOR SHUNT SMD, 3.2X1.6mm, 1206, LVK12"
3812,SENSOR.PCBLIB,RS1224,"RESISTOR SHUNT SMD, 6.4X3.2mm, 1224, LVK25R005FER"
3813,SENSOR.PCBLIB,RS2010,"RESISTOR SHUNT SMD, 5X2.5mm, 2010, LVK20"
3814,SENSOR.PCBLIB,RS2412,"RESISTOR SHUNT SMD, 6.4X3.2mm, 2412, LVK24"
3815,SENSOR.PCBLIB,RS2512,"RESISTOR SHUNT SMD, 6.3x3.2mm, 2512"
3816,SENSOR.PCBLIB,RS3637,"RESISTOR SHUNT SMD, 9.1X9.4mm, 3637"
3817,SENSOR.PCBLIB,DPH_3MM,"PHOTO TRANSISTOR, LED 3mm dia lens, 0.100"" pitch"
3818,SENSOR.PCBLIB,HDC2010,TexasInstruments HDC2010 humidity and temp sensor 1.5X1.5x0.7mm
3819,SENSOR.PCBLIB,HDCX080,TexasInstruments HDCx080 humidity and temp sensor 3X3x0.8mm
3820,SENSOR.PCBLIB,USONICS,ULTRASONIC 400PT160
3821,SENSOR.PCBLIB,APDS9960,"APDS-9960 light sensor, 2.4x4x1.35mm, 1.4mm pitch"
3822,SENSOR.PCBLIB,DPH_TO18,LED TO-18 TO-5 form
3823,SENSOR.PCBLIB,DPH_TO46,LED TO-46 form
3824,SENSOR.PCBLIB,NTC_12X4,"NTC, pitch 7.5mm, 12X4mm, S10K275"
3825,SENSOR.PCBLIB,NTC_15X6,"NTC, pitch 5mm, 15X6mm, B57153"
3826,SENSOR.PCBLIB,NTC_15X7,"NTC, pitch 7.5mm, 15X7mm, B57237"
3827,SENSOR.PCBLIB,NTC_32X6,"NTC, pitch 7.5mm, 32X6mm, SG-405"
3828,SENSOR.PCBLIB,DPH_TO18R,"Photodiode TO-5 TO-18, edge straddling"
3829,SENSOR.PCBLIB,DPH_TO46R,"LED TO-46 form, edge straddling"
3830,SENSOR.PCBLIB,PHM_IRMH6,"PHOTO, Reflective Optical Sensor, IRM-H638"
3831,SENSOR.PCBLIB,PhotoCell,
3832,SENSOR.PCBLIB,PHR_CNY70,"PHOTO, Reflective Optical Sensor, CNY70"
3833,SENSOR.PCBLIB,PHR_ST188,"PHOTO, Reflective Optical Sensor, ST188"
3834,SENSOR.PCBLIB,PHR_TCRT5,"PHOTO, Reflective Optical Sensor (Vishay) tcrt5000"
3835,SENSOR.PCBLIB,QFN50_16R,"TFLGA 3x3x1, 5+3+5+3, 3X3mm, 0.5mm pitch"
3836,SENSOR.PCBLIB,PHR_GP2S04,"PHOTO, Reflective Optical Sensor, GP2S04"
3837,SENSOR.PCBLIB,PHR_GP2S07,"PHOTO, Reflective Optical Sensor, GP2S07"
3838,SENSOR.PCBLIB,DPH_2_BPW41,"Photodiode, Silicon PIN, BPW41"
3839,SENSOR.PCBLIB,DPH_2_BPW46,"Photodiode, Silicon PIN, BPW46"
3840,SENSOR.PCBLIB,NTC_SMD2522,"NTC, 6x5.6x2.4mm"
3841,SENSOR.PCBLIB,NTC_SMD2822,"NTC, 7x5.6x2.4mm"
3842,SENSOR.PCBLIB,NTC_SMD3220,"NTC, 8x6.4x4.0mm"
3843,SENSOR.PCBLIB,NTC_SMD4032,"NTC, 10.4x8x4.5mm"
3844,SENSOR.PCBLIB,NTC_SMD4522,"NTC, 11.4x6x2.4mm"
3845,SENSOR.PCBLIB,PHR_ITR8307,"PHOTO, Reflective Optical Sensor, ITR8307"
3846,SENSOR.PCBLIB,USONICS_SMD,ULTRASONIC 400PT160
3847,SENSOR.PCBLIB,AFBR-5803AQZ,FIBER OPTIC
3848,SENSOR.PCBLIB,BGA80_96_S10,"BGA, 96-Balls, Body 10.6x10mm, Pitch 0.8mm"
3849,SENSOR.PCBLIB,LED5MM_VIO_R,LED THD 5MM VIOLET
3850,SENSOR.PCBLIB,PSNS_SPD030G,"Pressure Sensor, SPD030G"
3851,SENSOR.PCBLIB,QFN127_8_5X5,"E-8-1, LCC 8, ADXL103, ADXL203"
3852,SENSOR.PCBLIB,SON40_10_2X2,DFN-10 pitch:2mm 2X2X0.85mm
3853,SENSOR.PCBLIB,BGA100_80_S10,"IBGA, 80-Balls, Body 10x10mm, Pitch 1mm"
3854,SENSOR.PCBLIB,PHM_TSOP1XX_3,Photo Modules for PCM Remote Control Systems
3855,SENSOR.PCBLIB,PHM_TSOP3XX_3,"HS0038B, SFH5110, TSOP322.., TSOP324.., TSOP344.., TSOP348.."
3856,SENSOR.PCBLIB,PHM_TSOPHD_ST,"HEIMDALL, TSOP952-4, TSOP753-4, TSOP773-4 ... straight"
3857,SENSOR.PCBLIB,PQFN50_16_3X3,16 Lead LGA (3x3x0.75) ICM20601
3858,SENSOR.PCBLIB,PQFN80_14_5X3,"QFN LGA 5.0X3.0mm, pitch: 0.8mm, ADXL345"
3859,SENSOR.PCBLIB,QFN50_10_2020,LGA 2x2x0.75mm
3860,SENSOR.PCBLIB,QFN65_16T_4X4,"QFN, 16-Leads, Body 4.00x4.00mm, Pitch 0.65mm, ADX330"
3861,SENSOR.PCBLIB,SON100_6T_3X3,"SON, 6-Leads, Body 3x3mm, Pitch 1.00mm, STS21"
3862,SENSOR.PCBLIB,PHM_TSOP1XX_3B,IR Sensor (TV Sensor)
3863,SENSOR.PCBLIB,PHM_TSOP3XX_3B,TSOP3XX_BENDED
3864,SENSOR.PCBLIB,PQFN43_24_3535,"LGA (3.5x3x1 mm) 24-lead, LSM9DS1 gyro"
3865,SENSOR.PCBLIB,PQFN50_12_2020,"LGA-12, 0.5mm pitch, 2x2x0.82mm"
3866,SENSOR.PCBLIB,PQFN50_14_2530,"LGA-14, 0.5mm pitch, 2.5x3x0.86mm"
3867,SENSOR.PCBLIB,PQFN50_14_3028,"CC-14-3, LGA-14, 2.9×2.8×1mm"
3868,SENSOR.PCBLIB,PQFN50_16_3030,"LGA-16, 0.5mm pitch, 3x3x1mm"
3869,SENSOR.PCBLIB,PSNS_MPXA6115A6,"Pressure Sensor, MPXA6115A6"
3870,SENSOR.PCBLIB,PHM_TSOPHEIMDALL,"HEIMDALL, TSOP952-4, TSOP753-4, TSOP773-4 ... RightAngle"
3871,SMD_MISC.PCBLIB,RDB_4_2X2,"ERA, AF320/WW107/AF190/PAT (MINI-CIRCUITS), MSA-0986"
3872,SOCKET_CARD.PCBLIB,MMC,
3873,SOCKET_CARD.PCBLIB,MMC_SD,
3874,SOCKET_CARD.PCBLIB,SD_TE1,"SD CARD SOCKET, Push/Push, Top Mount, With Locating Post, part_number: 2013357-1"
3875,SOCKET_CARD.PCBLIB,SD_TE2,TE 1734472
3876,SOCKET_CARD.PCBLIB,MMC_MTA,SD/MMC Morethanall SDC-W25PB-09
3877,SOCKET_CARD.PCBLIB,SD_MOLEX1,"2.50mm Pitch, SD Memory Card Connector, Standard-Mount, Ultra Low Profile, with  PCB Locator, without Mylar, molex 676008001"
3878,SOCKET_CARD.PCBLIB,SD_MOLEX2,MOLEX_SD_67840
3879,SOCKET_CARD.PCBLIB,SDMICRO_AT,"SDMICRO exist on Iran, Attend 112J-TDAR-R01 push-push"
3880,SOCKET_CARD.PCBLIB,SDMICRO_TE,"SD CARD SOCKET, Micro, Push/Push, Top Mount, With Locating Post, TE 1871602-2"
3881,SOCKET_CARD.PCBLIB,SIM_MINI_6,"SIM MINI,"
3882,SOCKET_CARD.PCBLIB,SDMICRO_GCT,"micro SD, GCT MEM2050"
3883,SOCKET_CARD.PCBLIB,SIM_MICRO_6,"Micro SIM Card Connector, 6 Pin"
3884,SOCKET_CARD.PCBLIB,SIMCARD_MINI,25mmX15mmX0.76mm
3885,SOCKET_CARD.PCBLIB,SIMCARD_NANO,15mmX12mm
3886,SOCKET_CARD.PCBLIB,SIM_MINI_6JT,"SIM MINI, JTCONN"
3887,SOCKET_CARD.PCBLIB,SIM_MINI_GCT,"SIM MINI, GCT SIM4065, Push-Push Type, 8 Pin, SMT with Card Detect, 1.60mm Profile Height,  pitch: 1.27mm 26.3x19.3mm"
3888,SOCKET_CARD.PCBLIB,SDMICRO_DM3AT,
3889,SOCKET_CARD.PCBLIB,SDMICRO_DM3CS,
3890,SOCKET_CARD.PCBLIB,SIMCARD_MICRO,15mmX12mm
3891,SOCKET_CARD.PCBLIB,SIM_MICRO_GCT,"Micro SIM Card Connector, SIM7100, Push-Push Type, 8 Pin, SMT, 1.50mm Profile"
3892,SOCKET_CARD.PCBLIB,SDMICRO_3MOLEX,MicroSD Socket (Molex 500873-080X) (3M 2908-05WB-MG)
3893,SOCKET_CARD.PCBLIB,SIMCOMBO_MOLEX,MOLEX MICROSIM+SD SOCKET 104168-1620
3894,SOCKET_CARD.PCBLIB,SIM_MICRO_MOLEX,MOLEX PUSH/PULL MICROSIM SOCKET 78727
3895,SOCKET_CARD.PCBLIB,SIM_MINI_MOLEX1,"SIM MINI, MOLEX PUSH PUSH pitch: 1.27mm 26.3x19.3mm"
3896,SOCKET_CARD.PCBLIB,SIM_MINI_MOLEX2,"SIM MINI, with Locator, MOLEX 47553-1001"
3897,SOCKET_CARD.PCBLIB,SIM_MINI_8_MOLEX,"SIM 8P, MOLEX 91228-3001, 2.54mm Pitch ChipSIM Connector with Ejector, 6 Circuits, without Pegs, Yellow Button"
3898,SOCKET_CARD.PCBLIB,SIM_NANO_SIM8066,"Nano SIM Card Connector, GCT_SIM8066-6-1-14-01-A"
3899,SOCKET_CARD.PCBLIB,SIM_NANO_XKSIM304,"Nano SIM Card Connector, XKSIM-304"
3900,SOCKET_CARD.PCBLIB,SDMICRO_MOLEX104031,MicroSD Socket Molex 104031-0811
3901,SOCKET_CARD.PCBLIB,SDMICRO_MOLEX105162,MicroSD Socket Molex 105162
3902,SOCKET_CARD.PCBLIB,SIM_MICRO_6_XKNANO1308,"Micro SIM Card Connector, 6 Pin XKNANO-1308"
3903,SOCKET_DIP.PCBLIB,DIPSKT_6,"SOCKET DIP, pitch 2.54mm, 300mil Width"
3904,SOCKET_DIP.PCBLIB,DIPSKT_8,"SOCKET DIP, pitch 2.54mm, 300mil Width"
3905,SOCKET_DIP.PCBLIB,DIPSKT_14,"SOCKET DIP, pitch 2.54mm, 300mil Width"
3906,SOCKET_DIP.PCBLIB,DIPSKT_16,"SOCKET DIP, pitch 2.54mm, 300mil Width"
3907,SOCKET_DIP.PCBLIB,DIPSKT_18,"SOCKET DIP, pitch 2.54mm, 300mil Width"
3908,SOCKET_DIP.PCBLIB,DIPSKT_20,"SOCKET DIP, pitch 2.54mm, 300mil Width"
3909,SOCKET_DIP.PCBLIB,DIPSKT_22,"SOCKET DIP, pitch 2.54mm, 400mil Width, 28X10mm"
3910,SOCKET_DIP.PCBLIB,DIPSKT_24,"SOCKET DIP, pitch 2.54mm, 300mil Width"
3911,SOCKET_DIP.PCBLIB,DIPSKT_28,"SOCKET DIP, pitch 2.54mm, 300mil Width"
3912,SOCKET_DIP.PCBLIB,DIPZIF_16,"SOCKET ZIF DIP, pitch 2.54mm, 300mil Width"
3913,SOCKET_DIP.PCBLIB,DIPZIF_20,SOCKET ZIF DIP 20
3914,SOCKET_DIP.PCBLIB,DIPZIF_40,"SOCKET ZIF DIP, pitch 2.54mm, 600mil Width, IC ZIF SOCKET, 240-6I82 3M"
3915,SOCKET_DIP.PCBLIB,DIPSKT_24DW,"SOCKET DIP, pitch 2.54mm, 600mil Width"
3916,SOCKET_DIP.PCBLIB,DIPSKT_28DW,"SOCKET DIP, pitch 2.54mm, 600mil Width"
3917,SOCKET_DIP.PCBLIB,DIPSKT_32DW,"SOCKET DIP, pitch 2.54mm, 600mil Width"
3918,SOCKET_DIP.PCBLIB,DIPSKT_40DW,"SOCKET DIP, pitch 2.54mm, 600mil Width"
3919,SOCKET_DIP.PCBLIB,DIPSKT_48DW,"SOCKET DIP, pitch 2.54mm, 600mil Width"
3920,SOCKET_DIP.PCBLIB,DIPSKT_64TW,"SOCKET DIP, pitch 2.54mm, 900mil Width"
3921,SOCKET_DIP.PCBLIB,DIPSKT_8_WIC,"SOCKET DIP, pitch 2.54mm, with IC"
3922,SOCKET_DIPSMD.PCBLIB,DIPSKTSMD_6,"SOCKET DIP, pitch 2.54mm, 300mil Width"
3923,SOCKET_DIPSMD.PCBLIB,DIPSKTSMD_8,"SOCKET DIP, pitch 2.54mm, 300mil Width"
3924,SOCKET_DIPSMD.PCBLIB,DIPSKTSMD_14,"SOCKET DIP, pitch 2.54mm, 300mil Width"
3925,SOCKET_DIPSMD.PCBLIB,DIPSKTSMD_16,"SOCKET DIP, pitch 2.54mm, 300mil Width"
3926,SOCKET_DIPSMD.PCBLIB,DIPSKTSMD_18,"SOCKET DIP, pitch 2.54mm, 300mil Width"
3927,SOCKET_DIPSMD.PCBLIB,DIPSKTSMD_20,"SOCKET DIP, pitch 2.54mm, 300mil Width"
3928,SOCKET_DIPSMD.PCBLIB,DIPSKTSMD_22,"SOCKET DIP, pitch 2.54mm, 400mil Width, 28X10mm"
3929,SOCKET_DIPSMD.PCBLIB,DIPSKTSMD_24,"SOCKET DIP, pitch 2.54mm, 300mil Width"
3930,SOCKET_DIPSMD.PCBLIB,DIPSKTSMD_28,"SOCKET DIP, pitch 2.54mm, 300mil Width"
3931,SOCKET_DIPSMD.PCBLIB,DIPZIFSMD_16,"SOCKET ZIF DIP, pitch 2.54mm, 300mil Width"
3932,SOCKET_DIPSMD.PCBLIB,DIPZIFSMD_20,SOCKET ZIF DIP 20
3933,SOCKET_DIPSMD.PCBLIB,DIPZIFSMD_40,"SOCKET ZIF DIP, pitch 2.54mm, 600mil Width, IC ZIF SOCKET, 240-6I82 3M"
3934,SOCKET_DIPSMD.PCBLIB,DIPSKTSMD_24DW,"SOCKET DIP, pitch 2.54mm, 600mil Width"
3935,SOCKET_DIPSMD.PCBLIB,DIPSKTSMD_28DW,"SOCKET DIP, pitch 2.54mm, 600mil Width"
3936,SOCKET_DIPSMD.PCBLIB,DIPSKTSMD_32DW,"SOCKET DIP, pitch 2.54mm, 600mil Width"
3937,SOCKET_DIPSMD.PCBLIB,DIPSKTSMD_40DW,"SOCKET DIP, pitch 2.54mm, 600mil Width"
3938,SOCKET_DIPSMD.PCBLIB,DIPSKTSMD_48DW,"SOCKET DIP, pitch 2.54mm, 600mil Width"
3939,SOCKET_DIPSMD.PCBLIB,DIPSKTSMD_64TW,"SOCKET DIP, pitch 2.54mm, 900mil Width"
3940,SOT_SMD.PCBLIB,SOT23_3,"SOT-23, Micro3, MO-178, TO-236AB, MO-193C, SuperSOT3, SC-59, 1.5x3mm, Pitch 1.9mm"
3941,SOT_SMD.PCBLIB,SOT23_5,"SOT-23-5, SOT25, SOT-25, DBV(R-PDSO-G5), SOT753, TSOT23-5, SC-74A, SOT23-5, S5-T (LINEAR), MO-178AA, MO-193AB(JEDEC), MF05A (NS), TSOP-5(ON), UJ-5 (AD), 1.5x3mm, Pitch 0.65mm"
3942,SOT_SMD.PCBLIB,SOT23_6,"SOT-23-6, DDC, DBV, MICRO6, SOT-26, SOT457, SuperSOT6, TSOP-6, HMC313, TSOT, 1.5x3mm, Pitch 0.65mm, CA531, MO-178AB, MO-193AA"
3943,SOT_SMD.PCBLIB,SOT23_8,"SOT23, 8-Leads, DCN, DDF, 1.5x3mm, Pitch 0.65mm"
3944,SOT_SMD.PCBLIB,SOT89_3,"SOT89, SOT-89, SBF-4089, SOT89A, GALI, SC-62, DF782, TO-243AA(JEDEC), 1.5mm pitch"
3945,SOT_SMD.PCBLIB,SOT113_3,"SOT-113, BAT64, SC-75, SOT-416, SOT523, 1.4X0.8mm, 0.5mm pitch"
3946,SOT_SMD.PCBLIB,SOT143_4,"SC-74A , SOT143, TO-253A, LAT-3/MMM168, MW-4, 1.5X3mm, 1.9mm pitch"
3947,SOT_SMD.PCBLIB,SOT223_4,"SOT223, 4-Leads, Body 6.5x3.5mm, Pitch 2.30mm"
3948,SOT_SMD.PCBLIB,SOT223_6,"SOT223-6, TO-261, pitch: 1.27mm"
3949,SOT_SMD.PCBLIB,SOT23_3A,"SOT-23, Micro3, MO-178, TO-236AB, MO-193C, SuperSOT3, SC-59, 1.5x3mm, Pitch 1.9mm"
3950,SOT_SMD.PCBLIB,SOT23_5A,"SOT-23-5, SOT25, SOT-25, DBV(R-PDSO-G5), SOT753, TSOT23-5, SC-74A, SOT23-5, S5-T (LINEAR), MO-178AA, MO-193AB(JEDEC), MF05A (NS), TSOP-5(ON), UJ-5 (AD), 1.5x3mm, Pitch 0.65mm"
3951,SOT_SMD.PCBLIB,SOT23_6T,"SuperSOT6, TSOT6, 1.5x3mm, Pitch 0.95mm"
3952,SOT_SMD.PCBLIB,SOT323_3,"SOT323, SC-70/SC70-3L, DCK, SSOT, MO-203, 2X1.25mm, 1.27mm pitch"
3953,SOT_SMD.PCBLIB,SOT343_4,"SOT343/SOT-343, SC70/SC-70 4, 2X1.2mm, 1.27mm pitch"
3954,SOT_SMD.PCBLIB,SOT353_5,"SC-88A, SC70-5, TSSOP5, SOT-353, DCK (TI), SSOT-25, 0.65mm pitch 2X1.3mm, 0.65mm pitch"
3955,SOT_SMD.PCBLIB,SOT363_6,"SOT-363, SC-70-6, DCK, BFS483, SC-88, MO-203AB, 2X1.2mm, 0.65mm pitch"
3956,SOT_SMD.PCBLIB,SOT490_3,"SOT490 SC-89, SOT523F, 3 LEAD, Body 0.8x1.6mm, Pitch 1.0mm, SSM, EMT3F"
3957,SOT_SMD.PCBLIB,SOT553_5,"SOT-553, DRL, 5 LEAD, 1.2x1.6mm, Pitch 0.50mm"
3958,SOT_SMD.PCBLIB,SOT563_6,"SOT-563, SOT-666, 6 LEAD, Body 1.2x1.6mm, Pitch 0.50mm"
3959,SOT_SMD.PCBLIB,SOT583_8,"SOT-583, DRL, 8 LEAD, Body 1.2x2.1mm, Pitch 0.50mm"
3960,SOT_SMD.PCBLIB,SOT649_3,"RD07MUS2B, 6X4.9mm"
3961,SOT_SMD.PCBLIB,SOT663_3,"SOT-663, 3 LEAD, Body 1.2x1.6mm, Pitch 0.50mm"
3962,SOT_SMD.PCBLIB,SOT723_3,"VMT3, SC-105AA, SOT-723, 3 LEAD, Body 0.8x1.2mm, Pitch 0.8mm"
3963,SOT_SMD.PCBLIB,DFN2020_3,"DFN2020D-3, SOT1061D, Body 2X2X0.65mm,"
3964,SOT_SMD.PCBLIB,DSN1006_3,"X2-DSN1006-3, -DFN1006, 1X0.6X0.35mm"
3965,SOT_SMD.PCBLIB,SOT113_3F,"SOT523F, 3 Lead SC89; EIAJ-SC89, 1.4X0.8mm, 0.5mm pitch"
3966,SOT_SMD.PCBLIB,SOT323_3A,"SOT323, SC-70/SC70-3L, DCK, MO-203, 2X1.25mm, 1.27mm pitch"
3967,SOT_SMD.PCBLIB,SOT353_5A,"SC-88A, SC70-5, TSSOP5, SOT-353, DCK (TI), SSOT-25, 0.65mm pitch 2X1.3mm, 0.65mm pitch"
3968,SSR.PCBLIB,SSR_SPST_4_4312,"RELAY, SPST, 43X12X25mm, SSR-D3805HK"
3969,SWITCH_DIP.PCBLIB,DIPSW100S_1,"SWITCH DIP 4POS, SMD, 1mm, CVS-01, 4.7X5x1.5mm nidec copal"
3970,SWITCH_DIP.PCBLIB,DIPSW100S_2,"SWITCH DIP 4POS, SMD, 1mm, CVS-02, 4.7X5x1.5mm nidec copal"
3971,SWITCH_DIP.PCBLIB,DIPSW100S_3,"SWITCH DIP 4POS, SMD, 1mm, CVS-03, 4.7X5x1.5mm nidec copal"
3972,SWITCH_DIP.PCBLIB,DIPSW100S_4,"SWITCH DIP 4POS, SMD, 1mm, CVS-04, 4.7X5x1.5mm nidec copal"
3973,SWITCH_DIP.PCBLIB,DIPSW100S_8,"SWITCH DIP 4POS, SMD, 1mm, CVS-08, 4.7X5x1.5mm nidec copal"
3974,SWITCH_DIP.PCBLIB,DIPSW127S_1,"SWITCH DIP 1POS, SMD, 1.27mm, 6.1X2.4mm www.ck-components.com, TDA series"
3975,SWITCH_DIP.PCBLIB,DIPSW127S_2,"SWITCH DIP 2POS, SMD, 1.27mm, 6.1X2.4mm www.ck-components.com, TDA series"
3976,SWITCH_DIP.PCBLIB,DIPSW127S_3,"SWITCH DIP 3POS, SMD, 1.27mm, 6.1width"
3977,SWITCH_DIP.PCBLIB,DIPSW127S_4,"SWITCH DIP 4POS, SMD, 1.27mm, 6.1X6.2mm www.ck-components.com, TDA series"
3978,SWITCH_DIP.PCBLIB,DIPSW127S_8,"SWITCH DIP 8POS, SMD, 1.27mm, 6.1X11.3mm www.ck-components.com, TDA series"
3979,SWITCH_DIP.PCBLIB,DIPSW254S_1,"SWITCH DIP 1POS, THD, 2.54mm"
3980,SWITCH_DIP.PCBLIB,DIPSW254S_2,"SWITCH DIP 2POS, THD, 2.54mm, SD02"
3981,SWITCH_DIP.PCBLIB,DIPSW254S_3,"SWITCH DIP 3POS, THD, 2.54mm, SD03"
3982,SWITCH_DIP.PCBLIB,DIPSW254S_4,"SWITCH DIP 4POS, SMD, 2.54mm, CTS-219-04"
3983,SWITCH_DIP.PCBLIB,DIPSW254S_5,"SWITCH DIP 5POS, THD, 2.54mm,"
3984,SWITCH_DIP.PCBLIB,DIPSW254S_6,"SWITCH DIP 6POS, THD, 2.54mm,"
3985,SWITCH_DIP.PCBLIB,DIPSW254S_7,"SWITCH DIP 7POS, THD, 2.54mm,"
3986,SWITCH_DIP.PCBLIB,DIPSW254S_8,"SWITCH DIP 8POS, THD, 2.54mm,"
3987,SWITCH_DIP.PCBLIB,DIPSW254T_1,"SWITCH DIP 1POS, THD, 2.54mm"
3988,SWITCH_DIP.PCBLIB,DIPSW254T_2,"SWITCH DIP 2POS, THD, 2.54mm, SD02"
3989,SWITCH_DIP.PCBLIB,DIPSW254T_3,"SWITCH DIP 3POS, THD, 2.54mm, SD03"
3990,SWITCH_DIP.PCBLIB,DIPSW254T_4,"SWITCH DIP 4POS, THD, 2.54mm, YL04"
3991,SWITCH_DIP.PCBLIB,DIPSW254T_5,"SWITCH DIP 5POS, THD, 2.54mm,"
3992,SWITCH_DIP.PCBLIB,DIPSW254T_8,"SWITCH DIP 8POS, THD, 2.54mm,"
3993,SWITCH_DIP.PCBLIB,DIPSW127S_10,"SWITCH DIP 10POS, SMD, 1.27mm, 6.1X13.8mm"
3994,SWITCH_DIP.PCBLIB,DIPSW254T_12,"SWITCH DIP 12POS, THD, 2.54mm,"
3995,SWITCH_JOYSTICK.PCBLIB,JOYSTIK,
3996,SWITCH_JOYSTICK.PCBLIB,JoyStick,Ä£Ä
3997,SWITCH_PUSH_MICRO.PCBLIB,SWPUST_DPDT_S,"Switch, Push, DPDT, THD, Straight"
3998,SWITCH_PUSH_MICRO.PCBLIB,SWPUSS_PB8_JOY,"Switch, Push, Joystick, SMD, Straight, 8Pin"
3999,SWITCH_PUSH_MICRO.PCBLIB,SW_MICROSWITCH,"microswitch, SPDT"
4000,SWITCH_PUSH_MICRO.PCBLIB,SWPUST_DPST_LED,"Switch, Push, DPST, THD, Straight, +LED"
4001,SWITCH_PUSH_MICRO.PCBLIB,SWPUST_DPDT_S_7X7,"KFC 7x7, 2mm pitch"
4002,SWITCH_ROCKER.PCBLIB,SWRCK_SPDT_R,"SWITCH Rocker, SPDT, RightAngle"
4003,SWITCH_ROCKER.PCBLIB,SWRCK_SPST_S,"SWITCH Rocker, SPST, Straight"
4004,SWITCH_ROCKER.PCBLIB,SWRCK_SPDT_S_15X10,"SWITCH Rocker, SPDT, Straight, 15x10"
4005,SWITCH_ROCKER.PCBLIB,SWRCK_SPST_S_15X10,"SWITCH Rocker, SPST, Straight, 15x10"
4006,SWITCH_ROTARY.PCBLIB,P101,
4007,SWITCH_ROTARY.PCBLIB,P103,
4008,SWITCH_ROTARY.PCBLIB,S10HEX,
4009,SWITCH_ROTARY.PCBLIB,S20BCD,
4010,SWITCH_ROTARY.PCBLIB,DRR3010,
4011,SWITCH_ROTARY.PCBLIB,DRS3010,
4012,SWITCH_ROTARY.PCBLIB,DRS3016,
4013,SWITCH_ROTARY.PCBLIB,SW_DPHT,"SWITCH SELECTOR, DUAL POS TO SIX TERMINAL"
4014,SWITCH_ROTARY.PCBLIB,SW_HPDT,"SWITCH Selector 6pos, 2 terminal"
4015,SWITCH_ROTARY.PCBLIB,SW_QPTT,
4016,SWITCH_ROTARY.PCBLIB,SW_TPQT,"SWITCH Selector Three pos, 4 terminal"
4017,SWITCH_ROTARY.PCBLIB,A1353BCD,
4018,SWITCH_ROTARY.PCBLIB,A1353HEX,
4019,SWITCH_ROTARY.PCBLIB,SW_TPQT_A,"SWITCH Selector Three pos, 4 terminal"
4020,SWITCH_ROTARY.PCBLIB,TW-700198,ROTARY ENCODER
4021,SWITCH_ROTARY.PCBLIB,SWROT_11MM,Alps Encoder+ sw
4022,SWITCH_SLIDE.PCBLIB,SWSLIDT_SPDT_MSS3,"Switch, Slide, SPDT,"
4023,SWITCH_SLIDE.PCBLIB,SWSLIDT_SPDT_R_8X4,"SWSLIDT_SPDT_S_8X4, MHSS1105"
4024,SWITCH_SLIDE.PCBLIB,SWSLIDT_SPDT_S_8X4,"Switch, Slide, SPDT, Straight, THD, 8.6X4.3mm"
4025,SWITCH_SLIDE.PCBLIB,SWSLIDT_DP4T_S_20X8,
4026,SWITCH_SLIDE.PCBLIB,SWSLIDT_DPTT_S_15X6,"SWITCH DUAL POS TO THREE TERMINAL, STRAIGHT"
4027,SWITCH_SLIDE.PCBLIB,SWSLIDT_SPDT_R_10X5,
4028,SWITCH_SLIDE.PCBLIB,SWSLIDT_SPDT_R_11X5,
4029,SWITCH_SLIDE.PCBLIB,SWSLIDT_SPDT_R_13X4,SWITCH SINGLE POS TO DUAL TERMINAL RIGHT ANGLE
4030,SWITCH_SLIDE.PCBLIB,SWSLIDT_SPDT_R_15X6,
4031,SWITCH_SLIDE.PCBLIB,SWSLIDT_SPDT_R_8X4M,Subminiator SPDT switch
4032,SWITCH_SLIDE.PCBLIB,SWSLIDT_SPDT_S_13X6,SW_3_13X6
4033,SWITCH_SLIDE.PCBLIB,SWSLIDT_SPST_S_10X4,SW_SPST 10X4
4034,SWITCH_SLIDE.PCBLIB,SWSLIDT_SPST_S_19X11,"Switch, Slide, SPST, Straight, THD, 19X11mm"
4035,SWITCH_SLIDE.PCBLIB,SWSLIDT_DPDT_S_22F25G5,"SWITH DUAL POS, DUAL TERMINAL, STRAIGHT, SS-22F25G5"
4036,SWITCH_TACT_PUSHB.PCBLIB,SWPBS_SPDT_3X3,"SWITCH, PUSHBUTTON, SMD, SPDT, 3.3x2.9 mm, SKSH Series; Height 0.38mm ; 200,000 cycles ; 1.6N Force, SKSHAAE010"
4037,SWITCH_TACT_PUSHB.PCBLIB,SWPBT_SPST_8X8,"SWITCH, PUSHBUTTON, THD, SPST, 8X8X5.5mm ; 100,000 cycles ; 2.45N Force, SKPDACD010"
4038,SWITCH_TACT_PUSHB.PCBLIB,SWPBS_SPDT_R_WE,"SWITCH, PUSHBUTTON, SMD, SPDT, RIGHT"
4039,SWITCH_TACT_PUSHB.PCBLIB,SWPBS_SPST_2016,"SWITCH, PUSHBUTTON, SMD, SPDT, 2.1x1.65 mm, NanoT Series; Height 0.55mm ; 300,000 cycles ; 160gf"
4040,SWITCH_TACT_PUSHB.PCBLIB,SWPBS_SPDT_3X3TS,"SWITCH, PUSHBUTTON, SMD, SPDT, 3.1x3.1x1.5mm, TS-1233"
4041,SWITCH_TACT_PUSHB.PCBLIB,SWPBS_SPDT_3X3X1,"SWITCH, PUSHBUTTON, SMD, SPDT, 3.0x2.7mm, SKSG Series; Height 1.4 mm; 200,000 cycles; 4N force, SKSGAAE010"
4042,SWITCH_TACT_PUSHB.PCBLIB,SWPBS_SPDT_5X5X1,"SWITCH, PUSHBUTTON, SMD, SPDT, SKQG Series ; Height 1.5 mm ; 500,000 cycles ; 0.98N Force, SKQGAFE010"
4043,SWITCH_TACT_PUSHB.PCBLIB,SWPBS_SPDT_6X6X4,"SWITCH, PUSHBUTTON, SMD, SPDT, 6.5x6.5mm, 4.3mm, TS-1143S"
4044,SWITCH_TACT_PUSHB.PCBLIB,SWPBS_SPDT_6X6X5,"SWITCH, PUSHBUTTON, SMD, SPDT, 6X6mm 4PIN"
4045,SWITCH_TACT_PUSHB.PCBLIB,SWPBS_SPDT_6X6X7,"SWITCH, PUSHBUTTON, SMD, SPDT, 6.2x6.2x7.3mm, TACTDQ62"
4046,SWITCH_TACT_PUSHB.PCBLIB,SWPBS_SPDT_R_KMS,"SWITCH, PUSHBUTTON, SMD, SPDT, RIGHT"
4047,SWITCH_TACT_PUSHB.PCBLIB,SWPBS_SPST_3X2X1,"SWITCH, PUSHBUTTON, SMD, SPST, 3X2.5mm"
4048,SWITCH_TACT_PUSHB.PCBLIB,SWPBS_SPST_6X3X2,"SWITCH, PUSHBUTTON, SMD, SPST, 6X3.5X2.5mm, RS-282G05A3, SKQYPA, 50000 Cycles"
4049,SWITCH_TACT_PUSHB.PCBLIB,SWPBS_SPST_6X3X5,"SWITCH, PUSHBUTTON, SMD, SPST, 6X3.5mm, SKQMBBE010, 50000 Cycles, 1.57N Force"
4050,SWITCH_TACT_PUSHB.PCBLIB,SWPBT_SPDT_6X6X4,"SWITCH, PUSHBUTTON, THD, SPDT, TS-1143"
4051,SWITCH_TACT_PUSHB.PCBLIB,SWPBT_SPDT_6X6X5,"SWITCH, PUSHBUTTON, THD, SPDT, 6X6mm"
4052,SWITCH_TACT_PUSHB.PCBLIB,SWPBT_SPDT_6X6X7,"SWITCH, PUSHBUTTON, THD, SPDT, 6X6X7.0 mm Height ; 1,000,000 cycles ; 0.98N Force, SKHHBVA010"
4053,SWITCH_TACT_PUSHB.PCBLIB,SWPBT_SPDT_7X7X5,"SWITCH, PUSHBUTTON, THD, SPDT, 7.2X7.2mm, TC-37XB"
4054,SWITCH_TACT_PUSHB.PCBLIB,SWPBT_SPST_12X12,"SWITCH, PUSHBUTTON, THD, SPST, GPTS203212B (CW) 12x12x9.1mm"
4055,SWITCH_TACT_PUSHB.PCBLIB,SWPBT_SPST_6X3X5,"SWITCH, PUSHBUTTON, THD, SPST, 6X3.5mm"
4056,SWITCH_TACT_PUSHB.PCBLIB,SWPBT_SPST_6X6X4,"SWITCH, PUSHBUTTON, THD, SPST, 6X6mm"
4057,SWITCH_TACT_PUSHB.PCBLIB,SWPBT_SPST_6X6X5,"SWITCH, PUSHBUTTON, THD, SPST,"
4058,SWITCH_TACT_PUSHB.PCBLIB,SWPBT_SPST_R_6X3,"SWITCH, PUSHBUTTON, THD, SPST, 6X3mm;"
4059,SWITCH_TACT_PUSHB.PCBLIB,SWPBT_SPST_R_6X6,"SWITCH, PUSHBUTTON, THD, SPST, 6X6mm, RIGHT ANGLE, FSMRA2JH, FSMRA3JH, SKHHLQA010"
4060,SWITCH_TACT_PUSHB.PCBLIB,SWPBS_SPDT_6X6X5C,"SWITCH, PUSHBUTTON, SMD, SPDT, WITH CAP"
4061,SWITCH_TACT_PUSHB.PCBLIB,SWPBT_SPDT_6X6X10,"SWITCH, PUSHBUTTON, THD, SPDT,"
4062,SWITCH_TACT_PUSHB.PCBLIB,SWPBT_SPDT_6X6X7J,"SWITCH, PUSHBUTTON, THD, SPDT, Joint Stem type; 7.3 mm Height ; 1,000,000 cycles ; 0.98N Force, SKHHCWA010"
4063,SWITCH_TACT_PUSHB.PCBLIB,SWPBT_SPST_6X6X10,"SWITCH, PUSHBUTTON, THD, SPST, 6X6X9.5 mm ; 200,000 cycles ; 0.98N Force, SKQKAJD010"
4064,SWITCH_TACT_PUSHB.PCBLIB,SWPBT_SPST_6X6X4C,"SWITCH, PUSHBUTTON, THD, SPST, 6X6X4.3mm ; 500,000 cycles ; 1.27N Force, SKRGAAD010"
4065,SWITCH_TACT_PUSHB.PCBLIB,SWPBT_SPST_9X9X13,"SWITCH, PUSHBUTTON, THD, SPST, 9X9X13 mm ; 100,000 cycles ; 1.57N Force, SKRCACD010"
4066,SWITCH_TACT_PUSHB.PCBLIB,SWPBT_SPST_R_6X6B,"SWITCH, PUSHBUTTON, THD, SPST, 6X6mm, RIGHT ANGLE, TSD007A05026A03"
4067,SWITCH_TACT_PUSHB.PCBLIB,SWPBS_SPDT_4X4SKRM,"SWITCH, PUSHBUTTON, SMD, SPDT, SKRM Series ; Height 0.4 mm ; 500,000 cycles ; 1.57N Force, SKRMAAE010"
4068,SWITCH_TACT_PUSHB.PCBLIB,SWPBS_SPDT_4X4SKRW,"SWITCH, PUSHBUTTON, SMD, SPDT, SKRW Series ; Height 0.35 mm ; 500,000 cycles ; 1.57N Force, SKRWAEE030"
4069,SWITCH_TACT_PUSHB.PCBLIB,SWPBS_SPDT_6X6X5TS,"SWITCH, PUSHBUTTON, SMD, SPDT, 6.5x6.5mm, 5.0mm, TS-1150S"
4070,SWITCH_TACT_PUSHB.PCBLIB,SWPBS_SPDT_6X6X7TS,"SWITCH, PUSHBUTTON, SMD, SPDT, 7.0mm, TS-1170S"
4071,SWITCH_TACT_PUSHB.PCBLIB,SWPBS_SPDT_R_EVPAE,"SWITCH, PUSHBUTTON, SMD, SPDT, RIGHT or Side"
4072,SWITCH_TACT_PUSHB.PCBLIB,SWPBS_SPDT_R_EVPAK,"SWITCH, PUSHBUTTON, SMD, SPDT, RIGHT"
4073,SWITCH_TACT_PUSHB.PCBLIB,SWPBS_SPST_6X3X5_R,"SWITCH, PUSHBUTTON, SMD, SPST, RIGHT"
4074,SWITCH_TACT_PUSHB.PCBLIB,SWPBT_SPDT_10X10X7,"SWITCH, PUSHBUTTON, THD, SPDT,"
4075,SWITCH_TACT_PUSHB.PCBLIB,SWPBT_SPDT_6X6X5TS,"SWITCH, PUSHBUTTON, THD, SPDT, TS-1150"
4076,SWITCH_TACT_PUSHB.PCBLIB,SWPBT_SPDT_6X6X7TS,"SWITCH, PUSHBUTTON, THD, SPDT, TS-1170"
4077,SWITCH_TACT_PUSHB.PCBLIB,SWPBT_SPDT_6X6X8TL,"SWITCH, PUSHBUTTON, THD, SPDT, 8.0mm, TL-1105-C"
4078,SWITCH_TACT_PUSHB.PCBLIB,SWPBT_SPST_R_12X12,"SWITCH, PUSHBUTTON, THD, SPST, GPTS203212B (CW) 12x12x9.1mm"
4079,SWITCH_TACT_PUSHB.PCBLIB,SWPBT_SPST_R_6X6X4,"SWITCH, PUSHBUTTON, THD, SPST, 6X6X3.85 mm; 1,000,000 cycles ; 0.98N Force, SKHHLMA010"
4080,SWITCH_TACT_PUSHB.PCBLIB,SWPBT_SPST_R_6X6X6,"SWITCH, PUSHBUTTON, THD, SPST, 6X6X5.85mm; 1,000,000 cycles ; 0.98N Force, SKHHLUA010"
4081,SWITCH_TACT_PUSHB.PCBLIB,SWPBS_SPDT_5X5_SKRB,"SWITCH, PUSHBUTTON, SMD, SPDT, SKRB Series ; Height 0.55 mm ; 2,000,000 cycles ; 1.1N Force, SKRBAGE010"
4082,SWITCH_TACT_PUSHB.PCBLIB,SWPBS_SPDT_R_SKRTLA,"SWITCH, PUSHBUTTON, SMD, SPDT, RIGHT or Side"
4083,SWITCH_TACT_PUSHB.PCBLIB,SWPBT_SPST_R_6X6X10,"SWITCH, PUSHBUTTON, THD, SPST, 6X6mm, RIGHT ANGLE"
4084,SWITCH_TACT_PUSHB.PCBLIB,SWPBT_SPDT_12X12SKHC,"SWITCH, PUSHBUTTON, THD, SPDT, 12X12X7.3 mm ; 1,000,000 cycles ; 1.27N Force, SKHCBEA010"
4085,SWITCH_TACT_PUSHB.PCBLIB,SWPBT_SPDT_12X12SKQE,"SWITCH, PUSHBUTTON, THD, SPDT, 12X12X4.3 mm ; 10,000,000 cycles ; 1.57N Force, SKQEABA010"
4086,SWITCH_TACT_PUSHB.PCBLIB,SWPBT_SPDT_6X6X4SKHH,"SWITCH, PUSHBUTTON, THD, SPDT, 6X6X4.3 mm Height ; 1,000,000 cycles ; 0.98N Force, SKHHAJA010"
4087,SWITCH_TACT_PUSHB.PCBLIB,SWPBT_SPDT_6X6X5SKHH,"SWITCH, PUSHBUTTON, THD, SPDT, 6X6X5.0 mm Height ; 1,000,000 cycles ; 0.98N Force, SKHHAKA010"
4088,SWITCH_TACT_PUSHB.PCBLIB,SWPBT_SPDT_6X6X10SKHH,"SWITCH, PUSHBUTTON, THD, SPDT, 6X6X9.5 mm Height ; 1,000,000 cycles ; 0.98N Force, SKHHANA010"
4089,SWITCH_TACT_PUSHB.PCBLIB,SWPBT_SPDT_6X6X13SKHH,"SWITCH, PUSHBUTTON, THD, SPDT, 6X6X13.0 mm Height; 1,000,000 cycles ; 0.98N Force, SKHHDTA010"
4090,SWITCH_TACT_PUSHB.PCBLIB,SWPBT_SPDT_6X6X17SKHH,"SWITCH, PUSHBUTTON, THD, SPDT, 6X6X17.0 mm Height ; 500,000 cycles ; 0.98N Force, SKHHDHA010"
4091,SWITCH_TOGGLE.PCBLIB,SWTOG_DPDT_S_13X13,"Switch Toggle, DPDT, THD, Straight"
4092,SWITCH_TOGGLE.PCBLIB,SWTOG_SPDT_R_M2012,"Switch Toggle, SPDT, THD, RightAngLe, NKK M2012SA2W30, MTS-102-C3"
4093,SWITCH_TOGGLE.PCBLIB,SWTOG_SPDT_R_2M1SP1,"Switch Toggle, 2M1-SP1-T2-B4-M6RE"
4094,SWITCH_TOGGLE.PCBLIB,SWTOG_SPDT_S_7101SY,"Switch Toggle, SPDT Straight, 7X12mm, 7101SYZBE CK"
4095,SWITCH_TOGGLE.PCBLIB,SWTOG_SPDT_R_100SPM7,"Switch Toggle, SPDT RightAngle (manufacturer: E.SWITCH) 100SP1T2B4M7RE"
4096,SWITCH_TOGGLE.PCBLIB,SWTOG_SPDT_R_7101MD9,"Switch Toggle, 7101MD9ABE"
4097,SWITCH_TOGGLE.PCBLIB,SWTOG_SPDT_S_200MSPM2,"Switch Toggle, SPDT RightAngle, E.SWITCH 200MSP1T1B1M2QEH"
4098,TEST&JUMPER.PCBLIB,J1206,"CHIP RESISTOR 1/4 WATT, Body 3.2x1.6mm,1206"
4099,TEST&JUMPER.PCBLIB,JPH_2,"Jumper Header 2.54mm Pitch, Vertical"
4100,TEST&JUMPER.PCBLIB,JPH_3,"Jumper Header 2.54mm Pitch, 3PIN, Vertical"
4101,TEST&JUMPER.PCBLIB,J0805A,"CHIP RESISTOR 1/8 WATT ,2.0X1.3mm, 0805, for PCBA"
4102,TEST&JUMPER.PCBLIB,J1206A,"CHIP RESISTOR 1/4 WATT, Body 3.2x1.6mm,1206, for PCBA"
4103,TEST&JUMPER.PCBLIB,JPH_2R,"Jumper Header 2.54mm Pitch, Horizontal"
4104,TEST&JUMPER.PCBLIB,JPW_5MM,5.08 mm (200mil) Jumper wire
4105,TEST&JUMPER.PCBLIB,JP_0603,"CHIP Resistor 1/10 WATT, 1.6x0.8mm, 0603, 1608"
4106,TEST&JUMPER.PCBLIB,JP_0612,"CHIP RESISTOR 1/4 WATT, Body 1.6x3.2mm, 1632, 0612"
4107,TEST&JUMPER.PCBLIB,JP_0805,"CHIP RESISTOR 1/8 WATT , 2.0X1.3mm, 0805, 2012"
4108,TEST&JUMPER.PCBLIB,TP50D30,TEST POINT 0.5mm WITH 0.3 mm Hole Diameter
4109,TEST&JUMPER.PCBLIB,TP60D40,TEST POINT 0.6mm WITH 0.4 mm Hole Diameter
4110,TEST&JUMPER.PCBLIB,TP80D30,TEST POINT 0.8mm WITH 0.3 mm Hole Diameter
4111,TEST&JUMPER.PCBLIB,TP80D50,
4112,TEST&JUMPER.PCBLIB,TPTHD_A,"TEST POINT, SMALLEST SIZE"
4113,TEST&JUMPER.PCBLIB,JPW_10MM,10.16 mm (400 mil) Jumper wire
4114,TEST&JUMPER.PCBLIB,JPW_15MM,15.24 mm (600 mil) Jumper wire
4115,TEST&JUMPER.PCBLIB,JPW_20MM,20.32 mm (800 mil) Jumper wire
4116,TEST&JUMPER.PCBLIB,TP100D50,
4117,TEST&JUMPER.PCBLIB,TP150D80,TEST POINT 1.5mm WITH 0.8 mm Hole Diameter
4118,TEST&JUMPER.PCBLIB,TPSMD_C1,"Test Point, SMD Pad, Circle, 1mm X 1mm"
4119,TEST&JUMPER.PCBLIB,TPSMD_S1,"Test Point, SMD Pad, Circle, 1mm X 1mm"
4120,TEST&JUMPER.PCBLIB,JPH_2_BLK,"Jumper Header 2.54mm Pitch, Vertical, BLACK"
4121,TEST&JUMPER.PCBLIB,JPH_2_BLU,"Jumper Header 2.54mm Pitch, Vertical, BLUE"
4122,TEST&JUMPER.PCBLIB,JPH_2_GRN,"Jumper Header 2.54mm Pitch, Vertical, GREEN"
4123,TEST&JUMPER.PCBLIB,JPH_2_RED,"Jumper Header 2.54mm Pitch, Vertical, RED"
4124,TEST&JUMPER.PCBLIB,JPS_2_W20,JUMPER SOLDER 0.2X0.5MM
4125,TEST&JUMPER.PCBLIB,JPS_2_W30,JUMPER SOLDER 0.3X0.5MM
4126,TEST&JUMPER.PCBLIB,JPS_2_W40,JUMPER SOLDER 0.4X0.5MM
4127,TEST&JUMPER.PCBLIB,JPS_2_W60,JUMPER SOLDER 0.6X0.5MM
4128,TEST&JUMPER.PCBLIB,JPS_3_W40,"JUMPER SOLDER 3pin, 0.4mm width"
4129,TEST&JUMPER.PCBLIB,JPS_3_W60,"JUMPER SOLDER, 3pin, 0.6mm width"
4130,TEST&JUMPER.PCBLIB,JPS_4_W20,"JUMPER SOLDER. 4pin, TINY, 0.2mm width, 1.1x0.75mm"
4131,TEST&JUMPER.PCBLIB,JPS_4_W60,JUMPER SOLDER 0.6mm width
4132,TEST&JUMPER.PCBLIB,JPS_5_W20,"JUMPER SOLDER TINY, 1.1x0.75mm"
4133,TEST&JUMPER.PCBLIB,JPS_5_W60,JUMPER SOLDER 0.6mm width
4134,TEST&JUMPER.PCBLIB,JPW_7P6MM,7.62 mm (300 mil) Jumper wire
4135,TEST&JUMPER.PCBLIB,JP_0402IR,JUMPER 0402 for Iran
4136,TEST&JUMPER.PCBLIB,JP_0402X4,"RPACK, 0804, 0402X4, 2.00x1.00mm"
4137,TEST&JUMPER.PCBLIB,JP_0603IR,JUMPER 0603 for Iran
4138,TEST&JUMPER.PCBLIB,JP_0805IR,JUMPER 0805 for Iran
4139,TEST&JUMPER.PCBLIB,POGOMAG_4,debug pogo pin with magnet
4140,TEST&JUMPER.PCBLIB,TPSMD_C60,"Test Point, SMD Pad, Circle, 0.6mm X 0.6mm"
4141,TEST&JUMPER.PCBLIB,TPSMD_C80,"Test Point, SMD Pad, Circle, 0.8mm X 0.8mm"
4142,TEST&JUMPER.PCBLIB,JPS_2_W100,JUMPER SOLDER 1X0.6MM
4143,TEST&JUMPER.PCBLIB,JPS_2_W160,JUMPER SOLDER 1.6X0.6MM
4144,TEST&JUMPER.PCBLIB,JPS_2_W200,JUMPER SOLDER 2X0.6MM
4145,TEST&JUMPER.PCBLIB,JPS_2_W300,JUMPER SOLDER 3X1MM
4146,TEST&JUMPER.PCBLIB,JP_0603IRT,JUMPER 0603 for triple jumper placement
4147,TEST&JUMPER.PCBLIB,JP_0805IRT,JUMPER 0805 for Iran
4148,TEST&JUMPER.PCBLIB,TPSMD0603A,"CHIP Capacitor, 1.6X0.8mm, 0603 for PCBA"
4149,TEST&JUMPER.PCBLIB,TPSMD_C120,"Test Point, SMD Pad, Circle, 1.2mm X1.2mm"
4150,TEST&JUMPER.PCBLIB,TPSMD_S140,"Test Point, SMD Pad, Square, 1.4mm X1.4mm"
4151,TEST&JUMPER.PCBLIB,TPSMD_S1WH,"Test Point, SMD Pad, Circle, 1mm X 1mm, with hole"
4152,TEST&JUMPER.PCBLIB,JP_RES0_AX2,"JUMPER, RESISTOR 0 Ohm 1/8Watt, Axial 0.24Inch"
4153,TEST&JUMPER.PCBLIB,JP_RES0_AX3,"JUMPER, RESISTOR 0 Ohm 1/8Watt, Axial0.3Inch"
4154,TEST&JUMPER.PCBLIB,JP_RES0_AX4,0 Ohm Jumper Resistor
4155,TEST&JUMPER.PCBLIB,TPTHD_B_GRN,TEST POINT KEYSTONE 2.5mm WITH 1 mm Hole Diameter
4156,TEST&JUMPER.PCBLIB,TPTHD_B_WHT,TEST POINT KEYSTONE 2.5mm WITH 1 mm Hole Diameter
4157,TEST&JUMPER.PCBLIB,TP_POGGOPIN,TEST POINT for normal POGGOPIN
4158,TEST&JUMPER.PCBLIB,Breakout_8x2,Small DAQ breakout for hookup to breadboard section
4159,TEST&JUMPER.PCBLIB,NETTIE_2_W20,"NET TIE, 2pin, 0.2mm width"
4160,TEST&JUMPER.PCBLIB,NETTIE_2_W40,"NET TIE, 2pin, 0.4mm width"
4161,TEST&JUMPER.PCBLIB,NETTIE_2_W60,"NET TIE, 2pin, 0.6mm width"
4162,TEST&JUMPER.PCBLIB,NETTIE_3_W60,"NET TIE, 3pin, 0.6mm width"
4163,TEST&JUMPER.PCBLIB,NETTIE_4_W60,"NET TIE, 4pin, 0.6mm width"
4164,TEST&JUMPER.PCBLIB,POGOMAG_IDEA,debug pogo pin with magnet
4165,TEST&JUMPER.PCBLIB,POGO_MAG_2X2,HEADER 1.27mm with magnet
4166,TEST&JUMPER.PCBLIB,PROG_MAG_2X2,"HEADER 1.27mm with magnet , only magnet"
4167,TEST&JUMPER.PCBLIB,TPTHD_C_BLK1,"Thru-hole test point loop, 1.6mm Hole"
4168,TEST&JUMPER.PCBLIB,TPTHD_C_BLK2,"Thru-hole test point loop, 1.6mm Hole"
4169,TEST&JUMPER.PCBLIB,NETTIE_2_W100,"NET TIE, 2pin, 1mm width"
4170,TEST&JUMPER.PCBLIB,TPTHD_CROCODILE,"TEST POINT, CROCODILE"
4171,TEST&JUMPER.PCBLIB,BreadBoard_25x51,"Small 1""x2"" breadboard section"
4172,TEST&JUMPER.PCBLIB,TPTHD_CROCODILEx2,"TEST POINT, CROCODILE"
4173,TO_THD.PCBLIB,TO3,"TO-3, TO3, TO-204A, 2N3055"
4174,TO_THD.PCBLIB,RD91,"TO-3, TO3, TO-204A, 2N3055"
4175,TO_THD.PCBLIB,TO3H,TO-3 WITH HEATSINK
4176,TO_THD.PCBLIB,TO18_3,"TO18, TO-206AA, TO52, TO46, DIA: 5.5mm"
4177,TO_THD.PCBLIB,TO39_3,
4178,TO_THD.PCBLIB,TO46_3,"TO-46-3, TO-206AB"
4179,TO_THD.PCBLIB,TO92_3,"TO-92, SOT54"
4180,TO_THD.PCBLIB,ESIP_7C,eSIP-7C
4181,TO_THD.PCBLIB,TO126_3,"TO126, TO-126, SOT32 (PHIPLIPS), pitch: 2.3mm, 8X3mm"
4182,TO_THD.PCBLIB,TO218_3,"TO218, TO-218, SOT-93, pitch: 5.5mm"
4183,TO_THD.PCBLIB,TO220_2,
4184,TO_THD.PCBLIB,TO220_3,"TO-220 3 LEAD, TO-262, pitch: 2.54mm  10x4.5mm"
4185,TO_THD.PCBLIB,TO220_5,"TO-220 STRAIGHT, T05A pitch: 1.7mm"
4186,TO_THD.PCBLIB,TO220_7,
4187,TO_THD.PCBLIB,TO247_2,
4188,TO_THD.PCBLIB,TO247_3,"TO247, TO-247, TO-3P pitch: 5.5mm 15.8x21x5mm, TO-218"
4189,TO_THD.PCBLIB,TO251_3,TO-251 IPAK pitch: 2.3mm 6.5x6.5mm
4190,TO_THD.PCBLIB,TO264_3,"TO-264, pitch: 5.5mm 20.2x26x5mm"
4191,TO_THD.PCBLIB,CB_5_PFF,"ACS752, ACS758"
4192,TO_THD.PCBLIB,TO126_3B,"TO126, TO-126, SOT32 (PHIPLIPS), BEND pitch: 2.3mm, 8X3mm"
4193,TO_THD.PCBLIB,TO218_3B,"O218, TO-218, SOT-93, pitch: 5.5mm BENDED"
4194,TO_THD.PCBLIB,TO220_2B,
4195,TO_THD.PCBLIB,TO220_3B,"TO-220 3LEAD, pitch: 2.54mm  10x15mm"
4196,TO_THD.PCBLIB,TO220_5B,
4197,TO_THD.PCBLIB,TO220_7B,
4198,TO_THD.PCBLIB,TO247_3B,"TO247, TO-247, TO-3P BENDED, pitch: 5.5mm  TO-218"
4199,TO_THD.PCBLIB,TO251_3B,"TO251, TO-251, IPAK BEND pitch: 2.3mm 6.5x6.5mm"
4200,TO_THD.PCBLIB,TO92_3FA,"TO-92 formed leads, SOT54"
4201,TO_THD.PCBLIB,TO92_3FB,"TO-92 formed leads, TO-226, SOT54A"
4202,TO_THD.PCBLIB,TO92_3FC,"TO-92 formed leads, TO-226"
4203,TO_THD.PCBLIB,TO92_3FD,"TO-92 formed leads, TO-226"
4204,TO_THD.PCBLIB,TO92_3SMT,TO-92 Surface Mounted
4205,TO_THD.PCBLIB,TO92_2FLAT,TO-92 LPG
4206,TO_THD.PCBLIB,HSINK_TO126,HEATSINK TO-126
4207,TO_THD.PCBLIB,TO92_3BENDA,"TO-92 Bended, SOT54"
4208,TO_THD.PCBLIB,TO92_3BENDB,"TO-92 Bended, SOT54"
4209,TO_THD.PCBLIB,HSINK_TO220A,"HEATSINK, TO-220,"
4210,TO_THD.PCBLIB,HSINK_TO220B,"HEATSINK, TO-220,"
4211,TO_THD.PCBLIB,HSINK_TO220C,"HEATSINK, TO-220,"
4212,TO_THD.PCBLIB,HSINK_TO220D,"HEATSINK, TO-220, Epoxy meets UL94"
4213,TO_THD.PCBLIB,HSINK_TO220E,"HEATSINK, TO-220, Epoxy meets UL94"
4214,TO_THD.PCBLIB,HSINK_TO220F,
4215,TO_THD.PCBLIB,MULTIWATT_11,Use For L6203
4216,TO_THD.PCBLIB,TO220_5_T05D,"TO-220 BEND, T05D, PENTAWATT"
4217,TO_THD.PCBLIB,FLEXIWATT_25V,FLEXIWATT25 straight pitch: 1mm 29.2x4.5mm
4218,TO_THD.PCBLIB,MULTIWATT_15H,L298 bended MULTIWATT15 pitch: 1.27mm 20x5mm
4219,TO_THD.PCBLIB,MULTIWATT_15V,L298 straight MULTIWATT15 pitch: 1.27mm 20x5mm
4220,TO_THD.PCBLIB,TO92_3FLATBEND,"TO-92 Bended, SOT54"
4221,TO_THD.PCBLIB,HSINK_5200X2300,
4222,TRANS_ETH.PCBLIB,SOG100_24,"ETHERNET TRANSFORMER, 15.24X10.2mm, 1mm pitch,HX5084NL"
4223,TRANS_ETH.PCBLIB,SO_16_7W5H,"16pinsoic (HALO)  pitch: 1.27mm, 12.7X7.1X5mm"
4224,TRANS_ETH.PCBLIB,SO_16_7W6H,"Transformer signal, pitch: 1.27mm, 12.7X7.2X6mm"
4225,TRANS_ETH.PCBLIB,SO_16_9W6H,"Transformer signal, pitch: 1.27mm, 12.7X9X6mm"
4226,TRANS_ETH.PCBLIB,SO_24_9W2H,"Transformer signal, pitch: 1.27mm, 16.5X9.1X2.1mm"
4227,TRANS_ETH.PCBLIB,SOG100_24_W,"Transformer signal, pitch: 1.27mm, 13.2X15.2X6mm"
4228,TRANS_ETH.PCBLIB,SO_24_12W6H,"Transformer signal, pitch: 1.27mm, 17.6X12.2X6mm"
4229,TRANS_ETH.PCBLIB,SO_16_7W530H,"Transformer signal, pitch: 1.27mm, 12.7X7X5.3mm"
4230,TRANS_ETH.PCBLIB,SO_24_16W2H5,"Transformer signal, pitch: 1.27mm, 19.8X16.6X2.54mm"
4231,TRANS_POWER.PCBLIB,ER9_8,"TRANS, ER9.5/5  9.5X5mm, pitch: 3.75mm"
4232,TRANS_POWER.PCBLIB,EE13_8,"TRANS, EE13 4+4, Pitch 2.7mm"
4233,TRANS_POWER.PCBLIB,EP10_8,"TRANS, EP10 4+4, Pitch 2.54mm"
4234,TRANS_POWER.PCBLIB,EE13_10,"TRANS, EE13 5+5 Body 13.72x19.66mm, Pitch 2.54mm"
4235,TRANS_POWER.PCBLIB,EE16V_8,"TRANS, EE-16 4+4 Vertical, pitch: 3.8mm"
4236,TRANS_POWER.PCBLIB,EFD15_8,"TRANS, EFD15/8/5  15X8X5mm, pitch: 3.75mm"
4237,TRANS_POWER.PCBLIB,EI16V_5,"TRANS, EI-16 3+2 Vertical, pitch: 3.8mm"
4238,TRANS_POWER.PCBLIB,EFD30_12,"TRANS, EFD30  30X15X9mm, pitch: 5.08mm"
4239,TRANS_POWER.PCBLIB,PQ3220_4,"TRANS, PQ32/20_2+2, core size 32X20X22mm"
4240,TRANS_POWER.PCBLIB,EE5_6_SMD,"TRANS, EE5 3+3, Pitch 1.85mm"
4241,TRANS_POWER.PCBLIB,EE6_6_SMD,"TRANS, E 6.3 3+3, Pitch 2.54mm"
4242,TRANS_POWER.PCBLIB,EE8_8_SMD,"TRANS, E 8.8 4+4, Pitch 2.54mm"
4243,TRANS_POWER.PCBLIB,EP5_8_SMD,"TRANS, EP5 4+4, Pitch 1.9mm"
4244,TRANS_POWER.PCBLIB,EP7_8_SMD,"TRANS, EP7 4+4, Pitch 2.54mm"
4245,TRANS_POWER.PCBLIB,PQ2625_12,"TRANS, PQ26/25_6+6  core size 26X19X25mm, pitch: 5.08mm"
4246,TRANS_POWER.PCBLIB,PQ3220H_8,"TRANS, PQ32/20_4+4  core size 32X20X22mm, pitch: 4mm"
4247,TRANS_POWER.PCBLIB,PQ3220_12,"TRANS, PQ32/20_6+6  core size 32X20X22mm, pitch: 5.08mm"
4248,TRANS_POWER.PCBLIB,PQ3225H_8,"TRANS, PQ32/25_4+4  core size 33X22X16mm, pitch: 4mm, FERROXCUBE"
4249,TRANS_POWER.PCBLIB,PQ3225_12,"TRANS, PQ32/25_6+6  core size 33X22X16mm, pitch: 5.08mm, FERROXCUBE"
4250,TRANS_POWER.PCBLIB,PQ3535_12,"TRANS, PQ35/35_6+6  35X35X26mm, pitch: 5.08mm"
4251,TRANS_POWER.PCBLIB,PQ4040_12,"TRANS, PQ40/40_6+6  40X40X28mm, pitch: 5.08mm"
4252,TRANS_POWER.PCBLIB,EP10_8_SMD,"TRANS, EP10 4+4, Pitch 2.54mm"
4253,TRANS_POWER.PCBLIB,EE13_10_SMD,"TRANS, EE13 5+5 Body 13.72x19.66mm, Pitch 2.54mm"
4254,TRANS_POWER.PCBLIB,EFD15_8_SMD,"TRANS, EFD15/8/5  15X8X5mm, pitch: 3.75mm"
4255,TRANS_POWER.PCBLIB,EFD15_10_SMD,"TRANS, EFD15/8/5  15X8X5mm, pitch: 2.54mm"
4256,TRANS_POWER.PCBLIB,EFD15_12_SMD,"TRANS, EFD15/8/5  15X8X5mm, pitch: 2.54mm"
4257,TRANS_POWER_MINI.PCBLIB,TRNS254_6_PGP,"TRANS, push-pull app, General size"
4258,TRANS_POWER_MINI.PCBLIB,TRNS185_6_0606,"TRANS, P0926NL, 6mmX6mm, pitch: 1.85mm"
4259,TRANS_POWER_MINI.PCBLIB,TRNS254_6_0806,"TRANS, 8mmX6mm, pitch: 2.54mm"
4260,TRANS_POWER_MINI.PCBLIB,TRNS254_6_0909,"TRANS, 9mmX9.6mm, pitch: 2.54mm"
4261,TRANS_POWER_MINI.PCBLIB,TRNS254_6_1108,"SOP, 6-Leads, 8.4x11.40mm, Pitch 2.54mm"
4262,TRANS_POWER_MINI.PCBLIB,TRNS254_6_1109,"TRANS, 11X9.4mm, Pitch 2.54mm"
4263,TRANS_POWER_MINI.PCBLIB,TRNS254_8_1215,"TRANS, 12X15mm, Pitch 2.54mm"
4264,TRANS_POWER_MINI.PCBLIB,TRNS300_6_0809,"TRANS, 9.2mmX8mm, pitch: 3mm"
4265,TRANS_POWER_MINI.PCBLIB,TRNS254_10_1314,"TRANS, 13.5X14.2mm, Pitch 2.54mm"
4266,TRANS_POWER_MINI.PCBLIB,TRNS254_10_2014CT,"TRANS, 14.2X19.9mm, Pitch 2.54mm"
4267,TRANS_RF.PCBLIB,BAL-0006SMG,"Balun, 3pin 0.5KHz ~ 6GHz"
4268,TRANS_RF.PCBLIB,TRNS_XFM300,"Transformer, 5pin XFM3001-1UH 3.8x3.8mm pitch: 1.27mm"
4269,TRANS_RF.PCBLIB,TRNS127_6_5X5,"Transformer, AT577, 6-Leads, Body 5x5mm, Pitch 1.27mm"
4270,TRANS_RF.PCBLIB,TRNS254_5_8X6,"Transformer, ADT1-1WT, 7.1X6.35X3mm"
4271,TRANS_RF.PCBLIB,TRNS254_6_8X6,"Transformer, CD541, CD542,  CD636, CD637, 7.9X5.6X2.8mm"
4272,TRANS_RF.PCBLIB,TRNS254_6_8X7,"Transformer, CD541, CD542,  CD636, CD637, 7.9X5.6X2.8mm"
4273,TRANS_RF.PCBLIB,TRNS_TC1_1_13,"Transformer, 5pin TC1-1-13M+ 3.8x3.8mm pitch: 1.27mm"
4274,TRANS_RF.PCBLIB,TRNS127_5_S380,"Transformer, pitch:1.27 3.8X3.8mm, RFXF6553"
4275,TRANS_RF.PCBLIB,TRNS127_6T_5X5,"Transformer, SM31, 6-Leads, Body 5x5mm, Pitch 1.27mm"
4276,TRANS_RF.PCBLIB,TRNS127_6_S380,"Transformer, SAW Bandpass Filter F8973, pitch:1.27 3.8X3.8mm"
4277,TRANS_RF.PCBLIB,TRNS_ETC1_1_13,"Transformer, 5pin ETC1-1-13 3.8x3.8mm pitch: 1.27mm"
4278,TRANS_RF.PCBLIB,TRNS127_5_S380CW,"Transformer, 4X3.8mm, 1.27mm pitch, Clockwise numbering"
4279,TRANS_RF.PCBLIB,TRNS127_6_S380CW,"Transformer, 4X3.8mm, 1.27mm pitch, Clockwise numbering"
4280,TRANS_RF.PCBLIB,TRNS127_6_350X310,"Transformer, SFECF MURATA CERAFIL pitch: 1.28mm 3.5x3.1mm 6Lead"
4281,TRANS_RF.PCBLIB,TRNS150_5_450X420,"Transformer, WBC, pitch:1.5mm, 4.5X4.2mm"
4282,TRANS_RF.PCBLIB,TRNS150_6_450X420,"Transformer, WBC, pitch:1.5mm, 4.5X4.2mm"
4283,TRANS_RF.PCBLIB,TRNS127_5_S380SM22,"Transformer, sm-22, AT224"
4284,7SEG(LED).SCHLIB,7SEG_2DIGIT_CC_RED_0.3INCH_10,"7SEGMENT, 2DIGIT, common cathode"
4285,7SEG(LED).SCHLIB,7SEG_2DIGIT_CA_GRN_0.3INCH_10,"7SEGMENT, 2DIGIT, common cathode"
4286,7SEG(LED).SCHLIB,7SEG_2DIGIT_CC_RED_0.56inch,"7SEGMENT, 2DIGIT, common cathode"
4287,7SEG(LED).SCHLIB,7SEG_2DIGIT_CC_GRN_0.56inch,"7SEGMENT, 2DIGIT, common cathode"
4288,7SEG(LED).SCHLIB,7SEG_2DIGIT_CA_RED_0.56inch,"7SEGMENT, 2DIGIT, common Anode"
4289,7SEG(LED).SCHLIB,7SEG_2DIGIT_CA_GRN_0.56inch,"7SEGMENT, 2DIGIT, common Anode"
4290,7SEG(LED).SCHLIB,7SEG_2DIGIT_CC_RED_0.2INCH,"7SEGMENT, 2DIGIT, common cathode"
4291,7SEG(LED).SCHLIB,7SEG_2DIGIT_CC_GRN_0.2INCH,"7SEGMENT, 2DIGIT, common cathode"
4292,7SEG(LED).SCHLIB,7SEG_2DIGIT_CA_YLW_0.3INCH,"7SEGMENT, 2DIGIT, common Anode"
4293,7SEG(LED).SCHLIB,7SEG_2DIGIT_CA_RED_0.3INCH,"7SEGMENT, 2DIGIT, common Anode"
4294,7SEG(LED).SCHLIB,7SEG_2DIGIT_CA_RED_0.2INCH,"7SEGMENT, 2DIGIT, common cathode"
4295,7SEG(LED).SCHLIB,7SEG_2DIGIT_CA_GRN_0.3INCH,"7SEGMENT, 2DIGIT, common Anode"
4296,7SEG(LED).SCHLIB,7SEG_2DIGIT_CA_GRN_0.2INCH,"7SEGMENT, 2DIGIT, common Anode"
4297,7SEG(LED).SCHLIB,7SEG_2DIGIT_CA_BLU_0.3INCH,"7SEGMENT, 2DIGIT, common Anode"
4298,7SEG(LED).SCHLIB,7SEG_2DIGIT_CA_BLU_0.2INCH,"7SEGMENT, 2DIGIT, common Anode"
4299,7SEG(LED).SCHLIB,7SEG_1DIGIT_CA_0.3INCH_8P,"7SEGMENT, 1DIGIT, common anode, 8pin"
4300,7SEG(LED).SCHLIB,7SEG_1DIGIT_CA_RED_5INCH,"7SEGMENT, 1DIGIT, common ANODE"
4301,7SEG(LED).SCHLIB,7SEG_4DIGIT_CC_0.28INCH,"7SEGMENT, 4DIGIT, common cathode 0.28"""
4302,7SEG(LED).SCHLIB,7SEG_4DIGIT_CA_0.28INCH,"7SEGMENT, 4DIGIT, common Anode 0.28"""
4303,7SEG(LED).SCHLIB,7SEG_1DIGIT_CC_GRN_7MM,"7SEGMENT, 1DIGIT, common cathode"
4304,7SEG(LED).SCHLIB,7SEG_1DIGIT_CC_0.4INCH,"7SEGMENT, 1DIGIT, common cathode"
4305,7SEG(LED).SCHLIB,7SEG_1DIGIT_CC_0.3INCH,"7SEGMENT, 1DIGIT, common cothode"
4306,7SEG(LED).SCHLIB,7SEG_1DIGIT_CA_YLW_7MM,"7SEGMENT, 1DIGIT, common ANODE"
4307,7SEG(LED).SCHLIB,7SEG_1DIGIT_CA_RED_7MM,"7SEGMENT, 1DIGIT, common ANODE"
4308,7SEG(LED).SCHLIB,7SEG_1DIGIT_CA_GRN_7MM,"7SEGMENT, 1DIGIT, common ANODE"
4309,7SEG(LED).SCHLIB,7SEG_1DIGIT_CA_0.4INCH,"7SEGMENT, 1DIGIT, common Anode"
4310,7SEG(LED).SCHLIB,7SEG_1DIGIT_CA_0.3INCH,"7SEGMENT, 1DIGIT, common anode"
4311,7SEG(LED).SCHLIB,7SEG_3DIGIT_CC_5631,"7SEGMENT, 3DIGIT, common cathode"
4312,7SEG(LED).SCHLIB,7SEG_3DIGIT_CC_2831,"7SEGMENT, 3DIGIT, common cathode"
4313,7SEG(LED).SCHLIB,7SEG_1DIGIT_CC_5611,"7SEGMENT, 1DIGIT, common cathode"
4314,7SEG(LED).SCHLIB,7SEG_4DIGIT_CK_CC,"7SEGMENT, 4DIGIT, common cathode 5641 for clock"
4315,7SEG(LED).SCHLIB,7SEG_4DIGIT_CC,"7SEGMENT, 4DIGIT, common cathode 5641"
4316,7SEG(LED).SCHLIB,7SEG_2DIGIT_CC,"7SEGMENT, 2DIGIT, common cathode"
4317,7SEG(LED).SCHLIB,LED_MATRIX8X8,
4318,ADC.SCHLIB,TLA2024_X2QFN10,"ADC, 12-BIT, 4-CH, 3.3KSPS, I2C"
4319,ADC.SCHLIB,ADS1115_X2QFN10,"ADC, 16-BIT, 4-CH, 0.86KSPS, I2C, with PGA"
4320,ADC.SCHLIB,ADS1115_VSSOP10,"ADC, 16-BIT, 4-CH, 0.86KSPS, I2C, with PGA"
4321,ADC.SCHLIB,ADS1114_X2QFN10,"ADC, 16-BIT, 1-CH, 0.86KSPS, I2C, with PGA"
4322,ADC.SCHLIB,ADS1114_VSSOP10,"ADC, 16-BIT, 1-CH, 0.86KSPS, I2C, with PGA"
4323,ADC.SCHLIB,ADS1113_X2QFN10,"ADC, 16-BIT, 1-CH, 0.86KSPS, I2C"
4324,ADC.SCHLIB,ADS1113_VSSOP10,"ADC, 16-BIT, 1-CH, 0.86KSPS, I2C"
4325,ADC.SCHLIB,ADC0804IN_DIP20,"ADC, 8-Bit ,Differential Inputs"
4326,ADC.SCHLIB,LTC1293_SOP16W,"ADC, 6-CH differential"
4327,ADC.SCHLIB,ADC0838_SOP20W,"ADC, 8-Bit, 8CH, SERIAL IO"
4328,ADC.SCHLIB,ADS7816_SOP8,"ADC, 12-bit, 200kHz"
4329,ADC.SCHLIB,AD7291_QFN20,"ADC, 12-Bit, 8-Ch, SAR, I2C, + temp sensor"
4330,ADC.SCHLIB,MAX187_DIP8,"ADC, 12-bit, SERIAL, 75Ksps"
4331,ADC_AUDIO.SCHLIB,WM8782_SSOP20,IC ADC/AUDIO 24BIT 192K
4332,ADC_AUDIO.SCHLIB,PCM4220,"IC ADC AUDIO, 2 CH, 24-BIT, 216KHz, 112dB"
4333,ADC_AUDIO.SCHLIB,PCM4201,"IC ADC AUDIO, 1 CH, 24-BIT, 108KHz, 112dB"
4334,ADC_AUDIO.SCHLIB,CS5381,"IC ADC AUDIO, 2 CH, 24-BIT, 192KHz, 120dB"
4335,ADC_AUDIO.SCHLIB,CS5368,"IC ADC AUDIO, 8 CH, 24-BIT, 192KHz, 114dB"
4336,ADC_AUDIO.SCHLIB,CS5340,"IC ADC AUDIO, 2 CH, 24-BIT, 192KHz, 101dB"
4337,ADC_HIGHSPEED.SCHLIB,AD9689_BGA196_2.6G,"ADC, 14-Bit, 2.6Gsps, Dual, JESD204B"
4338,ADC_HIGHSPEED.SCHLIB,AD9695-1300_QFN64,"ADC, 14-Bit, 1300MSPS, 2CH, JESD204B"
4339,ADC_HIGHSPEED.SCHLIB,AD9695-625_QFN64,"ADC, 14-Bit, 625MSPS, 2CH, JESD204B"
4340,ADC_HIGHSPEED.SCHLIB,AD9689_BGA196_2G,"ADC, 14-Bit, 2Gsps, Dual, JESD204B"
4341,ADC_HIGHSPEED.SCHLIB,AD9656-125_QFN56,"ADC, 16-Bit, 125Msps, 4CH, JESD204B"
4342,ADC_HIGHSPEED.SCHLIB,AD9642-250_QFN32,"ADC, 14-Bit, 250MSPS, Parallel LVDS, 1.8V, QFN-32"
4343,ADC_HIGHSPEED.SCHLIB,AD9642-170_QFN32,"ADC, 14-Bit, 170MSPS, Parallel LVDS, 1.8V, QFN-32"
4344,ADC_HIGHSPEED.SCHLIB,ADS42LB69_QFN64,"ADC, 16-Bit, 250MSPS, 2CH, Parallel LVDS, QDR, QFN-64"
4345,ADC_HIGHSPEED.SCHLIB,AD9649-80_QFN32,"ADC, 14-Bit, 80MSPS, Parallel LVDS, 1.8V, QFN-32"
4346,ADC_HIGHSPEED.SCHLIB,LTC2208_QFN64,"ADC, 16-BIT, 130MSPS, 700MHz BW"
4347,ADC_HIGHSPEED.SCHLIB,ADS4249_QFN64,"ADC, 14-Bit, 250MSPS, 2CH, Parallel LVDS, 1.8V, QFN-64"
4348,ADC_HIGHSPEED.SCHLIB,ADS4246_QFN64,"ADC, 14-Bit, 160MSPS, 2CH, Parallel LVDS, 1.8V, QFN-64"
4349,ADC_HIGHSPEED.SCHLIB,ADS4245_QFN64,"ADC, 14-Bit, 125MSPS, 2CH, Parallel LVDS, 1.8V, QFN-64"
4350,ADC_HIGHSPEED.SCHLIB,ADS4242_QFN64,"ADC, 14-Bit, 65MSPS, 2CH, Parallel LVDS, 1.8V, QFN-64"
4351,ADC_HIGHSPEED.SCHLIB,ADS4226_QFN64,"ADC, 12-Bit, 160MSPS, 2CH, Parallel LVDS, 1.8V, QFN-64"
4352,ADC_HIGHSPEED.SCHLIB,ADS4128_QFN48,"ADC, 12-Bit, 200MSPS, Parallel LVDS, 1.8V, QFN-48"
4353,ADC_HIGHSPEED.SCHLIB,AD9208_BGA196,"ADC, 14-Bit, 3Gsps, Dual, JESD204B"
4354,ADC_HIGHSPEED.SCHLIB,AD9257_QFN64,"ADC, 14-Bit, 40/65MSPS, 8CH, Serial LVDS, 1.8V, QFN-64"
4355,ADC_POWER_MONITOR.SCHLIB,INA226_VSSOP10,"ADC 12-bit, Current/Power Monitor, I2C"
4356,ADC_POWER_MONITOR.SCHLIB,INA219_SOT23,"ADC 12-bit, Current/Power Monitor, I2C"
4357,ADC_POWER_MONITOR.SCHLIB,INA219_SOP8,"ADC 12-bit, Current/Power Monitor, I2C"
4358,ADC_PRECISION.SCHLIB,ADS131M04_TSSOP20,"ADC, 24-Bit, 4-Channel, Simultaneous, Delta-Sigma"
4359,ADC_PRECISION.SCHLIB,ADS8887_VSSOP10,"ADC, 18-bit, 100ksps, SAR"
4360,ADC_PRECISION.SCHLIB,ADS8688_TSSOP38,"ADC, 16-Bit, 500-kSPS, SAR, 8-Channel, Single-Supply, Bipolar Input"
4361,ADC_PRECISION.SCHLIB,ADS131M04_QFN20,"ADC, 24-Bit, 4-Channel, Simultaneous, Delta-Sigma"
4362,ADC_PRECISION.SCHLIB,MAX11046_QFP64,"ADC, 16-bit, 8CH, 250 kSps, SAR"
4363,ADC_PRECISION.SCHLIB,ADS8325_VSSOP8,"ADC, 16-bit, 100ksps, SAR"
4364,ADC_PRECISION.SCHLIB,ADS1158_QFN48,"ADC, 16-Bit, 125ksps, 16CH, DeltaSigma, QFN48"
4365,ADC_PRECISION.SCHLIB,AD7760_QFP64,"ADC, 24-Bit, 2.5MSPS, Sigma-Delta, Parallel Interface, SV-64-2"
4366,ADC_PRECISION.SCHLIB,AD7656_QFP64,"ADC, 16-bit, 250Ksps, 6CH, SAR, simultaneous"
4367,ADC_PRECISION.SCHLIB,AD7609_QFP64,"ADC, 18-Bit, 200ksps, 8CH, SAR, Simultaneous Sampling, Differential DAS, QFP-64"
4368,ADC_TEMP.SCHLIB,MAX31855T_SOP8,"Thermocouple ADC, Type T, -270~+400oC"
4369,ADC_TEMP.SCHLIB,MAX31855S_SOP8,"Thermocouple ADC, Type S, -50~+1700oC"
4370,ADC_TEMP.SCHLIB,MAX31855R_SOP8,"Thermocouple ADC, Type R, -50~+1700oC"
4371,ADC_TEMP.SCHLIB,MAX31855N_SOP8,"Thermocouple ADC, Type N, -200~+1300oC"
4372,ADC_TEMP.SCHLIB,MAX31855K_SOP8,"Thermocouple ADC, Type K, -200~+1350oC"
4373,ADC_TEMP.SCHLIB,MAX31855J_SOP8,"Thermocouple ADC, Type J, -200~+1200oC"
4374,ADC_TEMP.SCHLIB,MAX31855E_SOP8,"Thermocouple ADC, Type E, -270~+1000oC"
4375,ADC_TEMP.SCHLIB,MCP9902_DFN8,"Temp diode ADC, ±1°C, -40~+105°C"
4376,AMP.SCHLIB,OPA4171Q_SSOP14,"AMP, Low Noise, Low Drift, Single-Supply"
4377,AMP.SCHLIB,THS4522_SSOP38,"AMP, Quad, Differential, Hi-Sp, Fully-Diff"
4378,AMP.SCHLIB,THS4503_SSOP8T,"AMP, Differential, Hi-Sp, Fully-Diff"
4379,AMP.SCHLIB,OPA4354_SSOP14,"AMP, Low Noise, Rail-to-Rail, Single-Supply"
4380,AMP.SCHLIB,OPA4171_SSOP14,"AMP, Low Noise, Low Drift, Single-Supply"
4381,AMP.SCHLIB,OPA4171Q_SOP14,"AMP, Low Noise, Low Drift, Single-Supply"
4382,AMP.SCHLIB,OPA2171_VSSOP8,"AMP, Low Noise, Low Drift, Single-Supply"
4383,AMP.SCHLIB,MCP6001R_SOT23,"AMP, Lo-Pwr, rail-to-rail, 1MHz"
4384,AMP.SCHLIB,ADA4897_MSOP10,"AMP, Low Noise, LowPower, LowDistortion"
4385,AMP.SCHLIB,AD8574_SOP14_1,"AMP, Quad, Zero-Drift, Single-Supply, 10pA input"
4386,AMP.SCHLIB,THS4503_SSOP8,"AMP, Differential, Hi-Sp, Fully-Diff"
4387,AMP.SCHLIB,THS4281_SOT23,"AMP, High Speed, Very Lo-Pwr, rail-to-rail"
4388,AMP.SCHLIB,OPA4354_SOP14,"AMP, Low Noise, Rail-to-Rail, Single-Supply"
4389,AMP.SCHLIB,OPA4171_SOP14,"AMP, Low Noise, Low Drift, Single-Supply"
4390,AMP.SCHLIB,OPA4132_SOP14,"AMP, Ultra-Low Noise, Precision"
4391,AMP.SCHLIB,OPA354Q_SOT23,"AMP, Low Noise, Rail-to-Rail, Single-Supply"
4392,AMP.SCHLIB,OPA2652_SOT23,"AMP, Rail-to-Rail, Dual"
4393,AMP.SCHLIB,OPA2354_SSOP8,"AMP, Low Noise, Rail-to-Rail, Single-Supply"
4394,AMP.SCHLIB,OPA2340_SSOP8,"AMP, Rail-to-Rail, Dual"
4395,AMP.SCHLIB,OPA2171_SSOP8,"AMP, Low Noise, Low Drift, Single-Supply"
4396,AMP.SCHLIB,OPA171_SOT553,"AMP, Low Noise, Low Drift, Single-Supply"
4397,AMP.SCHLIB,LTC6409_QFN10,"AMP, Differential, 10GHz BW"
4398,AMP.SCHLIB,LMC6482_SSOP8,"AMP, Dual,"
4399,AMP.SCHLIB,Gali-39_SOT89,"AMP, RF, Monolithic, DC-7 GHz"
4400,AMP.SCHLIB,ADA4927_QFN16,"AMP, Differential, Hi-Sp, Fully-Diff, Ultralow Distortion Current Feedback"
4401,AMP.SCHLIB,ADA4897_SOT23,"AMP, Low Noise, LowPower, LowDistortion"
4402,AMP.SCHLIB,ADA4896_SSOP8,"AMP, Low Noise, LowPower, LowDistortion"
4403,AMP.SCHLIB,AD8574_SSOP14,"AMP, Quad, Zero-Drift, Single-Supply, 10pA input"
4404,AMP.SCHLIB,AD8330_QSOP16,"AMP, Differential, Hi-Sp, Fully-Diff, VGA"
4405,AMP.SCHLIB,TSU112_SSOP8,"AMP, Dual, Low-Power"
4406,AMP.SCHLIB,TLV2702_DIP8,"AMP, Dual, nanoPWR, PUSH-PULL COMPARATORS"
4407,AMP.SCHLIB,TLC272_SSOP8,"AMP, Dual,"
4408,AMP.SCHLIB,THS4503_SOP8,"AMP, Differential, Hi-Sp, Fully-Diff"
4409,AMP.SCHLIB,OPA547_TO263,"AMP, HighVoltage, High Current"
4410,AMP.SCHLIB,OPA354_SOT23,"AMP, Low Noise, Rail-to-Rail, Single-Supply"
4411,AMP.SCHLIB,OPA350_SSOP8,"AMP, Low Power, Rail-to-Rail, Single-Supply"
4412,AMP.SCHLIB,OPA345_SOT23,"AMP, Low Power, Rail-to-Rail, Single-Supply"
4413,AMP.SCHLIB,OPA2652_SOP8,"AMP, Rail-to-Rail, Dual"
4414,AMP.SCHLIB,OPA2354_SOP8,"AMP, Low Noise, Rail-to-Rail, Single-Supply"
4415,AMP.SCHLIB,OPA2340_SOP8,"AMP, Rail-to-Rail, Dual"
4416,AMP.SCHLIB,OPA2340_DIP8,"AMP, Rail-to-Rail, Dual"
4417,AMP.SCHLIB,OPA2171_SOP8,"AMP, Low Noise, Low Drift, Single-Supply"
4418,AMP.SCHLIB,OPA2132_SOP8,"AMP, Ultra-Low Noise, Precision"
4419,AMP.SCHLIB,OPA2132_DIP8,"AMP, Ultra-Low Noise, Precision"
4420,AMP.SCHLIB,OPA211_SSOP8,"AMP, Precision, 1.1nV/rtHz Noise, Lo Pwr"
4421,AMP.SCHLIB,OPA171_SOT23,"AMP, Low Noise, Low Drift, Single-Supply"
4422,AMP.SCHLIB,LMV951_SOT23,"AMP, 1V 2.7MHz RR Input & Output"
4423,AMP.SCHLIB,LMC6762_SOP8,"AMP, Dual, MicroPower, Push-Pull Output, R-To-R Input CMOS Comparator"
4424,AMP.SCHLIB,LMC6482_SOP8,"AMP, Dual,"
4425,AMP.SCHLIB,LMC6482_DIP8,"AMP, Dual,"
4426,AMP.SCHLIB,ADA4897_SOP8,"AMP, Low Noise, LowPower, LowDistortion"
4427,AMP.SCHLIB,ADA4896_SON8,"AMP, Low Noise, LowPower, LowDistortion"
4428,AMP.SCHLIB,AD8574_SOP14,"AMP, Quad, Zero-Drift, Single-Supply, 10pA input"
4429,AMP.SCHLIB,AD8330_QFN16,"AMP, Differential, Hi-Sp, Fully-Diff, VGA"
4430,AMP.SCHLIB,AA8641_SOT23,"AMP, Video, low voltage"
4431,AMP.SCHLIB,TSU112_SC70,"AMP, Low-Power"
4432,AMP.SCHLIB,TSU112_DFN8,"AMP, DuaL, Low-Power"
4433,AMP.SCHLIB,TSU112_DFN6,"AMP, Low-Power"
4434,AMP.SCHLIB,TLV2702_SO8,"AMP, Dual, nanoPWR, PUSH-PULL COMPARATORS"
4435,AMP.SCHLIB,TLV172_SC70,"AMP, Lo-Noise, 10MHz"
4436,AMP.SCHLIB,TLC272_SOP8,"AMP, Dual,"
4437,AMP.SCHLIB,TLC272_DIP8,"AMP, Dual,"
4438,AMP.SCHLIB,TL084_SOP14,"AMP, Quad, Low-Noise JFET-Input, LowPower"
4439,AMP.SCHLIB,TL074_SOP14,"AMP, Quad, Low-Noise JFET-Input"
4440,AMP.SCHLIB,TL074_DIP14,"AMP, Quad, Low-Noise JFET-Input"
4441,AMP.SCHLIB,OPA354_SOP8,"AMP, Low Noise, Rail-to-Rail, Single-Supply"
4442,AMP.SCHLIB,OPA350_SOP8,"AMP, Low Power, Rail-to-Rail, Single-Supply"
4443,AMP.SCHLIB,OPA345_SOP8,"AMP, Low Power, Rail-to-Rail, Single-Supply"
4444,AMP.SCHLIB,OPA211_SOP8,"AMP, Precision, 1.1nV/rtHz Noise, Lo Pwr"
4445,AMP.SCHLIB,OPA211_SON8,"AMP, Precision, 1.1nV/rtHz Noise, Lo Pwr"
4446,AMP.SCHLIB,OPA171_SOP8,"AMP, Low Noise, Low Drift, Single-Supply"
4447,AMP.SCHLIB,OPA132_SOP8,"AMP, Ultra-Low Noise, Precision"
4448,AMP.SCHLIB,OP413_SOP14,"AMP, Low-Noise, Low Drift, Single-Supply"
4449,AMP.SCHLIB,OP413_DIP14,"AMP, Low-Noise, Low Drift, Single-Supply"
4450,AMP.SCHLIB,NE5534_SOP8,"AMP, Low-Noise"
4451,AMP.SCHLIB,NE5534_DIP8,"AMP, Low-Noise"
4452,AMP.SCHLIB,NE5532_SOP8,"AMP, Dual, Low-Noise"
4453,AMP.SCHLIB,NE5532_DIP8,"AMP, Dual, Low-Noise"
4454,AMP.SCHLIB,MCP601_SOP8,"AMP, 2.7~6.0V Single Supply CMOS"
4455,AMP.SCHLIB,LT1358_SOP8,"AMP, Dual, 25MHz, 600V/µs"
4456,AMP.SCHLIB,LT1358_DIP8,"AMP, Dual, 25MHz, 600V/µs"
4457,AMP.SCHLIB,LM7171_SOP8,"AMP, Very High Sp, High Output Current, VoltageFeedback"
4458,AMP.SCHLIB,LM7171_DIP8,"AMP, Very High Sp, High Output Current, VoltageFeedback"
4459,AMP.SCHLIB,LM324_SOP14,"AMP, Quad, Single-Supply"
4460,AMP.SCHLIB,LM324_DIP14,"AMP, Quad, Single-Supply"
4461,AMP.SCHLIB,LM321_SOT23,"AMP, 1MHz, Lo-Pwr"
4462,AMP.SCHLIB,ERA-2_WW107,"AMP, RF, Monolithic, DC-6GHz"
4463,AMP.SCHLIB,CA3130_SOP8,"AMP, 15MHz, BiMOS, MOSFET Input/CMOS Output"
4464,AMP.SCHLIB,AD8137_SOP8,"AMP, Differential, LowCost, LowPWR"
4465,AMP.SCHLIB,UA741_SOP8,"AMP, General-Purpose"
4466,AMP.SCHLIB,TL082_SOP8,"AMP, Dual, Lo-Noise, JFET Input"
4467,AMP.SCHLIB,TL081_SOP8,"AMP, Dual, Lo-Noise, JFET Input"
4468,AMP.SCHLIB,TL072_SOP8,"AMP, Dual, Lo-Noise, JFET Input"
4469,AMP.SCHLIB,TL072_DIP8,"AMP, Dual, Lo-Noise, JFET Input"
4470,AMP.SCHLIB,OPA27_SOP8,"AMP, Ultra-Low Noise, Precision"
4471,AMP.SCHLIB,OPA27_DIP8,"AMP, Ultra-Low Noise, Precision"
4472,AMP.SCHLIB,OP213_DIP8,"AMP, DUAL, Low-Noise, Low Drift, Single-Supply"
4473,AMP.SCHLIB,OP113_SOP8,"AMP, Low-Noise, Low Drift, Single-Supply"
4474,AMP.SCHLIB,OP113_DIP8,"AMP, Low-Noise, Low Drift, Single-Supply"
4475,AMP.SCHLIB,LM741_DIP8,"AMP, General-Purpose"
4476,AMP.SCHLIB,LM358_SOP8,"AMP, Dual, Low-Power"
4477,AMP.SCHLIB,LM358_DIP8,"AMP, Dual, Low-Power"
4478,AMP.SCHLIB,OP27_DIP8,"AMP, Ultralow Offset"
4479,AMP.SCHLIB,OP213_SO8,"AMP, DUAL, Low-Noise, Low Drift, Single-Supply"
4480,AMP.SCHLIB,OP07_SOP8,"AMP, Ultralow Offset"
4481,AMP.SCHLIB,OP07_DIP8,"AMP, Ultralow Offset"
4482,AMP.SCHLIB,OPA227,"AMP, High Precision, Low Noise, 3nV/?Hz"
4483,AMP.SCHLIB,0,
4484,AMP_AUDIO.SCHLIB,TPA6013A4_TSSOP24,"AMP, AUDIO, 3W, AB TSSOP-24"
4485,AMP_AUDIO.SCHLIB,TDA2050_TO220,"AMP, Audio, Power Amp 32W"
4486,AMP_AUDIO.SCHLIB,TDA2003_TO220,"AMP, Audio, Power Amp 10W"
4487,AMP_AUDIO.SCHLIB,OPA1632_SSOP8,"AMP, Audio, Differential"
4488,AMP_AUDIO.SCHLIB,TPA6041A4RHB,"AMP, AUDIO, 2.6W, AB 32VQFN"
4489,AMP_AUDIO.SCHLIB,OPA1632_SOP8,"AMP, Audio, Differential"
4490,AMP_AUDIO.SCHLIB,TS472_QFN24,"AMP, Low noise microphone preamp"
4491,AMP_AUDIO.SCHLIB,LM4861_SOP8,"AMP, Audio, Power Amp, 1Watt"
4492,AMP_AUDIO.SCHLIB,LM386_SSOP8,"AMP, Audio, Low Voltage, Power Amp"
4493,AMP_AUDIO.SCHLIB,LM386_SOP8,"AMP, Audio, Low Voltage, Power Amp"
4494,AMP_AUDIO.SCHLIB,LM386_DIP8,"AMP, Audio, Low Voltage, Power Amp"
4495,AMP_AUDIO.SCHLIB,TS4984IQT,"AMP, AUDIO, PWR 1.2W, 2.2-5.5V AB 16TQFN"
4496,AMP_AUDIO.SCHLIB,TDA7850,"AMP, AUDIO, 4X 50Watt, 1 % THD"
4497,AMP_AUDIO.SCHLIB,TDA7388,"AMP, AUDIO, 4X 45Watt, 0.1 % THD"
4498,AMP_COMPARATOR.SCHLIB,TLC3704_SSOP14,"Comparator, Quad, Micropower Push-Pull Output"
4499,AMP_COMPARATOR.SCHLIB,TLC3704_SOP14,"Comparator, Quad, Micropower Push-Pull Output"
4500,AMP_COMPARATOR.SCHLIB,TLC3704_DIP14,"Comparator, Quad, Micropower Push-Pull Output"
4501,AMP_COMPARATOR.SCHLIB,LTC1441_SOP8,"Comparator, Dual, Ultralow Power, with Reference"
4502,AMP_COMPARATOR.SCHLIB,LM339_SSOP14,"Comparator, Quad"
4503,AMP_COMPARATOR.SCHLIB,TL331_SOT23,"Comparator, Low input 25nA"
4504,AMP_COMPARATOR.SCHLIB,LT1011_SOP8,"Comparator, Voltage"
4505,AMP_COMPARATOR.SCHLIB,LM339_SOP14,"Comparator, Quad"
4506,AMP_COMPARATOR.SCHLIB,LM339_DIP14,"Comparator, Quad"
4507,AMP_COMPARATOR.SCHLIB,LM2903_SOP8,"Comparator, Dual, 25nA BIAS CURRENT"
4508,AMP_COMPARATOR.SCHLIB,LM393_SOP8,"Comparator, Dual"
4509,AMP_COMPARATOR.SCHLIB,AD790_SOP8,"Comparator, Fast Prec"
4510,AMP_COMPARATOR.SCHLIB,AD790_DIP8,"Comparator, Fast Prec"
4511,AMP_INSTRUMENT.SCHLIB,LOG114AIRGV_QFN16,"AMP, Inst, Logarithmic, Precision, High-Speed"
4512,AMP_INSTRUMENT.SCHLIB,MCP6N11-010_SON8,"AMP, Inst,"
4513,AMP_INSTRUMENT.SCHLIB,OPA4197_TSSOP14,"AMP, Inst, Precision, Low Offset, Rail-to-Rail Input Output, 36-V"
4514,AMP_INSTRUMENT.SCHLIB,OPA2376_VSSOP8,"AMP, Inst, DUAL, Precision, Low Noise, Low Quiescent Current"
4515,AMP_INSTRUMENT.SCHLIB,OPA2188_VSSOP8,"AMP, Inst, DUAL, Precision, Low Noise, Low Quiescent Current"
4516,AMP_INSTRUMENT.SCHLIB,INA199A3_QFN10,"AMP, Inst, current-sense, low-Drift"
4517,AMP_INSTRUMENT.SCHLIB,INA199A2_QFN10,"AMP, Inst, current-sense, low-Drift"
4518,AMP_INSTRUMENT.SCHLIB,INA199A1_QFN10,"AMP, Inst, current-sense, low-Drift"
4519,AMP_INSTRUMENT.SCHLIB,INA180B4_SOT23,"AMP, Inst, current-sense, low-Drift"
4520,AMP_INSTRUMENT.SCHLIB,INA180B3_SOT23,"AMP, Inst, current-sense, low-Drift"
4521,AMP_INSTRUMENT.SCHLIB,INA180B2_SOT23,"AMP, Inst, current-sense, low-Drift"
4522,AMP_INSTRUMENT.SCHLIB,INA180B1_SOT23,"AMP, Inst, current-sense, low-Drift"
4523,AMP_INSTRUMENT.SCHLIB,INA180A4_SOT23,"AMP, Inst, current-sense, low-Drift"
4524,AMP_INSTRUMENT.SCHLIB,INA180A3_SOT23,"AMP, Inst, current-sense, low-Drift"
4525,AMP_INSTRUMENT.SCHLIB,INA180A2_SOT23,"AMP, Inst, current-sense, low-Drift"
4526,AMP_INSTRUMENT.SCHLIB,INA180A1_SOT23,"AMP, Inst, current-sense, low-Drift"
4527,AMP_INSTRUMENT.SCHLIB,AD8513_TSSOP14,"AMP, Inst, QuaD, Precision, Very Low Noise, Low Input Bias Current, Wide Bandwidth JFET"
4528,AMP_INSTRUMENT.SCHLIB,PAC1720_SON10,"Current/Power Monitor, Bidirectional, I2C"
4529,AMP_INSTRUMENT.SCHLIB,PAC1710_SON10,"Current/Power Monitor, Bidirectional, I2C"
4530,AMP_INSTRUMENT.SCHLIB,OPA4197_SOP14,"AMP, Inst, Precision, Low Offset, Rail-to-Rail Input Output, 36-V"
4531,AMP_INSTRUMENT.SCHLIB,MAX4173_SOT23,"AMP, Inst, Current Sense, w/V Output"
4532,AMP_INSTRUMENT.SCHLIB,LTC6004_QFN16,"AMP, Inst, Precision,"
4533,AMP_INSTRUMENT.SCHLIB,INA333_VSSOP8,"AMP, Inst, Micro-power, Zer?-Drift"
4534,AMP_INSTRUMENT.SCHLIB,INA331_VSSOP8,"AMP, Inst, Micro-power, Zer?-Drift"
4535,AMP_INSTRUMENT.SCHLIB,INA199A3_SC70,"AMP, Inst, current-sense, low-Drift"
4536,AMP_INSTRUMENT.SCHLIB,INA199A2_SC70,"AMP, Inst, current-sense, low-Drift"
4537,AMP_INSTRUMENT.SCHLIB,INA199A1_SC70,"AMP, Inst, current-sense, low-Drift"
4538,AMP_INSTRUMENT.SCHLIB,AD8672_VSSOP8,"AMP, Inst, Dual, Precision, Low Noise, Low Input Bias Current"
4539,AMP_INSTRUMENT.SCHLIB,AD8667_VSSOP8,"AMP, Inst, Dual, Precision, Low Noise, 16V, CMOS"
4540,AMP_INSTRUMENT.SCHLIB,AD8607_VSSOP8,"AMP, Inst, Dual, Precision Micropower, Low Noise CMOS"
4541,AMP_INSTRUMENT.SCHLIB,AD8512_VSSOP8,"AMP, Inst, Dual, Precision, Very Low Noise, Low Input Bias Current, Wide Bandwidth JFET"
4542,AMP_INSTRUMENT.SCHLIB,AD8510_VSSOP8,"AMP, Inst, Precision, Low Noise, Low Input"
4543,AMP_INSTRUMENT.SCHLIB,AD8475_MSOP10,"AMP, Inst, Precision, Fully Differential, Selectable Gain"
4544,AMP_INSTRUMENT.SCHLIB,AD8422_VSSOP8,"AMP, Inst, Precision,"
4545,AMP_INSTRUMENT.SCHLIB,AD8251_MSOP10,"AMP, Inst, PGA, 10MHz, 20 V/?s, G=1/2/4/8, iCMOS"
4546,AMP_INSTRUMENT.SCHLIB,OPA2188_SOP8,"AMP, Inst, DUAL, Precision, Low Noise, Low Quiescent Current"
4547,AMP_INSTRUMENT.SCHLIB,OP497_SOP16W,"AMP, Inst, Precision, PicoampereInputCurrent, QUAD"
4548,AMP_INSTRUMENT.SCHLIB,MAX4080_SOP8,"AMP, Inst, Current Sense, 76V High-Side, w/V Out"
4549,AMP_INSTRUMENT.SCHLIB,LT1679_SOP14,"AMP, Inst, Dual, Precision, Low Noise, RR"
4550,AMP_INSTRUMENT.SCHLIB,LPV811_SOT23,"AMP, Inst"
4551,AMP_INSTRUMENT.SCHLIB,AD8513_SOP14,"AMP, Inst, QuaD, Precision, Very Low Noise, Low Input Bias Current, Wide Bandwidth JFET"
4552,AMP_INSTRUMENT.SCHLIB,AD620BR_SOP8,"AMP, Inst, Low-power"
4553,AMP_INSTRUMENT.SCHLIB,OP497_DIP14,"AMP, Inst, Precision, PicoampereInputCurrent, QUAD"
4554,AMP_INSTRUMENT.SCHLIB,LT6000_SON6,"AMP, Inst, Precision, 1.8V"
4555,AMP_INSTRUMENT.SCHLIB,LT1678_SOP8,"AMP, Inst, Dual, Precision, Low Noise, RR"
4556,AMP_INSTRUMENT.SCHLIB,LT1097_SOP8,"AMP, Inst, Precision, Low Power, Low Cost"
4557,AMP_INSTRUMENT.SCHLIB,LT1077_SOP8,"AMP, Inst, Precision, Micropower"
4558,AMP_INSTRUMENT.SCHLIB,LPV521_SC70,"AMP, Inst,"
4559,AMP_INSTRUMENT.SCHLIB,INA333_SON8,"AMP, Inst, Micro-power, Zer?-Drift"
4560,AMP_INSTRUMENT.SCHLIB,AD8672_SOP8,"AMP, Inst, Dual, Precision, Low Noise, Low Input Bias Current"
4561,AMP_INSTRUMENT.SCHLIB,AD8667_SOP8,"AMP, Inst, Dual, Precision, Low Noise, 16V, CMOS"
4562,AMP_INSTRUMENT.SCHLIB,AD8607_SOP8,"AMP, Inst, Dual, Precision Micropower, Low Noise CMOS"
4563,AMP_INSTRUMENT.SCHLIB,AD8512_SOP8,"AMP, Inst, Dual, Precision, Very Low Noise, Low Input Bias Current, Wide Bandwidth JFET"
4564,AMP_INSTRUMENT.SCHLIB,AD8236_SOP8,"AMP, Inst, Precision,"
4565,AMP_INSTRUMENT.SCHLIB,AD624_DIP16,"AMP, Inst, Precision"
4566,AMP_INSTRUMENT.SCHLIB,AD712_SOP8,"AMP, Inst, Dual, Precision, Low Cost, High Sp, BiFET"
4567,AMP_INSTRUMENT.SCHLIB,AD712_DIP8,"AMP, Inst, Dual, Precision, Low Cost, High Sp, BiFET"
4568,AMP_LNA.SCHLIB,TAV1-331+_QFN4,"AMP, LNA, 0.01~4GHz, 50?"
4569,AMP_LNA.SCHLIB,PSA-39+_SOT363,"AMP, LNA, 0~6GHz, 50?"
4570,AMP_LNA.SCHLIB,PGA-103+_SOT89,"AMP, LNA, 0.05~4GHz, 50?"
4571,AMP_LNA.SCHLIB,LHY-84+_DFN6,"AMP, LNA, 0~7GHz, 50?"
4572,AMP_SPECIAL.SCHLIB,XTR117_SSOP8,"Current Loop transmitter, 4-20mA"
4573,ANTENNA.SCHLIB,ANT_2.4G_ANT016008LCS2442MA2,"Antenna, Multilayer Chip, 2.4GHz W-LAN & Bluetooth"
4574,ANTENNA.SCHLIB,ANT_2.4G_ANT016008LCS2442MA1,"Antenna, Multilayer Chip, 2.4GHz W-LAN & Bluetooth"
4575,ANTENNA.SCHLIB,ANT_2.4G_ANT3216LL00R2400A,"Antenna, Multilayer Chip, 2.4GHz W-LAN & Bluetooth"
4576,ANTENNA.SCHLIB,ANT_2.4G_ANT162442DT,"Antenna, Multilayer Chip, 2.4GHz W-LAN & Bluetooth / 5GHz W-LAN"
4577,ANTENNA.SCHLIB,ANT_PCB_GSM_PIFA,"Antenna,Microstrip, GSM 850MHz/1800MHz"
4578,ANTENNA.SCHLIB,ANT_PCB_2P4G_IFA,"Antenna,Microstrip, 2.4GHz"
4579,ANTENNA.SCHLIB,ANT_CELL_MD1705,"Antenna, Multilayer Chip, 800~2100MHz, 17x5mm"
4580,ATTENUATOR.SCHLIB,HMC470A_QFN16,"Att, LNA, 1~31dB, 0.3dB step, 0.1~3GHz, 50?"
4581,ATTENUATOR.SCHLIB,DAT-31A_QFN20,"Att, LNA, 0~31dB, 1dB step, 0~4GHz, 50?"
4582,AUDIO_CODEC.SCHLIB,TLV320DAC3203_QFN24,"AUDIO CODEC, STEREO, 8~96KHz, 16/20/24/32Bit"
4583,AUDIO_CODEC.SCHLIB,TLV320AIC3106_QFN48,"AUDIO CODEC, STEREO, 8~96KHz, 16/20/24/32Bit"
4584,AUDIO_CODEC.SCHLIB,TLV320AIC3104_QFN32,"AUDIO CODEC, STEREO, 48KHz, 24-Bit, I2C, I2S"
4585,AUDIO_CODEC.SCHLIB,TLV320AIC23_SSOP28,"AUDIO CODEC, STEREO, 8~96KHz, 16/20/24/32Bit"
4586,AUDIO_CODEC.SCHLIB,SGTL5000_QFN32,"AUDIO CODEC, STEREO, I2C, SPI, 32-QFN"
4587,AUDIO_CODEC.SCHLIB,SGTL5000_QFN20,"AUDIO CODEC, STEREO, I2C, SPI, QFN20"
4588,AUDIO_CODEC.SCHLIB,ADAU1761_QFN32,"AUDIO CODEC, STEREO, 96kHz, 24-bit"
4589,AUDIO_CODEC.SCHLIB,NAU8810_QFN20,"AUDIO CODEC, STEREO, I2C, I2S, 48KHz, 24-Bit"
4590,AUDIO_CODEC.SCHLIB,MAX9867_QFN32,"AUDIO CODEC, STEREO, 48KHz, 18-Bit, I²C, Serial, 32TQFN-EP"
4591,AUDIO_CODEC.SCHLIB,VS1053_QFP48,"AUDIO CODEC, STEREO, MP3"
4592,AUDIO_CODEC.SCHLIB,VS1003_QFP48,"AUDIO CODEC, STEREO, MP3"
4593,AUDIO_CODEC.SCHLIB,VS1001_QFP48,"AUDIO CODEC, STEREO, MP3"
4594,AUDIO_MIC_SPK.SCHLIB,SPEAKER_CMS-15116,"SPEAKER, 6Ohm, 94dB, 0.4~20KHz, SMD"
4595,AUDIO_MIC_SPK.SCHLIB,SPEAKER_CDS-16098,"SPEAKER, 8Ohm, 86dB, 0.1~20KHz, SMD"
4596,AUDIO_MIC_SPK.SCHLIB,SPEAKER_CDS-13138,"SPEAKER, 8Ohm, 87dB, SMD"
4597,AUDIO_MIC_SPK.SCHLIB,SPEAKER_CVS-3108,"SPEAKER, 8Ohm, 95dB, 1.05~1.45KHz"
4598,AUDIO_MIC_SPK.SCHLIB,SPEAKER_CVS-2308,"SPEAKER, 8Ohm, 88dB, 1.2~1.8KHz"
4599,AUDIO_MIC_SPK.SCHLIB,SPEAKER_CVS-1708,"SPEAKER, 8Ohm, 87dB, 200mW"
4600,AUDIO_MIC_SPK.SCHLIB,MIC_CMEJ-0415-42,"MICROPHONE, OMNI 4X1.5mm 2.2k -42DB"
4601,AUDIO_MIC_SPK.SCHLIB,SPEAKER_SCS-17,"SPEAKER, Piezo, 92dB, 1.5~8KHz, 5~30V"
4602,AUDIO_MIC_SPK.SCHLIB,MIC_SPU0410L,"MICROPHONE, MEMS, 63dB SNR, 100~80kHz"
4603,AUDIO_MIC_SPK.SCHLIB,MIC_POM-3535,"MICROPHONE, 2.2KOHM -35DB TH"
4604,AUDIO_MIC_SPK.SCHLIB,MIC_AOM-4544,"MICROPHONE, 2.2KOHM -44DB TH"
4605,AUDIO_MIC_SPK.SCHLIB,BZ_SMD_8X8X3,"Buzzer, SMD, sealed 8.5x8.5x3mm LWH , 3Vp"
4606,AUDIO_MIC_SPK.SCHLIB,BZ_SMD_5X5X2,"Buzzer, SMD, sealed 5.0x5.0x2.1mm LWH 3Vp"
4607,AUDIO_MIC_SPK.SCHLIB,BZ_SMD_12X12,"Buzzer, SMD, 12.8X12.8X7.6mm LWH, Magnetic"
4608,AUDIO_MIC_SPK.SCHLIB,MIC_SPW2430,"MICROPHONE, MEMS, 59dB SNR"
4609,AUDIO_MIC_SPK.SCHLIB,MIC_SPH0642,"MICROPHONE, MEMS"
4610,AUDIO_MIC_SPK.SCHLIB,MIC_INMP441,"MICROPHONE, Omnidirectional, I2S"
4611,AUDIO_MIC_SPK.SCHLIB,MIC_WM7121,"MICROPHONE, MEMS, -38dB"
4612,AUDIO_MIC_SPK.SCHLIB,BUZZER_C22,"Buzzer, 22mm, Magnetic Transducer"
4613,AUDIO_MIC_SPK.SCHLIB,BUZZER_C17,"Buzzer, 17X4.6mm, Magnetic Transducer"
4614,AUDIO_MIC_SPK.SCHLIB,BUZZER_C16,"Buzzer, 16mm, Magnetic Transducer"
4615,AUDIO_MIC_SPK.SCHLIB,BUZZER_C14,"Buzzer, 14mm, Magnetic Transducer"
4616,AUDIO_MIC_SPK.SCHLIB,BUZZER_C12,"Buzzer, 12X8.5mm, Magnetic Transducer"
4617,AUDIO_MIC_SPK.SCHLIB,MIC_WM-64,MICROPHONE OMNI 6X2.2MM W/CAP 2.2KOHM -44DB TH
4618,AUDIO_MIC_SPK.SCHLIB,MIC_WM-52,MICROPHONE OMNI
4619,AUDIO_MIC_SPK.SCHLIB,BUZZER_C9,"Buzzer, 9mm, Magnetic Transducer"
4620,AUDIO_MIC_SPK.SCHLIB,SPEAKER,
4621,BATTERY.SCHLIB,BATH_CR1220_CR2032,"BATTERY HOLDER, CR1220/CR2032"
4622,BATTERY.SCHLIB,BATH_CR2032_SMD2,"BATTERY HOLDER, CR2032 SMD"
4623,BATTERY.SCHLIB,BATH_CR2032_SMD1,"BATTERY HOLDER, CR2032 SMD"
4624,BATTERY.SCHLIB,BATT_CONN_XT30V,"BATTERY, CONN_XT30V"
4625,BATTERY.SCHLIB,BATT_CONN_XT30R,"BATTERY, CONN_XT30R"
4626,BATTERY.SCHLIB,BATH_CR1632_SMD,"BATTERY HOLDER, CR1632 CR1620 CR1616"
4627,BATTERY.SCHLIB,BATH_9V_635P636,"BATTERY HOLDER, 9v"
4628,BATTERY.SCHLIB,BATH_9V_593P594,"BATTERY HOLDER, 9v"
4629,BATTERY.SCHLIB,BATT_MS621FE,"BATTERY, Lithium, Rechargeable, 6.8mm"
4630,BATTERY.SCHLIB,BATT_MS518SE,"BATTERY, Lithium, Rechargeable, 6.8mm"
4631,BATTERY.SCHLIB,BATT_TS621E,"BATTERY, Lithium, Rechargeable, 6.8mm"
4632,BATTERY.SCHLIB,BATT_MS621T,"BATTERY, Lithium, Rechargeable, 6.8mm"
4633,BATTERY.SCHLIB,BATH_CR2032,"BATTERY HOLDER, CR2032"
4634,BATTERY.SCHLIB,BATH_CR1632,"BATTERY HOLDER, CR1632 CR1620 CR1616"
4635,BATTERY.SCHLIB,BATH_CR1225,"BATTERY HOLDER, CR1225"
4636,BATTERY.SCHLIB,BATH_CR1220,"BATTERY HOLDER, CR1220"
4637,BATTERY.SCHLIB,BATH_CR1025,"BATTERY HOLDER, CR2032 SMD"
4638,BATTERY.SCHLIB,BATH_9V_967,"BATTERY HOLDER, 9v"
4639,BATTERY.SCHLIB,BATH_AAX2,"BATTERY HOLDER, AA DUAL"
4640,BATTERY.SCHLIB,BATH_2994,"BATTERY HOLDER, 2994 COIN CELL 4.8mm"
4641,BATTERY.SCHLIB,BATH_AA,"BATTERY HOLDER, AA"
4642,BLUETOOTH.SCHLIB,BT_HC-05_HDR,"Bluetooth Module, 2Mbps, 8Mb flash, 3.1~4.2V"
4643,BLUETOOTH.SCHLIB,BT_RN4870,"Bluetooth Bluetooth v4.2 Transceiver Module 2.4GHz Integrated,1.9V ~ 3.6V ."
4644,BLUETOOTH.SCHLIB,BT_HC-06,"Bluetooth Module, 2Mbps, 8Mb flash, 3.1~4.2V"
4645,BUFFER_DIGITAL.SCHLIB,SN74LXCH8T245_TSSOP24,"Level Translator, Octal, 420Mbps, 4kVESD, with Bus Hold"
4646,BUFFER_DIGITAL.SCHLIB,SN74LVCH8T245_TSSOP24,"Level Translator, Octal, 10ns, 4kVESD, with Bus Hold"
4647,BUFFER_DIGITAL.SCHLIB,SN74LVCC3245A_TSSOP24,"Level Translator, Octal, 320Mbps, 8kVESD"
4648,BUFFER_DIGITAL.SCHLIB,SN74AXCH8T245_TSSOP24,"Level Translator, Octal, 380Mbps, 8kVESD, with Bus Hold"
4649,BUFFER_DIGITAL.SCHLIB,SN74AVCH8T245_TVSOP24,"Level Translator, Octal, 320Mbps, 8kVESD, with Bus Hold"
4650,BUFFER_DIGITAL.SCHLIB,SN74AVCH8T245_TSSOP24,"Level Translator, Octal, 320Mbps, 8kVESD, with Bus Hold"
4651,BUFFER_DIGITAL.SCHLIB,SN74LXCH8T245_VQFN24,"Level Translator, Octal, 420Mbps, 4kVESD, with Bus Hold"
4652,BUFFER_DIGITAL.SCHLIB,SN74LXC8T245_TSSOP24,"Level Translator, Octal, 420Mbps, 4kVESD"
4653,BUFFER_DIGITAL.SCHLIB,SN74LVCH8T245_VQFN24,"Level Translator, Octal, 10ns, 4kVESD, with Bus Hold"
4654,BUFFER_DIGITAL.SCHLIB,SN74LVC8T245_TSSOP24,"Level Translator, Octal, 10ns, 4kVESD"
4655,BUFFER_DIGITAL.SCHLIB,SN74LVC4245A_TSSOP24,"Level Translator, Octal, 320Mbps, 8kVESD"
4656,BUFFER_DIGITAL.SCHLIB,SN74AXCH8T245_VQFN24,"Level Translator, Octal, 380Mbps, 8kVESD, with Bus Hold"
4657,BUFFER_DIGITAL.SCHLIB,SN74AXC8T245_TSSOP24,"Level Translator, Octal, 380Mbps, 8kVESD"
4658,BUFFER_DIGITAL.SCHLIB,SN74AXC4T774_TSSOP16,"Level Translator, Quad, 310Mbps, 8kVESD"
4659,BUFFER_DIGITAL.SCHLIB,SN74AVCH8T245_VQFN24,"Level Translator, Octal, 320Mbps, 8kVESD, with Bus Hold"
4660,BUFFER_DIGITAL.SCHLIB,SN74AVCH4T245_UQFN16,"Buffer and Level Translator, 4-bit with bus hold"
4661,BUFFER_DIGITAL.SCHLIB,SN74AVC8T245_TVSOP24,"Level Translator, Octal, 320Mbps, 8kVESD"
4662,BUFFER_DIGITAL.SCHLIB,SN74AVC8T245_TSSOP24,"Level Translator, Octal, 320Mbps, 8kVESD"
4663,BUFFER_DIGITAL.SCHLIB,SN74AVC4T245_TVSOP16,"Level Translator, Quad, 3State"
4664,BUFFER_DIGITAL.SCHLIB,SN74AVC4T245_TSSOP16,"Level Translator, Quad, 3State"
4665,BUFFER_DIGITAL.SCHLIB,SN74AVC2T245_PUQFN10,"Level Translator, Dual, 3State"
4666,BUFFER_DIGITAL.SCHLIB,SN74LXC8T245_VQFN24,"Level Translator, Octal, 420Mbps, 4kVESD"
4667,BUFFER_DIGITAL.SCHLIB,SN74LVTH245_TSSOP20,"Transceiver, Octal, 3-State"
4668,BUFFER_DIGITAL.SCHLIB,SN74LVC8T245_VQFN24,"Level Translator, Octal, 10ns, 4kVESD"
4669,BUFFER_DIGITAL.SCHLIB,SN74LVC2G241_VSSOP8,"Buffer/Line Driver, Dual, 3-State Outputs"
4670,BUFFER_DIGITAL.SCHLIB,SN74LVC1G126_SOT553,"Buffer, Single"
4671,BUFFER_DIGITAL.SCHLIB,SN74LVC1G126_SOT353,"Buffer, Single"
4672,BUFFER_DIGITAL.SCHLIB,SN74LVC1G125_SOT353,"Buffer, Single"
4673,BUFFER_DIGITAL.SCHLIB,SN74AXC8T245_VQFN24,"Level Translator, Octal, 380Mbps, 8kVESD"
4674,BUFFER_DIGITAL.SCHLIB,SN74AXC8T245_UQFN24,"Level Translator, Octal, 380Mbps, 8kVESD"
4675,BUFFER_DIGITAL.SCHLIB,SN74AXC4T774_WQFN16,"Level Translator, Quad, 310Mbps, 8kVESD"
4676,BUFFER_DIGITAL.SCHLIB,SN74AXC4T774_UQFN16,"Level Translator, Quad, 310Mbps, 8kVESD"
4677,BUFFER_DIGITAL.SCHLIB,SN74AXC4T245_UQFN16,"Buffer and Level Translator, 4-bit"
4678,BUFFER_DIGITAL.SCHLIB,SN74AVC8T245_VQFN24,"Level Translator, Octal, 320Mbps, 8kVESD"
4679,BUFFER_DIGITAL.SCHLIB,SN74AVC4T245_VQFN16,"Level Translator, Quad, 3State"
4680,BUFFER_DIGITAL.SCHLIB,SN74AVC4T245_UQFN16,"Buffer and Level Translator, 4-bit"
4681,BUFFER_DIGITAL.SCHLIB,SN74ALVC125_TSSOP14,"Buffer/Line Driver, Quad, Tri-State"
4682,BUFFER_DIGITAL.SCHLIB,SN74AHC1G125_SOT353,"Buffer, Single"
4683,BUFFER_DIGITAL.SCHLIB,TS3L301DGG_TSSOP48,"SPDT, Gigabit LAN switch, 16-bit to 8-bit"
4684,BUFFER_DIGITAL.SCHLIB,SN74LVC2T45_VSSOP8,"Level Translator, Dual, 3State"
4685,BUFFER_DIGITAL.SCHLIB,SN74LVC1T45_SOT363,"Level Translator, 1-bit"
4686,BUFFER_DIGITAL.SCHLIB,SN74LVC1G126_USON6,"Buffer, Single"
4687,BUFFER_DIGITAL.SCHLIB,SN74LVC1G07_SOT353,"Buffer/Line Driver, Single, Open-Drain Output"
4688,BUFFER_DIGITAL.SCHLIB,SN74AVC4T245_SOP16,"Level Translator, Quad, 3State"
4689,BUFFER_DIGITAL.SCHLIB,SN74AVC1T45_SOT563,"Level Translator, 1-bit"
4690,BUFFER_DIGITAL.SCHLIB,SN74AVC1T45_SOT363,"Level Translator, 1-bit"
4691,BUFFER_DIGITAL.SCHLIB,NC7SP125P5X_SOT353,"Buffer, ULP, 0.9-3.6V"
4692,BUFFER_DIGITAL.SCHLIB,74AVC4T3144_UQFN12,"Level Translator, Quad, 100Mbps, UQFN-12"
4693,BUFFER_DIGITAL.SCHLIB,74ALVC16245_SSOP48,"bus transceiver, 16-bit, with direction pin; 3-state"
4694,BUFFER_DIGITAL.SCHLIB,SN74LVC1T45_SOT23,"Level Translator, 1-bit"
4695,BUFFER_DIGITAL.SCHLIB,SN74LVC1G126_SON6,"Buffer, Single"
4696,BUFFER_DIGITAL.SCHLIB,SN74LV541_TSSOP20,"Buffer/Line Driver, Octal, 3-State Outputs"
4697,BUFFER_DIGITAL.SCHLIB,SN74HC245_TSSOP20,"Buffer/Line Driver, Bidirectional, Octal, 3-State Input/Output"
4698,BUFFER_DIGITAL.SCHLIB,SN74HC244_TSSOP20,"Buffer/Line Driver, Octal, 3-State Outputs"
4699,BUFFER_DIGITAL.SCHLIB,SN65LVELT23_MSOP8,"Buffer, Diff LVPECL/LVDS to LVTTL Translator, 2-CH, 3.3V"
4700,BUFFER_DIGITAL.SCHLIB,SN65LVDS100_MSOP8,"Buffer, Diff LVPECL/LVDS/CML signaling, 3.3V"
4701,BUFFER_DIGITAL.SCHLIB,74LVCH2T45_VSSOP8,"Level Translator, Dual, 3State"
4702,BUFFER_DIGITAL.SCHLIB,74AVC4T245_UQFN16,"Buffer and Level Translator, 4-bit"
4703,BUFFER_DIGITAL.SCHLIB,TXS0108E_TSSOP20,"Level Translator, Octal"
4704,BUFFER_DIGITAL.SCHLIB,TXS0108E_NFBGA20,"Level Translator, Octal"
4705,BUFFER_DIGITAL.SCHLIB,TXS0104E_TSSOP14,"Level Translator, Quad, Open-Drain & Push-Pull"
4706,BUFFER_DIGITAL.SCHLIB,SN74LV541_VQFN20,"Buffer/Line Driver, Octal, 3-State Outputs"
4707,BUFFER_DIGITAL.SCHLIB,SN74LS125_SSOP14,"Buffer/Line Driver, Quad, Tri-State"
4708,BUFFER_DIGITAL.SCHLIB,SN74LS125_SOP14W,"Buffer/Line Driver, Quad, Tri-State"
4709,BUFFER_DIGITAL.SCHLIB,SN74HC245_SSOP20,"Buffer/Line Driver, Bidirectional, Octal, 3-State Input/Output"
4710,BUFFER_DIGITAL.SCHLIB,SN74HC244_SSOP20,"Buffer/Line Driver, Octal, 3-State Outputs"
4711,BUFFER_DIGITAL.SCHLIB,SN65LVELT23_SOP8,"Buffer, Diff LVPECL/LVDS to LVTTL Translator, 2-CH, 3.3V"
4712,BUFFER_DIGITAL.SCHLIB,NLSX5014_TSSOP14,"Level Translator, Quad, 100Mbps"
4713,BUFFER_DIGITAL.SCHLIB,74LVT126_TSSOP14,"Buffer/Line Driver, Quad, Tri-State"
4714,BUFFER_DIGITAL.SCHLIB,74AVC2T45_VSSOP8,"Level Translator, Dual, 3State"
4715,BUFFER_DIGITAL.SCHLIB,TXU0304_TSSOP14,"Level Translator, Quad, 200Mbps, Push-Pull, fixed direction, with Schmitt-Trigger"
4716,BUFFER_DIGITAL.SCHLIB,TXU0204_TSSOP14,"Level Translator, Quad, 200Mbps, Push-Pull, fixed direction, with Schmitt-Trigger"
4717,BUFFER_DIGITAL.SCHLIB,TXU0104_TSSOP14,"Level Translator, Quad, 200Mbps, Push-Pull, fixed direction, with Schmitt-Trigger"
4718,BUFFER_DIGITAL.SCHLIB,TXS0108E_VQFN20,"Level Translator, Octal"
4719,BUFFER_DIGITAL.SCHLIB,TXS0104E_WQFN14,"Level Translator, Quad, Open-Drain & Push-Pull"
4720,BUFFER_DIGITAL.SCHLIB,TXS0104E_VQFN14,"Level Translator, Quad, Open-Drain & Push-Pull"
4721,BUFFER_DIGITAL.SCHLIB,TXS0104E_UQFN12,"Level Translator, Quad, Open-Drain & Push-Pull"
4722,BUFFER_DIGITAL.SCHLIB,TXBN0304_UQFN12,"Level Translator, Quad, 140Mbps, Push-Pull, Auto-bidirectional, OE active low"
4723,BUFFER_DIGITAL.SCHLIB,TXB0108_TSSOP20,"Level Translator, Octal, 100Mbps, Push-Pull, Auto-bidirectional"
4724,BUFFER_DIGITAL.SCHLIB,TXB0104_TSSOP14,"Level Translator, Quad, 100Mbps, Push-Pull"
4725,BUFFER_DIGITAL.SCHLIB,SN74LS157_SOP16,"Multiplexer/Selector, Quad, 2to1"
4726,BUFFER_DIGITAL.SCHLIB,SN74LS157_DIP16,"Multiplexer/Selector, Quad, 2to1"
4727,BUFFER_DIGITAL.SCHLIB,SN74LS125_SOP14,"Buffer/Line Driver, Quad, Tri-State"
4728,BUFFER_DIGITAL.SCHLIB,SN74LS125_DIP14,"Buffer/Line Driver, Quad, Tri-State"
4729,BUFFER_DIGITAL.SCHLIB,SN74HC245_SOP20,"Buffer/Line Driver, Bidirectional, Octal, 3-State Input/Output"
4730,BUFFER_DIGITAL.SCHLIB,SN74HC245_DIP20,"Buffer/Line Driver, Bidirectional, Octal, 3-State Input/Output"
4731,BUFFER_DIGITAL.SCHLIB,SN74HC244_SOP20,"Buffer/Line Driver, Octal, 3-State Outputs"
4732,BUFFER_DIGITAL.SCHLIB,SN74HC244_DIP20,"Buffer/Line Driver, Octal, 3-State Outputs"
4733,BUFFER_DIGITAL.SCHLIB,SN65EPT22_MSOP8,"Buffer, LVTTL/LVCMOS to Diff-LVPECL , DUAL, 4000Mbps, 3.3V, VSSOP (DGK)"
4734,BUFFER_DIGITAL.SCHLIB,NLSX5014_UQFN12,"Level Translator, Quad, 100Mbps, UQFN-12"
4735,BUFFER_DIGITAL.SCHLIB,NLSV1T34_ULLGA6,"Level Translator, 1BIT 0.9-4.5V 613AF"
4736,BUFFER_DIGITAL.SCHLIB,MC100EPT20_SON8,"Buffer, LVTTL/LVCMOS to Diff-LVPECL , 1GHz, 3.3V, DFN-8"
4737,BUFFER_DIGITAL.SCHLIB,MAX13035E_QFN16,"Level Translator, 6-ch, 100Mbps"
4738,BUFFER_DIGITAL.SCHLIB,M74HCT244_SO20W,"Buffer, Octal, 3 State Outputs"
4739,BUFFER_DIGITAL.SCHLIB,LSF0204_TSSOP14,"Level Translator, 4CH, Bidirectional, Open-Drain/Push-Pull App,  GPIO, MDIO, PMBus, SMBus, SDIO, UART, I2C"
4740,BUFFER_DIGITAL.SCHLIB,LSF0108_TSSOP20,"Level Translator, 8CH, Bidirectional, Open-Drain/Push-Pull App, GPIO, MDIO, PMBus, SMBus, SDIO, UART, I2C"
4741,BUFFER_DIGITAL.SCHLIB,DS90LV804_QFN32,"Buffer/Line Driver, 4CH, LVDS, 800Mbps"
4742,BUFFER_DIGITAL.SCHLIB,74LV1T126_X2SON,"Buffer, Single"
4743,BUFFER_DIGITAL.SCHLIB,TXV0108_VQFN24,"Level Translator, Octal, 500Mbps, Low-Skew, Low-Jitter"
4744,BUFFER_DIGITAL.SCHLIB,TXU0304_VQFN14,"Level Translator, Quad, 200Mbps, Push-Pull, fixed direction, with Schmitt-Trigger"
4745,BUFFER_DIGITAL.SCHLIB,TXU0304_UQFN12,"Level Translator, Quad, 200Mbps, Push-Pull, fixed direction, with Schmitt-Trigger"
4746,BUFFER_DIGITAL.SCHLIB,TXU0204_VQFN14,"Level Translator, Quad, 200Mbps, Push-Pull, fixed direction, with Schmitt-Trigger"
4747,BUFFER_DIGITAL.SCHLIB,TXU0204_UQFN12,"Level Translator, Quad, 200Mbps, Push-Pull, fixed direction, with Schmitt-Trigger"
4748,BUFFER_DIGITAL.SCHLIB,TXU0104_VQFN14,"Level Translator, Quad, 200Mbps, Push-Pull, fixed direction, with Schmitt-Trigger"
4749,BUFFER_DIGITAL.SCHLIB,TXU0104_UQFN12,"Level Translator, Quad, 200Mbps, Push-Pull, fixed direction, with Schmitt-Trigger"
4750,BUFFER_DIGITAL.SCHLIB,TXS02612_QFN24,"I/O Expander, SDIO"
4751,BUFFER_DIGITAL.SCHLIB,TXS0104E_SOP14,"Level Translator, Quad, Open-Drain & Push-Pull"
4752,BUFFER_DIGITAL.SCHLIB,TXS0102_X2SONM,"Level Translator, Dual, OpenDrain/PushPull App"
4753,BUFFER_DIGITAL.SCHLIB,TXS0102_X2SONE,"Level Translator, Dual, OpenDrain/PushPull App"
4754,BUFFER_DIGITAL.SCHLIB,TXS0102_VSSOP8,"Level Translator, Dual, OpenDrain/PushPull App"
4755,BUFFER_DIGITAL.SCHLIB,TXS0102_TSSOP8,"Level Translator, Dual, OpenDrain/PushPull App"
4756,BUFFER_DIGITAL.SCHLIB,TXB0304_UQFN12,"Level Translator, Quad, 140Mbps, Push-Pull, Auto-bidirectional"
4757,BUFFER_DIGITAL.SCHLIB,TXB0108_VQFN20,"Level Translator, Octal, 100Mbps, Push-Pull, Auto-bidirectional"
4758,BUFFER_DIGITAL.SCHLIB,TXB0104_VQFN14,"Level Translator, Quad, 100Mbps, Push-Pull"
4759,BUFFER_DIGITAL.SCHLIB,TXB0104_UQFN12,"Level Translator, Quad, 100Mbps, Push-Pull"
4760,BUFFER_DIGITAL.SCHLIB,TXB0102_VSSOP8,"Level Translator, Dual, Push-Pull"
4761,BUFFER_DIGITAL.SCHLIB,PCA9306_VSSOP8,"Level Translator, I2C"
4762,BUFFER_DIGITAL.SCHLIB,PCA9306_TSSOP8,"Level Translator, I2C"
4763,BUFFER_DIGITAL.SCHLIB,NC7WZ07_SOT363,"Buffer, Dual, UHS, OpenDrainOutput"
4764,BUFFER_DIGITAL.SCHLIB,LSF0204_VQFN14,"Level Translator, 4CH, Bidirectional, Open-Drain/Push-Pull App,  GPIO, MDIO, PMBus, SMBus, SDIO, UART, I2C"
4765,BUFFER_DIGITAL.SCHLIB,LSF0204_UQFN12,"Level Translator, 4CH, Bidirectional, Open-Drain/Push-Pull App,  GPIO, MDIO, PMBus, SMBus, SDIO, UART, I2C"
4766,BUFFER_DIGITAL.SCHLIB,LSF0108_VQFN20,"Level Translator, 8CH, Bidirectional, Open-Drain/Push-Pull App, GPIO, MDIO, PMBus, SMBus, SDIO, UART, I2C"
4767,BUFFER_DIGITAL.SCHLIB,FXLA104_UMLP12,"Level Translator, Quad, 100Mbps, UMLP-12"
4768,BUFFER_DIGITAL.SCHLIB,74LVT126_QFN14,"Buffer/Line Driver, Quad, Tri-State"
4769,BUFFER_DIGITAL.SCHLIB,74AVC2T45_SON8,"Level Translator, Dual, 3State"
4770,BUFFER_DIGITAL.SCHLIB,TXB0108_SON20,"Level Translator, Octal, 100Mbps, Push-Pull, Auto-bidirectional"
4771,BUFFER_DIGITAL.SCHLIB,74AC245_SO20W,"Buffer/Line Driver, Bidirectional, Octal with 3-State Input/Output"
4772,BUFFER_DIGITAL.SCHLIB,74AC244_SO20W,"Buffer/Line Driver, Octal with 3-State Output"
4773,BUFFER_DIGITAL.SCHLIB,SN75452_SOP8,"Driver, Dual-Peripheral, High-Current, High-Speed Switching"
4774,BUFFER_DIGITAL.SCHLIB,SN75452_DIP8,"Driver, Dual-Peripheral, High-Current, High-Speed Switching"
4775,BUFFER_DIGITAL.SCHLIB,SN7407_SOP14,"Buffer/ Line Driver, Hex, Open-Collector High-Voltage Outputs"
4776,BUFFER_DIGITAL.SCHLIB,SN7407_DIP14,"Buffer/ Line Driver, Hex, Open-Collector High-Voltage Outputs"
4777,BUFFER_DIGITAL.SCHLIB,PCA9517_SOP8,"Level Translator, I2C"
4778,BUFFER_DIGITAL.SCHLIB,PCA9306_SON8,"Level Translator, I2C"
4779,BUFFER_DIGITAL_ISOLATOR.SCHLIB,ISO7240CF_SOP16W,"Isolator, Quad,"
4780,BUFFER_DIGITAL_ISOLATOR.SCHLIB,ADuM5412_SSOP24W,"Isolator, Quad, Integrated DC2DC 100mW"
4781,BUFFER_DIGITAL_ISOLATOR.SCHLIB,ADuM5411_SSOP24W,"Isolator, Quad, Integrated DC2DC 100mW"
4782,BUFFER_DIGITAL_ISOLATOR.SCHLIB,ADuM5410_SSOP24W,"Isolator, Quad, Integrated DC2DC 100mW"
4783,BUFFER_DIGITAL_ISOLATOR.SCHLIB,ADuM5404C_SOP16W,"Isolator, Quad, Integrated DC2DC 500mW"
4784,BUFFER_DIGITAL_ISOLATOR.SCHLIB,ADuM5404A_SOP16W,"Isolator, Quad, Integrated DC2DC 500mW"
4785,BUFFER_DIGITAL_ISOLATOR.SCHLIB,ADuM5403C_SOP16W,"Isolator, Quad, Integrated DC2DC 500mW"
4786,BUFFER_DIGITAL_ISOLATOR.SCHLIB,ADuM5403A_SOP16W,"Isolator, Quad, Integrated DC2DC 500mW"
4787,BUFFER_DIGITAL_ISOLATOR.SCHLIB,ADuM5402C_SOP16W,"Isolator, Quad, Integrated DC2DC 500mW"
4788,BUFFER_DIGITAL_ISOLATOR.SCHLIB,ADuM5402A_SOP16W,"Isolator, Quad, Integrated DC2DC 500mW"
4789,BUFFER_DIGITAL_ISOLATOR.SCHLIB,ADuM5401C_SOP16W,"Isolator, Quad, Integrated DC2DC 500mW"
4790,BUFFER_DIGITAL_ISOLATOR.SCHLIB,ADuM5401A_SOP16W,"Isolator, Quad, Integrated DC2DC 500mW"
4791,BUFFER_DIGITAL_ISOLATOR.SCHLIB,ISOW7841_SOP16W,"Isolator, Quad,"
4792,BUFFER_DIGITAL_ISOLATOR.SCHLIB,ISO7720Q_SOP16W,"Isolators, Dual, Low-Power, 100Mbps, 5KVrms"
4793,BUFFER_DIGITAL_ISOLATOR.SCHLIB,ISO7242M_SOP16W,"Isolator, Quad,"
4794,BUFFER_DIGITAL_ISOLATOR.SCHLIB,ISO7242C_SOP16W,"Isolator, Quad,"
4795,BUFFER_DIGITAL_ISOLATOR.SCHLIB,ISO7241M_SOP16W,"Isolator, Quad,"
4796,BUFFER_DIGITAL_ISOLATOR.SCHLIB,ISO7241C_SOP16W,"Isolator, Quad,"
4797,BUFFER_DIGITAL_ISOLATOR.SCHLIB,ISO7240M_SOP16W,"Isolator, Quad,"
4798,BUFFER_DIGITAL_ISOLATOR.SCHLIB,ISO7240C_SOP16W,"Isolator, Quad,"
4799,BUFFER_DIGITAL_ISOLATOR.SCHLIB,ISO7741_SSOP16,"Isolator, Quad, Low-Power"
4800,BUFFER_DIGITAL_ISOLATOR.SCHLIB,ISO7721_SOP16W,"Isolators, Dual, Low-Power, 100Mbps, 5KVrms"
4801,BUFFER_DIGITAL_ISOLATOR.SCHLIB,ISO7720_SOP16W,"Isolators, Dual, Low-Power, 100Mbps, 5KVrms"
4802,BUFFER_DIGITAL_ISOLATOR.SCHLIB,CA-IS3722_SOP8,"Isolators, Dual, 40Mbps"
4803,BUFFER_DIGITAL_ISOLATOR.SCHLIB,?141U31_SOP16,"Isolator, Quad"
4804,BUFFER_DIGITAL_ISOLATOR.SCHLIB,?140U31_SOP16,"Isolator, Quad"
4805,BUFFER_DIGITAL_ISOLATOR.SCHLIB,?131U31_SOP16,"Isolator, Triple"
4806,BUFFER_DIGITAL_ISOLATOR.SCHLIB,?130U31_SOP16,"Isolator, Triple"
4807,BUFFER_DIGITAL_ISOLATOR.SCHLIB,ISO7721_SOP8W,"Isolators, Dual, Low-Power, 100Mbps, 5KVrms"
4808,BUFFER_DIGITAL_ISOLATOR.SCHLIB,ISO7720_SOP8W,"Isolators, Dual, Low-Power, 100Mbps, 5KVrms"
4809,BUFFER_DIGITAL_ISOLATOR.SCHLIB,ISO7720Q_SOP8,"Isolators, Dual, Low-Power, 100Mbps, 5KVrms"
4810,BUFFER_DIGITAL_ISOLATOR.SCHLIB,ISO7420M_SOP8,"Isolators, Dual, Low-Power, 1Mbps"
4811,BUFFER_DIGITAL_ISOLATOR.SCHLIB,ISO7721_SOP8,"Isolators, Dual, Low-Power, 100Mbps, 5KVrms"
4812,BUFFER_DIGITAL_ISOLATOR.SCHLIB,ISO7720_SOP8,"Isolators, Dual, Low-Power, 100Mbps, 5KVrms"
4813,BUFFER_DIGITAL_ISOLATOR.SCHLIB,ISO7421_SOP8,"Isolators, Dual, Low-Power, 1Mbps"
4814,BUFFER_DIGITAL_ISOLATOR.SCHLIB,ISO7420_SOP8,"Isolators, Dual, Low-Power, 1Mbps"
4815,BUFFER_DIGITAL_ISOLATOR.SCHLIB,ISO7221_SOP8,"Isolator, Dual, 2.5kV, 1Mbps"
4816,BUFFER_DIGITAL_ISOLATOR.SCHLIB,ISO1541_SOP8,"Isolator, I2C, SDA Bidirectional, SCL unidirect"
4817,BUFFER_DIGITAL_ISOLATOR.SCHLIB,ISO1540_SOP8,"Isolator, I2C, Bidirectional,"
4818,BUFFER_DIGITAL_ISOLATOR.SCHLIB,ISO721_SOP8,"Isolator, highspeed"
4819,CAMERA.SCHLIB,RPICAM_V1.3_FPC15,"Camera Module, Color CMOS 5MP, MIPI-CSI FPC15"
4820,CAMERA.SCHLIB,OV2640_7670_FPC24,"Camera Module, Color, DVP FPC24"
4821,CAMERA.SCHLIB,RPICAM_V2_FPC22,"Camera Module, Color, MIPI-CSI FPC22"
4822,CAMERA.SCHLIB,OV7670_HDR2X8,"Camera Module, Color CMOS VGA (640 x 480)  DVP HDR2X8"
4823,CAMERA.SCHLIB,OV7670_FPC24,"Camera Module, Color CMOS VGA (640 x 480)  DVP FPC24"
4824,CAMERA.SCHLIB,OV2640_FPC24,"Camera Module, Color CMOS 2MP, DVP FPC24"
4825,CAN_PHY.SCHLIB,TCAN1042HGV_SOP8,"CAN,  Transceivers, Fault Protected, FD"
4826,CAN_PHY.SCHLIB,SN65HVD1050_SOP8,"CAN, Transceiver, EMC-Optimized, 5VCC"
4827,CAN_PHY.SCHLIB,SN65HVD1040_SOP8,"CAN, Transceiver, EMC-Optimized, 5VCC"
4828,CAN_PHY.SCHLIB,SN65HVD233_SOP8,"CAN,  Transceivers, 3.3VCC"
4829,CAN_PHY.SCHLIB,SN65HVD230_SOP8,"CAN,  Transceivers, 3.3V (VDD)"
4830,CAN_PHY.SCHLIB,AMIS-30660_SOP8,"CAN, phy, High speed, 5V (VDD), Compatible with 3.3V Devices"
4831,CAN_PHY.SCHLIB,PCA82C251_SOP8,"CAN, phy, High speed 1MBd, 5V (VDD)"
4832,CAN_PHY.SCHLIB,PCA82C250_SOP8,"CAN, phy, High speed 1MBd, 5V (VDD)"
4833,CAN_PHY.SCHLIB,ADM3053_SOP20W,"CAN Transceiver, Isolated, Signal and Power, Integrated Isolated DC-to-DC Converter"
4834,CAN_PHY.SCHLIB,ADM3052_SOP16W,"CAN Transceiver, Isolated, Integrated  High Voltage, Bus-Side, Linear Regulator"
4835,CAN_PHY.SCHLIB,TJF1051_SOP8,"CAN, phy, High sp 5Mbps, 5V (VDD), 3/5V (VIO)"
4836,CAN_PHY.SCHLIB,TJA1051_SOP8,"CAN, phy, High sp 5Mbps, 5V (VDD), 3/5V (VIO)"
4837,CAN_PHY.SCHLIB,TJA1040_SOP8,"CAN, phy, High speed, 5V (VDD)"
4838,CAN_PHY.SCHLIB,MCP2551_SOP8,"Can, Transceiver, High Speed, 5V (VDD)"
4839,CAN_PHY.SCHLIB,MCP2551_DIP8,"Can, Transceiver, High Speed, 5V (VDD)"
4840,CAN_PHY.SCHLIB,MAX3051_SOP8,"Can, Transceiver, High Speed, 3.3V (VDD)"
4841,CAPTOUCHSENSE.SCHLIB,LC717A30UJ_SSOP30,"CapTouchSensor, 8-CH, I2C/SPI, SSOP30"
4842,CAPTOUCHSENSE.SCHLIB,LC717A00AJ_SSOP30,"CapTouchSensor, 8-CH, I2C/SPI, SSOP30"
4843,CAPTOUCHSENSE.SCHLIB,AT42QT2120_SSOP20,"CapTouchSensor, 12-CH, I2C, QFN20"
4844,CAPTOUCHSENSE.SCHLIB,AT42QT2160_QFN28,"CapTouchSensor, 16-CH, I2C, QFN28"
4845,CAPTOUCHSENSE.SCHLIB,AT42QT2120_SOP20,"CapTouchSensor, 12-CH, I2C, QFN20"
4846,CAPTOUCHSENSE.SCHLIB,AT42QT2120_QFN20,"CapTouchSensor, 12-CH, I2C, QFN20"
4847,CAPTOUCHSENSE.SCHLIB,AT42QT1245_QFP32,"CapTouchSensor, 24-CH, SPI, QFP32"
4848,CAPTOUCHSENSE.SCHLIB,AT42QT1245_QFN32,"CapTouchSensor, 24-CH, SPI, QFN32"
4849,CAPTOUCHSENSE.SCHLIB,AT42QT1110_QFP32,"CapTouchSensor, 11-ch, SPI"
4850,CAPTOUCHSENSE.SCHLIB,AT42QT1110_QFN32,"CapTouchSensor, 11-ch, SPI"
4851,CAPTOUCHSENSE.SCHLIB,AT42QT1060_QFN28,"CapTouchSensor, 6-ch, PARALLEL+I2C"
4852,CAPTOUCHSENSE.SCHLIB,AT42QT1040_QFN20,"CapTouchSensor, 4-ch, ActiveLow, OpenDrain"
4853,CAPTOUCHSENSE.SCHLIB,AT42QT1012_SOT23,"CapTouchSensor, 1-ch, Reset Timer, 6-pin SOT23"
4854,CAPTOUCHSENSE.SCHLIB,AT42QT1011_SOT23,"CapTouchSensor, 1-ch, Reset Timer, 6-pin SOT23"
4855,CAPTOUCHSENSE.SCHLIB,AT42QT1010_SOT23,"CapTouchSensor, 1-ch, Reset Timer, 6-pin SOT23"
4856,CAPTOUCHSENSE.SCHLIB,TTP229-L_SSOP28,"CapTouchSensor, 16-Ch"
4857,CAPTOUCHSENSE.SCHLIB,TTP229-B_SSOP28,"CapTouchSensor, 16-Ch"
4858,CAPTOUCHSENSE.SCHLIB,BS814A-1_MSOP10,"CapTouchSensor, 4-Ch parallel"
4859,CAPTOUCHSENSE.SCHLIB,AT42QT1012_SON8,"CapTouchSensor, 1-ch, Reset Timer, SON8"
4860,CAPTOUCHSENSE.SCHLIB,AT42QT1011_SON8,"CapTouchSensor, 1-ch, Reset Timer, SON8"
4861,CAPTOUCHSENSE.SCHLIB,AT42QT1010_SON8,"CapTouchSensor, 1-ch, Reset Timer, SON8"
4862,CAPTOUCHSENSE.SCHLIB,MTCH108_SSOP20,"CapTouchSensor, 8-CH, PARALLEL, SSOP20"
4863,CAPTOUCHSENSE.SCHLIB,MTCH105_SSOP14,"CapTouchSensor, 5-CH, PARALLEL, SSOP14"
4864,CAPTOUCHSENSE.SCHLIB,CPT112S_QSOP24,"CapTouchSensor, 12-CH, I2C, QSOP24"
4865,CAPTOUCHSENSE.SCHLIB,BU21079_SSOP16,"CapTouchSensor, 8-CH, I2C, Matrix, QFN20"
4866,CAPTOUCHSENSE.SCHLIB,BU21078_SSOP28,"CapTouchSensor, 36-CH, I2C, Matrix, SSOP28"
4867,CAPTOUCHSENSE.SCHLIB,QT60486_QFP44,"CapTouchSensor, 48-key, QMatrix, SPI, UART"
4868,CAPTOUCHSENSE.SCHLIB,QT60326_QFP44,"CapTouchSensor, 32-key, QMatrix, SPI, UART"
4869,CAPTOUCHSENSE.SCHLIB,QT60248_QFP32,"CapTouchSensor, 16-KEY, SPI, QMatrix/QProx , QFP32"
4870,CAPTOUCHSENSE.SCHLIB,QT60246_QFP44,"CapTouchSensor, 24-key, QMatrix, SPI, UART"
4871,CAPTOUCHSENSE.SCHLIB,QT60240_QFN32,"CapTouchSensor, 24-KEY, I2C, QMatrix, QFN32"
4872,CAPTOUCHSENSE.SCHLIB,QT60168_QFP32,"CapTouchSensor, 16-KEY, SPI, QMatrix/QProx, QFP32"
4873,CAPTOUCHSENSE.SCHLIB,QT60166_QFP44,"CapTouchSensor, 16-key, QMatrix, SPI, UART"
4874,CAPTOUCHSENSE.SCHLIB,QT60160_QFN32,"CapTouchSensor, 16-KEY, I2C, QMatrix, QFN32"
4875,CAPTOUCHSENSE.SCHLIB,MTCH108_QFN20,"CapTouchSensor, 8-CH, PARALLEL, QFN20"
4876,CAPTOUCHSENSE.SCHLIB,MTCH105_QFN16,"CapTouchSensor, 5-CH, PARALLEL, QFN16"
4877,CAPTOUCHSENSE.SCHLIB,MTCH102_SSOP8,"CapTouchSensor, 2-CH, PARALLEL, SSOP8"
4878,CAPTOUCHSENSE.SCHLIB,MTCH101_SOT23,"CapTouchSensor, 1-CH, SOT23-6"
4879,CAPTOUCHSENSE.SCHLIB,IQS360A_QFN32,"CapTouchSensor, 7-CH, I2C, QFN32"
4880,CAPTOUCHSENSE.SCHLIB,CPT212B_QFN20,"CapTouchSensor, 12-CH, I2C, QFN20"
4881,CAPTOUCHSENSE.SCHLIB,CPT112S_QFN20,"CapTouchSensor, 12-CH, I2C, QFN20"
4882,CAPTOUCHSENSE.SCHLIB,CAP1298_SOP14,"CapTouchSensor, 8-CH, I2C/SMBUS, SOP14"
4883,CAPTOUCHSENSE.SCHLIB,CAP1298_QFN16,"CapTouchSensor, 8-CH, I2C/SMBUS, QFN16"
4884,CAPTOUCHSENSE.SCHLIB,CAP1208_SOP14,"CapTouchSensor, 8-CH, I2C/SMBUS, SOP14"
4885,CAPTOUCHSENSE.SCHLIB,CAP1208_QFN16,"CapTouchSensor, 8-CH, I2C/SMBUS, QFN16"
4886,CAPTOUCHSENSE.SCHLIB,CAP1188_QFN24,"CapTouchSensor, 8-CH, I2C/SMBUS/SPI, QFN24"
4887,CAPTOUCHSENSE.SCHLIB,CAP1114_QFN32,"CapTouchSensor, 14-CH, I2C/SMBUS, QFN32"
4888,CAPTOUCHSENSE.SCHLIB,BU21078_QFN28,"CapTouchSensor, 36-CH, I2C, Matrix, QFN28"
4889,CAPTOUCHSENSE.SCHLIB,BU21077_QFN20,"CapTouchSensor, 8-CH, I2C, Matrix, QFN20"
4890,CAPTOUCHSENSE.SCHLIB,BU21072_QFN24,"CapTouchSensor, 16-CH, I2C, Matrix, QFN24"
4891,CAPTOUCHSENSE.SCHLIB,BS8116_SSOP20,"CapTouchSensor, 16-Ch"
4892,CAPTOUCHSENSE.SCHLIB,TTP223_SOT23,"CapTouchSensor, 1-Ch"
4893,CAPTOUCHSENSE.SCHLIB,SX8639_QFN28,"CapTouchSensor, 8-CH, I2C, QFN28"
4894,CAPTOUCHSENSE.SCHLIB,SX8638_QFN28,"CapTouchSensor, 8-CH, I2C, QFN28"
4895,CAPTOUCHSENSE.SCHLIB,SX8636_QFN28,"CapTouchSensor, 8-CH, I2C, QFN28"
4896,CAPTOUCHSENSE.SCHLIB,SX8635_QFN32,"CapTouchSensor, 12-CH, I2C, QFN32"
4897,CAPTOUCHSENSE.SCHLIB,SX8634_QFN32,"CapTouchSensor, 12-CH, I2C, QFN32"
4898,CAPTOUCHSENSE.SCHLIB,SX8633_QFN32,"CapTouchSensor, 12-CH, I2C, QFN32"
4899,CAPTOUCHSENSE.SCHLIB,MTCH102_DFN8,"CapTouchSensor, 2-CH, PARALLEL, DFN8"
4900,CAPTOUCHSENSE.SCHLIB,IQS333_QFN32,"CapTouchSensor, 7-CH, I2C, QFN32"
4901,CAPTOUCHSENSE.SCHLIB,BS812A_SOT23,"CapTouchSensor, 2-Ch"
4902,CAPTOUCHSENSE.SCHLIB,TS08_SOP24,"CapTouchSensor, 8-Ch, Self Calibration"
4903,CAPTOUCHSENSE.SCHLIB,TS04_SOP14,"CapTouchSensor, 4-Ch, Self Calibration"
4904,CELLULAR.SCHLIB,CELL_A7680C-LNXV_LGA92,"GSM, 850/900/1800/LTE, CAT1, UART/USB, 3.4~4.2V, LCC-42 + LGA-50"
4905,CELLULAR.SCHLIB,CELL_A7680C-LANS_LGA92,"GSM, 850/900/1800/LTE, CAT1, UART/USB, 3.4~4.2V, LCC-42 + LGA-50"
4906,CELLULAR.SCHLIB,CELL_A7670E-FASE_LGA88,"GSM, 850/900/1800/LTE, CAT1, UART/USB, 3.4~4.2V"
4907,CELLULAR.SCHLIB,CELL_SIM800C_LCC42,"GSM, 850/900/1800/1900, GPRS, USSD, UART/USB, 3.4~4.4V"
4908,CELLULAR.SCHLIB,CELL_SIM7100_LCC87,"GSM, 850/900/1800/1900, 4G, GPS, UART/USB2.0/SPI, 3.4~4.2V"
4909,CELLULAR.SCHLIB,CELL_SIM908_LCC80,"GSM, 850/900/1800/1900, GPS, GPRS, USSD, UART, 3.2~4.8V"
4910,CELLULAR.SCHLIB,CELL_SIM900_LCC68,"GSM, 850/900/1800/1900, GPRS, USSD, UART, 3.2~4.8V"
4911,CELLULAR.SCHLIB,CELL_SIM808_LCC68,"GSM, 850/900/1800/1900, GPRS, USSD, GPS+BT, UART/USB, 3.4~4.4V"
4912,CELLULAR.SCHLIB,CELL_SIM800_LCC68,"GSM, 850/900/1800/1900, GPRS, USSD, UART/USB, 3.4~4.4V"
4913,CELLULAR.SCHLIB,CELL_EC200U_LCC80,"LTE, GSM, GNSS, CAT1 (10Mbps), 3.3~4.3V"
4914,CELLULAR.SCHLIB,CELL_EC200A_LCC80,"LTE, GSM, GNSS, CAT4 (150Mbps), 3.3~4.3V"
4915,CELLULAR.SCHLIB,CELL_R800C_LCC42,"GSM, 850/900/1800/1900, GPRS, USSD, UART/USB, 3.4~4.4V"
4916,CELLULAR.SCHLIB,CELL_M08-R_LCC42,"GSM, 850/900/1800/1900, GPRS, USSD, UART, 3.45~4.25V"
4917,CELLULAR.SCHLIB,CELL_EG06_LGA299,"LTE-A CAT6 (300Mbps), 3.3~4.3V"
4918,CELLULAR.SCHLIB,CELL_MC65_LCC68,"GSM, 850/900/1800/1900, GPRS, USSD, UART, 3.45~4.25V"
4919,CELLULAR.SCHLIB,CELL_MC60_LCC68,"GSM, 850/900/1800/1900, GPRS, USSD, UART, 3.3~4.6V"
4920,CELLULAR.SCHLIB,CELL_EC25_LCC80,"LTE, GSM, GNSS, CAT4 (150Mbps), 3.3~4.3V"
4921,CELLULAR.SCHLIB,CELL_EC20_LCC80,"LTE, GSM, GNSS, CAT3 (100Mbps), 3.3~4.3V"
4922,CELLULAR.SCHLIB,CELL_BC95_LCC54,"NB-IoT, 3.1~4.2V"
4923,CELLULAR.SCHLIB,CELL_BC68_LCC44,"NB-IoT, 3.3V"
4924,CELLULAR.SCHLIB,CELL_BC66_LCC44,"NB-IoT, 3.3V"
4925,CELLULAR.SCHLIB,CELL_BC28_LCC44,"NB-IoT, 3.2~4.2V"
4926,CELLULAR.SCHLIB,CELL_BC25_LCC44,"NB-IoT, 3.2~4.2V"
4927,CELLULAR.SCHLIB,CELL_M66_LCC44,"GSM, 850/900/1800/1900, GPRS, USSD, UART, 3.45~4.25V"
4928,CELLULAR.SCHLIB,CELL_M65_LCC44,"GSM, 850/900/1800/1900, GPRS, USSD, UART, 3.45~4.25V"
4929,CELLULAR.SCHLIB,CELL_SIM300,"GSM, 900/1800/1900, GPRS, UART, 3.4~4.5V"
4930,CELLULAR.SCHLIB,CELL_TC35,"GSM, 900/1800 UART"
4931,CLOCKIC.SCHLIB,IDT5T93GL04_TSSOP24,"Clock Distributor/BUFFER, 4-OUTPUT, UP to 450MHz, GLITCHLESS"
4932,CLOCKIC.SCHLIB,HMC720LP3E_QFN16,"Fanout Buffer, 1:2, 14Gbps, 120ps tpd"
4933,CLOCKIC.SCHLIB,NB7L1008M_QFN32,"Fanout Buffer, 1:8, 8GHz/12Gbps, 160ps tpd"
4934,CLOCKIC.SCHLIB,LMX2315_TSSOP20,"PLL Frequency Synthesizer for RF, 1.2GHz"
4935,CLOCKIC.SCHLIB,ICS844021I_SOP8,"Clock Generator, ETHERNET , 170MHz"
4936,CLOCKIC.SCHLIB,HMC744LC3_QFN16,"Fanout Buffer, 1:2, 14Gbps, 120ps tpd"
4937,CLOCKIC.SCHLIB,CDCE62005_QFN48,"Clock Generator, 4-Out, Jitter Cleaner, Integrated VCO"
4938,CLOCKIC.SCHLIB,SI53102A3_SON8,"Clock Distributor, 2-OUTPUT, PCIe GEN3, 100MHz"
4939,CLOCKIC.SCHLIB,SI53102A2_SON8,"Clock Distributor, 2-OUTPUT, PCIe GEN2, 100MHz"
4940,CLOCKIC.SCHLIB,SI53102A1_SON8,"Clock Distributor, 2-OUTPUT, PCIe GEN1, 100MHz"
4941,CLOCKIC.SCHLIB,NB7VQ14M_QFN16,"Fanout Buffer, 1:4, 8GHz/14Gbps, 165ps tpd"
4942,CLOCKIC.SCHLIB,LMK01010_QFN56,"Clock Distributor/Buffer/Divider, 1.6GHz, 8-OUTPUT LVDS"
4943,CLOCKIC.SCHLIB,CDCI6214_QFN24,"Clock Generator, 4-output, PCIe Gen4"
4944,CLOCKIC.SCHLIB,CDCE6214_QFN24,"Clock Generator, 4-output, PCIe Gen4"
4945,CLOCKIC.SCHLIB,ADCLK948_QFN32,"Clock Distributor, 8-OUTPUT, 4.8GHz, 75fs"
4946,CLOCKIC.SCHLIB,ADCLK925_QFN16,"Clock Distributor, 2-OUTPUT, 6GHz, 60fs jitter, 95ps tpd"
4947,CLOCKIC.SCHLIB,ADCLK846_QFN24,"Clock Distributor, 6/12OUTPUT, to 1.2GHz, 54fs"
4948,CLOCKIC.SCHLIB,AD9516-0_QFN64,"Clock Distributor, PLL, 14-Output, 2.8GHz"
4949,CLOCKIC.SCHLIB,SI5338A_QFN24,Clock Synthesizer / Jitter Cleaner
4950,CLOCKIC.SCHLIB,SI53307_QFN16,"Clock Distributor, 2-OUTPUT, 0~725MHz"
4951,CLOCKIC.SCHLIB,LMK61E07_QFM6,"Clock Generator, programmable"
4952,CLOCKIC.SCHLIB,HMC7044_QFN68,"Clock Synthesizer / Jitter Cleaner HiPerf,3.2 GHz,14-OP Jttr Att w/JESD204B"
4953,CLOCKIC.SCHLIB,5PB1213_DFN10,"Clock Distributor, 3-OUTPUT, 200MHz, 18fs jitter, 2ns tpd"
4954,CLOCKIC.SCHLIB,SI5324_QFN36,Clock Synthesizer / Jitter Cleaner
4955,CLOCKIC.SCHLIB,LMH2180_SON8,"Clock Distributor, 2-OUTPUT, 75MHz"
4956,CLOCKIC.SCHLIB,AD9511_QFN48,"Clock Distributor, PLL, 5-Output, 1.2GHz"
4957,CLOCKIC.SCHLIB,AD9510_QFN64,"Clock Distributor, PLL, 8-Output, 1.2GHz"
4958,CLOCKIC.SCHLIB,LMV112_SON8,"Clock Distributor, 2-OUTPUT, 40MHz"
4959,CLOCKIC.SCHLIB,ICS512_SOP8,"CLOCK MULTIPLIER, PLL, LOCO, up to 200MHz"
4960,CONN_B2B.SCHLIB,DF40C(2.0)-80DS-0.4V(51),"CONN B2B RCPT, 0.4mm SMD GOLD, 80POS"
4961,CONN_B2B.SCHLIB,DF40C(2.0)-40DS-0.4V(51),"CONN B2B RCPT, 0.4mm SMD GOLD, 40POS"
4962,CONN_B2B.SCHLIB,DF40C(2.0)-30DS-0.4V(51),"CONN B2B RCPT, 0.4mm SMD GOLD, 30POS"
4963,CONN_B2B.SCHLIB,SEAM8-20-S02.0-S-10-2-K,Samtec 0.80 mm SEARAY™ High-Speed High-Density
4964,CONN_B2B.SCHLIB,SEAF8-50-05.0-L-10-2-K,0.80 mm SEARAY High-Speed High-Density Open-Pin-Field Array Socket
4965,CONN_B2B.SCHLIB,SEAF8-20-05.0-S-10-2-K,Samtec 0.80 mm SEARAY™ High-Speed High-Density
4966,CONN_B2B.SCHLIB,QRF8-036-05.0-L-D-DP-A,"CONN, HI-SPD, Up to10/20Gbps, ground plane, Slim-width4.6mm, Diff-Pair"
4967,CONN_B2B.SCHLIB,QRF8-018-05.0-L-D-DP-A,"CONN, HI-SPD, Up to10/20Gbps, ground plane, Slim-width4.6mm, , Diff-Pair"
4968,CONN_B2B.SCHLIB,SEAM8-50-S02.0-L-10-2,0.80 mm SEARAY High-Speed High-Density Open-Pin-Field Array Socket
4969,CONN_B2B.SCHLIB,DF40C-100DS-0.4V(51),"CONN B2B RCPT, 0.4mm SMD GOLD"
4970,CONN_B2B.SCHLIB,DF40C-100DP-0.4V(51),"CONN B2B HDR, 0.4MM SMD GOLD"
4971,CONN_B2B.SCHLIB,QRF8-026-05.0-L-D-A,"CONN, HI-SPD, Up to10Gbps, ground plane"
4972,CONN_B2B.SCHLIB,DF40C-80DP-0.4V(51),"CONN B2B HDR, 0.4MM SMD GOLD, 80POS"
4973,CONN_B2B.SCHLIB,DF40C-40DP-0.4V(51),"CONN B2B HDR, 0.4MM SMD GOLD, 40POS"
4974,CONN_B2B.SCHLIB,DF40C-30DP-0.4V(51),"CONN B2B HDR, 0.4MM SMD GOLD, 30POS"
4975,CONN_B2B.SCHLIB,SEAM8-50-10_G-CORE,0.80 mm SEARAY High-Speed High-Density Open-Pin-Field Array Socket
4976,CONN_B2B.SCHLIB,FX10A-140S/14-SV,FX10 Series B2B Connectors
4977,CONN_B2B.SCHLIB,FX10A-140P/14-SV,FX10 Series B2B Connectors
4978,CONN_B2B.SCHLIB,ST4-20-1.00-L-D,"CONN B2B RCPT, 0.4mm SMD GOLD, 20POSx2"
4979,CONN_B2B.SCHLIB,SS4-20-3.00-L-D,"CONN B2B RCPT, 0.4mm SMD GOLD, 20POSx2"
4980,CONN_B2B.SCHLIB,FMC_LPC_FEMALE,"CONN, FMC, LPC, 160PIN, FEMALE for Carrier"
4981,CONN_B2B.SCHLIB,FMC_HPC_FEMALE,"CONN, FMC, HPC, 400PIN, FEMALE for Carrier"
4982,CONN_B2B.SCHLIB,DIN41612_128SM,"DIN 41612, 2.54mm, 128w"
4983,CONN_B2B.SCHLIB,DIN41612_128SF,"DIN 41612, 2.54mm, 128w"
4984,CONN_B2B.SCHLIB,DIN41612_96SM,"DIN 41612, 2.54mm,pin,DIN 41612,solder,PCB,96w,"
4985,CONN_B2B.SCHLIB,DIN41612_96RM,"DIN 41612, 2.54mm,pin,DIN 41612,solder,PCB,90,96w,"
4986,CONN_B2B.SCHLIB,DIN41612_64SM,"DIN 41612, 2.54mm,pin,DIN 41612,solder,PCB"
4987,CONN_B2B.SCHLIB,DIN41612_64SF,"DIN 41612, 2.54mm,pin,DIN 41612,solder,PCB"
4988,CONN_B2B.SCHLIB,SEAM_PLUS_CB,"CONN, FMC+, HSPC, 560PIN, MALE for Module"
4989,CONN_B2B.SCHLIB,FMC_LPC_MALE,"CONN, FMC, LPC, 160PIN, MALE for Module"
4990,CONN_B2B.SCHLIB,FMC_HPC_MALE,"CONN, FMC, HPC, 400PIN, MALE for Module"
4991,CONN_B2B.SCHLIB,FMCP_HSPCe_M,"CONN, FMC+ HSPCe, 80PIN, MALE for Module"
4992,CONN_B2B.SCHLIB,FMCP_HSPCe_F,"CONN, FMC+ HSPCe, 80PIN, FEMALE for Carrier"
4993,CONN_B2B.SCHLIB,FMCP_CARRIER,FMC Carrier
4994,CONN_B2B.SCHLIB,AXK6S80447YG,CONN B2B HEADER
4995,CONN_B2B.SCHLIB,AXK6S40447YG,CONN B2B HEADER
4996,CONN_B2B.SCHLIB,AXK5S80347YG,CONN B2B SOCKET
4997,CONN_B2B.SCHLIB,AXK5S40347YG,CONN B2B SOCKET
4998,CONN_B2B.SCHLIB,SOLC-115-02,"Conn, 60P 1.27mm 180D(F) SMD"
4999,CONN_B2B.SCHLIB,LSHM-150-04,"CONN, HI-SPD, Up to6/12Gbps, Hermaphroditic Terminal/Socket"
5000,CONN_B2B.SCHLIB,LSHM-120-04,"CONN, HI-SPD, Up to6/12Gbps, Hermaphroditic Terminal/Socket"
5001,CONN_B2B.SCHLIB,FMC_CARRIER,FMC Carrier
5002,CONN_B2B.SCHLIB,FMCP_MODULE,FMC Module
5003,CONN_B2B.SCHLIB,FMCP_HSPC_M,"CONN, FMC+, HSPC, 560PIN, MALE for Module"
5004,CONN_B2B.SCHLIB,FMCP_HSPC_F,"CONN, FMC+, HSPC, 560PIN, FEMALE for Carrier"
5005,CONN_B2B.SCHLIB,DF37NB-30DS,"Conn B2B, 0.4mm ptich"
5006,CONN_B2B.SCHLIB,DF37NB-16DS,"Conn B2B, 0.4mm ptich"
5007,CONN_B2B.SCHLIB,QTH-030-04,"CONN, HI-SPD, Q-strip, 0.5mm pitch, Terminal, 60P"
5008,CONN_B2B.SCHLIB,FMC_MODULE,FMC Module
5009,CONN_B2B.SCHLIB,DF37B-16DP,"Conn B2B, 0.4mm ptich"
5010,CONN_B2B.SCHLIB,DF23C-50DS,DF23 Series B2B Connectors
5011,CONN_B2B.SCHLIB,DF23C-50DP,DF23 Series B2B Connectors
5012,CONN_B2B.SCHLIB,DF23C-20DS,DF23 Series B2B Connectors
5013,CONN_B2B.SCHLIB,DF23C-20DP,DF23 Series B2B Connectors
5014,CONN_B2B.SCHLIB,BM20B-24DS,DF23 Series B2B Connectors
5015,CONN_B2B.SCHLIB,BM20B-24DP,DF23 Series B2B Connectors
5016,CONN_B2B.SCHLIB,BM20B-10DS,DF23 Series B2B Connectors
5017,CONN_B2B.SCHLIB,BM20B-10DP,DF23 Series B2B Connectors
5018,CONN_B2B.SCHLIB,AXE610124,pitch: 0.4mm
5019,CONN_B2B.SCHLIB,AXE510127,pitch: 0.4mm
5020,CONN_B2B.SCHLIB,SEAM_560,"CONN, FMC+, HSPC, 560PIN, MALE for Module"
5021,CONN_B2B.SCHLIB,SEAM_400,"CONN, FMC, HPC, 400PIN, MALE for Module"
5022,CONN_B2B.SCHLIB,SEAF_560,"CONN, FMC+, HSPC, 560PIN, FEMALE for Module"
5023,CONN_B2B.SCHLIB,SEAF_400,"CONN, FMC, HPC, 400PIN, FEMALE for Carrier"
5024,CONN_B2B.SCHLIB,SEAM_CB,"CONN, FMC, HPC, 400PIN, MALE for Module"
5025,CONN_B2B.SCHLIB,SEAM_80,"CONN, FMC+ HSPCe, 80PIN, MALE for Module"
5026,CONN_B2B.SCHLIB,SEAF_80,"CONN, FMC+ HSPCe, 80PIN, MALE for Module"
5027,CONN_B2B.SCHLIB,QTH-090,"CONN, HI-SPD, Q-strip, 0.5mm pitch, Terminal, 180P"
5028,CONN_B2B.SCHLIB,QTH-060,"CONN, HI-SPD, Q-strip, 0.5mm pitch, Terminal, 120P"
5029,CONN_B2B.SCHLIB,QTH-030,"CONN, HI-SPD, Q-strip, 0.5mm pitch, Terminal, 60P"
5030,CONN_B2B.SCHLIB,QTE-060,"CONN, HI-SPD, Q-strip, 0.8mm pitch, Terminal, 120P"
5031,CONN_B2B.SCHLIB,QSH-090,"CONN, HI-SPD, Q-strip, 0.5mm pitch, Socket, 180P"
5032,CONN_B2B.SCHLIB,QSH-060,"CONN, HI-SPD, Q-strip, 0.5mm pitch, Socket, 120P"
5033,CONN_B2B.SCHLIB,QSH-030,"CONN, HI-SPD, Q-strip, 0.5mm pitch, Socket, 60P"
5034,CONN_B2B.SCHLIB,QSE-060,"CONN, HI-SPD, Q-strip, 0.8mm pitch, Socket, 120P"
5035,CONN_B2B.SCHLIB,BM25-4S,BM25 Series B2B Connectors
5036,CONN_B2B.SCHLIB,BM25-4P,BM25 Series B2B Connectors
5037,CONN_DISP_HDMI.SCHLIB,CONN_HDMI_MICRO_SHTS,"CONN, HDMI, Receptacle, TYPE D, 19P, RIGH-ANGLE"
5038,CONN_DISP_HDMI.SCHLIB,CONN_HDMI_MICRO_SHT,"CONN, HDMI, Receptacle, TYPE D, 19P, RIGH-ANGLE"
5039,CONN_DISP_HDMI.SCHLIB,CONN_VGA_DSUBHD15,"CONN, VGA, DSUB, HD, 15PIN, R/A, FEMALE, THD"
5040,CONN_DISP_HDMI.SCHLIB,CONN_HDMI_A_SCRW,"CONN, HDMI, Receptacle, TYPE A, 19P, RIGH-ANGLE"
5041,CONN_DISP_HDMI.SCHLIB,CONN_HDMI_MICRO,"CONN, HDMI, Receptacle, TYPE D, 19P, RIGH-ANGLE"
5042,CONN_DISP_HDMI.SCHLIB,CONN_HDMI_MINI,"CONN, HDMI, Receptacle, TYPE D, 19P, RIGH-ANGLE"
5043,CONN_DISP_HDMI.SCHLIB,CONN_DISP_MINI,"CONN, Display Port, MINI, Right-Angle, tunderbolt"
5044,CONN_DISP_HDMI.SCHLIB,CONN_HDMI_A,"CONN, HDMI, Receptacle, TYPE A, 19P, RIGH-ANGLE"
5045,CONN_DISP_HDMI.SCHLIB,CONN_DVI_29,"CONN, DVI-I, Right-Angle, 29P, RECEPTACLE"
5046,CONN_DISP_HDMI.SCHLIB,CONN_DVI_24,"CONN, DVI, Right-Angle, 24P"
5047,CONN_DISP_HDMI.SCHLIB,CONN_DISP,"CONN, Display Port, Right-Angle"
5048,CONN_DSUB.SCHLIB,CONN_DSUBHD_15RF_SMD,"CONN, DSUB, HD, 15PIN, R/A, FEMALE, SMD"
5049,CONN_DSUB.SCHLIB,CONN_DSUB_9RM_SMD2,"CONN, DSUB, HD, 9PIN, R/A, MALE, SMD"
5050,CONN_DSUB.SCHLIB,CONN_DSUB_9RF_SMD2,"CONN, DSUB, HD, 9PIN, R/A, FEMALE, SMD"
5051,CONN_DSUB.SCHLIB,CONN_DSUB_25SM_SMD,"CONN, DSUB, HD, 25PIN, STRAIGHT, FEMALE, THD"
5052,CONN_DSUB.SCHLIB,CONN_DSUB_9RM_SMD,"CONN, DSUB, HD, 9PIN, R/A, MALE, SMD"
5053,CONN_DSUB.SCHLIB,CONN_DSUB_9RF_SMD,"CONN, DSUB, HD, 9PIN, R/A, FEMALE, THD"
5054,CONN_DSUB.SCHLIB,CONN_DSUBHD_15RM,"CONN, DSUB, HD, 15PIN, R/A, MALE, THD"
5055,CONN_DSUB.SCHLIB,CONN_DSUBHD_15RF,"CONN, DSUB, HD, 15PIN, R/A, FEMALE, THD"
5056,CONN_DSUB.SCHLIB,CONN_DSUB_78SM,"CONN, DSUB, HD, 78PIN, STRAIGHT, MALE, THD"
5057,CONN_DSUB.SCHLIB,CONN_DSUB_78RM,"CONN, DSUB, HD, 78PIN, R/A, MALE, THD"
5058,CONN_DSUB.SCHLIB,CONN_DSUB_51RF,"CONN, DSUB, HD, 50PIN, R/A, FEMALE, J30J series"
5059,CONN_DSUB.SCHLIB,CONN_DSUB_50SM,"CONN, DSUB, HD, 50PIN, STRAIGHT, MALE, THD"
5060,CONN_DSUB.SCHLIB,CONN_DSUB_50SF,"CONN, DSUB, HD, 50PIN, STRAIGHT, FEMALE, THD"
5061,CONN_DSUB.SCHLIB,CONN_DSUB_50RM,"CONN, DSUB, HD, 50PIN, R/A, MALE, THD"
5062,CONN_DSUB.SCHLIB,CONN_DSUB_50RF,"CONN, DSUB, HD, 50PIN, R/A, FEMALE, THD"
5063,CONN_DSUB.SCHLIB,CONN_DSUB_37SM,"CONN, DSUB, HD, 37PIN, STRAIGHT, MALE, THD"
5064,CONN_DSUB.SCHLIB,CONN_DSUB_37SF,"CONN, DSUB, HD, 37PIN, STRAIGHT, FEMALE, THD"
5065,CONN_DSUB.SCHLIB,CONN_DSUB_37RM,"CONN, DSUB, HD, 37PIN, R/A, MALE, THD"
5066,CONN_DSUB.SCHLIB,CONN_DSUB_37RF,"CONN, DSUB, HD, 37PIN, R/A, FEMALE, THD"
5067,CONN_DSUB.SCHLIB,CONN_DSUB_25SM,"CONN, DSUB, HD, 25PIN, STRAIGHT, FEMALE, THD"
5068,CONN_DSUB.SCHLIB,CONN_DSUB_25SF,"CONN, DSUB, HD, 25PIN, STRAIGHT, FEMALE, THD"
5069,CONN_DSUB.SCHLIB,CONN_DSUB_25RM,"CONN, DSUB, HD, 25PIN, R/A, MALE, THD"
5070,CONN_DSUB.SCHLIB,CONN_DSUB_25RF,"CONN, DSUB, HD, 25PIN, R/A, FEMALE, THD"
5071,CONN_DSUB.SCHLIB,CONN_DSUB_15SM,"CONN, DSUB, HD, 15PIN, STRAIGHT, FEMALE, THD"
5072,CONN_DSUB.SCHLIB,CONN_DSUB_15SF,"CONN, DSUB, HD, 15PIN, STRAIGHT, FEMALE, THD"
5073,CONN_DSUB.SCHLIB,CONN_DSUB_15RM,"CONN, DSUB, HD, 15PIN, R/A, MALE, THD"
5074,CONN_DSUB.SCHLIB,CONN_DSUB_15RF,"CONN, DSUB, HD, 15PIN, R/A, FEMALE, THD"
5075,CONN_DSUB.SCHLIB,CONN_DSUB_9SM,"CONN, DSUB, HD, 9PIN, STRAIGHT, MALE, THD"
5076,CONN_DSUB.SCHLIB,CONN_DSUB_9SF,"CONN, DSUB, HD, 9PIN, R/A, FMALE, THD"
5077,CONN_DSUB.SCHLIB,CONN_DSUB_9RM,"CONN, DSUB, HD, 9PIN, R/A, MALE, THD"
5078,CONN_DSUB.SCHLIB,CONN_DSUB_9RF,"CONN, DSUB, HD, 9PIN, R/A, FEMALE, THD"
5079,CONN_DSUB.SCHLIB,J30J_9ZKN,"CONN, DSUB, HD, 9PIN, STRAIGHT, RECEPTACLE, THD"
5080,CONN_DSUB.SCHLIB,J30J_9TJN,"CONN, DSUB, HD, 9PIN, STRAIGHT, PLUG, THD"
5081,CONN_FPC.SCHLIB,FPC50_50DB_FFC2B29,"CONN, FPC, 0.50mm pitch, RightAngle, Dual side Contact, back flip lock"
5082,CONN_FPC.SCHLIB,FPC50_40DB_FFC2B29,"CONN, FPC, 0.50mm pitch, RightAngle, Dual side Contact, back flip lock"
5083,CONN_FPC.SCHLIB,FPC50_40DB_FFC2B28,"CONN, FPC, 0.50mm pitch, RightAngle, Dual side Contact, back flip lock"
5084,CONN_FPC.SCHLIB,FPC50_40DB_FFC2B27,"CONN, FPC, 0.50mm pitch, RightAngle, Dual side Contact, back flip lock"
5085,CONN_FPC.SCHLIB,FPC50_8DB_2.6mmH,"CONN, FPC, 0.50mm pitch, RightAngle, Dual Contact, back flip lock"
5086,CONN_FPC.SCHLIB,FPC50_8DB_2mmH,"CONN, FPC, 0.50mm pitch, RightAngle, Dual Contact, back flip lock"
5087,CONN_FPC.SCHLIB,FPC50_8DB_1mmH,"CONN, FPC, 0.50mm pitch, RightAngle, Dual Contact, back flip lock"
5088,CONN_FPC.SCHLIB,FPC100_15VS,"CONN, FPC, 1.0mm pitch, Vertical 1 Sided, Slide lock"
5089,CONN_FPC.SCHLIB,FPC50_54TS,"CONN, FPC, 0.50mm pitch, RightAngle, Top Contact, Slide lock"
5090,CONN_FPC.SCHLIB,FPC50_50TS,"CONN, FPC, 0.50mm pitch, RightAngle, Top Contact, Slide lock"
5091,CONN_FPC.SCHLIB,FPC50_50DB,"CONN, FPC, 0.50mm pitch, RightAngle, Dual side Contact, back flip lock"
5092,CONN_FPC.SCHLIB,FPC50_50BF,"CONN, FPC, 0.50mm pitch, RightAngle, Bot. Contact, front flip lock"
5093,CONN_FPC.SCHLIB,FPC50_40DB,"CONN, FPC, 0.50mm pitch, RightAngle, Dual side Contact, back flip lock"
5094,CONN_FPC.SCHLIB,FPC50_40BF,"CONN, FPC, 0.50mm pitch, RightAngle, Bot. Contact, front flip lock"
5095,CONN_FPC.SCHLIB,FPC50_37BS,"CONN, FPC, 0.50mm pitch, RightAngle, Bot. Contact, Slide lock"
5096,CONN_FPC.SCHLIB,FPC50_32DB,"CONN, FPC, 0.50mm pitch, RightAngle, Bot. Contact, back flip lock"
5097,CONN_FPC.SCHLIB,FPC50_32BF,"CONN, FPC, 0.50mm pitch, RightAngle, Bot. Contact"
5098,CONN_FPC.SCHLIB,FPC50_30BF,"CONN, FPC, 0.50mm pitch, RightAngle, Bot. Contact"
5099,CONN_FPC.SCHLIB,FPC50_24VF,"CONN, FPC, 0.50mm pitch, Vertical, flip lock"
5100,CONN_FPC.SCHLIB,FPC50_24TF,"CONN, FPC, 0.50mm pitch, RightAngle, Top Contact, front flip lock"
5101,CONN_FPC.SCHLIB,FPC50_24BF,"CONN, FPC, 0.50mm pitch, RightAngle, Bot. Contact, front flip lock"
5102,CONN_FPC.SCHLIB,FPC50_22BF,"CONN, FPC, 0.50mm pitch, Horizontal, Bottom Contact, front flip lock"
5103,CONN_FPC.SCHLIB,FPC50_20DB,"CONN, FPC, 0.50mm pitch, RightAngle, Dual Contact, back flip lock"
5104,CONN_FPC.SCHLIB,FPC50_20BF,"CONN, FPC, 0.50mm pitch, RightAngle, Bot. Contact, front flip lock"
5105,CONN_FPC.SCHLIB,FPC50_18DB,"CONN, FPC, 0.50mm pitch, RightAngle, Dual Contact, back flip lock"
5106,CONN_FPC.SCHLIB,FPC50_18BF,"CONN, FPC, 0.50mm pitch, RightAngle, Bot. Contact, front flip lock"
5107,CONN_FPC.SCHLIB,FPC50_10VS,"CONN, FPC, 0.50mm pitch, Vertical, slide-lock"
5108,CONN_FPC.SCHLIB,FPC50_10BF,"CONN, FPC, 0.50mm pitch, RightAngle, Bot. Contact, front flip lock"
5109,CONN_FPC.SCHLIB,FPC100_6BS,"CONN, FPC, 1mm pitch, RightAngle, Bot. Contact, Slide lock"
5110,CONN_FPC.SCHLIB,FPC100_4BF,"CONN, FPC, 1mm pitch, RightAngle, Bot. Contact, front flip lock"
5111,CONN_FPC.SCHLIB,FPC50_8TS,"CONN, FPC, 0.50mm pitch, RightAngle, Top. Contact, Slide lock"
5112,CONN_FPC.SCHLIB,FPC50_6BS,"CONN, FPC, 0.50mm pitch, RightAngle, Bot. Contact, Slide lock"
5113,CONN_FPC.SCHLIB,FPC50_40V,"CONN, FPC, 0.50mm pitch, Vertical"
5114,CONN_FPC.SCHLIB,FPC50_40T,"CONN, FPC, 0.50mm pitch, RightAngle, Top Contact, front flip lock"
5115,CONN_FPC.SCHLIB,FPC100_4T,"CONN, FPC, 1mm pitch, RightAngle, Top Contact, Slide Lock"
5116,CONN_HEADER_1.00MM_ST.SCHLIB,HDRTST_1X10,"HEADER, 1mm pitch, test, SMD"
5117,CONN_HEADER_1.00MM_ST_SMD.SCHLIB,HDR1MM_M_2X40,"CONN, HEADER, Male, pitch: 1.0mm"
5118,CONN_HEADER_1.00MM_ST_SMD.SCHLIB,HDR1MM_M_2X35,"CONN, HEADER, Male, pitch: 1.0mm"
5119,CONN_HEADER_1.00MM_ST_SMD.SCHLIB,HDR1MM_M_2X32,"CONN, HEADER, Male, pitch: 1.0mm"
5120,CONN_HEADER_1.00MM_ST_SMD.SCHLIB,HDR1MM_M_2X30,"CONN, HEADER, Male, pitch: 1.0mm"
5121,CONN_HEADER_1.00MM_ST_SMD.SCHLIB,HDR1MM_M_2X25,"CONN, HEADER, Male, pitch: 1.0mm"
5122,CONN_HEADER_1.00MM_ST_SMD.SCHLIB,HDR1MM_M_2X24,"CONN, HEADER, Male, pitch: 1.0mm"
5123,CONN_HEADER_1.00MM_ST_SMD.SCHLIB,HDR1MM_M_2X20,"CONN, HEADER, Male, pitch: 1.0mm"
5124,CONN_HEADER_1.00MM_ST_SMD.SCHLIB,HDR1MM_M_2X18,"CONN, HEADER, Male, pitch: 1.0mm"
5125,CONN_HEADER_1.00MM_ST_SMD.SCHLIB,HDR1MM_M_2X16,"CONN, HEADER, Male, pitch: 1.0mm"
5126,CONN_HEADER_1.00MM_ST_SMD.SCHLIB,HDR1MM_M_2X15,"CONN, HEADER, Male, pitch: 1.0mm"
5127,CONN_HEADER_1.00MM_ST_SMD.SCHLIB,HDR1MM_M_2X14,"CONN, HEADER, Male, pitch: 1.0mm"
5128,CONN_HEADER_1.00MM_ST_SMD.SCHLIB,HDR1MM_M_2X12,"CONN, HEADER, Male, pitch: 1.0mm"
5129,CONN_HEADER_1.00MM_ST_SMD.SCHLIB,HDR1MM_M_2X10,"CONN, HEADER, Male, pitch: 1.0mm"
5130,CONN_HEADER_1.00MM_ST_SMD.SCHLIB,HDR1MM_F_2X40,"CONN, HEADER, Female, pitch: 1.0mm"
5131,CONN_HEADER_1.00MM_ST_SMD.SCHLIB,HDR1MM_F_2X35,"CONN, HEADER, Female, pitch: 1.0mm"
5132,CONN_HEADER_1.00MM_ST_SMD.SCHLIB,HDR1MM_F_2X32,"CONN, HEADER, Female, pitch: 1.0mm"
5133,CONN_HEADER_1.00MM_ST_SMD.SCHLIB,HDR1MM_F_2X30,"CONN, HEADER, Female, pitch: 1.0mm"
5134,CONN_HEADER_1.00MM_ST_SMD.SCHLIB,HDR1MM_F_2X25,"CONN, HEADER, Female, pitch: 1.0mm"
5135,CONN_HEADER_1.00MM_ST_SMD.SCHLIB,HDR1MM_F_2X24,"CONN, HEADER, Female, pitch: 1.0mm"
5136,CONN_HEADER_1.00MM_ST_SMD.SCHLIB,HDR1MM_F_2X20,"CONN, HEADER, Female, pitch: 1.0mm"
5137,CONN_HEADER_1.00MM_ST_SMD.SCHLIB,HDR1MM_F_2X18,"CONN, HEADER, Female, pitch: 1.0mm"
5138,CONN_HEADER_1.00MM_ST_SMD.SCHLIB,HDR1MM_F_2X16,"CONN, HEADER, Female, pitch: 1.0mm"
5139,CONN_HEADER_1.00MM_ST_SMD.SCHLIB,HDR1MM_F_2X15,"CONN, HEADER, Female, pitch: 1.0mm"
5140,CONN_HEADER_1.00MM_ST_SMD.SCHLIB,HDR1MM_F_2X14,"CONN, HEADER, Female, pitch: 1.0mm"
5141,CONN_HEADER_1.00MM_ST_SMD.SCHLIB,HDR1MM_F_2X12,"CONN, HEADER, Female, pitch: 1.0mm"
5142,CONN_HEADER_1.00MM_ST_SMD.SCHLIB,HDR1MM_F_2X10,"CONN, HEADER, Female, pitch: 1.0mm"
5143,CONN_HEADER_1.00MM_ST_SMD.SCHLIB,HDR1MM_M_2X9,"CONN, HEADER, Male, pitch: 1.0mm"
5144,CONN_HEADER_1.00MM_ST_SMD.SCHLIB,HDR1MM_M_2X8,"CONN, HEADER, Male, pitch: 1.0mm"
5145,CONN_HEADER_1.00MM_ST_SMD.SCHLIB,HDR1MM_M_2X7,"CONN, HEADER, Male, pitch: 1.0mm"
5146,CONN_HEADER_1.00MM_ST_SMD.SCHLIB,HDR1MM_M_2X6,"CONN, HEADER, Male, pitch: 1.0mm"
5147,CONN_HEADER_1.00MM_ST_SMD.SCHLIB,HDR1MM_M_2X5,"CONN, HEADER, Male, pitch: 1.0mm"
5148,CONN_HEADER_1.00MM_ST_SMD.SCHLIB,HDR1MM_M_2X4,"CONN, HEADER, Male, pitch: 1.0mm"
5149,CONN_HEADER_1.00MM_ST_SMD.SCHLIB,HDR1MM_M_2X3,"CONN, HEADER, Male, pitch: 1.0mm"
5150,CONN_HEADER_1.00MM_ST_SMD.SCHLIB,HDR1MM_M_2X2,"CONN, HEADER, Male, pitch: 1.0mm"
5151,CONN_HEADER_1.00MM_ST_SMD.SCHLIB,HDR1MM_F_2X9,"CONN, HEADER, Female, pitch: 1.0mm"
5152,CONN_HEADER_1.00MM_ST_SMD.SCHLIB,HDR1MM_F_2X8,"CONN, HEADER, Female, pitch: 1.0mm"
5153,CONN_HEADER_1.00MM_ST_SMD.SCHLIB,HDR1MM_F_2X7,"CONN, HEADER, Female, pitch: 1.0mm"
5154,CONN_HEADER_1.00MM_ST_SMD.SCHLIB,HDR1MM_F_2X6,"CONN, HEADER, Female, pitch: 1.0mm"
5155,CONN_HEADER_1.00MM_ST_SMD.SCHLIB,HDR1MM_F_2X5,"CONN, HEADER, Female, pitch: 1.0mm"
5156,CONN_HEADER_1.00MM_ST_SMD.SCHLIB,HDR1MM_F_2X4,"CONN, HEADER, Female, pitch: 1.0mm"
5157,CONN_HEADER_1.00MM_ST_SMD.SCHLIB,HDR1MM_F_2X3,"CONN, HEADER, Female, pitch: 1.0mm"
5158,CONN_HEADER_1.00MM_ST_SMD.SCHLIB,HDR1MM_F_2X2,"CONN, HEADER, Female, pitch: 1.0mm"
5159,CONN_HEADER_1.00MM_ST_SMD_EDGE.SCHLIB,HDR1SE_1X10,"HEADER, 1mm pitch, test, SMD"
5160,CONN_HEADER_1.00MM_ST_SMD_EDGE.SCHLIB,HDR1SE_1X8,"HEADER, 1mm pitch, test, SMD"
5161,CONN_HEADER_1.00MM_ST_SMD_EDGE.SCHLIB,HDR1SE_1X6,"HEADER, 1mm pitch, test, SMD"
5162,CONN_HEADER_1.00MM_ST_SMD_EDGE.SCHLIB,HDR1SE_1X5,"HEADER, 1mm pitch, test, SMD"
5163,CONN_HEADER_1.00MM_ST_SMD_EDGE.SCHLIB,HDR1SE_1X4,"HEADER, 1mm pitch, test, SMD"
5164,CONN_HEADER_1.00MM_ST_SMD_EDGE.SCHLIB,HDR1SE_1X3,"HEADER, 1mm pitch, test, SMD"
5165,CONN_HEADER_1.00MM_ST_SMD_EDGE.SCHLIB,HDR1SE_1X2,"HEADER, 1mm pitch, test, SMD"
5166,CONN_HEADER_1.27MM_BOX_IDC.SCHLIB,HDRBX127S_M_2X20_RA,"Conn, Header, Box, Male, SMD"
5167,CONN_HEADER_1.27MM_BOX_IDC.SCHLIB,HDRBX127S_M_2X20,"Conn, Header, Box, Male, SMD"
5168,CONN_HEADER_1.27MM_BOX_IDC.SCHLIB,HDRBX127S_M_2X10,"Conn, Header, Box, Male, SMD"
5169,CONN_HEADER_1.27MM_BOX_IDC.SCHLIB,HDRBX127S_F_2X20,"Conn, Header, Box, Female, SMD"
5170,CONN_HEADER_1.27MM_BOX_IDC.SCHLIB,HDRBX127S_F_2X10,"Conn, Header, Box, Female, SMD"
5171,CONN_HEADER_1.27MM_BOX_IDC.SCHLIB,IDC127_2X25,"CONN, IDC, Male, pitch: 1.27mm, 50POS"
5172,CONN_HEADER_1.27MM_ST.SCHLIB,HDRMINI_M_2X20,"CONN, HEADER, Male, pitch: 1.27mm, 40POS"
5173,CONN_HEADER_1.27MM_ST.SCHLIB,HDRMINI_M_2X19,"CONN, HEADER, Male, pitch: 1.27mm,"
5174,CONN_HEADER_1.27MM_ST.SCHLIB,HDRMINI_M_2X18,"CONN, HEADER, Male, pitch: 1.27mm,"
5175,CONN_HEADER_1.27MM_ST.SCHLIB,HDRMINI_M_2X17,"CONN, HEADER, Male, pitch: 1.27mm,"
5176,CONN_HEADER_1.27MM_ST.SCHLIB,HDRMINI_M_2X16,"CONN, HEADER, Male, pitch: 1.27mm, 32POS"
5177,CONN_HEADER_1.27MM_ST.SCHLIB,HDRMINI_M_2X15,"CONN, HEADER, Male, pitch: 1.27mm,"
5178,CONN_HEADER_1.27MM_ST.SCHLIB,HDRMINI_M_2X14,"CONN, HEADER, Male, pitch: 1.27mm,"
5179,CONN_HEADER_1.27MM_ST.SCHLIB,HDRMINI_M_2X13,"CONN, HEADER, Male, pitch: 1.27mm, 26POS"
5180,CONN_HEADER_1.27MM_ST.SCHLIB,HDRMINI_M_2X12,"CONN, HEADER, Male, pitch: 1.27mm"
5181,CONN_HEADER_1.27MM_ST.SCHLIB,HDRMINI_M_2X11,"CONN, HEADER, Male, pitch: 1.27mm,"
5182,CONN_HEADER_1.27MM_ST.SCHLIB,HDRMINI_M_2X10,"CONN, HEADER, Male, pitch: 1.27mm, 20POS"
5183,CONN_HEADER_1.27MM_ST.SCHLIB,HDRMINI_M_1X40,"CONN, HEADER, Male, pitch: 1.27mm"
5184,CONN_HEADER_1.27MM_ST.SCHLIB,HDRMINI_M_1X39,"CONN, HEADER, Male, pitch: 1.27mm"
5185,CONN_HEADER_1.27MM_ST.SCHLIB,HDRMINI_M_1X38,"CONN, HEADER, Male, pitch: 1.27mm"
5186,CONN_HEADER_1.27MM_ST.SCHLIB,HDRMINI_M_1X37,"CONN, HEADER, Male, pitch: 1.27mm"
5187,CONN_HEADER_1.27MM_ST.SCHLIB,HDRMINI_M_1X36,"CONN, HEADER, Male, pitch: 1.27mm"
5188,CONN_HEADER_1.27MM_ST.SCHLIB,HDRMINI_M_1X35,"CONN, HEADER, Male, pitch: 1.27mm"
5189,CONN_HEADER_1.27MM_ST.SCHLIB,HDRMINI_M_1X34,"CONN, HEADER, Male, pitch: 1.27mm"
5190,CONN_HEADER_1.27MM_ST.SCHLIB,HDRMINI_M_1X33,"CONN, HEADER, Male, pitch: 1.27mm"
5191,CONN_HEADER_1.27MM_ST.SCHLIB,HDRMINI_M_1X32,"CONN, HEADER, Male, pitch: 1.27mm"
5192,CONN_HEADER_1.27MM_ST.SCHLIB,HDRMINI_M_1X31,"CONN, HEADER, Male, pitch: 1.27mm"
5193,CONN_HEADER_1.27MM_ST.SCHLIB,HDRMINI_M_1X30,"CONN, HEADER, Male, pitch: 1.27mm"
5194,CONN_HEADER_1.27MM_ST.SCHLIB,HDRMINI_M_1X29,"CONN, HEADER, Male, pitch: 1.27mm"
5195,CONN_HEADER_1.27MM_ST.SCHLIB,HDRMINI_M_1X28,"CONN, HEADER, Male, pitch: 1.27mm"
5196,CONN_HEADER_1.27MM_ST.SCHLIB,HDRMINI_M_1X27,"CONN, HEADER, Male, pitch: 1.27mm"
5197,CONN_HEADER_1.27MM_ST.SCHLIB,HDRMINI_M_1X26,"CONN, HEADER, Male, pitch: 1.27mm"
5198,CONN_HEADER_1.27MM_ST.SCHLIB,HDRMINI_M_1X25,"CONN, HEADER, Male, pitch: 1.27mm"
5199,CONN_HEADER_1.27MM_ST.SCHLIB,HDRMINI_M_1X24,"CONN, HEADER, Male, pitch: 1.27mm"
5200,CONN_HEADER_1.27MM_ST.SCHLIB,HDRMINI_M_1X23,"CONN, HEADER, Male, pitch: 1.27mm"
5201,CONN_HEADER_1.27MM_ST.SCHLIB,HDRMINI_M_1X22,"CONN, HEADER, Male, pitch: 1.27mm"
5202,CONN_HEADER_1.27MM_ST.SCHLIB,HDRMINI_M_1X21,"CONN, HEADER, Male, pitch: 1.27mm"
5203,CONN_HEADER_1.27MM_ST.SCHLIB,HDRMINI_M_1X20,"CONN, HEADER, Male, pitch: 1.27mm"
5204,CONN_HEADER_1.27MM_ST.SCHLIB,HDRMINI_M_1X19,"CONN, HEADER, Male, pitch: 1.27mm"
5205,CONN_HEADER_1.27MM_ST.SCHLIB,HDRMINI_M_1X18,"CONN, HEADER, Male, pitch: 1.27mm"
5206,CONN_HEADER_1.27MM_ST.SCHLIB,HDRMINI_M_1X17,"CONN, HEADER, Male, pitch: 1.27mm"
5207,CONN_HEADER_1.27MM_ST.SCHLIB,HDRMINI_M_1X16,"CONN, HEADER, Male, pitch: 1.27mm"
5208,CONN_HEADER_1.27MM_ST.SCHLIB,HDRMINI_M_1X15,"CONN, HEADER, Male, pitch: 1.27mm"
5209,CONN_HEADER_1.27MM_ST.SCHLIB,HDRMINI_M_1X14,"CONN, HEADER, Male, pitch: 1.27mm"
5210,CONN_HEADER_1.27MM_ST.SCHLIB,HDRMINI_M_1X13,"CONN, HEADER, Male, pitch: 1.27mm"
5211,CONN_HEADER_1.27MM_ST.SCHLIB,HDRMINI_M_1X12,"CONN, HEADER, Male, pitch: 1.27mm"
5212,CONN_HEADER_1.27MM_ST.SCHLIB,HDRMINI_M_1X11,"CONN, HEADER, Male, pitch: 1.27mm"
5213,CONN_HEADER_1.27MM_ST.SCHLIB,HDRMINI_M_1X10,"CONN, HEADER, Male, pitch: 1.27mm, 10POS"
5214,CONN_HEADER_1.27MM_ST.SCHLIB,HDRMINI_F_2X20,"CONN, HEADER, Female, pitch: 1.27mm,"
5215,CONN_HEADER_1.27MM_ST.SCHLIB,HDRMINI_F_2X19,"CONN, HEADER, Female, pitch: 1.27mm,"
5216,CONN_HEADER_1.27MM_ST.SCHLIB,HDRMINI_F_2X18,"CONN, HEADER, Female, pitch: 1.27mm,"
5217,CONN_HEADER_1.27MM_ST.SCHLIB,HDRMINI_F_2X17,"CONN, HEADER, Female, pitch: 1.27mm,"
5218,CONN_HEADER_1.27MM_ST.SCHLIB,HDRMINI_F_2X16,"CONN, HEADER, Female, pitch: 1.27mm,"
5219,CONN_HEADER_1.27MM_ST.SCHLIB,HDRMINI_F_2X15,"CONN, HEADER, Female, pitch: 1.27mm,"
5220,CONN_HEADER_1.27MM_ST.SCHLIB,HDRMINI_F_2X14,"CONN, HEADER, Female, pitch: 1.27mm,"
5221,CONN_HEADER_1.27MM_ST.SCHLIB,HDRMINI_F_2X13,"CONN, HEADER, Female, pitch: 1.27mm,"
5222,CONN_HEADER_1.27MM_ST.SCHLIB,HDRMINI_F_2X12,"CONN, HEADER, Female, pitch: 1.27mm,"
5223,CONN_HEADER_1.27MM_ST.SCHLIB,HDRMINI_F_2X11,"CONN, HEADER, Female, pitch: 1.27mm,"
5224,CONN_HEADER_1.27MM_ST.SCHLIB,HDRMINI_F_2X10,"CONN, HEADER, Female, pitch: 1.27mm,"
5225,CONN_HEADER_1.27MM_ST.SCHLIB,HDRMINI_F_1X40,"CONN, HEADER, Male, pitch: 1.27mm"
5226,CONN_HEADER_1.27MM_ST.SCHLIB,HDRMINI_F_1X39,"CONN, HEADER, Female, pitch: 1.27mm"
5227,CONN_HEADER_1.27MM_ST.SCHLIB,HDRMINI_F_1X38,"CONN, HEADER, Female, pitch: 1.27mm"
5228,CONN_HEADER_1.27MM_ST.SCHLIB,HDRMINI_F_1X37,"CONN, HEADER, Female, pitch: 1.27mm"
5229,CONN_HEADER_1.27MM_ST.SCHLIB,HDRMINI_F_1X36,"CONN, HEADER, Female, pitch: 1.27mm"
5230,CONN_HEADER_1.27MM_ST.SCHLIB,HDRMINI_F_1X35,"CONN, HEADER, Female, pitch: 1.27mm"
5231,CONN_HEADER_1.27MM_ST.SCHLIB,HDRMINI_F_1X34,"CONN, HEADER, Female, pitch: 1.27mm"
5232,CONN_HEADER_1.27MM_ST.SCHLIB,HDRMINI_F_1X33,"CONN, HEADER, Female, pitch: 1.27mm"
5233,CONN_HEADER_1.27MM_ST.SCHLIB,HDRMINI_F_1X32,"CONN, HEADER, Female, pitch: 1.27mm"
5234,CONN_HEADER_1.27MM_ST.SCHLIB,HDRMINI_F_1X31,"CONN, HEADER, Female, pitch: 1.27mm"
5235,CONN_HEADER_1.27MM_ST.SCHLIB,HDRMINI_F_1X30,"CONN, HEADER, Female, pitch: 1.27mm"
5236,CONN_HEADER_1.27MM_ST.SCHLIB,HDRMINI_F_1X29,"CONN, HEADER, Female, pitch: 1.27mm"
5237,CONN_HEADER_1.27MM_ST.SCHLIB,HDRMINI_F_1X28,"CONN, HEADER, Female, pitch: 1.27mm"
5238,CONN_HEADER_1.27MM_ST.SCHLIB,HDRMINI_F_1X27,"CONN, HEADER, Female, pitch: 1.27mm"
5239,CONN_HEADER_1.27MM_ST.SCHLIB,HDRMINI_F_1X26,"CONN, HEADER, Female, pitch: 1.27mm"
5240,CONN_HEADER_1.27MM_ST.SCHLIB,HDRMINI_F_1X25,"CONN, HEADER, Female, pitch: 1.27mm"
5241,CONN_HEADER_1.27MM_ST.SCHLIB,HDRMINI_F_1X24,"CONN, HEADER, Female, pitch: 1.27mm"
5242,CONN_HEADER_1.27MM_ST.SCHLIB,HDRMINI_F_1X23,"CONN, HEADER, Female, pitch: 1.27mm"
5243,CONN_HEADER_1.27MM_ST.SCHLIB,HDRMINI_F_1X22,"CONN, HEADER, Female, pitch: 1.27mm"
5244,CONN_HEADER_1.27MM_ST.SCHLIB,HDRMINI_F_1X21,"CONN, HEADER, Female, pitch: 1.27mm"
5245,CONN_HEADER_1.27MM_ST.SCHLIB,HDRMINI_F_1X20,"CONN, HEADER, Female, pitch: 1.27mm"
5246,CONN_HEADER_1.27MM_ST.SCHLIB,HDRMINI_F_1X19,"CONN, HEADER, Female, pitch: 1.27mm"
5247,CONN_HEADER_1.27MM_ST.SCHLIB,HDRMINI_F_1X18,"CONN, HEADER, Female, pitch: 1.27mm"
5248,CONN_HEADER_1.27MM_ST.SCHLIB,HDRMINI_F_1X17,"CONN, HEADER, Female, pitch: 1.27mm"
5249,CONN_HEADER_1.27MM_ST.SCHLIB,HDRMINI_F_1X16,"CONN, HEADER, Female, pitch: 1.27mm"
5250,CONN_HEADER_1.27MM_ST.SCHLIB,HDRMINI_F_1X15,"CONN, HEADER, Female, pitch: 1.27mm"
5251,CONN_HEADER_1.27MM_ST.SCHLIB,HDRMINI_F_1X14,"CONN, HEADER, Female, pitch: 1.27mm"
5252,CONN_HEADER_1.27MM_ST.SCHLIB,HDRMINI_F_1X13,"CONN, HEADER, Female, pitch: 1.27mm"
5253,CONN_HEADER_1.27MM_ST.SCHLIB,HDRMINI_F_1X12,"CONN, HEADER, Female, pitch: 1.27mm"
5254,CONN_HEADER_1.27MM_ST.SCHLIB,HDRMINI_F_1X11,"CONN, HEADER, Female, pitch: 1.27mm"
5255,CONN_HEADER_1.27MM_ST.SCHLIB,HDRMINI_F_1X10,"CONN, HEADER, Female, pitch: 1.27mm"
5256,CONN_HEADER_1.27MM_ST.SCHLIB,HDRMINI_M_2X9,"CONN, HEADER, Male, pitch: 1.27mm"
5257,CONN_HEADER_1.27MM_ST.SCHLIB,HDRMINI_M_2X8,"CONN, HEADER, Male, pitch: 1.27mm, 16POS"
5258,CONN_HEADER_1.27MM_ST.SCHLIB,HDRMINI_M_2X7,"CONN, HEADER, Male, pitch: 1.27mm, 14POS, SMD"
5259,CONN_HEADER_1.27MM_ST.SCHLIB,HDRMINI_M_2X6,"CONN, HEADER, Male, pitch: 1.27mm, 14POS, SMD"
5260,CONN_HEADER_1.27MM_ST.SCHLIB,HDRMINI_M_2X5,"CONN, HEADER, Male, pitch: 1.27mm, 10POS, SMD"
5261,CONN_HEADER_1.27MM_ST.SCHLIB,HDRMINI_M_2X4,"CONN, HEADER, Male, pitch: 1.27mm, 8POS, SMD"
5262,CONN_HEADER_1.27MM_ST.SCHLIB,HDRMINI_M_2X3,"CONN, HEADER, Male, pitch: 1.27mm, 6POS, SMD"
5263,CONN_HEADER_1.27MM_ST.SCHLIB,HDRMINI_M_2X2,"CONN, HEADER, Male, pitch: 1.27mm, 4POS, SMD"
5264,CONN_HEADER_1.27MM_ST.SCHLIB,HDRMINI_M_1X9,"CONN, HEADER, Male, pitch: 1.27mm, 9POS"
5265,CONN_HEADER_1.27MM_ST.SCHLIB,HDRMINI_M_1X8,"CONN, HEADER, Male, pitch: 1.27mm, 8POS"
5266,CONN_HEADER_1.27MM_ST.SCHLIB,HDRMINI_M_1X7,"CONN, HEADER, Male, pitch: 1.27mm, 7POS"
5267,CONN_HEADER_1.27MM_ST.SCHLIB,HDRMINI_M_1X6,"CONN, HEADER, Male, pitch: 1.27mm, 6POS"
5268,CONN_HEADER_1.27MM_ST.SCHLIB,HDRMINI_M_1X5,"CONN, HEADER, Male, pitch: 1.27mm, 5POS"
5269,CONN_HEADER_1.27MM_ST.SCHLIB,HDRMINI_M_1X4,"CONN, HEADER, Male, pitch: 1.27mm, 4POS"
5270,CONN_HEADER_1.27MM_ST.SCHLIB,HDRMINI_M_1X3,"CONN, HEADER, Male, pitch: 1.27mm, 3POS"
5271,CONN_HEADER_1.27MM_ST.SCHLIB,HDRMINI_M_1X2,"CONN, HEADER, Male, pitch: 1.27mm, 2POS"
5272,CONN_HEADER_1.27MM_ST.SCHLIB,HDRMINI_F_2X9,"CONN, HEADER, Female, pitch: 1.27mm,"
5273,CONN_HEADER_1.27MM_ST.SCHLIB,HDRMINI_F_2X8,"CONN, HEADER, Female, pitch: 1.27mm, 16POS, SMD"
5274,CONN_HEADER_1.27MM_ST.SCHLIB,HDRMINI_F_2X7,"CONN, HEADER, Female, pitch: 1.27mm,"
5275,CONN_HEADER_1.27MM_ST.SCHLIB,HDRMINI_F_2X6,"CONN, HEADER, Female, pitch: 1.27mm, 12POS, SMD"
5276,CONN_HEADER_1.27MM_ST.SCHLIB,HDRMINI_F_2X5,"CONN, HEADER, Female, pitch: 1.27mm,"
5277,CONN_HEADER_1.27MM_ST.SCHLIB,HDRMINI_F_2X4,"CONN, HEADER, Female, pitch: 1.27mm,"
5278,CONN_HEADER_1.27MM_ST.SCHLIB,HDRMINI_F_2X3,"CONN, HEADER, Female, pitch: 1.27mm,"
5279,CONN_HEADER_1.27MM_ST.SCHLIB,HDRMINI_F_2X2,"CONN, HEADER, Female, pitch: 1.27mm,"
5280,CONN_HEADER_1.27MM_ST.SCHLIB,HDRMINI_F_1X9,"CONN, HEADER, Female, pitch: 1.27mm, 9POS"
5281,CONN_HEADER_1.27MM_ST.SCHLIB,HDRMINI_F_1X8,"CONN, HEADER, Female, pitch: 1.27mm, 8POS"
5282,CONN_HEADER_1.27MM_ST.SCHLIB,HDRMINI_F_1X7,"CONN, HEADER, Female, pitch: 1.27mm, 7POS"
5283,CONN_HEADER_1.27MM_ST.SCHLIB,HDRMINI_F_1X6,"CONN, HEADER, Female, pitch: 1.27mm, 6POS"
5284,CONN_HEADER_1.27MM_ST.SCHLIB,HDRMINI_F_1X5,"CONN, HEADER, Female, pitch: 1.27mm, 5POS"
5285,CONN_HEADER_1.27MM_ST.SCHLIB,HDRMINI_F_1X4,"CONN, HEADER, Female, pitch: 1.27mm, 4POS"
5286,CONN_HEADER_1.27MM_ST.SCHLIB,HDRMINI_F_1X3,"CONN, HEADER, Female, pitch: 1.27mm, 3POS"
5287,CONN_HEADER_1.27MM_ST.SCHLIB,HDRMINI_F_1X2,"CONN, HEADER, Female, pitch: 1.27mm, 2POS"
5288,CONN_HEADER_1.27MM_ST_SMD.SCHLIB,HDRMINIS_M_2X25,"CONN, HEADER, Male, pitch: 1.27mm,"
5289,CONN_HEADER_1.27MM_ST_SMD.SCHLIB,HDRMINIS_M_2X20,"CONN, HEADER, Male, pitch: 1.27mm, 40POS"
5290,CONN_HEADER_1.27MM_ST_SMD.SCHLIB,HDRMINIS_M_2X19,"CONN, HEADER, Male, pitch: 1.27mm,"
5291,CONN_HEADER_1.27MM_ST_SMD.SCHLIB,HDRMINIS_M_2X18,"CONN, HEADER, Male, pitch: 1.27mm, 36POS"
5292,CONN_HEADER_1.27MM_ST_SMD.SCHLIB,HDRMINIS_M_2X17,"CONN, HEADER, Male, pitch: 1.27mm,"
5293,CONN_HEADER_1.27MM_ST_SMD.SCHLIB,HDRMINIS_M_2X16,"CONN, HEADER, Male, pitch: 1.27mm,"
5294,CONN_HEADER_1.27MM_ST_SMD.SCHLIB,HDRMINIS_M_2X15,"CONN, HEADER, Male, pitch: 1.27mm,"
5295,CONN_HEADER_1.27MM_ST_SMD.SCHLIB,HDRMINIS_M_2X14,"CONN, HEADER, Male, pitch: 1.27mm,"
5296,CONN_HEADER_1.27MM_ST_SMD.SCHLIB,HDRMINIS_M_2X13,"CONN, HEADER, Male, pitch: 1.27mm,"
5297,CONN_HEADER_1.27MM_ST_SMD.SCHLIB,HDRMINIS_M_2X12,"CONN, HEADER, Male, pitch: 1.27mm, 24POS"
5298,CONN_HEADER_1.27MM_ST_SMD.SCHLIB,HDRMINIS_M_2X11,"CONN, HEADER, Male, pitch: 1.27mm, 20POS, SMD"
5299,CONN_HEADER_1.27MM_ST_SMD.SCHLIB,HDRMINIS_M_2X10,"CONN, HEADER, Male, pitch: 1.27mm, 20POS, SMD"
5300,CONN_HEADER_1.27MM_ST_SMD.SCHLIB,HDRMINIS_M_1X40,"CONN, HEADER, Male, pitch: 1.27mm"
5301,CONN_HEADER_1.27MM_ST_SMD.SCHLIB,HDRMINIS_M_1X39,"CONN, HEADER, Male, pitch: 1.27mm"
5302,CONN_HEADER_1.27MM_ST_SMD.SCHLIB,HDRMINIS_M_1X38,"CONN, HEADER, Male, pitch: 1.27mm"
5303,CONN_HEADER_1.27MM_ST_SMD.SCHLIB,HDRMINIS_M_1X37,"CONN, HEADER, Male, pitch: 1.27mm"
5304,CONN_HEADER_1.27MM_ST_SMD.SCHLIB,HDRMINIS_M_1X36,"CONN, HEADER, Male, pitch: 1.27mm"
5305,CONN_HEADER_1.27MM_ST_SMD.SCHLIB,HDRMINIS_M_1X35,"CONN, HEADER, Male, pitch: 1.27mm"
5306,CONN_HEADER_1.27MM_ST_SMD.SCHLIB,HDRMINIS_M_1X34,"CONN, HEADER, Male, pitch: 1.27mm"
5307,CONN_HEADER_1.27MM_ST_SMD.SCHLIB,HDRMINIS_M_1X33,"CONN, HEADER, Male, pitch: 1.27mm"
5308,CONN_HEADER_1.27MM_ST_SMD.SCHLIB,HDRMINIS_M_1X32,"CONN, HEADER, Male, pitch: 1.27mm"
5309,CONN_HEADER_1.27MM_ST_SMD.SCHLIB,HDRMINIS_M_1X31,"CONN, HEADER, Male, pitch: 1.27mm"
5310,CONN_HEADER_1.27MM_ST_SMD.SCHLIB,HDRMINIS_M_1X30,"CONN, HEADER, Male, pitch: 1.27mm"
5311,CONN_HEADER_1.27MM_ST_SMD.SCHLIB,HDRMINIS_M_1X29,"CONN, HEADER, Male, pitch: 1.27mm"
5312,CONN_HEADER_1.27MM_ST_SMD.SCHLIB,HDRMINIS_M_1X28,"CONN, HEADER, Male, pitch: 1.27mm"
5313,CONN_HEADER_1.27MM_ST_SMD.SCHLIB,HDRMINIS_M_1X27,"CONN, HEADER, Male, pitch: 1.27mm"
5314,CONN_HEADER_1.27MM_ST_SMD.SCHLIB,HDRMINIS_M_1X26,"CONN, HEADER, Male, pitch: 1.27mm"
5315,CONN_HEADER_1.27MM_ST_SMD.SCHLIB,HDRMINIS_M_1X25,"CONN, HEADER, Male, pitch: 1.27mm"
5316,CONN_HEADER_1.27MM_ST_SMD.SCHLIB,HDRMINIS_M_1X24,"CONN, HEADER, Male, pitch: 1.27mm"
5317,CONN_HEADER_1.27MM_ST_SMD.SCHLIB,HDRMINIS_M_1X23,"CONN, HEADER, Male, pitch: 1.27mm"
5318,CONN_HEADER_1.27MM_ST_SMD.SCHLIB,HDRMINIS_M_1X22,"CONN, HEADER, Male, pitch: 1.27mm"
5319,CONN_HEADER_1.27MM_ST_SMD.SCHLIB,HDRMINIS_M_1X21,"CONN, HEADER, Male, pitch: 1.27mm"
5320,CONN_HEADER_1.27MM_ST_SMD.SCHLIB,HDRMINIS_M_1X20,"CONN, HEADER, Male, pitch: 1.27mm"
5321,CONN_HEADER_1.27MM_ST_SMD.SCHLIB,HDRMINIS_M_1X19,"CONN, HEADER, Male, pitch: 1.27mm"
5322,CONN_HEADER_1.27MM_ST_SMD.SCHLIB,HDRMINIS_M_1X18,"CONN, HEADER, Male, pitch: 1.27mm"
5323,CONN_HEADER_1.27MM_ST_SMD.SCHLIB,HDRMINIS_M_1X17,"CONN, HEADER, Male, pitch: 1.27mm"
5324,CONN_HEADER_1.27MM_ST_SMD.SCHLIB,HDRMINIS_M_1X16,"CONN, HEADER, Male, pitch: 1.27mm"
5325,CONN_HEADER_1.27MM_ST_SMD.SCHLIB,HDRMINIS_M_1X15,"CONN, HEADER, Male, pitch: 1.27mm"
5326,CONN_HEADER_1.27MM_ST_SMD.SCHLIB,HDRMINIS_M_1X14,"CONN, HEADER, Male, pitch: 1.27mm"
5327,CONN_HEADER_1.27MM_ST_SMD.SCHLIB,HDRMINIS_M_1X13,"CONN, HEADER, Male, pitch: 1.27mm"
5328,CONN_HEADER_1.27MM_ST_SMD.SCHLIB,HDRMINIS_M_1X12,"CONN, HEADER, Male, pitch: 1.27mm"
5329,CONN_HEADER_1.27MM_ST_SMD.SCHLIB,HDRMINIS_M_1X11,"CONN, HEADER, Male, pitch: 1.27mm"
5330,CONN_HEADER_1.27MM_ST_SMD.SCHLIB,HDRMINIS_M_1X10,"CONN, HEADER, Male, pitch: 1.27mm"
5331,CONN_HEADER_1.27MM_ST_SMD.SCHLIB,HDRMINIS_F_2X25,"CONN, HEADER, Female, pitch: 1.27mm,"
5332,CONN_HEADER_1.27MM_ST_SMD.SCHLIB,HDRMINIS_F_2X20,"CONN, HEADER, Female, pitch: 1.27mm,"
5333,CONN_HEADER_1.27MM_ST_SMD.SCHLIB,HDRMINIS_F_2X19,"CONN, HEADER, Female, pitch: 1.27mm,"
5334,CONN_HEADER_1.27MM_ST_SMD.SCHLIB,HDRMINIS_F_2X18,"CONN, HEADER, Female, pitch: 1.27mm,"
5335,CONN_HEADER_1.27MM_ST_SMD.SCHLIB,HDRMINIS_F_2X17,"CONN, HEADER, Female, pitch: 1.27mm,"
5336,CONN_HEADER_1.27MM_ST_SMD.SCHLIB,HDRMINIS_F_2X16,"CONN, HEADER, Female, pitch: 1.27mm,"
5337,CONN_HEADER_1.27MM_ST_SMD.SCHLIB,HDRMINIS_F_2X15,"CONN, HEADER, Female, pitch: 1.27mm,"
5338,CONN_HEADER_1.27MM_ST_SMD.SCHLIB,HDRMINIS_F_2X14,"CONN, HEADER, Female, pitch: 1.27mm,"
5339,CONN_HEADER_1.27MM_ST_SMD.SCHLIB,HDRMINIS_F_2X13,"CONN, HEADER, Female, pitch: 1.27mm,"
5340,CONN_HEADER_1.27MM_ST_SMD.SCHLIB,HDRMINIS_F_2X12,"CONN, HEADER, Female, pitch: 1.27mm,"
5341,CONN_HEADER_1.27MM_ST_SMD.SCHLIB,HDRMINIS_F_2X11,"CONN, HEADER, Female, pitch: 1.27mm,"
5342,CONN_HEADER_1.27MM_ST_SMD.SCHLIB,HDRMINIS_F_2X10,"CONN, HEADER, Female, pitch: 1.27mm, 20POS, SMD"
5343,CONN_HEADER_1.27MM_ST_SMD.SCHLIB,HDRMINIS_F_1X40,"CONN, HEADER, Male, pitch: 1.27mm"
5344,CONN_HEADER_1.27MM_ST_SMD.SCHLIB,HDRMINIS_F_1X39,"CONN, HEADER, Female, pitch: 1.27mm"
5345,CONN_HEADER_1.27MM_ST_SMD.SCHLIB,HDRMINIS_F_1X38,"CONN, HEADER, Female, pitch: 1.27mm"
5346,CONN_HEADER_1.27MM_ST_SMD.SCHLIB,HDRMINIS_F_1X37,"CONN, HEADER, Female, pitch: 1.27mm"
5347,CONN_HEADER_1.27MM_ST_SMD.SCHLIB,HDRMINIS_F_1X36,"CONN, HEADER, Female, pitch: 1.27mm"
5348,CONN_HEADER_1.27MM_ST_SMD.SCHLIB,HDRMINIS_F_1X35,"CONN, HEADER, Female, pitch: 1.27mm"
5349,CONN_HEADER_1.27MM_ST_SMD.SCHLIB,HDRMINIS_F_1X34,"CONN, HEADER, Female, pitch: 1.27mm"
5350,CONN_HEADER_1.27MM_ST_SMD.SCHLIB,HDRMINIS_F_1X33,"CONN, HEADER, Female, pitch: 1.27mm"
5351,CONN_HEADER_1.27MM_ST_SMD.SCHLIB,HDRMINIS_F_1X32,"CONN, HEADER, Female, pitch: 1.27mm"
5352,CONN_HEADER_1.27MM_ST_SMD.SCHLIB,HDRMINIS_F_1X31,"CONN, HEADER, Female, pitch: 1.27mm"
5353,CONN_HEADER_1.27MM_ST_SMD.SCHLIB,HDRMINIS_F_1X30,"CONN, HEADER, Female, pitch: 1.27mm"
5354,CONN_HEADER_1.27MM_ST_SMD.SCHLIB,HDRMINIS_F_1X29,"CONN, HEADER, Female, pitch: 1.27mm"
5355,CONN_HEADER_1.27MM_ST_SMD.SCHLIB,HDRMINIS_F_1X28,"CONN, HEADER, Female, pitch: 1.27mm"
5356,CONN_HEADER_1.27MM_ST_SMD.SCHLIB,HDRMINIS_F_1X27,"CONN, HEADER, Female, pitch: 1.27mm"
5357,CONN_HEADER_1.27MM_ST_SMD.SCHLIB,HDRMINIS_F_1X26,"CONN, HEADER, Female, pitch: 1.27mm"
5358,CONN_HEADER_1.27MM_ST_SMD.SCHLIB,HDRMINIS_F_1X25,"CONN, HEADER, Female, pitch: 1.27mm"
5359,CONN_HEADER_1.27MM_ST_SMD.SCHLIB,HDRMINIS_F_1X24,"CONN, HEADER, Female, pitch: 1.27mm"
5360,CONN_HEADER_1.27MM_ST_SMD.SCHLIB,HDRMINIS_F_1X23,"CONN, HEADER, Female, pitch: 1.27mm"
5361,CONN_HEADER_1.27MM_ST_SMD.SCHLIB,HDRMINIS_F_1X22,"CONN, HEADER, Female, pitch: 1.27mm"
5362,CONN_HEADER_1.27MM_ST_SMD.SCHLIB,HDRMINIS_F_1X21,"CONN, HEADER, Female, pitch: 1.27mm"
5363,CONN_HEADER_1.27MM_ST_SMD.SCHLIB,HDRMINIS_F_1X20,"CONN, HEADER, Female, pitch: 1.27mm"
5364,CONN_HEADER_1.27MM_ST_SMD.SCHLIB,HDRMINIS_F_1X19,"CONN, HEADER, Female, pitch: 1.27mm"
5365,CONN_HEADER_1.27MM_ST_SMD.SCHLIB,HDRMINIS_F_1X18,"CONN, HEADER, Female, pitch: 1.27mm"
5366,CONN_HEADER_1.27MM_ST_SMD.SCHLIB,HDRMINIS_F_1X17,"CONN, HEADER, Female, pitch: 1.27mm"
5367,CONN_HEADER_1.27MM_ST_SMD.SCHLIB,HDRMINIS_F_1X16,"CONN, HEADER, Female, pitch: 1.27mm"
5368,CONN_HEADER_1.27MM_ST_SMD.SCHLIB,HDRMINIS_F_1X15,"CONN, HEADER, Female, pitch: 1.27mm"
5369,CONN_HEADER_1.27MM_ST_SMD.SCHLIB,HDRMINIS_F_1X14,"CONN, HEADER, Female, pitch: 1.27mm"
5370,CONN_HEADER_1.27MM_ST_SMD.SCHLIB,HDRMINIS_F_1X13,"CONN, HEADER, Female, pitch: 1.27mm"
5371,CONN_HEADER_1.27MM_ST_SMD.SCHLIB,HDRMINIS_F_1X12,"CONN, HEADER, Female, pitch: 1.27mm"
5372,CONN_HEADER_1.27MM_ST_SMD.SCHLIB,HDRMINIS_F_1X11,"CONN, HEADER, Female, pitch: 1.27mm"
5373,CONN_HEADER_1.27MM_ST_SMD.SCHLIB,HDRMINIS_F_1X10,"CONN, HEADER, Female, pitch: 1.27mm"
5374,CONN_HEADER_1.27MM_ST_SMD.SCHLIB,HDRMINIS_M_2X9,"CONN, HEADER, Male, pitch: 1.27mm, 18POS, SMD"
5375,CONN_HEADER_1.27MM_ST_SMD.SCHLIB,HDRMINIS_M_2X8,"CONN, HEADER, Male, pitch: 1.27mm, 16POS, SMD"
5376,CONN_HEADER_1.27MM_ST_SMD.SCHLIB,HDRMINIS_M_2X7,"CONN, HEADER, Male, pitch: 1.27mm, 14POS, SMD"
5377,CONN_HEADER_1.27MM_ST_SMD.SCHLIB,HDRMINIS_M_2X6,"CONN, HEADER, Male, pitch: 1.27mm, 14POS, SMD"
5378,CONN_HEADER_1.27MM_ST_SMD.SCHLIB,HDRMINIS_M_2X5,"CONN, HEADER, Male, pitch: 1.27mm, 10POS, SMD"
5379,CONN_HEADER_1.27MM_ST_SMD.SCHLIB,HDRMINIS_M_2X4,"CONN, HEADER, Male, pitch: 1.27mm, 8POS, SMD"
5380,CONN_HEADER_1.27MM_ST_SMD.SCHLIB,HDRMINIS_M_2X3,"CONN, HEADER, Male, pitch: 1.27mm, 6POS, SMD"
5381,CONN_HEADER_1.27MM_ST_SMD.SCHLIB,HDRMINIS_M_2X2,"CONN, HEADER, Male, pitch: 1.27mm, 4POS, SMD"
5382,CONN_HEADER_1.27MM_ST_SMD.SCHLIB,HDRMINIS_M_1X9,"CONN, HEADER, Male, pitch: 1.27mm, 9POS"
5383,CONN_HEADER_1.27MM_ST_SMD.SCHLIB,HDRMINIS_M_1X8,"CONN, HEADER, Male, pitch: 1.27mm, 8POS"
5384,CONN_HEADER_1.27MM_ST_SMD.SCHLIB,HDRMINIS_M_1X7,"CONN, HEADER, Male, pitch: 1.27mm, 7POS"
5385,CONN_HEADER_1.27MM_ST_SMD.SCHLIB,HDRMINIS_M_1X6,"CONN, HEADER, Male, pitch: 1.27mm, 6POS"
5386,CONN_HEADER_1.27MM_ST_SMD.SCHLIB,HDRMINIS_M_1X5,"CONN, HEADER, Male, pitch: 1.27mm, 5POS"
5387,CONN_HEADER_1.27MM_ST_SMD.SCHLIB,HDRMINIS_M_1X4,"CONN, HEADER, Male, pitch: 1.27mm, 4POS"
5388,CONN_HEADER_1.27MM_ST_SMD.SCHLIB,HDRMINIS_M_1X3,"CONN, HEADER, Male, pitch: 1.27mm, 3POS"
5389,CONN_HEADER_1.27MM_ST_SMD.SCHLIB,HDRMINIS_M_1X2,"CONN, HEADER, Male, pitch: 1.27mm, 2POS"
5390,CONN_HEADER_1.27MM_ST_SMD.SCHLIB,HDRMINIS_F_2X9,"CONN, HEADER, Female, pitch: 1.27mm,"
5391,CONN_HEADER_1.27MM_ST_SMD.SCHLIB,HDRMINIS_F_2X8,"CONN, HEADER, Female, pitch: 1.27mm, 16POS, SMD"
5392,CONN_HEADER_1.27MM_ST_SMD.SCHLIB,HDRMINIS_F_2X7,"CONN, HEADER, Female, pitch: 1.27mm,"
5393,CONN_HEADER_1.27MM_ST_SMD.SCHLIB,HDRMINIS_F_2X6,"CONN, HEADER, Female, pitch: 1.27mm, 12POS, SMD"
5394,CONN_HEADER_1.27MM_ST_SMD.SCHLIB,HDRMINIS_F_2X5,"CONN, HEADER, Female, pitch: 1.27mm,"
5395,CONN_HEADER_1.27MM_ST_SMD.SCHLIB,HDRMINIS_F_2X4,"CONN, HEADER, Female, pitch: 1.27mm, 8POS, SMD"
5396,CONN_HEADER_1.27MM_ST_SMD.SCHLIB,HDRMINIS_F_2X3,"CONN, HEADER, Female, pitch: 1.27mm,"
5397,CONN_HEADER_1.27MM_ST_SMD.SCHLIB,HDRMINIS_F_2X2,"CONN, HEADER, Female, pitch: 1.27mm, 4POS, SMD"
5398,CONN_HEADER_1.27MM_ST_SMD.SCHLIB,HDRMINIS_F_1X9,"CONN, HEADER, Female, pitch: 1.27mm, 9POS"
5399,CONN_HEADER_1.27MM_ST_SMD.SCHLIB,HDRMINIS_F_1X8,"CONN, HEADER, Female, pitch: 1.27mm, 8POS"
5400,CONN_HEADER_1.27MM_ST_SMD.SCHLIB,HDRMINIS_F_1X7,"CONN, HEADER, Female, pitch: 1.27mm, 7POS"
5401,CONN_HEADER_1.27MM_ST_SMD.SCHLIB,HDRMINIS_F_1X6,"CONN, HEADER, Female, pitch: 1.27mm, 6POS"
5402,CONN_HEADER_1.27MM_ST_SMD.SCHLIB,HDRMINIS_F_1X5,"CONN, HEADER, Female, pitch: 1.27mm, 5POS"
5403,CONN_HEADER_1.27MM_ST_SMD.SCHLIB,HDRMINIS_F_1X4,"CONN, HEADER, Female, pitch: 1.27mm, 4POS"
5404,CONN_HEADER_1.27MM_ST_SMD.SCHLIB,HDRMINIS_F_1X3,"CONN, HEADER, Female, pitch: 1.27mm, 3POS"
5405,CONN_HEADER_1.27MM_ST_SMD.SCHLIB,HDRMINIS_F_1X2,"CONN, HEADER, Female, pitch: 1.27mm, 2POS"
5406,CONN_HEADER_1.27MM_ST_SMD_EDGE.SCHLIB,HDRMINS_M_1X10_E,"CONN, HEADER, Male, pitch: 1.27mm"
5407,CONN_HEADER_1.27MM_ST_SMD_EDGE.SCHLIB,HDRMINS_M_2X3,"CONN, HEADER, Male, pitch: 1.27mm"
5408,CONN_HEADER_2.00MM_BOX_IDC.SCHLIB,IDC2_2X7C,"CONN, IDC, Male, pitch: 2.54mm, 14POS"
5409,CONN_HEADER_2.00MM_BOX_IDC.SCHLIB,IDC2S_2X7,"CONN, IDC, Male, pitch: 2.54mm, 14POS, SMD"
5410,CONN_HEADER_2.00MM_BOX_IDC.SCHLIB,IDC2_2X7,"CONN, IDC, Male, pitch: 2.54mm, 14POS"
5411,CONN_HEADER_2.00MM_BOX_IDC.SCHLIB,IDC2_2X5,"CONN, IDC, Male, pitch: 2.54mm, 10POS"
5412,CONN_HEADER_2.00MM_ST.SCHLIB,HDR2_M_2X25,"CONN, HEADER, Male, pitch: 2mm, 50POS"
5413,CONN_HEADER_2.00MM_ST.SCHLIB,HDR2_M_2X24,"CONN, HEADER, Male, pitch: 2mm, 48POS"
5414,CONN_HEADER_2.00MM_ST.SCHLIB,HDR2_M_2X23,"CONN, HEADER, Male, pitch: 2mm, 46POS"
5415,CONN_HEADER_2.00MM_ST.SCHLIB,HDR2_M_2X22,"CONN, HEADER, Male, pitch: 2mm, 44POS"
5416,CONN_HEADER_2.00MM_ST.SCHLIB,HDR2_M_2X21,"CONN, HEADER, Male, pitch: 2mm,"
5417,CONN_HEADER_2.00MM_ST.SCHLIB,HDR2_M_2X20,"CONN, HEADER, Male, pitch: 2mm,"
5418,CONN_HEADER_2.00MM_ST.SCHLIB,HDR2_M_2X19,"CONN, HEADER, Male, pitch: 2mm,"
5419,CONN_HEADER_2.00MM_ST.SCHLIB,HDR2_M_2X18,"CONN, HEADER, Male, pitch: 2mm,"
5420,CONN_HEADER_2.00MM_ST.SCHLIB,HDR2_M_2X17,"CONN, HEADER, Male, pitch: 2mm,"
5421,CONN_HEADER_2.00MM_ST.SCHLIB,HDR2_M_2X16,"CONN, HEADER, Male, pitch: 2mm,"
5422,CONN_HEADER_2.00MM_ST.SCHLIB,HDR2_M_2X15,"CONN, HEADER, Male, pitch: 2mm, 30POS"
5423,CONN_HEADER_2.00MM_ST.SCHLIB,HDR2_M_2X14,"CONN, HEADER, Male, pitch: 2mm,"
5424,CONN_HEADER_2.00MM_ST.SCHLIB,HDR2_M_2X13,"CONN, HEADER, Male, pitch: 2mm,"
5425,CONN_HEADER_2.00MM_ST.SCHLIB,HDR2_M_2X12,"CONN, HEADER, Male, pitch: 2mm,"
5426,CONN_HEADER_2.00MM_ST.SCHLIB,HDR2_M_2X11,"CONN, HEADER, Male, pitch: 2mm,"
5427,CONN_HEADER_2.00MM_ST.SCHLIB,HDR2_M_2X10,"CONN, HEADER, Male, pitch: 2mm, 20POS"
5428,CONN_HEADER_2.00MM_ST.SCHLIB,HDR2_F_2X25,"CONN, HEADER, Female, pitch: 2mm,"
5429,CONN_HEADER_2.00MM_ST.SCHLIB,HDR2_F_2X24,"CONN, HEADER, Female, pitch: 2mm,"
5430,CONN_HEADER_2.00MM_ST.SCHLIB,HDR2_F_2X23,"CONN, HEADER, Female, pitch: 2mm, 46POS"
5431,CONN_HEADER_2.00MM_ST.SCHLIB,HDR2_F_2X22,"CONN, HEADER, Female, pitch: 2mm, 44POS"
5432,CONN_HEADER_2.00MM_ST.SCHLIB,HDR2_F_2X21,"CONN, HEADER, Female, pitch: 2mm,"
5433,CONN_HEADER_2.00MM_ST.SCHLIB,HDR2_F_2X20,"CONN, HEADER, Female, pitch: 2mm,"
5434,CONN_HEADER_2.00MM_ST.SCHLIB,HDR2_F_2X19,"CONN, HEADER, Female, pitch: 2mm,"
5435,CONN_HEADER_2.00MM_ST.SCHLIB,HDR2_F_2X18,"CONN, HEADER, Female, pitch: 2mm,"
5436,CONN_HEADER_2.00MM_ST.SCHLIB,HDR2_F_2X17,"CONN, HEADER, Female, pitch: 2mm,"
5437,CONN_HEADER_2.00MM_ST.SCHLIB,HDR2_F_2X16,"CONN, HEADER, Female, pitch: 2mm,"
5438,CONN_HEADER_2.00MM_ST.SCHLIB,HDR2_F_2X15,"CONN, HEADER, Female, pitch: 2mm, 30POS"
5439,CONN_HEADER_2.00MM_ST.SCHLIB,HDR2_F_2X14,"CONN, HEADER, Female, pitch: 2mm,"
5440,CONN_HEADER_2.00MM_ST.SCHLIB,HDR2_F_2X13,"CONN, HEADER, Female, pitch: 2mm,"
5441,CONN_HEADER_2.00MM_ST.SCHLIB,HDR2_F_2X12,"CONN, HEADER, Female, pitch: 2mm,"
5442,CONN_HEADER_2.00MM_ST.SCHLIB,HDR2_F_2X11,"CONN, HEADER, Female, pitch: 2mm,"
5443,CONN_HEADER_2.00MM_ST.SCHLIB,HDR2_F_2X10,"CONN, HEADER, Female, pitch: 2mm, 20POS"
5444,CONN_HEADER_2.00MM_ST.SCHLIB,HDR2_M_2X9,"CONN, HEADER, Male, pitch: 2mm,"
5445,CONN_HEADER_2.00MM_ST.SCHLIB,HDR2_M_2X8,"CONN, HEADER, Male, pitch: 2mm, 16POS"
5446,CONN_HEADER_2.00MM_ST.SCHLIB,HDR2_M_2X7,"CONN, HEADER, Male, pitch: 2mm,"
5447,CONN_HEADER_2.00MM_ST.SCHLIB,HDR2_M_2X6,"CONN, HEADER, Male, pitch: 2mm,"
5448,CONN_HEADER_2.00MM_ST.SCHLIB,HDR2_M_2X5,"CONN, HEADER, Male, pitch: 2mm, 10POS"
5449,CONN_HEADER_2.00MM_ST.SCHLIB,HDR2_M_2X4,"CONN, HEADER, Male, pitch: 2mm, 8POS"
5450,CONN_HEADER_2.00MM_ST.SCHLIB,HDR2_M_2X3,"CONN, HEADER, Male, pitch: 2mm, 6POS"
5451,CONN_HEADER_2.00MM_ST.SCHLIB,HDR2_M_2X2,"CONN, HEADER, Male, pitch: 2mm, 4POS"
5452,CONN_HEADER_2.00MM_ST.SCHLIB,HDR2_F_2X9,"CONN, HEADER, Female, pitch: 2mm,"
5453,CONN_HEADER_2.00MM_ST.SCHLIB,HDR2_F_2X8,"CONN, HEADER, Female, pitch: 2mm, 16POS"
5454,CONN_HEADER_2.00MM_ST.SCHLIB,HDR2_F_2X7,"CONN, HEADER, Female, pitch: 2mm,"
5455,CONN_HEADER_2.00MM_ST.SCHLIB,HDR2_F_2X6,"CONN, HEADER, Female, pitch: 2mm"
5456,CONN_HEADER_2.00MM_ST.SCHLIB,HDR2_F_2X5,"CONN, HEADER, Female, pitch: 2mm, 10POS"
5457,CONN_HEADER_2.00MM_ST.SCHLIB,HDR2_F_2X4,"CONN, HEADER, Female, pitch: 2mm, 8POS"
5458,CONN_HEADER_2.00MM_ST.SCHLIB,HDR2_F_2X3,"CONN, HEADER, Female, pitch: 2mm, 6POS"
5459,CONN_HEADER_2.00MM_ST.SCHLIB,HDR2_F_2X2,"CONN, HEADER, Female, pitch: 2mm, 4POS"
5460,CONN_HEADER_2.00MM_ST_SMD.SCHLIB,HDR2SE_M_2X10,"CONN, HEADER, Male, pitch: 2mm, 20POS, SMD edge of board"
5461,CONN_HEADER_2.00MM_ST_SMD.SCHLIB,HDR2SE_F_2X10,"CONN, HEADER, Female, pitch: 2mm, 20POS, SMD edge of board"
5462,CONN_HEADER_2.00MM_ST_SMD.SCHLIB,HDR2S_M_2X10,"CONN, HEADER, Male, pitch: 2mm, 20POS, SMD"
5463,CONN_HEADER_2.00MM_ST_SMD.SCHLIB,HDR2S_F_2X10,"CONN, HEADER, Female, pitch: 2mm, 20POS, SMD"
5464,CONN_HEADER_2.00MM_ST_SMD.SCHLIB,HDR2S_M_2X9,"CONN, HEADER, Male, pitch: 2mm, SMD"
5465,CONN_HEADER_2.00MM_ST_SMD.SCHLIB,HDR2S_M_2X8,"CONN, HEADER, Male, pitch: 2mm, 16POS, SMD"
5466,CONN_HEADER_2.00MM_ST_SMD.SCHLIB,HDR2S_M_2X7,"CONN, HEADER, Male, pitch: 2mm, SMD"
5467,CONN_HEADER_2.00MM_ST_SMD.SCHLIB,HDR2S_M_2X6,"CONN, HEADER, Male, pitch: 2mm, SMD"
5468,CONN_HEADER_2.00MM_ST_SMD.SCHLIB,HDR2S_M_2X5,"CONN, HEADER, Male, pitch: 2mm, 10POS, SMD"
5469,CONN_HEADER_2.00MM_ST_SMD.SCHLIB,HDR2S_M_2X4,"CONN, HEADER, Male, pitch: 2mm, 8POS, SMD"
5470,CONN_HEADER_2.00MM_ST_SMD.SCHLIB,HDR2S_M_2X3,"CONN, HEADER, Male, pitch: 2mm, 6POS, SMD"
5471,CONN_HEADER_2.00MM_ST_SMD.SCHLIB,HDR2S_M_2X2,"CONN, HEADER, Male, pitch: 2mm, 4POS, SMD"
5472,CONN_HEADER_2.00MM_ST_SMD.SCHLIB,HDR2S_F_2X9,"CONN, HEADER, Female, pitch: 2mm, SMD"
5473,CONN_HEADER_2.00MM_ST_SMD.SCHLIB,HDR2S_F_2X8,"CONN, HEADER, Female, pitch: 2mm, 16POS, SMD"
5474,CONN_HEADER_2.00MM_ST_SMD.SCHLIB,HDR2S_F_2X7,"CONN, HEADER, Female, pitch: 2mm, SMD"
5475,CONN_HEADER_2.00MM_ST_SMD.SCHLIB,HDR2S_F_2X6,"CONN, HEADER, Female, pitch: 2mm, SMD"
5476,CONN_HEADER_2.00MM_ST_SMD.SCHLIB,HDR2S_F_2X5,"CONN, HEADER, Female, pitch: 2mm, 10POS, SMD"
5477,CONN_HEADER_2.00MM_ST_SMD.SCHLIB,HDR2S_F_2X4,"CONN, HEADER, Female, pitch: 2mm, 8POS, SMD"
5478,CONN_HEADER_2.00MM_ST_SMD.SCHLIB,HDR2S_F_2X3,"CONN, HEADER, Female, pitch: 2mm, 6POS, SMD"
5479,CONN_HEADER_2.00MM_ST_SMD.SCHLIB,HDR2S_F_2X2,"CONN, HEADER, Female, pitch: 2mm, 4POS, SMD"
5480,CONN_HEADER_2.54MM_BOX_IDC.SCHLIB,IDCSE_2X7,"CONN, IDC, Male, pitch: 2.54mm, 14POS, SMD"
5481,CONN_HEADER_2.54MM_BOX_IDC.SCHLIB,IDC_2X32,"CONN, IDC, Male, pitch: 2.54mm, 64POS"
5482,CONN_HEADER_2.54MM_BOX_IDC.SCHLIB,IDC_2X30,"CONN, IDC, Male, pitch: 2.54mm, 60POS"
5483,CONN_HEADER_2.54MM_BOX_IDC.SCHLIB,IDC_2X25,"CONN, IDC, Male, pitch: 2.54mm, 50POS"
5484,CONN_HEADER_2.54MM_BOX_IDC.SCHLIB,IDC_2X22,"CONN, IDC, Male, pitch: 2.54mm, 44POS"
5485,CONN_HEADER_2.54MM_BOX_IDC.SCHLIB,IDC_2X20,"CONN, IDC, Male, pitch: 2.54mm, 40POS"
5486,CONN_HEADER_2.54MM_BOX_IDC.SCHLIB,IDC_2X17,"CONN, IDC, Male, pitch: 2.54mm, 34POS"
5487,CONN_HEADER_2.54MM_BOX_IDC.SCHLIB,IDC_2X15,"CONN, IDC, Male, pitch: 2.54mm, 30POS"
5488,CONN_HEADER_2.54MM_BOX_IDC.SCHLIB,IDC_2X13,"CONN, IDC, Male, pitch: 2.54mm, 26POS"
5489,CONN_HEADER_2.54MM_BOX_IDC.SCHLIB,IDC_2X12,"CONN, IDC, Male, pitch: 2.54mm, 24POS"
5490,CONN_HEADER_2.54MM_BOX_IDC.SCHLIB,IDC_2X10,"CONN, IDC, Male, pitch: 2.54mm, 20POS"
5491,CONN_HEADER_2.54MM_BOX_IDC.SCHLIB,IDCR_2X8,"CONN, IDC, Male, pitch: 2.54mm, 16POS, RightAngle"
5492,CONN_HEADER_2.54MM_BOX_IDC.SCHLIB,IDCR_2X7,"CONN, IDC, Male, pitch: 2.54mm, 14POS, RightAngle"
5493,CONN_HEADER_2.54MM_BOX_IDC.SCHLIB,IDC_2X8,"CONN, IDC, Male, pitch: 2.54mm, 16POS"
5494,CONN_HEADER_2.54MM_BOX_IDC.SCHLIB,IDC_2X7,"CONN, IDC, Male, pitch: 2.54mm, 14POS"
5495,CONN_HEADER_2.54MM_BOX_IDC.SCHLIB,IDC_2X6,"CONN, IDC, Male, pitch: 2.54mm, 12POS"
5496,CONN_HEADER_2.54MM_BOX_IDC.SCHLIB,IDC_2X5,"CONN, IDC, Male, pitch: 2.54mm, 10POS"
5497,CONN_HEADER_2.54MM_BOX_IDC.SCHLIB,IDC_2X4,"CONN, IDC, Male, pitch: 2.54mm, 8POS"
5498,CONN_HEADER_2.54MM_BOX_IDC.SCHLIB,IDC_2X3,"CONN, IDC, Male, pitch: 2.54mm, 6POS"
5499,CONN_HEADER_2.54MM_LP.SCHLIB,HDRLP_M_1X20,"CONN, HEADER, Male, pitch: 2.54mm, 20POS"
5500,CONN_HEADER_2.54MM_LP.SCHLIB,HDRLP_M_1X10,"CONN, HEADER, Male, pitch: 2.54mm, 10POS"
5501,CONN_HEADER_2.54MM_LP.SCHLIB,HDRLP_F_1X20,"CONN, HEADER, Male, pitch: 2.54mm, 20POS"
5502,CONN_HEADER_2.54MM_LP.SCHLIB,HDRLP_F_1X10,"CONN, HEADER, Male, pitch: 2.54mm, 10POS"
5503,CONN_HEADER_2.54MM_LP.SCHLIB,HDRLPV_M_1X3,"CONN, HEADER, VeryLowProfile, Male, pitch: 2.54mm, 3POS"
5504,CONN_HEADER_2.54MM_LP.SCHLIB,HDRLP_M_1X8,"CONN, HEADER, Male, pitch: 2.54mm, 8POS"
5505,CONN_HEADER_2.54MM_LP.SCHLIB,HDRLP_M_1X6,"CONN, HEADER, Male, pitch: 2.54mm, 6POS"
5506,CONN_HEADER_2.54MM_LP.SCHLIB,HDRLP_M_1X5,"CONN, HEADER, Male, pitch: 2.54mm, 5POS"
5507,CONN_HEADER_2.54MM_LP.SCHLIB,HDRLP_M_1X4,"CONN, HEADER, Male, pitch: 2.54mm, 4POS"
5508,CONN_HEADER_2.54MM_LP.SCHLIB,HDRLP_M_1X3,"CONN, HEADER, Male, pitch: 2.54mm, 3POS"
5509,CONN_HEADER_2.54MM_LP.SCHLIB,HDRLP_M_1X2,"CONN, HEADER, Male, pitch: 2.54mm, 2POS"
5510,CONN_HEADER_2.54MM_LP.SCHLIB,HDRLP_F_1X8,"CONN, HEADER, Male, pitch: 2.54mm, 8POS"
5511,CONN_HEADER_2.54MM_LP.SCHLIB,HDRLP_F_1X6,"CONN, HEADER, Male, pitch: 2.54mm, 6POS"
5512,CONN_HEADER_2.54MM_LP.SCHLIB,HDRLP_F_1X5,"CONN, HEADER, Male, pitch: 2.54mm, 5POS"
5513,CONN_HEADER_2.54MM_LP.SCHLIB,HDRLP_F_1X4,"CONN, HEADER, Male, pitch: 2.54mm, 4POS"
5514,CONN_HEADER_2.54MM_LP.SCHLIB,HDRLP_F_1X3,"CONN, HEADER, Male, pitch: 2.54mm, 3POS"
5515,CONN_HEADER_2.54MM_LP.SCHLIB,HDRLP_F_1X2,"CONN, HEADER, Male, pitch: 2.54mm, 2POS"
5516,CONN_HEADER_2.54MM_LP.SCHLIB,HDRLPV_M_1,"CONN, HEADER, VeryLowProfile, Male, pitch: 2.54mm, 1POS"
5517,CONN_HEADER_2.54MM_LP.SCHLIB,HDRLP_M_1,"CONN, HEADER, LowProfile, Male, pitch: 2.54mm, 1POS"
5518,CONN_HEADER_2.54MM_LP.SCHLIB,HDRLP_F_1,"CONN, HEADER, Female, pitch: 2.54mm, 1POS"
5519,CONN_HEADER_2.54MM_RA.SCHLIB,HDRR_M_2X25,"CONN, HEADER, RightAngle, Male, pitch: 2.54mm, 50POS"
5520,CONN_HEADER_2.54MM_RA.SCHLIB,HDRR_M_2X20,"CONN, HEADER, RightAngle, Male, pitch: 2.54mm, 40POS"
5521,CONN_HEADER_2.54MM_RA.SCHLIB,HDRR_M_2X19,"CONN, HEADER, RightAngle, Male, pitch: 2.54mm, 38POS"
5522,CONN_HEADER_2.54MM_RA.SCHLIB,HDRR_M_2X18,"CONN, HEADER, RightAngle, Male, pitch: 2.54mm, 36POS"
5523,CONN_HEADER_2.54MM_RA.SCHLIB,HDRR_M_2X17,"CONN, HEADER, RightAngle, Male, pitch: 2.54mm, 34POS"
5524,CONN_HEADER_2.54MM_RA.SCHLIB,HDRR_M_2X16,"CONN, HEADER, RightAngle, Male, pitch: 2.54mm, 32POS"
5525,CONN_HEADER_2.54MM_RA.SCHLIB,HDRR_M_2X15,"CONN, HEADER, RightAngle, Male, pitch: 2.54mm, 30POS"
5526,CONN_HEADER_2.54MM_RA.SCHLIB,HDRR_M_2X14,"CONN, HEADER, RightAngle, Male, pitch: 2.54mm, 28POS"
5527,CONN_HEADER_2.54MM_RA.SCHLIB,HDRR_M_2X13,"CONN, HEADER, RightAngle, Male, pitch: 2.54mm, 26POS"
5528,CONN_HEADER_2.54MM_RA.SCHLIB,HDRR_M_2X12,"CONN, HEADER, RightAngle, Male, pitch: 2.54mm, 24POS"
5529,CONN_HEADER_2.54MM_RA.SCHLIB,HDRR_M_2X11,"CONN, HEADER, RightAngle, Male, pitch: 2.54mm, 22POS"
5530,CONN_HEADER_2.54MM_RA.SCHLIB,HDRR_M_2X10,"CONN, HEADER, RightAngle, Male, pitch: 2.54mm, 20POS"
5531,CONN_HEADER_2.54MM_RA.SCHLIB,HDRR_M_1X10,"CONN, HEADER, RightAngle, Male, pitch: 2.54mm, 10POS"
5532,CONN_HEADER_2.54MM_RA.SCHLIB,HDRR_F_2X25,"CONN, HEADER, Female, pitch: 2.54mm, 50POS"
5533,CONN_HEADER_2.54MM_RA.SCHLIB,HDRR_F_2X20,"CONN, HEADER, RightAngle, Female, pitch: 2.54mm, 40POS"
5534,CONN_HEADER_2.54MM_RA.SCHLIB,HDRR_F_2X19,"CONN, HEADER, RightAngle, Female, pitch: 2.54mm, 38POS"
5535,CONN_HEADER_2.54MM_RA.SCHLIB,HDRR_F_2X18,"CONN, HEADER, RightAngle, Female, pitch: 2.54mm, 36POS"
5536,CONN_HEADER_2.54MM_RA.SCHLIB,HDRR_F_2X17,"CONN, HEADER, RightAngle, Female, pitch: 2.54mm, 34POS"
5537,CONN_HEADER_2.54MM_RA.SCHLIB,HDRR_F_2X16,"CONN, HEADER, RightAngle, Female, pitch: 2.54mm, 32POS"
5538,CONN_HEADER_2.54MM_RA.SCHLIB,HDRR_F_2X15,"CONN, HEADER, RightAngle, Female, pitch: 2.54mm, 30POS"
5539,CONN_HEADER_2.54MM_RA.SCHLIB,HDRR_F_2X14,"CONN, HEADER, RightAngle, Female, pitch: 2.54mm, 28POS"
5540,CONN_HEADER_2.54MM_RA.SCHLIB,HDRR_F_2X13,"CONN, HEADER, RightAngle, Female, pitch: 2.54mm, 26POS"
5541,CONN_HEADER_2.54MM_RA.SCHLIB,HDRR_F_2X12,"CONN, HEADER, RightAngle, Female, pitch: 2.54mm, 24POS"
5542,CONN_HEADER_2.54MM_RA.SCHLIB,HDRR_F_2X11,"CONN, HEADER, RightAngle, Female, pitch: 2.54mm, 22POS"
5543,CONN_HEADER_2.54MM_RA.SCHLIB,HDRR_F_2X10,"CONN, HEADER, RightAngle, Female, pitch: 2.54mm, 20POS"
5544,CONN_HEADER_2.54MM_RA.SCHLIB,HDRR_F_1X10,"CONN, HEADER, Female, pitch: 2.54mm, 10POS"
5545,CONN_HEADER_2.54MM_RA.SCHLIB,HDRR_M_2X9,"CONN, HEADER, RightAngle, Male, pitch: 2.54mm, 18POS"
5546,CONN_HEADER_2.54MM_RA.SCHLIB,HDRR_M_2X8,"CONN, HEADER, RightAngle, Male, pitch: 2.54mm, 16POS"
5547,CONN_HEADER_2.54MM_RA.SCHLIB,HDRR_M_2X7,"CONN, HEADER, RightAngle, Male, pitch: 2.54mm, 14POS"
5548,CONN_HEADER_2.54MM_RA.SCHLIB,HDRR_M_2X6,"CONN, HEADER, RightAngle, Male, pitch: 2.54mm, 14POS"
5549,CONN_HEADER_2.54MM_RA.SCHLIB,HDRR_M_2X5,"CONN, HEADER, RightAngle, Male, pitch: 2.54mm, 10POS"
5550,CONN_HEADER_2.54MM_RA.SCHLIB,HDRR_M_2X4,"CONN, HEADER, RightAngle, Male, pitch: 2.54mm, 8POS"
5551,CONN_HEADER_2.54MM_RA.SCHLIB,HDRR_M_2X3,"CONN, HEADER, RightAngle, Male, pitch: 2.54mm, 6POS"
5552,CONN_HEADER_2.54MM_RA.SCHLIB,HDRR_M_2X2,"CONN, HEADER, RightAngle, Male, pitch: 2.54mm, 4POS"
5553,CONN_HEADER_2.54MM_RA.SCHLIB,HDRR_M_1X9,"CONN, HEADER, RightAngle, Male, pitch: 2.54mm, 9POS"
5554,CONN_HEADER_2.54MM_RA.SCHLIB,HDRR_M_1X8,"CONN, HEADER, RightAngle, Male, pitch: 2.54mm, 8POS"
5555,CONN_HEADER_2.54MM_RA.SCHLIB,HDRR_M_1X7,"CONN, HEADER, RightAngle, Male, pitch: 2.54mm, 7POS"
5556,CONN_HEADER_2.54MM_RA.SCHLIB,HDRR_M_1X6,"CONN, HEADER, RightAngle, Male, pitch: 2.54mm, 6POS"
5557,CONN_HEADER_2.54MM_RA.SCHLIB,HDRR_M_1X5,"CONN, HEADER, RightAngle, Male, pitch: 2.54mm, 5POS"
5558,CONN_HEADER_2.54MM_RA.SCHLIB,HDRR_M_1X4,"CONN, HEADER, RightAngle, Male, pitch: 2.54mm, 4POS"
5559,CONN_HEADER_2.54MM_RA.SCHLIB,HDRR_M_1X3,"CONN, HEADER, RightAngle, Male, pitch: 2.54mm, 3POS"
5560,CONN_HEADER_2.54MM_RA.SCHLIB,HDRR_M_1X2,"CONN, HEADER, RightAngle, Male, pitch: 2.54mm, 2POS"
5561,CONN_HEADER_2.54MM_RA.SCHLIB,HDRR_F_2X9,"CONN, HEADER, RightAngle, Female, pitch: 2.54mm, 18POS"
5562,CONN_HEADER_2.54MM_RA.SCHLIB,HDRR_F_2X8,"CONN, HEADER, RightAngle, Female, pitch: 2.54mm, 16POS"
5563,CONN_HEADER_2.54MM_RA.SCHLIB,HDRR_F_2X7,"CONN, HEADER, RightAngle, Female, pitch: 2.54mm, 14POS"
5564,CONN_HEADER_2.54MM_RA.SCHLIB,HDRR_F_2X6,"CONN, HEADER, RightAngle, Female, pitch: 2.54mm, 14POS"
5565,CONN_HEADER_2.54MM_RA.SCHLIB,HDRR_F_2X5,"CONN, HEADER, RightAngle, Female, pitch: 2.54mm, 10POS"
5566,CONN_HEADER_2.54MM_RA.SCHLIB,HDRR_F_2X4,"CONN, HEADER, RightAngle, Female, pitch: 2.54mm, 8POS"
5567,CONN_HEADER_2.54MM_RA.SCHLIB,HDRR_F_2X3,"CONN, HEADER, RightAngle, Female, pitch: 2.54mm, 6POS"
5568,CONN_HEADER_2.54MM_RA.SCHLIB,HDRR_F_2X2,"CONN, HEADER, RightAngle, Female, pitch: 2.54mm, 4POS"
5569,CONN_HEADER_2.54MM_RA.SCHLIB,HDRR_F_1X9,"CONN, HEADER, Female, pitch: 2.54mm, 9POS"
5570,CONN_HEADER_2.54MM_RA.SCHLIB,HDRR_F_1X8,"CONN, HEADER, Female, pitch: 2.54mm, 8POS"
5571,CONN_HEADER_2.54MM_RA.SCHLIB,HDRR_F_1X7,"CONN, HEADER, Female, pitch: 2.54mm, 7POS"
5572,CONN_HEADER_2.54MM_RA.SCHLIB,HDRR_F_1X6,"CONN, HEADER, Female, pitch: 2.54mm, 6POS"
5573,CONN_HEADER_2.54MM_RA.SCHLIB,HDRR_F_1X5,"CONN, HEADER, Female, pitch: 2.54mm, 5POS"
5574,CONN_HEADER_2.54MM_RA.SCHLIB,HDRR_F_1X4,"CONN, HEADER, Female, pitch: 2.54mm, 4POS"
5575,CONN_HEADER_2.54MM_RA.SCHLIB,HDRR_F_1X3,"CONN, HEADER, Female, pitch: 2.54mm, 3POS"
5576,CONN_HEADER_2.54MM_RA.SCHLIB,HDRR_F_1X2,"CONN, HEADER, Female, pitch: 2.54mm, 2POS"
5577,CONN_HEADER_2.54MM_RA_SMD.SCHLIB,HDRRS_M_2X20,"CONN, HEADER, Male, pitch: 2.54mm, 40POS"
5578,CONN_HEADER_2.54MM_RA_SMD.SCHLIB,HDRRS_M_2X19,"CONN, HEADER, Male, pitch: 2.54mm, 38POS"
5579,CONN_HEADER_2.54MM_RA_SMD.SCHLIB,HDRRS_M_2X18,"CONN, HEADER, Male, pitch: 2.54mm, 36POS"
5580,CONN_HEADER_2.54MM_RA_SMD.SCHLIB,HDRRS_M_2X17,"CONN, HEADER, Male, pitch: 2.54mm, 34POS"
5581,CONN_HEADER_2.54MM_RA_SMD.SCHLIB,HDRRS_M_2X16,"CONN, HEADER, Male, pitch: 2.54mm, 32POS"
5582,CONN_HEADER_2.54MM_RA_SMD.SCHLIB,HDRRS_M_2X15,"CONN, HEADER, Male, pitch: 2.54mm, 30POS"
5583,CONN_HEADER_2.54MM_RA_SMD.SCHLIB,HDRRS_M_2X14,"CONN, HEADER, Male, pitch: 2.54mm, 28POS"
5584,CONN_HEADER_2.54MM_RA_SMD.SCHLIB,HDRRS_M_2X13,"CONN, HEADER, Male, pitch: 2.54mm, 26POS"
5585,CONN_HEADER_2.54MM_RA_SMD.SCHLIB,HDRRS_M_2X12,"CONN, HEADER, Male, pitch: 2.54mm, 24POS"
5586,CONN_HEADER_2.54MM_RA_SMD.SCHLIB,HDRRS_M_2X11,"CONN, HEADER, Male, pitch: 2.54mm, 22POS"
5587,CONN_HEADER_2.54MM_RA_SMD.SCHLIB,HDRRS_M_2X10,"CONN, HEADER, Male, pitch: 2.54mm, 20POS"
5588,CONN_HEADER_2.54MM_RA_SMD.SCHLIB,HDRRS_M_1X10,"CONN, HEADER, Male, pitch: 2.54mm, 10POS"
5589,CONN_HEADER_2.54MM_RA_SMD.SCHLIB,HDRRS_F_2X20,"CONN, HEADER, Female, pitch: 2.54mm, 40POS"
5590,CONN_HEADER_2.54MM_RA_SMD.SCHLIB,HDRRS_F_2X19,"CONN, HEADER, Female, pitch: 2.54mm, 38POS"
5591,CONN_HEADER_2.54MM_RA_SMD.SCHLIB,HDRRS_F_2X18,"CONN, HEADER, Female, pitch: 2.54mm, 36POS"
5592,CONN_HEADER_2.54MM_RA_SMD.SCHLIB,HDRRS_F_2X17,"CONN, HEADER, Female, pitch: 2.54mm, 34POS"
5593,CONN_HEADER_2.54MM_RA_SMD.SCHLIB,HDRRS_F_2X16,"CONN, HEADER, Female, pitch: 2.54mm, 32POS"
5594,CONN_HEADER_2.54MM_RA_SMD.SCHLIB,HDRRS_F_2X15,"CONN, HEADER, Female, pitch: 2.54mm, 30POS"
5595,CONN_HEADER_2.54MM_RA_SMD.SCHLIB,HDRRS_F_2X14,"CONN, HEADER, Female, pitch: 2.54mm, 28POS"
5596,CONN_HEADER_2.54MM_RA_SMD.SCHLIB,HDRRS_F_2X13,"CONN, HEADER, Female, pitch: 2.54mm, 26POS"
5597,CONN_HEADER_2.54MM_RA_SMD.SCHLIB,HDRRS_F_2X12,"CONN, HEADER, Female, pitch: 2.54mm, 24POS"
5598,CONN_HEADER_2.54MM_RA_SMD.SCHLIB,HDRRS_F_2X11,"CONN, HEADER, Female, pitch: 2.54mm, 22POS"
5599,CONN_HEADER_2.54MM_RA_SMD.SCHLIB,HDRRS_F_2X10,"CONN, HEADER, Female, pitch: 2.54mm, 20POS"
5600,CONN_HEADER_2.54MM_RA_SMD.SCHLIB,HDRRS_F_1X10,"CONN, HEADER, Female, pitch: 2.54mm, 10POS"
5601,CONN_HEADER_2.54MM_RA_SMD.SCHLIB,HDRRS_M_2X9,"CONN, HEADER, Male, pitch: 2.54mm, 18POS"
5602,CONN_HEADER_2.54MM_RA_SMD.SCHLIB,HDRRS_M_2X8,"CONN, HEADER, Male, pitch: 2.54mm, 16POS"
5603,CONN_HEADER_2.54MM_RA_SMD.SCHLIB,HDRRS_M_2X7,"CONN, HEADER, Male, pitch: 2.54mm, 14POS"
5604,CONN_HEADER_2.54MM_RA_SMD.SCHLIB,HDRRS_M_2X6,"CONN, HEADER, Male, pitch: 2.54mm, 12POS"
5605,CONN_HEADER_2.54MM_RA_SMD.SCHLIB,HDRRS_M_2X5,"CONN, HEADER, Male, pitch: 2.54mm, 10POS"
5606,CONN_HEADER_2.54MM_RA_SMD.SCHLIB,HDRRS_M_2X4,"CONN, HEADER, Male, pitch: 2.54mm, 8POS"
5607,CONN_HEADER_2.54MM_RA_SMD.SCHLIB,HDRRS_M_2X3,"CONN, HEADER, Male, pitch: 2.54mm, 6POS"
5608,CONN_HEADER_2.54MM_RA_SMD.SCHLIB,HDRRS_M_2X2,"CONN, HEADER, Male, pitch: 2.54mm, 4POS"
5609,CONN_HEADER_2.54MM_RA_SMD.SCHLIB,HDRRS_M_1X9,"CONN, HEADER, Male, pitch: 2.54mm, 9POS"
5610,CONN_HEADER_2.54MM_RA_SMD.SCHLIB,HDRRS_M_1X8,"CONN, HEADER, Male, pitch: 2.54mm, 8POS"
5611,CONN_HEADER_2.54MM_RA_SMD.SCHLIB,HDRRS_M_1X7,"CONN, HEADER, Male, pitch: 2.54mm, 7POS"
5612,CONN_HEADER_2.54MM_RA_SMD.SCHLIB,HDRRS_M_1X6,"CONN, HEADER, Male, pitch: 2.54mm, 6POS"
5613,CONN_HEADER_2.54MM_RA_SMD.SCHLIB,HDRRS_M_1X5,"CONN, HEADER, Male, pitch: 2.54mm, 5POS"
5614,CONN_HEADER_2.54MM_RA_SMD.SCHLIB,HDRRS_M_1X4,"CONN, HEADER, Male, pitch: 2.54mm, 4POS"
5615,CONN_HEADER_2.54MM_RA_SMD.SCHLIB,HDRRS_M_1X3,"CONN, HEADER, Male, pitch: 2.54mm, 3POS"
5616,CONN_HEADER_2.54MM_RA_SMD.SCHLIB,HDRRS_M_1X2,"CONN, HEADER, Male, pitch: 2.54mm, 2POS"
5617,CONN_HEADER_2.54MM_RA_SMD.SCHLIB,HDRRS_F_2X9,"CONN, HEADER, Female, pitch: 2.54mm, 18POS"
5618,CONN_HEADER_2.54MM_RA_SMD.SCHLIB,HDRRS_F_2X8,"CONN, HEADER, Female, pitch: 2.54mm, 16POS"
5619,CONN_HEADER_2.54MM_RA_SMD.SCHLIB,HDRRS_F_2X7,"CONN, HEADER, Female, pitch: 2.54mm, 14POS"
5620,CONN_HEADER_2.54MM_RA_SMD.SCHLIB,HDRRS_F_2X6,"CONN, HEADER, Female, pitch: 2.54mm, 12POS"
5621,CONN_HEADER_2.54MM_RA_SMD.SCHLIB,HDRRS_F_2X5,"CONN, HEADER, Female, pitch: 2.54mm, 10POS"
5622,CONN_HEADER_2.54MM_RA_SMD.SCHLIB,HDRRS_F_2X4,"CONN, HEADER, Female, pitch: 2.54mm, 8POS"
5623,CONN_HEADER_2.54MM_RA_SMD.SCHLIB,HDRRS_F_2X3,"CONN, HEADER, Female, pitch: 2.54mm, 6POS"
5624,CONN_HEADER_2.54MM_RA_SMD.SCHLIB,HDRRS_F_2X2,"CONN, HEADER, Female, pitch: 2.54mm, 4POS"
5625,CONN_HEADER_2.54MM_RA_SMD.SCHLIB,HDRRS_F_1X9,"CONN, HEADER, Female, pitch: 2.54mm, 9POS"
5626,CONN_HEADER_2.54MM_RA_SMD.SCHLIB,HDRRS_F_1X8,"CONN, HEADER, Female, pitch: 2.54mm, 8POS"
5627,CONN_HEADER_2.54MM_RA_SMD.SCHLIB,HDRRS_F_1X7,"CONN, HEADER, Female, pitch: 2.54mm, 7POS"
5628,CONN_HEADER_2.54MM_RA_SMD.SCHLIB,HDRRS_F_1X6,"CONN, HEADER, Female, pitch: 2.54mm, 6POS"
5629,CONN_HEADER_2.54MM_RA_SMD.SCHLIB,HDRRS_F_1X5,"CONN, HEADER, Female, pitch: 2.54mm, 5POS"
5630,CONN_HEADER_2.54MM_RA_SMD.SCHLIB,HDRRS_F_1X4,"CONN, HEADER, Female, pitch: 2.54mm, 4POS"
5631,CONN_HEADER_2.54MM_RA_SMD.SCHLIB,HDRRS_F_1X3,"CONN, HEADER, Female, pitch: 2.54mm, 3POS"
5632,CONN_HEADER_2.54MM_RA_SMD.SCHLIB,HDRRS_F_1X2,"CONN, HEADER, Female, pitch: 2.54mm, 2POS"
5633,CONN_HEADER_2.54MM_ST.SCHLIB,HDR_M_2X40,"CONN, HEADER, Male, pitch: 2.54mm, 80POS"
5634,CONN_HEADER_2.54MM_ST.SCHLIB,HDR_M_2X39,"CONN, HEADER, Male, pitch: 2.54mm,"
5635,CONN_HEADER_2.54MM_ST.SCHLIB,HDR_M_2X38,"CONN, HEADER, Male, pitch: 2.54mm, 76POS"
5636,CONN_HEADER_2.54MM_ST.SCHLIB,HDR_M_2X37,"CONN, HEADER, Male, pitch: 2.54mm,"
5637,CONN_HEADER_2.54MM_ST.SCHLIB,HDR_M_2X36,"CONN, HEADER, Male, pitch: 2.54mm, 72POS"
5638,CONN_HEADER_2.54MM_ST.SCHLIB,HDR_M_2X35,"CONN, HEADER, Male, pitch: 2.54mm, 70POS"
5639,CONN_HEADER_2.54MM_ST.SCHLIB,HDR_M_2X34,"CONN, HEADER, Male, pitch: 2.54mm, 68POS"
5640,CONN_HEADER_2.54MM_ST.SCHLIB,HDR_M_2X33,"CONN, HEADER, Male, pitch: 2.54mm, 66POS"
5641,CONN_HEADER_2.54MM_ST.SCHLIB,HDR_M_2X32,"CONN, HEADER, Male, pitch: 2.54mm, 64POS"
5642,CONN_HEADER_2.54MM_ST.SCHLIB,HDR_M_2X31,"CONN, HEADER, Male, pitch: 2.54mm,"
5643,CONN_HEADER_2.54MM_ST.SCHLIB,HDR_M_2X30,"CONN, HEADER, Male, pitch: 2.54mm, 60POS"
5644,CONN_HEADER_2.54MM_ST.SCHLIB,HDR_M_2X29,"CONN, HEADER, Male, pitch: 2.54mm,"
5645,CONN_HEADER_2.54MM_ST.SCHLIB,HDR_M_2X28,"CONN, HEADER, Male, pitch: 2.54mm, 54POS"
5646,CONN_HEADER_2.54MM_ST.SCHLIB,HDR_M_2X27,"CONN, HEADER, Male, pitch: 2.54mm,"
5647,CONN_HEADER_2.54MM_ST.SCHLIB,HDR_M_2X26,"CONN, HEADER, Male, pitch: 2.54mm, 52POS"
5648,CONN_HEADER_2.54MM_ST.SCHLIB,HDR_M_2X25,"CONN, HEADER, Male, pitch: 2.54mm, 50POS"
5649,CONN_HEADER_2.54MM_ST.SCHLIB,HDR_M_2X24,"CONN, HEADER, Male, pitch: 2.54mm, 48POS"
5650,CONN_HEADER_2.54MM_ST.SCHLIB,HDR_M_2X23,"CONN, HEADER, Male, pitch: 2.54mm,"
5651,CONN_HEADER_2.54MM_ST.SCHLIB,HDR_M_2X22,"CONN, HEADER, Male, pitch: 2.54mm, 44POS"
5652,CONN_HEADER_2.54MM_ST.SCHLIB,HDR_M_2X21,"CONN, HEADER, Male, pitch: 2.54mm"
5653,CONN_HEADER_2.54MM_ST.SCHLIB,HDR_M_2X20,"CONN, HEADER, Male, pitch: 2.54mm, 40POS"
5654,CONN_HEADER_2.54MM_ST.SCHLIB,HDR_M_2X19,"CONN, HEADER, Male, pitch: 2.54mm, 38POS"
5655,CONN_HEADER_2.54MM_ST.SCHLIB,HDR_M_2X18,"CONN, HEADER, Male, pitch: 2.54mm, 36POS"
5656,CONN_HEADER_2.54MM_ST.SCHLIB,HDR_M_2X17,"CONN, HEADER, Male, pitch: 2.54mm, 34POS"
5657,CONN_HEADER_2.54MM_ST.SCHLIB,HDR_M_2X16,"CONN, HEADER, Male, pitch: 2.54mm, 32POS"
5658,CONN_HEADER_2.54MM_ST.SCHLIB,HDR_M_2X15,"CONN, HEADER, Male, pitch: 2.54mm, 30POS"
5659,CONN_HEADER_2.54MM_ST.SCHLIB,HDR_M_2X14,"CONN, HEADER, Male, pitch: 2.54mm, 28POS"
5660,CONN_HEADER_2.54MM_ST.SCHLIB,HDR_M_2X13,"CONN, HEADER, Male, pitch: 2.54mm, 26POS"
5661,CONN_HEADER_2.54MM_ST.SCHLIB,HDR_M_2X12,"CONN, HEADER, Male, pitch: 2.54mm, 24POS"
5662,CONN_HEADER_2.54MM_ST.SCHLIB,HDR_M_2X11,"CONN, HEADER, Male, pitch: 2.54mm, 22POS"
5663,CONN_HEADER_2.54MM_ST.SCHLIB,HDR_M_2X10,"CONN, HEADER, Male, pitch: 2.54mm, 20POS"
5664,CONN_HEADER_2.54MM_ST.SCHLIB,HDR_M_1X40,"CONN, HEADER, Male, pitch: 2.54mm, 40POS"
5665,CONN_HEADER_2.54MM_ST.SCHLIB,HDR_M_1X39,"CONN, HEADER, Male, pitch: 2.54mm, 39POS"
5666,CONN_HEADER_2.54MM_ST.SCHLIB,HDR_M_1X38,"CONN, HEADER, Male, pitch: 2.54mm, 38POS"
5667,CONN_HEADER_2.54MM_ST.SCHLIB,HDR_M_1X37,"CONN, HEADER, Male, pitch: 2.54mm, 37POS"
5668,CONN_HEADER_2.54MM_ST.SCHLIB,HDR_M_1X36,"CONN, HEADER, Male, pitch: 2.54mm, 36POS"
5669,CONN_HEADER_2.54MM_ST.SCHLIB,HDR_M_1X35,"CONN, HEADER, Male, pitch: 2.54mm, 35POS"
5670,CONN_HEADER_2.54MM_ST.SCHLIB,HDR_M_1X34,"CONN, HEADER, Male, pitch: 2.54mm, 34POS"
5671,CONN_HEADER_2.54MM_ST.SCHLIB,HDR_M_1X33,"CONN, HEADER, Male, pitch: 2.54mm, 33POS"
5672,CONN_HEADER_2.54MM_ST.SCHLIB,HDR_M_1X32,"CONN, HEADER, Male, pitch: 2.54mm, 32POS"
5673,CONN_HEADER_2.54MM_ST.SCHLIB,HDR_M_1X31,"CONN, HEADER, Male, pitch: 2.54mm, 31POS"
5674,CONN_HEADER_2.54MM_ST.SCHLIB,HDR_M_1X30,"CONN, HEADER, Male, pitch: 2.54mm, 30POS"
5675,CONN_HEADER_2.54MM_ST.SCHLIB,HDR_M_1X29,"CONN, HEADER, Male, pitch: 2.54mm, 29POS"
5676,CONN_HEADER_2.54MM_ST.SCHLIB,HDR_M_1X28,"CONN, HEADER, Male, pitch: 2.54mm, 28POS"
5677,CONN_HEADER_2.54MM_ST.SCHLIB,HDR_M_1X27,"CONN, HEADER, Male, pitch: 2.54mm, 27POS"
5678,CONN_HEADER_2.54MM_ST.SCHLIB,HDR_M_1X26,"CONN, HEADER, Male, pitch: 2.54mm, 26POS"
5679,CONN_HEADER_2.54MM_ST.SCHLIB,HDR_M_1X25,"CONN, HEADER, Male, pitch: 2.54mm, 25POS"
5680,CONN_HEADER_2.54MM_ST.SCHLIB,HDR_M_1X24,"CONN, HEADER, Male, pitch: 2.54mm, 24POS"
5681,CONN_HEADER_2.54MM_ST.SCHLIB,HDR_M_1X23,"CONN, HEADER, Male, pitch: 2.54mm, 23POS"
5682,CONN_HEADER_2.54MM_ST.SCHLIB,HDR_M_1X22,"CONN, HEADER, Male, pitch: 2.54mm, 22POS"
5683,CONN_HEADER_2.54MM_ST.SCHLIB,HDR_M_1X21,"CONN, HEADER, Male, pitch: 2.54mm, 21POS"
5684,CONN_HEADER_2.54MM_ST.SCHLIB,HDR_M_1X20,"CONN, HEADER, Male, pitch: 2.54mm, 20POS"
5685,CONN_HEADER_2.54MM_ST.SCHLIB,HDR_M_1X19,"CONN, HEADER, Male, pitch: 2.54mm, 19POS"
5686,CONN_HEADER_2.54MM_ST.SCHLIB,HDR_M_1X18,"CONN, HEADER, Male, pitch: 2.54mm, 18POS"
5687,CONN_HEADER_2.54MM_ST.SCHLIB,HDR_M_1X17,"CONN, HEADER, Male, pitch: 2.54mm, 17POS"
5688,CONN_HEADER_2.54MM_ST.SCHLIB,HDR_M_1X16,"CONN, HEADER, Male, pitch: 2.54mm, 16POS"
5689,CONN_HEADER_2.54MM_ST.SCHLIB,HDR_M_1X15,"CONN, HEADER, Male, pitch: 2.54mm, 15POS"
5690,CONN_HEADER_2.54MM_ST.SCHLIB,HDR_M_1X14,"CONN, HEADER, Male, pitch: 2.54mm, 14POS"
5691,CONN_HEADER_2.54MM_ST.SCHLIB,HDR_M_1X13,"CONN, HEADER, Male, pitch: 2.54mm, 13POS"
5692,CONN_HEADER_2.54MM_ST.SCHLIB,HDR_M_1X12,"CONN, HEADER, Male, pitch: 2.54mm, 12POS"
5693,CONN_HEADER_2.54MM_ST.SCHLIB,HDR_M_1X11,"CONN, HEADER, Male, pitch: 2.54mm, 11POS"
5694,CONN_HEADER_2.54MM_ST.SCHLIB,HDR_M_1X10,"CONN, HEADER, Male, pitch: 2.54mm, 10POS"
5695,CONN_HEADER_2.54MM_ST.SCHLIB,HDR_F_2X40,"CONN, HEADER, female, pitch: 2.54mm, 80POS"
5696,CONN_HEADER_2.54MM_ST.SCHLIB,HDR_F_2X39,"CONN, HEADER, female, pitch: 2.54mm,"
5697,CONN_HEADER_2.54MM_ST.SCHLIB,HDR_F_2X38,"CONN, HEADER, female, pitch: 2.54mm, 76POS"
5698,CONN_HEADER_2.54MM_ST.SCHLIB,HDR_F_2X37,"CONN, HEADER, female, pitch: 2.54mm,"
5699,CONN_HEADER_2.54MM_ST.SCHLIB,HDR_F_2X36,"CONN, HEADER, female, pitch: 2.54mm, 72POS"
5700,CONN_HEADER_2.54MM_ST.SCHLIB,HDR_F_2X35,"CONN, HEADER, female, pitch: 2.54mm, 70POS"
5701,CONN_HEADER_2.54MM_ST.SCHLIB,HDR_F_2X34,"CONN, HEADER, female, pitch: 2.54mm, 68POS"
5702,CONN_HEADER_2.54MM_ST.SCHLIB,HDR_F_2X33,"CONN, HEADER, Female, pitch: 2.54mm, 66POS"
5703,CONN_HEADER_2.54MM_ST.SCHLIB,HDR_F_2X32,"CONN, HEADER, Female, pitch: 2.54mm, 64POS"
5704,CONN_HEADER_2.54MM_ST.SCHLIB,HDR_F_2X31,"CONN, HEADER, Female, pitch: 2.54mm"
5705,CONN_HEADER_2.54MM_ST.SCHLIB,HDR_F_2X30,"CONN, HEADER, Female, pitch: 2.54mm"
5706,CONN_HEADER_2.54MM_ST.SCHLIB,HDR_F_2X29,"CONN, HEADER, Female, pitch: 2.54mm"
5707,CONN_HEADER_2.54MM_ST.SCHLIB,HDR_F_2X28,"CONN, HEADER, Female, pitch: 2.54mm"
5708,CONN_HEADER_2.54MM_ST.SCHLIB,HDR_F_2X27,"CONN, HEADER, Female, pitch: 2.54mm"
5709,CONN_HEADER_2.54MM_ST.SCHLIB,HDR_F_2X26,"CONN, HEADER, Female, pitch: 2.54mm"
5710,CONN_HEADER_2.54MM_ST.SCHLIB,HDR_F_2X25,"CONN, HEADER, Female, pitch: 2.54mm"
5711,CONN_HEADER_2.54MM_ST.SCHLIB,HDR_F_2X24,"CONN, HEADER, Female, pitch: 2.54mm"
5712,CONN_HEADER_2.54MM_ST.SCHLIB,HDR_F_2X23,"CONN, HEADER, Female, pitch: 2.54mm"
5713,CONN_HEADER_2.54MM_ST.SCHLIB,HDR_F_2X22,"CONN, HEADER, Female, pitch: 2.54mm"
5714,CONN_HEADER_2.54MM_ST.SCHLIB,HDR_F_2X21,"CONN, HEADER, Female, pitch: 2.54mm"
5715,CONN_HEADER_2.54MM_ST.SCHLIB,HDR_F_2X20,"CONN, HEADER, Female, pitch: 2.54mm, 40POS"
5716,CONN_HEADER_2.54MM_ST.SCHLIB,HDR_F_2X19,"CONN, HEADER, Female, pitch: 2.54mm, 38POS"
5717,CONN_HEADER_2.54MM_ST.SCHLIB,HDR_F_2X18,"CONN, HEADER, Female, pitch: 2.54mm, 36POS"
5718,CONN_HEADER_2.54MM_ST.SCHLIB,HDR_F_2X17,"CONN, HEADER, Female, pitch: 2.54mm, 34POS"
5719,CONN_HEADER_2.54MM_ST.SCHLIB,HDR_F_2X16,"CONN, HEADER, Female, pitch: 2.54mm, 32POS"
5720,CONN_HEADER_2.54MM_ST.SCHLIB,HDR_F_2X15,"CONN, HEADER, Female, pitch: 2.54mm, 30POS"
5721,CONN_HEADER_2.54MM_ST.SCHLIB,HDR_F_2X14,"CONN, HEADER, Female, pitch: 2.54mm, 28POS"
5722,CONN_HEADER_2.54MM_ST.SCHLIB,HDR_F_2X13,"CONN, HEADER, Female, pitch: 2.54mm, 26POS"
5723,CONN_HEADER_2.54MM_ST.SCHLIB,HDR_F_2X12,"CONN, HEADER, Female, pitch: 2.54mm, 24POS"
5724,CONN_HEADER_2.54MM_ST.SCHLIB,HDR_F_2X11,"CONN, HEADER, Female, pitch: 2.54mm, 22POS"
5725,CONN_HEADER_2.54MM_ST.SCHLIB,HDR_F_2X10,"CONN, HEADER, Female, pitch: 2.54mm, 20POS"
5726,CONN_HEADER_2.54MM_ST.SCHLIB,HDR_F_1X40,"CONN, HEADER, Female, pitch: 2.54mm, 40POS"
5727,CONN_HEADER_2.54MM_ST.SCHLIB,HDR_F_1X39,"CONN, HEADER, Female, pitch: 2.54mm, 39POS"
5728,CONN_HEADER_2.54MM_ST.SCHLIB,HDR_F_1X38,"CONN, HEADER, Female, pitch: 2.54mm, 38POS"
5729,CONN_HEADER_2.54MM_ST.SCHLIB,HDR_F_1X37,"CONN, HEADER, Female, pitch: 2.54mm, 37POS"
5730,CONN_HEADER_2.54MM_ST.SCHLIB,HDR_F_1X36,"CONN, HEADER, Female, pitch: 2.54mm, 36POS"
5731,CONN_HEADER_2.54MM_ST.SCHLIB,HDR_F_1X35,"CONN, HEADER, Female, pitch: 2.54mm, 35POS"
5732,CONN_HEADER_2.54MM_ST.SCHLIB,HDR_F_1X34,"CONN, HEADER, Female, pitch: 2.54mm, 34POS"
5733,CONN_HEADER_2.54MM_ST.SCHLIB,HDR_F_1X33,"CONN, HEADER, Female, pitch: 2.54mm, 33POS"
5734,CONN_HEADER_2.54MM_ST.SCHLIB,HDR_F_1X32,"CONN, HEADER, Female, pitch: 2.54mm, 32POS"
5735,CONN_HEADER_2.54MM_ST.SCHLIB,HDR_F_1X31,"CONN, HEADER, Female, pitch: 2.54mm, 31POS"
5736,CONN_HEADER_2.54MM_ST.SCHLIB,HDR_F_1X30,"CONN, HEADER, Female, pitch: 2.54mm, 30POS"
5737,CONN_HEADER_2.54MM_ST.SCHLIB,HDR_F_1X29,"CONN, HEADER, Male, pitch: 2.54mm, 29POS"
5738,CONN_HEADER_2.54MM_ST.SCHLIB,HDR_F_1X28,"CONN, HEADER, Male, pitch: 2.54mm, 28POS"
5739,CONN_HEADER_2.54MM_ST.SCHLIB,HDR_F_1X27,"CONN, HEADER, Male, pitch: 2.54mm, 27POS"
5740,CONN_HEADER_2.54MM_ST.SCHLIB,HDR_F_1X26,"CONN, HEADER, Male, pitch: 2.54mm, 26POS"
5741,CONN_HEADER_2.54MM_ST.SCHLIB,HDR_F_1X25,"CONN, HEADER, Female, pitch: 2.54mm, 25POS"
5742,CONN_HEADER_2.54MM_ST.SCHLIB,HDR_F_1X24,"CONN, HEADER, Female, pitch: 2.54mm, 24POS"
5743,CONN_HEADER_2.54MM_ST.SCHLIB,HDR_F_1X23,"CONN, HEADER, Female, pitch: 2.54mm, 23POS"
5744,CONN_HEADER_2.54MM_ST.SCHLIB,HDR_F_1X22,"CONN, HEADER, Female, pitch: 2.54mm, 22POS"
5745,CONN_HEADER_2.54MM_ST.SCHLIB,HDR_F_1X21,"CONN, HEADER, Female, pitch: 2.54mm, 21POS"
5746,CONN_HEADER_2.54MM_ST.SCHLIB,HDR_F_1X20,"CONN, HEADER, Female, pitch: 2.54mm, 20POS"
5747,CONN_HEADER_2.54MM_ST.SCHLIB,HDR_F_1X19,"CONN, HEADER, Female, pitch: 2.54mm, 19POS"
5748,CONN_HEADER_2.54MM_ST.SCHLIB,HDR_F_1X18,"CONN, HEADER, Female, pitch: 2.54mm, 18POS"
5749,CONN_HEADER_2.54MM_ST.SCHLIB,HDR_F_1X17,"CONN, HEADER, Female, pitch: 2.54mm, 17POS"
5750,CONN_HEADER_2.54MM_ST.SCHLIB,HDR_F_1X16,"CONN, HEADER, Female, pitch: 2.54mm, 16POS"
5751,CONN_HEADER_2.54MM_ST.SCHLIB,HDR_F_1X15,"CONN, HEADER, Female, pitch: 2.54mm, 15POS"
5752,CONN_HEADER_2.54MM_ST.SCHLIB,HDR_F_1X14,"CONN, HEADER, Female, pitch: 2.54mm, 14POS"
5753,CONN_HEADER_2.54MM_ST.SCHLIB,HDR_F_1X13,"CONN, HEADER, Female, pitch: 2.54mm, 13POS"
5754,CONN_HEADER_2.54MM_ST.SCHLIB,HDR_F_1X12,"CONN, HEADER, Female, pitch: 2.54mm, 12POS"
5755,CONN_HEADER_2.54MM_ST.SCHLIB,HDR_F_1X11,"CONN, HEADER, Female, pitch: 2.54mm, 11POS"
5756,CONN_HEADER_2.54MM_ST.SCHLIB,HDR_F_1X10,"CONN, HEADER, Female, pitch: 2.54mm, 10POS"
5757,CONN_HEADER_2.54MM_ST.SCHLIB,HDR_M_2X9,"CONN, HEADER, Male, pitch: 2.54mm, 18POS"
5758,CONN_HEADER_2.54MM_ST.SCHLIB,HDR_M_2X8,"CONN, HEADER, Male, pitch: 2.54mm, 16POS"
5759,CONN_HEADER_2.54MM_ST.SCHLIB,HDR_M_2X7,"CONN, HEADER, Male, pitch: 2.54mm, 14POS"
5760,CONN_HEADER_2.54MM_ST.SCHLIB,HDR_M_2X6,"CONN, HEADER, Male, pitch: 2.54mm, 12POS"
5761,CONN_HEADER_2.54MM_ST.SCHLIB,HDR_M_2X5,"CONN, HEADER, Male, pitch: 2.54mm, 10POS"
5762,CONN_HEADER_2.54MM_ST.SCHLIB,HDR_M_2X4,"CONN, HEADER, Male, pitch: 2.54mm, 8POS"
5763,CONN_HEADER_2.54MM_ST.SCHLIB,HDR_M_2X3,"CONN, HEADER, Male, pitch: 2.54mm, 6POS"
5764,CONN_HEADER_2.54MM_ST.SCHLIB,HDR_M_2X2,"CONN, HEADER, Male, pitch: 2.54mm, 4POS"
5765,CONN_HEADER_2.54MM_ST.SCHLIB,HDR_M_1X9,"CONN, HEADER, Male, pitch: 2.54mm, 9POS"
5766,CONN_HEADER_2.54MM_ST.SCHLIB,HDR_M_1X8,"CONN, HEADER, Male, pitch: 2.54mm, 8POS"
5767,CONN_HEADER_2.54MM_ST.SCHLIB,HDR_M_1X7,"CONN, HEADER, Male, pitch: 2.54mm, 7POS"
5768,CONN_HEADER_2.54MM_ST.SCHLIB,HDR_M_1X6,"CONN, HEADER, Male, pitch: 2.54mm, 6POS"
5769,CONN_HEADER_2.54MM_ST.SCHLIB,HDR_M_1X5,"CONN, HEADER, Male, pitch: 2.54mm, 5POS"
5770,CONN_HEADER_2.54MM_ST.SCHLIB,HDR_M_1X4,"CONN, HEADER, Male, pitch: 2.54mm, 4POS"
5771,CONN_HEADER_2.54MM_ST.SCHLIB,HDR_M_1X3,"CONN, HEADER, Male, pitch: 2.54mm, 3POS"
5772,CONN_HEADER_2.54MM_ST.SCHLIB,HDR_M_1X2,"CONN, HEADER, Male, pitch: 2.54mm, 2POS"
5773,CONN_HEADER_2.54MM_ST.SCHLIB,HDR_F_2X9,"CONN, HEADER, Female, pitch: 2.54mm, 18POS"
5774,CONN_HEADER_2.54MM_ST.SCHLIB,HDR_F_2X8,"CONN, HEADER, Female, pitch: 2.54mm, 16POS"
5775,CONN_HEADER_2.54MM_ST.SCHLIB,HDR_F_2X7,"CONN, HEADER, Female, pitch: 2.54mm, 14POS"
5776,CONN_HEADER_2.54MM_ST.SCHLIB,HDR_F_2X6,"CONN, HEADER, Female, pitch: 2.54mm, 12POS"
5777,CONN_HEADER_2.54MM_ST.SCHLIB,HDR_F_2X5,"CONN, HEADER, Female, pitch: 2.54mm, 10POS"
5778,CONN_HEADER_2.54MM_ST.SCHLIB,HDR_F_2X4,"CONN, HEADER, Female, pitch: 2.54mm, 8POS"
5779,CONN_HEADER_2.54MM_ST.SCHLIB,HDR_F_2X3,"CONN, HEADER, Female, pitch: 2.54mm, 6POS"
5780,CONN_HEADER_2.54MM_ST.SCHLIB,HDR_F_2X2,"CONN, HEADER, Female, pitch: 2.54mm, 4POS"
5781,CONN_HEADER_2.54MM_ST.SCHLIB,HDR_F_1X9,"CONN, HEADER, Female, pitch: 2.54mm, 9POS"
5782,CONN_HEADER_2.54MM_ST.SCHLIB,HDR_F_1X8,"CONN, HEADER, Female, pitch: 2.54mm, 8POS"
5783,CONN_HEADER_2.54MM_ST.SCHLIB,HDR_F_1X7,"CONN, HEADER, Female, pitch: 2.54mm, 7POS"
5784,CONN_HEADER_2.54MM_ST.SCHLIB,HDR_F_1X6,"CONN, HEADER, Female, pitch: 2.54mm, 6POS"
5785,CONN_HEADER_2.54MM_ST.SCHLIB,HDR_F_1X5,"CONN, HEADER, Female, pitch: 2.54mm, 5POS"
5786,CONN_HEADER_2.54MM_ST.SCHLIB,HDR_F_1X4,"CONN, HEADER, Female, pitch: 2.54mm, 4POS"
5787,CONN_HEADER_2.54MM_ST.SCHLIB,HDR_F_1X3,"CONN, HEADER, Female, pitch: 2.54mm, 3POS"
5788,CONN_HEADER_2.54MM_ST.SCHLIB,HDR_F_1X2,"CONN, HEADER, Female, pitch: 2.54mm, 2POS"
5789,CONN_HEADER_2.54MM_ST.SCHLIB,HDR_M_1,"CONN, HEADER, Male, pitch: 2.54mm, 1POS"
5790,CONN_HEADER_2.54MM_ST.SCHLIB,HDR_F_1,"CONN, HEADER, Female, pitch: 2.54mm, 1POS"
5791,CONN_HEADER_2.54MM_ST_SMD.SCHLIB,HDRS_M_2X20,"CONN, HEADER, Male, pitch: 2.54mm, 40POS"
5792,CONN_HEADER_2.54MM_ST_SMD.SCHLIB,HDRS_M_2X19,"CONN, HEADER, Male, pitch: 2.54mm, 38POS"
5793,CONN_HEADER_2.54MM_ST_SMD.SCHLIB,HDRS_M_2X18,"CONN, HEADER, Male, pitch: 2.54mm, 36POS"
5794,CONN_HEADER_2.54MM_ST_SMD.SCHLIB,HDRS_M_2X17,"CONN, HEADER, Male, pitch: 2.54mm, 34POS"
5795,CONN_HEADER_2.54MM_ST_SMD.SCHLIB,HDRS_M_2X16,"CONN, HEADER, Male, pitch: 2.54mm, 32POS"
5796,CONN_HEADER_2.54MM_ST_SMD.SCHLIB,HDRS_M_2X15,"CONN, HEADER, Male, pitch: 2.54mm, 30POS"
5797,CONN_HEADER_2.54MM_ST_SMD.SCHLIB,HDRS_M_2X14,"CONN, HEADER, Male, pitch: 2.54mm, 28POS"
5798,CONN_HEADER_2.54MM_ST_SMD.SCHLIB,HDRS_M_2X13,"CONN, HEADER, Male, pitch: 2.54mm, 26POS"
5799,CONN_HEADER_2.54MM_ST_SMD.SCHLIB,HDRS_M_2X12,"CONN, HEADER, Male, pitch: 2.54mm, 24POS"
5800,CONN_HEADER_2.54MM_ST_SMD.SCHLIB,HDRS_M_2X11,"CONN, HEADER, Male, pitch: 2.54mm, 22POS"
5801,CONN_HEADER_2.54MM_ST_SMD.SCHLIB,HDRS_M_2X10,"CONN, HEADER, Male, pitch: 2.54mm, 20POS"
5802,CONN_HEADER_2.54MM_ST_SMD.SCHLIB,HDRS_M_1X10,"CONN, HEADER, Male, pitch: 2.54mm, SMD"
5803,CONN_HEADER_2.54MM_ST_SMD.SCHLIB,HDRS_F_2X10,"CONN, HEADER, Female, pitch: 2.54mm, SMD"
5804,CONN_HEADER_2.54MM_ST_SMD.SCHLIB,HDRS_F_1X10,"CONN, HEADER, Female, pitch: 2.54mm, SMD"
5805,CONN_HEADER_2.54MM_ST_SMD.SCHLIB,HDRS_M_2X9,"CONN, HEADER, Male, pitch: 2.54mm, 18POS"
5806,CONN_HEADER_2.54MM_ST_SMD.SCHLIB,HDRS_M_2X8,"CONN, HEADER, Male, pitch: 2.54mm, 16POS"
5807,CONN_HEADER_2.54MM_ST_SMD.SCHLIB,HDRS_M_2X7,"CONN, HEADER, Male, pitch: 2.54mm, 14POS, SMD"
5808,CONN_HEADER_2.54MM_ST_SMD.SCHLIB,HDRS_M_2X6,"CONN, HEADER, Male, pitch: 2.54mm, 12POS"
5809,CONN_HEADER_2.54MM_ST_SMD.SCHLIB,HDRS_M_2X5,"CONN, HEADER, Male, pitch: 2.54mm, 10POS, SMD"
5810,CONN_HEADER_2.54MM_ST_SMD.SCHLIB,HDRS_M_2X4,"CONN, HEADER, Male, pitch: 2.54mm, 8POS"
5811,CONN_HEADER_2.54MM_ST_SMD.SCHLIB,HDRS_M_2X3,"CONN, HEADER, Male, pitch: 2.54mm, 6POS, SMD"
5812,CONN_HEADER_2.54MM_ST_SMD.SCHLIB,HDRS_M_2X2,"CONN, HEADER, Male, pitch: 2.54mm, 4POS, SMD"
5813,CONN_HEADER_2.54MM_ST_SMD.SCHLIB,HDRS_M_1X9,"CONN, HEADER, Male, pitch: 2.54mm, SMD"
5814,CONN_HEADER_2.54MM_ST_SMD.SCHLIB,HDRS_M_1X8,"CONN, HEADER, Male, pitch: 2.54mm, 8POS, SMD"
5815,CONN_HEADER_2.54MM_ST_SMD.SCHLIB,HDRS_M_1X7,"CONN, HEADER, Male, pitch: 2.54mm, 7POS, SMD"
5816,CONN_HEADER_2.54MM_ST_SMD.SCHLIB,HDRS_M_1X6,"CONN, HEADER, Male, pitch: 2.54mm, 6POS, SMD"
5817,CONN_HEADER_2.54MM_ST_SMD.SCHLIB,HDRS_M_1X5,"CONN, HEADER, Male, pitch: 2.54mm, 5POS, SMD"
5818,CONN_HEADER_2.54MM_ST_SMD.SCHLIB,HDRS_M_1X4,"CONN, HEADER, Male, pitch: 2.54mm, 4POS, SMD"
5819,CONN_HEADER_2.54MM_ST_SMD.SCHLIB,HDRS_M_1X3,"CONN, HEADER, Male, pitch: 2.54mm, 3POS, SMD"
5820,CONN_HEADER_2.54MM_ST_SMD.SCHLIB,HDRS_M_1X2,"CONN, HEADER, Male, pitch: 2.54mm, 2POS, SMD"
5821,CONN_HEADER_2.54MM_ST_SMD.SCHLIB,HDRS_F_2X9,"CONN, HEADER, Female, pitch: 2.54mm, SMD"
5822,CONN_HEADER_2.54MM_ST_SMD.SCHLIB,HDRS_F_2X8,"CONN, HEADER, Female, pitch: 2.54mm, SMD"
5823,CONN_HEADER_2.54MM_ST_SMD.SCHLIB,HDRS_F_2X7,"CONN, HEADER, Female, pitch: 2.54mm, SMD"
5824,CONN_HEADER_2.54MM_ST_SMD.SCHLIB,HDRS_F_2X6,"CONN, HEADER, Female, pitch: 2.54mm, SMD"
5825,CONN_HEADER_2.54MM_ST_SMD.SCHLIB,HDRS_F_2X5,"CONN, HEADER, Female, pitch: 2.54mm, SMD"
5826,CONN_HEADER_2.54MM_ST_SMD.SCHLIB,HDRS_F_2X4,"CONN, HEADER, Female, pitch: 2.54mm, SMD"
5827,CONN_HEADER_2.54MM_ST_SMD.SCHLIB,HDRS_F_2X3,"CONN, HEADER, Female, pitch: 2.54mm, SMD"
5828,CONN_HEADER_2.54MM_ST_SMD.SCHLIB,HDRS_F_2X2,"CONN, HEADER, Female, pitch: 2.54mm, SMD"
5829,CONN_HEADER_2.54MM_ST_SMD.SCHLIB,HDRS_F_1X9,"CONN, HEADER, Female, pitch: 2.54mm, SMD"
5830,CONN_HEADER_2.54MM_ST_SMD.SCHLIB,HDRS_F_1X8,"CONN, HEADER, Female, pitch: 2.54mm, SMD"
5831,CONN_HEADER_2.54MM_ST_SMD.SCHLIB,HDRS_F_1X7,"CONN, HEADER, Female, pitch: 2.54mm, SMD"
5832,CONN_HEADER_2.54MM_ST_SMD.SCHLIB,HDRS_F_1X6,"CONN, HEADER, Female, pitch: 2.54mm, SMD"
5833,CONN_HEADER_2.54MM_ST_SMD.SCHLIB,HDRS_F_1X5,"CONN, HEADER, Female, pitch: 2.54mm, SMD"
5834,CONN_HEADER_2.54MM_ST_SMD.SCHLIB,HDRS_F_1X4,"CONN, HEADER, Female, pitch: 2.54mm, SMD"
5835,CONN_HEADER_2.54MM_ST_SMD.SCHLIB,HDRS_F_1X3,"CONN, HEADER, Female, pitch: 2.54mm, SMD"
5836,CONN_HEADER_2.54MM_ST_SMD.SCHLIB,HDRS_F_1X2,"CONN, HEADER, Female, pitch: 2.54mm, SMD"
5837,CONN_HEADER_2.54MM_ST_SMD_EDGE.SCHLIB,HDRSE_M_2X10,"CONN, HEADER, Male, pitch: 2.54mm, 20POS"
5838,CONN_HEADER_2.54MM_ST_SMD_EDGE.SCHLIB,HDRSE_M_1X12,"CONN, HEADER, Male, pitch: 2.54mm, 12POS"
5839,CONN_HEADER_2.54MM_ST_SMD_EDGE.SCHLIB,HDRSE_M_1X10,"CONN, HEADER, Male, pitch: 2.54mm, 10POS"
5840,CONN_HEADER_2.54MM_ST_SMD_EDGE.SCHLIB,HDRSE_F_2X10,"CONN, HEADER, Female, pitch: 2.54mm, 20POS"
5841,CONN_HEADER_2.54MM_ST_SMD_EDGE.SCHLIB,HDRSE_F_1X10,"CONN, HEADER, Female, pitch: 2.54mm, 10POS"
5842,CONN_HEADER_2.54MM_ST_SMD_EDGE.SCHLIB,HDRSE_M_2X9,"CONN, HEADER, Male, pitch: 2.54mm, 18POS"
5843,CONN_HEADER_2.54MM_ST_SMD_EDGE.SCHLIB,HDRSE_M_2X8,"CONN, HEADER, Male, pitch: 2.54mm, 16POS"
5844,CONN_HEADER_2.54MM_ST_SMD_EDGE.SCHLIB,HDRSE_M_2X7,"CONN, HEADER, Male, pitch: 2.54mm, 14POS"
5845,CONN_HEADER_2.54MM_ST_SMD_EDGE.SCHLIB,HDRSE_M_2X6,"CONN, HEADER, Male, pitch: 2.54mm, 12POS"
5846,CONN_HEADER_2.54MM_ST_SMD_EDGE.SCHLIB,HDRSE_M_2X5,"CONN, HEADER, Male, pitch: 2.54mm, 10POS"
5847,CONN_HEADER_2.54MM_ST_SMD_EDGE.SCHLIB,HDRSE_M_2X4,"CONN, HEADER, Male, pitch: 2.54mm, 8POS"
5848,CONN_HEADER_2.54MM_ST_SMD_EDGE.SCHLIB,HDRSE_M_2X3,"CONN, HEADER, Male, pitch: 2.54mm, 6POS"
5849,CONN_HEADER_2.54MM_ST_SMD_EDGE.SCHLIB,HDRSE_M_2X2,"CONN, HEADER, Male, pitch: 2.54mm, 4POS"
5850,CONN_HEADER_2.54MM_ST_SMD_EDGE.SCHLIB,HDRSE_M_2X1,"CONN, HEADER, Male, pitch: 2.54mm, 2POS"
5851,CONN_HEADER_2.54MM_ST_SMD_EDGE.SCHLIB,HDRSE_M_1X9,"CONN, HEADER, Male, pitch: 2.54mm, 9POS"
5852,CONN_HEADER_2.54MM_ST_SMD_EDGE.SCHLIB,HDRSE_M_1X8,"CONN, HEADER, Male, pitch: 2.54mm, 8POS"
5853,CONN_HEADER_2.54MM_ST_SMD_EDGE.SCHLIB,HDRSE_M_1X7,"CONN, HEADER, Male, pitch: 2.54mm, 7POS"
5854,CONN_HEADER_2.54MM_ST_SMD_EDGE.SCHLIB,HDRSE_M_1X6,"CONN, HEADER, Male, pitch: 2.54mm, 6POS"
5855,CONN_HEADER_2.54MM_ST_SMD_EDGE.SCHLIB,HDRSE_M_1X5,"CONN, HEADER, Male, pitch: 2.54mm, 5POS"
5856,CONN_HEADER_2.54MM_ST_SMD_EDGE.SCHLIB,HDRSE_M_1X4,"CONN, HEADER, Male, pitch: 2.54mm, 4POS"
5857,CONN_HEADER_2.54MM_ST_SMD_EDGE.SCHLIB,HDRSE_M_1X3,"CONN, HEADER, Male, pitch: 2.54mm, 3POS"
5858,CONN_HEADER_2.54MM_ST_SMD_EDGE.SCHLIB,HDRSE_M_1X2,"CONN, HEADER, Male, pitch: 2.54mm, 2POS"
5859,CONN_HEADER_2.54MM_ST_SMD_EDGE.SCHLIB,HDRSE_F_2X9,"CONN, HEADER, Female, pitch: 2.54mm, 18POS"
5860,CONN_HEADER_2.54MM_ST_SMD_EDGE.SCHLIB,HDRSE_F_2X8,"CONN, HEADER, Female, pitch: 2.54mm, 16POS"
5861,CONN_HEADER_2.54MM_ST_SMD_EDGE.SCHLIB,HDRSE_F_2X7,"CONN, HEADER, Female, pitch: 2.54mm, 14POS"
5862,CONN_HEADER_2.54MM_ST_SMD_EDGE.SCHLIB,HDRSE_F_2X6,"CONN, HEADER, Female, pitch: 2.54mm, 12POS"
5863,CONN_HEADER_2.54MM_ST_SMD_EDGE.SCHLIB,HDRSE_F_2X5,"CONN, HEADER, Female, pitch: 2.54mm, 10POS"
5864,CONN_HEADER_2.54MM_ST_SMD_EDGE.SCHLIB,HDRSE_F_2X4,"CONN, HEADER, Female, pitch: 2.54mm, 8POS"
5865,CONN_HEADER_2.54MM_ST_SMD_EDGE.SCHLIB,HDRSE_F_2X3,"CONN, HEADER, Female, pitch: 2.54mm, 6POS"
5866,CONN_HEADER_2.54MM_ST_SMD_EDGE.SCHLIB,HDRSE_F_2X2,"CONN, HEADER, Female, pitch: 2.54mm, 4POS"
5867,CONN_HEADER_2.54MM_ST_SMD_EDGE.SCHLIB,HDRSE_F_2X1,"CONN, HEADER, Female, pitch: 2.54mm, 2POS"
5868,CONN_HEADER_2.54MM_ST_SMD_EDGE.SCHLIB,HDRSE_F_1X9,"CONN, HEADER, Female, pitch: 2.54mm, 9POS"
5869,CONN_HEADER_2.54MM_ST_SMD_EDGE.SCHLIB,HDRSE_F_1X8,"CONN, HEADER, Female, pitch: 2.54mm, 8POS"
5870,CONN_HEADER_2.54MM_ST_SMD_EDGE.SCHLIB,HDRSE_F_1X7,"CONN, HEADER, Female, pitch: 2.54mm, 7POS"
5871,CONN_HEADER_2.54MM_ST_SMD_EDGE.SCHLIB,HDRSE_F_1X6,"CONN, HEADER, Female, pitch: 2.54mm, 6POS"
5872,CONN_HEADER_2.54MM_ST_SMD_EDGE.SCHLIB,HDRSE_F_1X5,"CONN, HEADER, Female, pitch: 2.54mm, 5POS"
5873,CONN_HEADER_2.54MM_ST_SMD_EDGE.SCHLIB,HDRSE_F_1X4,"CONN, HEADER, Female, pitch: 2.54mm, 4POS"
5874,CONN_HEADER_2.54MM_ST_SMD_EDGE.SCHLIB,HDRSE_F_1X3,"CONN, HEADER, Female, pitch: 2.54mm, 3POS"
5875,CONN_HEADER_2.54MM_ST_SMD_EDGE.SCHLIB,HDRSE_F_1X2,"CONN, HEADER, Female, pitch: 2.54mm, 2POS"
5876,CONN_JACKAV.SCHLIB,JACKA3.5SMD_35RASMT4BHNTRX,"Jack, Audio, Stereo, 3.5mm, RA, SMD"
5877,CONN_JACKAV.SCHLIB,JACKA3.5THD_SJ1-3535NG-PI,"Jack, Audio, Stereo, 3.5mm, RA, THD, Pink"
5878,CONN_JACKAV.SCHLIB,JACKA3.5THD_SJ1-3535NG-GR,"Jack, Audio, Stereo, 3.5mm, RA, THD, Green"
5879,CONN_JACKAV.SCHLIB,JACKA3.5THD_SJ1-3535NG-BE,"Jack, Audio, Stereo, 3.5mm, RA, THD, Blue"
5880,CONN_JACKAV.SCHLIB,JACKA2.5SMD_SJ1-2513-SMT,"Jack, Audio, Stereo, 2.5mm, RA, SMD"
5881,CONN_JACKAV.SCHLIB,JACKA3.5THD_SJ1-3535NG,"Jack, Audio, Stereo, 3.5mm, RA, THD, Black"
5882,CONN_JACKAV.SCHLIB,JACKA3.5SMD_STX-3500-5,"Jack, Audio, Stereo, 3.5mm, RA, SMD"
5883,CONN_JACKAV.SCHLIB,JACKA3.5SMD_STX-3500-4,"Jack, Audio, Stereo, 3.5mm, RA, SMD"
5884,CONN_JACKAV.SCHLIB,JACKA3.5SMD_STX-3500-3,"Jack, Audio, Stereo, 3.5mm, RA, SMD"
5885,CONN_JACKAV.SCHLIB,JACKA3.5SMD_PJ-340-SMD,"Jack, Audio, Stereo, 3.5mm, RA, THD"
5886,CONN_JACKAV.SCHLIB,JACKA3.5SMD_TSH-3865D,"Jack, Audio, Stereo, 3.5mm, RA, SMD"
5887,CONN_JACKAV.SCHLIB,JACKA3.5SMD_TSH-3864D,"Jack, Audio, Stereo, 3.5mm, RA, SMD"
5888,CONN_JACKAV.SCHLIB,JACKA3.5THD_TSH-3675,"Jack, Audio Phone, Stereo, 3.5mm, RA, THD"
5889,CONN_JACKAV.SCHLIB,JACKA3.5THD_STX-3000,"Jack, Audio, Stereo, 3.5mm, RA, THD"
5890,CONN_JACKAV.SCHLIB,JACKA3.5THD_SJ-43514,"Jack, Audio, Stereo, 3.5mm, RA, THD"
5891,CONN_JACKAV.SCHLIB,JACKA3.5SMD_SJ-43617,"Jack, Audio, Stereo, 3.5mm, RA, THD"
5892,CONN_JACKAV.SCHLIB,JACKA3.5THD_PJ-321B,"Jack, Audio, Stereo, 2.5mm, RA, SMD"
5893,CONN_JACKAV.SCHLIB,JACKA3.5THD_MJ-3502,"Jack, Audio, Mono, 3.5mm, RA, THD"
5894,CONN_JACKAV.SCHLIB,SPDIF_T_FCR684208T,"FIBER OPTIC TRANSMITTER IR, 16Mbps"
5895,CONN_JACKAV.SCHLIB,JACKA3.5THD_PJS-05,"Jack, Audio, Stereo, 3.5mm, RA, THD"
5896,CONN_JACKAV.SCHLIB,JACKA2.5SMD_PJ-237,"Jack, Audio, Stereo, 2.5mm, RA, SMD"
5897,CONN_JACKAV.SCHLIB,JACKV_RCA_RCJ-044,"Jack, RCA, VIDEO FEMALE, RA, THD, MONO, YELLOW"
5898,CONN_JACKAV.SCHLIB,SPDIF_T_PLT237,"FIBER OPTIC TRANSMITTER IR, 25Mbps"
5899,CONN_JACKAV.SCHLIB,SPDIF_T_PLT133,"FIBER OPTIC TRANSMITTER IR, 16Mbps"
5900,CONN_JACKAV.SCHLIB,JACKV_RCA_TRC,"Jack, RCA, VIDEO FEMALE, RA, THD"
5901,CONN_JACKAV.SCHLIB,CONNA3.5MM,"Conn, Audio, 3.5mm"
5902,CONN_JACKAV.SCHLIB,JACKV_RCA,"Jack, RCA, VIDEO FEMALE, RA, THD"
5903,CONN_OPTIC.SCHLIB,CONN_QSFP_38_SH,"CONN, QSFP PLUS (SFP+) RCPT 20POS R/A GOLD SMD"
5904,CONN_OPTIC.SCHLIB,CONN_SFP_20_SH,"CONN, SFP PLUS (SFP+) RCPT 20POS R/A GOLD SMD"
5905,CONN_OPTIC.SCHLIB,CONN_SFP_QUAD,Connector SFP+ 2X2
5906,CONN_OPTIC.SCHLIB,CONN_QSFP_38,"CONN, QSFP PLUS (SFP+) RCPT 20POS R/A GOLD SMD"
5907,CONN_OPTIC.SCHLIB,CONN_SFP_20,"CONN, SFP PLUS (SFP+) RCPT 20POS R/A GOLD SMD"
5908,CONN_PCIE_PCI.SCHLIB,PCIE-164-02-F-D-EMS2,"PCI Express Edge Card Connector 1.00 mm, Edge Mount"
5909,CONN_PCIE_PCI.SCHLIB,PCIE-064-02-F-D-EMS2,"PCI Express Edge Card Connector 1.00 mm, Edge Mount"
5910,CONN_PCIE_PCI.SCHLIB,PCIE_EDGE_X16_LOCK,"PCIE, 16LANE, EDGE pcb connections"
5911,CONN_PCIE_PCI.SCHLIB,PCIE-164-02-F-D-TH,"PCI Express Edge Card Connector 1.00 mm, THD"
5912,CONN_PCIE_PCI.SCHLIB,PCIE-164-02-F-D-RA,"PCI Express Edge Card Connector 1.00 mm, Right Angle"
5913,CONN_PCIE_PCI.SCHLIB,PCIE-064-02-F-D-TH,"PCI Express Edge Card Connector 1.00 mm, THD"
5914,CONN_PCIE_PCI.SCHLIB,PCIE-064-02-F-D-RA,"PCI Express Edge Card Connector 1.00 mm, Right Angle"
5915,CONN_PCIE_PCI.SCHLIB,PCIE_SLOT_MINI_L,"CONN, PCIE LATCH, MINI, 2X26, SMT 0.8mm"
5916,CONN_PCIE_PCI.SCHLIB,PCIE_BRACKET_LP,PC IO BOARD BRACKET
5917,CONN_PCIE_PCI.SCHLIB,PCIE_SLOT_MINI,"CONN, PCIE SLOT, MINI, 2X26, SMT 0.8mm SP 1136H"
5918,CONN_PCIE_PCI.SCHLIB,PCIE_EDGE_X16,"PCIE, 16LANE, EDGE pcb connections"
5919,CONN_PCIE_PCI.SCHLIB,PCIE_SLOT_X1,"CONN, PCI EXPRESS Slot, 36POS, VERT, THD"
5920,CONN_PCIE_PCI.SCHLIB,PCIE_EDGE_X8,"PCIE, 8LANE, EDGE pcb connections"
5921,CONN_PCIE_PCI.SCHLIB,PCIE_EDGE_X4,"PCIE, 4LANE, EDGE pcb connections"
5922,CONN_PCIE_PCI.SCHLIB,PCIE_EDGE_X1,"PCIE, 1LANE, EDGE pcb connections"
5923,CONN_PCIE_PCI.SCHLIB,PCIE_BRACKET,PC IO BOARD BRACKET
5924,CONN_POWER.SCHLIB,CONN_ATXPWR_20_Breakout,"CONN, ATX POWER, 20 P, Molex Mini-Fit 4.2mm pitch"
5925,CONN_POWER.SCHLIB,CONN_ATXPWR4242_10,"CONN, ATX POWER, 10 P"
5926,CONN_POWER.SCHLIB,CONN_BNANASKT_RED,Banana socket long Red
5927,CONN_POWER.SCHLIB,CONN_BNANASKT_BLK,Banana socket long black
5928,CONN_POWER.SCHLIB,CONN_ATXPWR4242_8,"CONN, ATX POWER, 8 P"
5929,CONN_POWER.SCHLIB,CONN_ATXPWR4242_6,"CONN, ATX POWER, 6 P"
5930,CONN_POWER.SCHLIB,CONN_ATXPWR4242_4,"CONN, ATX POWER, 4 P"
5931,CONN_POWER.SCHLIB,CONN_ATXPWR4242_2,"CONN, ATX POWER, 2 P"
5932,CONN_POWER.SCHLIB,CONN_ATXPWR_20_R,"CONN, ATX POWER, 20 P, Molex Mini-Fit 4.2mm pitch"
5933,CONN_POWER.SCHLIB,CONN_ATXPWR_6R,"CONN, ATX POWER, 6 P"
5934,CONN_POWER.SCHLIB,CONN_ATXPWR_4R,"CONN, ATX POWER, 4 P, right angle"
5935,CONN_POWER.SCHLIB,CONN_ATXPWR_20,"CONN, ATX POWER, 20 P, Molex Mini-Fit 4.2mm pitch"
5936,CONN_POWER.SCHLIB,CONN_ATXPWR_10,"CONN, ATX POWER, 10 P"
5937,CONN_POWER.SCHLIB,CONN_ATXPWR_8,"CONN, ATX POWER, 8 P"
5938,CONN_POWER.SCHLIB,CONN_ATXPWR_6,"CONN, ATX POWER, 6 P"
5939,CONN_POWER.SCHLIB,CONN_ATXPWR_4,"CONN, ATX POWER, 4 P"
5940,CONN_POWER.SCHLIB,CONN_ATXPWR_2,"CONN, ATX POWER, 2 P"
5941,CONN_POWER.SCHLIB,AC_SKT_CEF_MP,"AC power Brass socket METAL PART of Type C, E, F"
5942,CONN_POWER.SCHLIB,TABTERM_6P35,"Tab terminal FASTON 250, 6.35 mm width, 0.8 mm thickness"
5943,CONN_POWER.SCHLIB,TABTERM_2P8,"Tab terminal FASTON 110, 2.8 mm width, 0.8 mm thickness"
5944,CONN_POWER.SCHLIB,CONN_PWL_10,"Power Terminal 10pin,Header, 10-Pin"
5945,CONN_POWER.SCHLIB,CONN_DDPWR4,"CONN, DP04PR IDE DISK DRIVE 4pin"
5946,CONN_POWER.SCHLIB,CONN_PWL_9,"Power Terminal 9pin,Header, 9-Pin"
5947,CONN_POWER.SCHLIB,CONN_PWL_8,"Power Terminal 8pin,Header, 8-Pin"
5948,CONN_POWER.SCHLIB,CONN_PWL_7,"Power Terminal 7pin,Header, 7-Pin"
5949,CONN_POWER.SCHLIB,CONN_PWL_6,"Power Terminal 6pin,Header, 6-Pin"
5950,CONN_POWER.SCHLIB,CONN_PWL_5,"Power Terminal 5pin,Header, 5-Pin"
5951,CONN_POWER.SCHLIB,CONN_PWL_4,"Power Terminal 4pin,Header, 4-Pin"
5952,CONN_POWER.SCHLIB,CONN_PWL_3,"Power Terminal 3pin,Header, 3-Pin"
5953,CONN_POWER.SCHLIB,CONN_PWL_2,"Power Terminal 2pin,Header, 2-Pin"
5954,CONN_POWERJACK.SCHLIB,CONN_PWR_JACKS2.5_PJ-011,"CONN, PWR JACK DC, PLUG DIAM 2.5MM ST THD"
5955,CONN_POWERJACK.SCHLIB,CONN_PWR_JACKR2_PJ-089AH,"CONN, PWR JACK DC, PLUG DIAM 2.0MM RA THD Shield"
5956,CONN_POWERJACK.SCHLIB,CONN_PWR_JACKR2_PJ-079AH,"CONN, PWR JACK DC, PLUG DIAM 2.0MM RA THD Shield"
5957,CONN_POWERJACK.SCHLIB,CONN_PWR_JACKR2_PJ-063AH,"CONN, PWR JACK DC, PLUG DIAM 2.0MM RA THD Shield"
5958,CONN_POWERJACK.SCHLIB,CONN_PWR_JACKS2_PJ-065,"CONN, PWR JACK DC, PLUG DIAM 2.0MM ST THD"
5959,CONN_POWERJACK.SCHLIB,CONN_PWR_JACKS2_PJ-011,"CONN, PWR JACK DC, PLUG DIAM 2.5MM ST THD"
5960,CONN_POWERJACK.SCHLIB,CONN_PWR_JACKS2_PJ-005,"CONN, PWR JACK DC, PLUG DIAM 2.0MM ST THD"
5961,CONN_POWERJACK.SCHLIB,CONN_PWR_JACKS2_DC-022,"CONN, PWR JACK DC, PLUG DIAM 2.0MM ST THD"
5962,CONN_POWERJACK.SCHLIB,CONN_PWR_JACKS2.5_712A,"CONN, PWR JACK DC, PLUG DIAM 2.5MM ST THD"
5963,CONN_POWERJACK.SCHLIB,CONN_PWR_JACKR2_PJ-066,"CONN, PWR JACK DC, PLUG DIAM 2.0MM THD"
5964,CONN_POWERJACK.SCHLIB,CONN_PWR_JACKR2_PJ-003,"CONN, PWR JACK DC, PLUG DIAM 2.0MM RA THD"
5965,CONN_POWERJACK.SCHLIB,CONN_PWR_JACKR2_L722RA,"CONN, PWR JACK DC, PLUG DIAM 2.0MM THD"
5966,CONN_POWERJACK.SCHLIB,CONN_PWR_JACKR2_722RA,"CONN, PWR JACK DC, PLUG DIAM 2.0MM THD"
5967,CONN_POWERJACK.SCHLIB,CONN_PWR_JACKS2_722A,"CONN, PWR JACK DC, PLUG DIAM 2.0MM ST THD"
5968,CONN_POWERJACK.SCHLIB,CONN_PWR_JACKS2_721A,"CONN, PWR JACK DC, PLUG DIAM 2.1MM ST THD"
5969,CONN_POWERJACK.SCHLIB,CONN_PWR_JACKR2_SMD,"CONN, PWR JACK, SMD  2.0mm x 6.3mm"
5970,CONN_POWERJACK.SCHLIB,CONN_PWR_JACKR07,"CONN, PWR JACK DC, PLUG DIAM 0.7mm , RA THD"
5971,CONN_POWERJACK.SCHLIB,CONN_PWR_KPJX4S,"CONN, PWR, KPJX-4S"
5972,CONN_POWERJACK.SCHLIB,CONN_PWR_JACKR2,"CONN, PWR JACK DC, PLUG DIAM 2.0MM RA THD"
5973,CONN_POWERJACK.SCHLIB,CONN_PWR_JACKR1,"CONN, PWR JACK DC, PLUG DIAM 1.0MM RA THD"
5974,CONN_PROGRAM.SCHLIB,CONN_JTAG_SITARA_20,"CONN, JTAG, SITARA ARM, 20P"
5975,CONN_PROGRAM.SCHLIB,CONN_AVR_PDI_HATTEL,"CONN, ISP, AVR, PDI_HATTEL"
5976,CONN_PROGRAM.SCHLIB,CONN_AVR_ISP_HATTEL,"CONN, ISP, AVR, HATTEL"
5977,CONN_PROGRAM.SCHLIB,CONN_JTAG_FPGA_14C,"CONN, JTAG, FPGA, 14P"
5978,CONN_PROGRAM.SCHLIB,CONN_AVR_ISP_IDC10,"CONN, ISP, AVR"
5979,CONN_PROGRAM.SCHLIB,CONN_JTAG_FPGA_14,"CONN, JTAG, FPGA, 14P"
5980,CONN_PROGRAM.SCHLIB,CONN_JTAG_FPGA_10,"CONN, JTAG, FPGA, 10P"
5981,CONN_PROGRAM.SCHLIB,CONN_AVR_TPI_IDC6,"CONN, TPI, AVR , HEADER BOX"
5982,CONN_PROGRAM.SCHLIB,CONN_AVR_PDI_IDC6,"CONN, TPI, AVR , HEADER BOX"
5983,CONN_PROGRAM.SCHLIB,CONN_AVR_ISP_IDC6,"CONN, ISP, AVR , HEADER BOX"
5984,CONN_PROGRAM.SCHLIB,CONN_JTAG_FPGA_6,"CONN, JTAG, FPGA, HEADER 6P"
5985,CONN_PROGRAM.SCHLIB,CONN_JTAG_ARM_20,"CONN, JTAG, ARM, 20P"
5986,CONN_PROGRAM.SCHLIB,CONN_JTAG_ARM_10,"CONN, JTAG, ARM, 10P"
5987,CONN_PROGRAM.SCHLIB,CONN_AVR_ISP_TNM,"CONN, ISP, AVR Programmer TNM"
5988,CONN_PROGRAM.SCHLIB,CONN_TC2050-IDC,"CONN, TC2050-IDC"
5989,CONN_PROGRAM.SCHLIB,CONN_TC2030-IDC,"CONN, TC2030-IDC"
5990,CONN_PROGRAM.SCHLIB,CONN_AVR_ISP_H6,"CONN, ISP, AVR ATMEGA32DIP, HEADER"
5991,CONN_PROGRAM.SCHLIB,CONN_AVR_ISP_H5,"CONN, ISP, AVR"
5992,CONN_PROGRAM.SCHLIB,CONN_JTAG_DSP,"CONN, JTAG, DSP, 20P"
5993,CONN_PROGRAM.SCHLIB,CONN_STLINK,"CONN, STLINK"
5994,CONN_PROGRAM.SCHLIB,CONN_SWD,"CONN, SWD, ST"
5995,CONN_RF.SCHLIB,CONN_RF_SMA_EM_1420701851,"CONN, RF, SMA, Edge mounting"
5996,CONN_RF.SCHLIB,CONN_RF_MMCX_ST_SMT,"CONN, RF, MMCX, STRAIGHT"
5997,CONN_RF.SCHLIB,CONN_RF_MCXS_ST_SMT,"CONN, RF, MCX, STRAIGHT, SQUARE"
5998,CONN_RF.SCHLIB,CONN_RF_MCXS_RA_SMT,"CONN, RF, MCX, STRAIGHT, SQUARE"
5999,CONN_RF.SCHLIB,CONN_RF_SSMC_RA_BH,"Conn RF, right-angle THD, Jack Bulkhead"
6000,CONN_RF.SCHLIB,CONN_RF_MMCX_ST2,"CONN, RF, MMCX, STRAIGHT"
6001,CONN_RF.SCHLIB,CONN_RF_SMA_ST2,"CONN, RF, SMA, STRAIGHT, smt pin with 4 tht pin ground"
6002,CONN_RF.SCHLIB,CONN_RF_SMA_RA2,"CONN, RF, SMA, Right Angle"
6003,CONN_RF.SCHLIB,CONN_RF_SMA_PN4,"CONN, RF, SMA, Wall mounting 1pin"
6004,CONN_RF.SCHLIB,CONN_RF_SMA_PN2,"CONN, RF, SMA, Wall mounting 1pin"
6005,CONN_RF.SCHLIB,CONN_RF_SMA_CPX,"CONN, RF, SMA, STRAIGHT, COMPLEX THD SMT"
6006,CONN_RF.SCHLIB,CONN_RF_MMCX_ST,"CONN, RF, MMCX, STRAIGHT"
6007,CONN_RF.SCHLIB,CONN_RF_MMCX_RA,"CONN, RF, MMCX, RIGHT ANGLE"
6008,CONN_RF.SCHLIB,CONN_RF_MCXS_ST,"CONN, RF, MCX, STRAIGHT, SQUARE"
6009,CONN_RF.SCHLIB,CONN_RF_MCXS_RA,"CONN, RF, MCX, STRAIGHT, SQUARE"
6010,CONN_RF.SCHLIB,CONN_RF_MCXC_ST,"CONN, RF, MCX, STRAIGHT, CIRCULAR"
6011,CONN_RF.SCHLIB,CONN_RF_SMB_ST,"CONN, RF, SMB, STRAIGHT"
6012,CONN_RF.SCHLIB,CONN_RF_SMA_ST,"CONN, RF, SMA, STRAIGHT"
6013,CONN_RF.SCHLIB,CONN_RF_SMA_RA,"CONN, RF, SMA, Right Angle"
6014,CONN_RF.SCHLIB,CONN_RF_SMA_EM,"CONN, RF, SMA, Edge mounting"
6015,CONN_RF.SCHLIB,CONN_RF_BNC_ST,"CONN, RF, BNC, STRAIGHT"
6016,CONN_RF.SCHLIB,CONN_RF_BNC_RA,"CONN, RF, BNC, STRAIGHT"
6017,CONN_RF.SCHLIB,CONN_RF_MMBX,"CONN, RF, MMBX, STRAIGHT (B2B CONN)"
6018,CONN_RF.SCHLIB,CONN_RF_UFL,"CONN, RF, U.FL, STRAIGHT, Ultra Miniature Coaxial"
6019,CONN_RJ_MODULARJACK.SCHLIB,RJ45_HFJ11-1G01E-L12RL,"RJ45, 10/100/1000, with Magnetic"
6020,CONN_RJ_MODULARJACK.SCHLIB,RJ45_MOLEX_0934635206,"RJ45, 10/100BASE, G/Y LED, UpTab"
6021,CONN_RJ_MODULARJACK.SCHLIB,RJ45_HFJ11-E2450E-L12,"RJ45, 10/100BASE, G/Y LED"
6022,CONN_RJ_MODULARJACK.SCHLIB,RJ45_HFJ11-E1G41E-L12,"RJ45, 10/100/1000, with Magnetic, G/Y LED"
6023,CONN_RJ_MODULARJACK.SCHLIB,RJ45_HFJ11-E1G16E-L12,"RJ45, 10/100/1000, with Magnetic, G/Y LED"
6024,CONN_RJ_MODULARJACK.SCHLIB,RJ45_WE_7498111120,"RJ45, 1000Base, with Magnetic + LED G/Y"
6025,CONN_RJ_MODULARJACK.SCHLIB,RJ45_WE_7498111001,"RJ45, 1000Base, with Magnetic"
6026,CONN_RJ_MODULARJACK.SCHLIB,RJ45_HFJ11-1G01ERL,"RJ45, 10/100/1000, with Magnetic"
6027,CONN_RJ_MODULARJACK.SCHLIB,RJ45_8S_RA_TU_L_TE,"RJ45, 8P+LED, SHIELDED, RightAngle, TabUP"
6028,CONN_RJ_MODULARJACK.SCHLIB,RJ45_8S_RA_TD_L_AM,"RJ45, 8P+LED, SHIELDED, RightAngle, TabDown"
6029,CONN_RJ_MODULARJACK.SCHLIB,RJ45_RB1-125BAG1A,"RJ45, 10/100BASE, G/Y LED"
6030,CONN_RJ_MODULARJACK.SCHLIB,RJ45_8S_ST_CRJ043,"RJ45, 8P, SHIELDED, Straight, TOP Entry"
6031,CONN_RJ_MODULARJACK.SCHLIB,RJ45_8S_RA_TD_SMD,"RJ45, 8P, SHIELDED, RightAngle, TabDown, SMDEMI panel ground"
6032,CONN_RJ_MODULARJACK.SCHLIB,RJ45_MOLEX100SMD,"RJ45, 10/100BASE, G/Y LED, SMT"
6033,CONN_RJ_MODULARJACK.SCHLIB,RJ45_JXK0-0190NL,"RJ45, 1000BASE, G/Y LED + POE"
6034,CONN_RJ_MODULARJACK.SCHLIB,RJ45_JXD1-1001NL,"RJ45, 10/100BASE, G/Y LED"
6035,CONN_RJ_MODULARJACK.SCHLIB,RJ45_8S_RA_SMD_L,"RJ45, 8P, SHIELDED, RightAngle, TabUp, SMDEMI panel ground"
6036,CONN_RJ_MODULARJACK.SCHLIB,RJ45_8P8C_ST_SMD,"RJ45, 8P8C, Straight, SMD"
6037,CONN_RJ_MODULARJACK.SCHLIB,RJ45_8P8C_RA_SMD,"RJ45, 8P8C, RightAngle, Tab Down SMD"
6038,CONN_RJ_MODULARJACK.SCHLIB,RJ45_8S_RA_TU_L,"RJ45, 8P+LED, SHIELDED, RightAngle, TabUP"
6039,CONN_RJ_MODULARJACK.SCHLIB,RJ45_TE2301994,"RJ45, 10/100/1000, with Magnetic, G/Y LED"
6040,CONN_RJ_MODULARJACK.SCHLIB,RJ45_HY911130A,"RJ45, 100/1000BASE, G/Y LED"
6041,CONN_RJ_MODULARJACK.SCHLIB,RJ45_HR915350C,"RJ45, 10/100/1000, with Magnetic"
6042,CONN_RJ_MODULARJACK.SCHLIB,RJ45_HR911105A,"RJ45, 10/100BASE, G/Y LED"
6043,CONN_RJ_MODULARJACK.SCHLIB,RJ45_HR911103A,"RJ45, 10/100BASE, G/Y LED"
6044,CONN_RJ_MODULARJACK.SCHLIB,RJ45_8S_RA_SMD,"RJ45, 8P, SHIELDED, RightAngle, TabUp, SMDEMI panel ground"
6045,CONN_RJ_MODULARJACK.SCHLIB,RJ45_8P8C_RATU,"RJ45, 8P8C, RightAngle, TabUp"
6046,CONN_RJ_MODULARJACK.SCHLIB,RJ45_8P8C_RATD,"RJ45, 8P8C, RightAngle, Tab Down"
6047,CONN_RJ_MODULARJACK.SCHLIB,RJ45_8P4C_RATD,"RJ45, 8P4C, RightAngle, Tab Down"
6048,CONN_RJ_MODULARJACK.SCHLIB,RJ11_6P6C_RATU,"RJ11, RJ25, 6P6C, RightAngle, Tab Up"
6049,CONN_RJ_MODULARJACK.SCHLIB,RJ11_6P6C_RATD,"RJ11, RJ25, 6P6C, RightAngle, TabDown"
6050,CONN_RJ_MODULARJACK.SCHLIB,RJ11_6P4C_RATU,"RJ11, RJ14, 6P4C, RightAngle, Tab Up"
6051,CONN_RJ_MODULARJACK.SCHLIB,RJ11_6P4C_RATD,"RJ11, RJ14, 6P4C, RightAngle, TabDown"
6052,CONN_RJ_MODULARJACK.SCHLIB,RJ11_6P2C_RATU,"RJ11, 6P2C, RightAngle, Tab Up"
6053,CONN_RJ_MODULARJACK.SCHLIB,RJ9_4P4C_RATU,"RJ9, RJ11, 4P4C, RightAngle, Tab Up,"
6054,CONN_RJ_MODULARJACK.SCHLIB,RJ9_4P4C_RATD,"RJ9, RJ11, 4P4C, RightAngle, TabDown"
6055,CONN_RJ_MODULARJACK.SCHLIB,RJ45_RJ000002,"RJ45, 10/100BASE, G/Y LED"
6056,CONN_RJ_MODULARJACK.SCHLIB,RJ45_8S_RA_TU,"RJ45, 8P, SHIELDED, RightAngle, TabUP"
6057,CONN_RJ_MODULARJACK.SCHLIB,RJ45_8S_RA_TD,"RJ45, 8P, SHIELDED, RightAngle, TabDown"
6058,CONN_RJ_MODULARJACK.SCHLIB,RJ9_4P4C_SMD,"RJ9, RJ11, 4P4C, RightAngle, Tab Up,"
6059,CONN_RJ_MODULARJACK.SCHLIB,RJ45_LPJ0011,"RJ45, 10/100BASE, G/Y LED"
6060,CONN_RJ_MODULARJACK.SCHLIB,RJ45_8P8C_ST,"RJ45, 8P8C, Straight, TOP Entry"
6061,CONN_RJ_MODULARJACK.SCHLIB,RJ11_6P6C_ST,"RJ11, RJ25, 6P6C, Straight, TOP Entry"
6062,CONN_RJ_MODULARJACK.SCHLIB,RJ11_6P4C_ST,"RJ11, RJ14, 6P4C, Straight, TOP Entry"
6063,CONN_RJ_MODULARJACK.SCHLIB,RJ9_4P4C_ST,"RJ9, RJ11, 4P4C, Straight"
6064,CONN_SATA.SCHLIB,CONN_SATA7_SMD_RA,"CONN, SATA, 7POS, RightAngle, THD"
6065,CONN_SATA.SCHLIB,CONN_SATA22_THD,"CONN, SATA, 22POS, Vertical, THD"
6066,CONN_SATA.SCHLIB,CONN_SATA7_THD,"CONN, SATA, 7POS, Vertical, THD"
6067,CONN_SATA.SCHLIB,CONN_SATA7_SMD,"CONN, SATA, 7POS, Vertical, THD"
6068,CONN_TERMINALB.SCHLIB,CONN_DG136HT_10P16_10,"Terminal Block Screw, Pitch 10.16mm, H 30.8mm, 300v/60A"
6069,CONN_TERMINALB.SCHLIB,CONN_DG136HT_10P16_09,"Terminal Block Screw, Pitch 10.16mm, H 30.8mm, 300v/60A"
6070,CONN_TERMINALB.SCHLIB,CONN_DG136HT_10P16_08,"Terminal Block Screw, Pitch 10.16mm, H 30.8mm, 300v/60A"
6071,CONN_TERMINALB.SCHLIB,CONN_DG136HT_10P16_07,"Terminal Block Screw, Pitch 10.16mm, H 30.8mm, 300v/60A"
6072,CONN_TERMINALB.SCHLIB,CONN_DG136HT_10P16_06,"Terminal Block Screw, Pitch 10.16mm, H 30.8mm, 300v/60A"
6073,CONN_TERMINALB.SCHLIB,CONN_DG136HT_10P16_05,"Terminal Block Screw, Pitch 10.16mm, H 30.8mm, 300v/60A"
6074,CONN_TERMINALB.SCHLIB,CONN_DG136HT_10P16_04,"Terminal Block Screw, Pitch 10.16mm, H 30.8mm, 300v/60A"
6075,CONN_TERMINALB.SCHLIB,CONN_DG136HT_10P16_03,"Terminal Block Screw, Pitch 10.16mm, H 30.8mm, 300v/60A"
6076,CONN_TERMINALB.SCHLIB,CONN_DG136HT_10P16_02,"Terminal Block Screw, Pitch 10.16mm, H 30.8mm, 300v/60A"
6077,CONN_TERMINALB.SCHLIB,CONN_DG136T_10P16_10,"Terminal Block Screw, Pitch 10.16mm, H 29.3mm, 300v/60A"
6078,CONN_TERMINALB.SCHLIB,CONN_DG136T_10P16_09,"Terminal Block Screw, Pitch 10.16mm, H 29.3mm, 300v/60A"
6079,CONN_TERMINALB.SCHLIB,CONN_DG136T_10P16_08,"Terminal Block Screw, Pitch 10.16mm, H 29.3mm, 300v/60A"
6080,CONN_TERMINALB.SCHLIB,CONN_DG136T_10P16_07,"Terminal Block Screw, Pitch 10.16mm, H 29.3mm, 300v/60A"
6081,CONN_TERMINALB.SCHLIB,CONN_DG136T_10P16_06,"Terminal Block Screw, Pitch 10.16mm, H 29.3mm, 300v/60A"
6082,CONN_TERMINALB.SCHLIB,CONN_DG136T_10P16_05,"Terminal Block Screw, Pitch 10.16mm, H 29.3mm, 300v/60A"
6083,CONN_TERMINALB.SCHLIB,CONN_DG136T_10P16_04,"Terminal Block Screw, Pitch 10.16mm, H 29.3mm, 300v/60A"
6084,CONN_TERMINALB.SCHLIB,CONN_DG136T_10P16_03,"Terminal Block Screw, Pitch 10.16mm, H 29.3mm, 300v/60A"
6085,CONN_TERMINALB.SCHLIB,CONN_DG136T_10P16_02,"Terminal Block Screw, Pitch 10.16mm, H 29.3mm, 300v/60A"
6086,CONN_TERMINALB.SCHLIB,CONN_DG136HT_12P7_10,"Terminal Block Screw, Pitch 12.7mm, H 30.8mm, 600v/60A"
6087,CONN_TERMINALB.SCHLIB,CONN_DG136HT_12P7_09,"Terminal Block Screw, Pitch 12.7mm, H 30.8mm, 600v/60A"
6088,CONN_TERMINALB.SCHLIB,CONN_DG136HT_12P7_08,"Terminal Block Screw, Pitch 12.7mm, H 30.8mm, 600v/60A"
6089,CONN_TERMINALB.SCHLIB,CONN_DG136HT_12P7_07,"Terminal Block Screw, Pitch 12.7mm, H 30.8mm, 600v/60A"
6090,CONN_TERMINALB.SCHLIB,CONN_DG136HT_12P7_06,"Terminal Block Screw, Pitch 12.7mm, H 30.8mm, 600v/60A"
6091,CONN_TERMINALB.SCHLIB,CONN_DG136HT_12P7_05,"Terminal Block Screw, Pitch 12.7mm, H 30.8mm, 600v/60A"
6092,CONN_TERMINALB.SCHLIB,CONN_DG136HT_12P7_04,"Terminal Block Screw, Pitch 12.7mm, H 30.8mm, 600v/60A"
6093,CONN_TERMINALB.SCHLIB,CONN_DG136HT_12P7_03,"Terminal Block Screw, Pitch 12.7mm, H 30.8mm, 600v/60A"
6094,CONN_TERMINALB.SCHLIB,CONN_DG136HT_12P7_02,"Terminal Block Screw, Pitch 12.7mm, H 30.8mm, 600v/60A"
6095,CONN_TERMINALB.SCHLIB,CONN_DG137T_15P0_10,"Terminal Block Screw, Pitch 15mm, H 39mm, 600v/115A"
6096,CONN_TERMINALB.SCHLIB,CONN_DG137T_15P0_09,"Terminal Block Screw, Pitch 15mm, H 39mm, 600v/115A"
6097,CONN_TERMINALB.SCHLIB,CONN_DG137T_15P0_08,"Terminal Block Screw, Pitch 15mm, H 39mm, 600v/115A"
6098,CONN_TERMINALB.SCHLIB,CONN_DG137T_15P0_07,"Terminal Block Screw, Pitch 15mm, H 39mm, 600v/115A"
6099,CONN_TERMINALB.SCHLIB,CONN_DG137T_15P0_06,"Terminal Block Screw, Pitch 15mm, H 39mm, 600v/115A"
6100,CONN_TERMINALB.SCHLIB,CONN_DG137T_15P0_05,"Terminal Block Screw, Pitch 15mm, H 39mm, 600v/115A"
6101,CONN_TERMINALB.SCHLIB,CONN_DG137T_15P0_04,"Terminal Block Screw, Pitch 15mm, H 39mm, 600v/115A"
6102,CONN_TERMINALB.SCHLIB,CONN_DG137T_15P0_03,"Terminal Block Screw, Pitch 15mm, H 39mm, 600v/115A"
6103,CONN_TERMINALB.SCHLIB,CONN_DG137T_15P0_02,"Terminal Block Screw, Pitch 15mm, H 39mm, 600v/115A"
6104,CONN_TERMINALB.SCHLIB,CONN_DG136T_12P7_10,"Terminal Block Screw, Pitch 12.7mm, H 29.3mm, 600v/60A"
6105,CONN_TERMINALB.SCHLIB,CONN_DG136T_12P7_09,"Terminal Block Screw, Pitch 12.7mm, H 29.3mm, 600v/60A"
6106,CONN_TERMINALB.SCHLIB,CONN_DG136T_12P7_08,"Terminal Block Screw, Pitch 12.7mm, H 29.3mm, 600v/60A"
6107,CONN_TERMINALB.SCHLIB,CONN_DG136T_12P7_07,"Terminal Block Screw, Pitch 12.7mm, H 29.3mm, 600v/60A"
6108,CONN_TERMINALB.SCHLIB,CONN_DG136T_12P7_06,"Terminal Block Screw, Pitch 12.7mm, H 29.3mm, 600v/60A"
6109,CONN_TERMINALB.SCHLIB,CONN_DG136T_12P7_05,"Terminal Block Screw, Pitch 12.7mm, H 29.3mm, 600v/60A"
6110,CONN_TERMINALB.SCHLIB,CONN_DG136T_12P7_04,"Terminal Block Screw, Pitch 12.7mm, H 29.3mm, 600v/60A"
6111,CONN_TERMINALB.SCHLIB,CONN_DG136T_12P7_03,"Terminal Block Screw, Pitch 12.7mm, H 29.3mm, 600v/60A"
6112,CONN_TERMINALB.SCHLIB,CONN_DG136T_12P7_02,"Terminal Block Screw, Pitch 12.7mm, H 29.3mm, 600v/60A"
6113,CONN_TERMINALB.SCHLIB,CONN_15EDGV_5P08_10,"Terminal Block Pluggable, Pitch 5.08mm, H 9.2mm, Vertical"
6114,CONN_TERMINALB.SCHLIB,CONN_15EDGV_5P08_09,"Terminal Block Pluggable, Pitch 5.08mm, H 9.2mm, Vertical"
6115,CONN_TERMINALB.SCHLIB,CONN_15EDGV_5P08_08,"Terminal Block Pluggable, Pitch 5.08mm, H 9.2mm, Vertical"
6116,CONN_TERMINALB.SCHLIB,CONN_15EDGV_5P08_07,"Terminal Block Pluggable, Pitch 5.08mm, H 9.2mm, Vertical"
6117,CONN_TERMINALB.SCHLIB,CONN_15EDGV_5P08_06,"Terminal Block Pluggable, Pitch 5.08mm, H 9.2mm, Vertical"
6118,CONN_TERMINALB.SCHLIB,CONN_15EDGV_5P08_05,"Terminal Block Pluggable, Pitch 5.08mm, H 9.2mm, Vertical"
6119,CONN_TERMINALB.SCHLIB,CONN_15EDGV_5P08_04,"Terminal Block Pluggable, Pitch 5.08mm, H 9.2mm, Vertical"
6120,CONN_TERMINALB.SCHLIB,CONN_15EDGV_5P08_03,"Terminal Block Pluggable, Pitch 5.08mm, H 9.2mm, Vertical"
6121,CONN_TERMINALB.SCHLIB,CONN_15EDGV_5P08_02,"Terminal Block Pluggable, Pitch 5.08mm, H 9.2mm, Vertical"
6122,CONN_TERMINALB.SCHLIB,CONN_15EDGR_5P08_10,"Terminal Block Pluggable, Pitch 5.08mm, H 7.2mm, Horizental"
6123,CONN_TERMINALB.SCHLIB,CONN_15EDGR_5P08_09,"Terminal Block Pluggable, Pitch 5.08mm, H 7.2mm, Horizental"
6124,CONN_TERMINALB.SCHLIB,CONN_15EDGR_5P08_08,"Terminal Block Pluggable, Pitch 5.08mm, H 7.2mm, Horizental"
6125,CONN_TERMINALB.SCHLIB,CONN_15EDGR_5P08_07,"Terminal Block Pluggable, Pitch 5.08mm, H 7.2mm, Horizental"
6126,CONN_TERMINALB.SCHLIB,CONN_15EDGR_5P08_06,"Terminal Block Pluggable, Pitch 5.08mm, H 7.2mm, Horizental"
6127,CONN_TERMINALB.SCHLIB,CONN_15EDGR_5P08_05,"Terminal Block Pluggable, Pitch 5.08mm, H 7.2mm, Horizental"
6128,CONN_TERMINALB.SCHLIB,CONN_15EDGR_5P08_04,"Terminal Block Pluggable, Pitch 5.08mm, H 7.2mm, Horizental"
6129,CONN_TERMINALB.SCHLIB,CONN_15EDGR_5P08_03,"Terminal Block Pluggable, Pitch 5.08mm, H 7.2mm, Horizental"
6130,CONN_TERMINALB.SCHLIB,CONN_15EDGR_5P08_02,"Terminal Block Pluggable, Pitch 5.08mm, H 7.2mm, Horizental"
6131,CONN_TERMINALB.SCHLIB,CONN_DG636_9P52_10,"Terminal Block Screw, Pitch 9.52mm, H 21.5mm"
6132,CONN_TERMINALB.SCHLIB,CONN_DG636_9P52_09,"Terminal Block Screw, Pitch 9.52mm, H 21.5mm"
6133,CONN_TERMINALB.SCHLIB,CONN_DG636_9P52_08,"Terminal Block Screw, Pitch 9.52mm, H 21.5mm"
6134,CONN_TERMINALB.SCHLIB,CONN_DG636_9P52_07,"Terminal Block Screw, Pitch 9.52mm, H 21.5mm"
6135,CONN_TERMINALB.SCHLIB,CONN_DG636_9P52_06,"Terminal Block Screw, Pitch 9.52mm, H 21.5mm"
6136,CONN_TERMINALB.SCHLIB,CONN_DG636_9P52_05,"Terminal Block Screw, Pitch 9.52mm, H 21.5mm"
6137,CONN_TERMINALB.SCHLIB,CONN_DG636_9P52_04,"Terminal Block Screw, Pitch 9.52mm, H 21.5mm"
6138,CONN_TERMINALB.SCHLIB,CONN_DG636_9P52_03,"Terminal Block Screw, Pitch 9.52mm, H 21.5mm"
6139,CONN_TERMINALB.SCHLIB,CONN_DG636_9P52_02,"Terminal Block Screw, Pitch 9.52mm, H 21.5mm"
6140,CONN_TERMINALB.SCHLIB,CONN_DG636_7P62_10,"Terminal Block Screw, Pitch 7.62mm, H 21.5mm"
6141,CONN_TERMINALB.SCHLIB,CONN_DG636_7P62_09,"Terminal Block Screw, Pitch 7.62mm, H 21.5mm"
6142,CONN_TERMINALB.SCHLIB,CONN_DG636_7P62_08,"Terminal Block Screw, Pitch 7.62mm, H 21.5mm"
6143,CONN_TERMINALB.SCHLIB,CONN_DG636_7P62_07,"Terminal Block Screw, Pitch 7.62mm, H 21.5mm"
6144,CONN_TERMINALB.SCHLIB,CONN_DG636_7P62_06,"Terminal Block Screw, Pitch 7.62mm, H 21.5mm"
6145,CONN_TERMINALB.SCHLIB,CONN_DG636_7P62_05,"Terminal Block Screw, Pitch 7.62mm, H 21.5mm"
6146,CONN_TERMINALB.SCHLIB,CONN_DG636_7P62_04,"Terminal Block Screw, Pitch 7.62mm, H 21.5mm"
6147,CONN_TERMINALB.SCHLIB,CONN_DG636_7P62_03,"Terminal Block Screw, Pitch 7.62mm, H 21.5mm"
6148,CONN_TERMINALB.SCHLIB,CONN_DG636_7P62_02,"Terminal Block Screw, Pitch 7.62mm, H 21.5mm"
6149,CONN_TERMINALB.SCHLIB,CONN_DG636_6P35_10,"Terminal Block Screw, Pitch 6.35mm, H 21.5mm"
6150,CONN_TERMINALB.SCHLIB,CONN_DG636_6P35_09,"Terminal Block Screw, Pitch 6.35mm, H 21.5mm"
6151,CONN_TERMINALB.SCHLIB,CONN_DG636_6P35_08,"Terminal Block Screw, Pitch 6.35mm, H 21.5mm"
6152,CONN_TERMINALB.SCHLIB,CONN_DG636_6P35_07,"Terminal Block Screw, Pitch 6.35mm, H 21.5mm"
6153,CONN_TERMINALB.SCHLIB,CONN_DG636_6P35_06,"Terminal Block Screw, Pitch 6.35mm, H 21.5mm"
6154,CONN_TERMINALB.SCHLIB,CONN_DG636_6P35_05,"Terminal Block Screw, Pitch 6.35mm, H 21.5mm"
6155,CONN_TERMINALB.SCHLIB,CONN_DG636_6P35_04,"Terminal Block Screw, Pitch 6.35mm, H 21.5mm"
6156,CONN_TERMINALB.SCHLIB,CONN_DG636_6P35_03,"Terminal Block Screw, Pitch 6.35mm, H 21.5mm"
6157,CONN_TERMINALB.SCHLIB,CONN_DG636_6P35_02,"Terminal Block Screw, Pitch 6.35mm, H 21.5mm"
6158,CONN_TERMINALB.SCHLIB,CONN_DG381_3P81_10,"Terminal Block Screw, Pitch 3.81mm, H 8.6mm"
6159,CONN_TERMINALB.SCHLIB,CONN_DG381_3P81_09,"Terminal Block Screw, Pitch 3.81mm, H 8.6mm"
6160,CONN_TERMINALB.SCHLIB,CONN_DG381_3P81_08,"Terminal Block Screw, Pitch 3.81mm, H 8.6mm"
6161,CONN_TERMINALB.SCHLIB,CONN_DG381_3P81_07,"Terminal Block Screw, Pitch 3.81mm, H 8.6mm"
6162,CONN_TERMINALB.SCHLIB,CONN_DG381_3P81_06,"Terminal Block Screw, Pitch 3.81mm, H 8.6mm"
6163,CONN_TERMINALB.SCHLIB,CONN_DG381_3P81_05,"Terminal Block Screw, Pitch 3.81mm, H 8.6mm"
6164,CONN_TERMINALB.SCHLIB,CONN_DG381_3P81_04,"Terminal Block Screw, Pitch 3.81mm, H 8.6mm"
6165,CONN_TERMINALB.SCHLIB,CONN_DG381_3P81_03,"Terminal Block Screw, Pitch 3.81mm, H 8.6mm"
6166,CONN_TERMINALB.SCHLIB,CONN_DG381_3P81_02,"Terminal Block Screw, Pitch 3.81mm, H 8.6mm"
6167,CONN_TERMINALB.SCHLIB,CONN_DG351V_3P5_10,"Terminal Block Screw, Pitch 3.5mm, H 9.2mm"
6168,CONN_TERMINALB.SCHLIB,CONN_DG351V_3P5_09,"Terminal Block Screw, Pitch 3.5mm, H 9.2mm"
6169,CONN_TERMINALB.SCHLIB,CONN_DG351V_3P5_08,"Terminal Block Screw, Pitch 3.5mm, H 9.2mm"
6170,CONN_TERMINALB.SCHLIB,CONN_DG351V_3P5_07,"Terminal Block Screw, Pitch 3.5mm, H 9.2mm"
6171,CONN_TERMINALB.SCHLIB,CONN_DG351V_3P5_06,"Terminal Block Screw, Pitch 3.5mm, H 9.2mm"
6172,CONN_TERMINALB.SCHLIB,CONN_DG351V_3P5_05,"Terminal Block Screw, Pitch 3.5mm, H 9.2mm"
6173,CONN_TERMINALB.SCHLIB,CONN_DG351V_3P5_04,"Terminal Block Screw, Pitch 3.5mm, H 9.2mm"
6174,CONN_TERMINALB.SCHLIB,CONN_DG351V_3P5_03,"Terminal Block Screw, Pitch 3.5mm, H 9.2mm"
6175,CONN_TERMINALB.SCHLIB,CONN_DG351V_3P5_02,"Terminal Block Screw, Pitch 3.5mm, H 9.2mm"
6176,CONN_TERMINALB.SCHLIB,CONN_DG351R_3P5_10,"Terminal Block Screw, Pitch 3.5mm, H 7.6mm"
6177,CONN_TERMINALB.SCHLIB,CONN_DG351R_3P5_09,"Terminal Block Screw, Pitch 3.5mm, H 7.6mm"
6178,CONN_TERMINALB.SCHLIB,CONN_DG351R_3P5_08,"Terminal Block Screw, Pitch 3.5mm, H 7.6mm"
6179,CONN_TERMINALB.SCHLIB,CONN_DG351R_3P5_07,"Terminal Block Screw, Pitch 3.5mm, H 7.6mm"
6180,CONN_TERMINALB.SCHLIB,CONN_DG351R_3P5_06,"Terminal Block Screw, Pitch 3.5mm, H 7.6mm"
6181,CONN_TERMINALB.SCHLIB,CONN_DG351R_3P5_05,"Terminal Block Screw, Pitch 3.5mm, H 7.6mm"
6182,CONN_TERMINALB.SCHLIB,CONN_DG351R_3P5_04,"Terminal Block Screw, Pitch 3.5mm, H 7.6mm"
6183,CONN_TERMINALB.SCHLIB,CONN_DG351R_3P5_03,"Terminal Block Screw, Pitch 3.5mm, H 7.6mm"
6184,CONN_TERMINALB.SCHLIB,CONN_DG351R_3P5_02,"Terminal Block Screw, Pitch 3.5mm, H 7.6mm"
6185,CONN_TERMINALB.SCHLIB,CONN_DG302R_5P0_10,"Terminal Block Screw, Pitch 5mm, RightAngle, H 9mm"
6186,CONN_TERMINALB.SCHLIB,CONN_DG302R_5P0_09,"Terminal Block Screw, Pitch 5mm, RightAngle, H 9mm"
6187,CONN_TERMINALB.SCHLIB,CONN_DG302R_5P0_08,"Terminal Block Screw, Pitch 5mm, RightAngle, H 9mm"
6188,CONN_TERMINALB.SCHLIB,CONN_DG302R_5P0_07,"Terminal Block Screw, Pitch 5mm, RightAngle, H 9mm"
6189,CONN_TERMINALB.SCHLIB,CONN_DG302R_5P0_06,"Terminal Block Screw, Pitch 5mm, RightAngle, H 9mm"
6190,CONN_TERMINALB.SCHLIB,CONN_DG302R_5P0_05,"Terminal Block Screw, Pitch 5mm, RightAngle, H 9mm"
6191,CONN_TERMINALB.SCHLIB,CONN_DG302R_5P0_04,"Terminal Block Screw, Pitch 5mm, RightAngle, H 9mm"
6192,CONN_TERMINALB.SCHLIB,CONN_DG302R_5P0_03,"Terminal Block Screw, Pitch 5mm, RightAngle, H 9mm"
6193,CONN_TERMINALB.SCHLIB,CONN_DG302R_5P0_02,"Terminal Block Screw, Pitch 5mm, RightAngle, H 9mm"
6194,CONN_TERMINALB.SCHLIB,CONN_DG25S_7P62_10,"Terminal Block Barrier, Pitch 7.62mm, H 14.8mm, Sided pin"
6195,CONN_TERMINALB.SCHLIB,CONN_DG25S_7P62_09,"Terminal Block Barrier, Pitch 7.62mm, H 14.8mm, Sided pin"
6196,CONN_TERMINALB.SCHLIB,CONN_DG25S_7P62_08,"Terminal Block Barrier, Pitch 7.62mm, H 14.8mm, Sided pin"
6197,CONN_TERMINALB.SCHLIB,CONN_DG25S_7P62_07,"Terminal Block Barrier, Pitch 7.62mm, H 14.8mm, Sided pin"
6198,CONN_TERMINALB.SCHLIB,CONN_DG25S_7P62_06,"Terminal Block Barrier, Pitch 7.62mm, H 14.8mm, Sided pin"
6199,CONN_TERMINALB.SCHLIB,CONN_DG25S_7P62_05,"Terminal Block Barrier, Pitch 7.62mm, H 14.8mm, Sided pin"
6200,CONN_TERMINALB.SCHLIB,CONN_DG25S_7P62_04,"Terminal Block Barrier, Pitch 7.62mm, H 14.8mm, Sided pin"
6201,CONN_TERMINALB.SCHLIB,CONN_DG25S_7P62_03,"Terminal Block Barrier, Pitch 7.62mm, H 14.8mm, Sided pin"
6202,CONN_TERMINALB.SCHLIB,CONN_DG25S_7P62_02,"Terminal Block Barrier, Pitch 7.62mm, H 14.8mm, Sided pin"
6203,CONN_TERMINALB.SCHLIB,CONN_DG25C_7P62_10,"Terminal Block Barrier, Pitch 7.62mm, H 14.8mm"
6204,CONN_TERMINALB.SCHLIB,CONN_DG25C_7P62_09,"Terminal Block Barrier, Pitch 7.62mm, H 14.8mm"
6205,CONN_TERMINALB.SCHLIB,CONN_DG25C_7P62_08,"Terminal Block Barrier, Pitch 7.62mm, H 14.8mm"
6206,CONN_TERMINALB.SCHLIB,CONN_DG25C_7P62_07,"Terminal Block Barrier, Pitch 7.62mm, H 14.8mm"
6207,CONN_TERMINALB.SCHLIB,CONN_DG25C_7P62_06,"Terminal Block Barrier, Pitch 7.62mm, H 14.8mm"
6208,CONN_TERMINALB.SCHLIB,CONN_DG25C_7P62_05,"Terminal Block Barrier, Pitch 7.62mm, H 14.8mm"
6209,CONN_TERMINALB.SCHLIB,CONN_DG25C_7P62_04,"Terminal Block Barrier, Pitch 7.62mm, H 14.8mm"
6210,CONN_TERMINALB.SCHLIB,CONN_DG25C_7P62_03,"Terminal Block Barrier, Pitch 7.62mm, H 14.8mm"
6211,CONN_TERMINALB.SCHLIB,CONN_DG25C_7P62_02,"Terminal Block Barrier, Pitch 7.62mm, H 14.8mm"
6212,CONN_TERMINALB.SCHLIB,CONN_DG167_7P62_10,"Terminal Block Screw, Pitch 7.62mm, H 13.7mm"
6213,CONN_TERMINALB.SCHLIB,CONN_DG167_7P62_09,"Terminal Block Screw, Pitch 7.62mm, H 13.7mm"
6214,CONN_TERMINALB.SCHLIB,CONN_DG167_7P62_08,"Terminal Block Screw, Pitch 7.62mm, H 13.7mm"
6215,CONN_TERMINALB.SCHLIB,CONN_DG167_7P62_07,"Terminal Block Screw, Pitch 7.62mm, H 13.7mm"
6216,CONN_TERMINALB.SCHLIB,CONN_DG167_7P62_06,"Terminal Block Screw, Pitch 7.62mm, H 13.7mm"
6217,CONN_TERMINALB.SCHLIB,CONN_DG167_7P62_05,"Terminal Block Screw, Pitch 7.62mm, H 13.7mm"
6218,CONN_TERMINALB.SCHLIB,CONN_DG167_7P62_04,"Terminal Block Screw, Pitch 7.62mm, H 13.7mm"
6219,CONN_TERMINALB.SCHLIB,CONN_DG167_7P62_03,"Terminal Block Screw, Pitch 7.62mm, H 13.7mm"
6220,CONN_TERMINALB.SCHLIB,CONN_DG167_7P62_02,"Terminal Block Screw, Pitch 7.62mm, H 13.7mm"
6221,CONN_TERMINALB.SCHLIB,CONN_DG127_5P08_10,"Terminal Block Screw, Pitch 5.08mm, H 10mm"
6222,CONN_TERMINALB.SCHLIB,CONN_DG127_5P08_09,"Terminal Block Screw, Pitch 5.08mm, H 10mm"
6223,CONN_TERMINALB.SCHLIB,CONN_DG127_5P08_08,"Terminal Block Screw, Pitch 5.08mm, H 10mm"
6224,CONN_TERMINALB.SCHLIB,CONN_DG127_5P08_07,"Terminal Block Screw, Pitch 5.08mm, H 10mm"
6225,CONN_TERMINALB.SCHLIB,CONN_DG127_5P08_06,"Terminal Block Screw, Pitch 5.08mm, H 10mm"
6226,CONN_TERMINALB.SCHLIB,CONN_DG127_5P08_05,"Terminal Block Screw, Pitch 5.08mm, H 10mm"
6227,CONN_TERMINALB.SCHLIB,CONN_DG127_5P08_04,"Terminal Block Screw, Pitch 5.08mm, H 10mm"
6228,CONN_TERMINALB.SCHLIB,CONN_DG127_5P08_03,"Terminal Block Screw, Pitch 5.08mm, H 10mm"
6229,CONN_TERMINALB.SCHLIB,CONN_DG127_5P08_02,"Terminal Block Screw, Pitch 5.08mm, H 10mm"
6230,CONN_TERMINALB.SCHLIB,CONN_2EDGV_5P08_10,"Terminal Block Pluggable, Pitch 5.08mm, H 12.2mm, Vertical"
6231,CONN_TERMINALB.SCHLIB,CONN_2EDGV_5P08_09,"Terminal Block Pluggable, Pitch 5.08mm, H 12.2mm, Vertical"
6232,CONN_TERMINALB.SCHLIB,CONN_2EDGV_5P08_08,"Terminal Block Pluggable, Pitch 5.08mm, H 12.2mm, Vertical"
6233,CONN_TERMINALB.SCHLIB,CONN_2EDGV_5P08_07,"Terminal Block Pluggable, Pitch 5.08mm, H 12.2mm, Vertical"
6234,CONN_TERMINALB.SCHLIB,CONN_2EDGV_5P08_06,"Terminal Block Pluggable, Pitch 5.08mm, H 12.2mm, Vertical"
6235,CONN_TERMINALB.SCHLIB,CONN_2EDGV_5P08_05,"Terminal Block Pluggable, Pitch 5.08mm, H 12.2mm, Vertical"
6236,CONN_TERMINALB.SCHLIB,CONN_2EDGV_5P08_04,"Terminal Block Pluggable, Pitch 5.08mm, H 12.2mm, Vertical"
6237,CONN_TERMINALB.SCHLIB,CONN_2EDGV_5P08_03,"Terminal Block Pluggable, Pitch 5.08mm, H 12.2mm, Vertical"
6238,CONN_TERMINALB.SCHLIB,CONN_2EDGV_5P08_02,"Terminal Block Pluggable, Pitch 5.08mm, H 12.2mm, Vertical"
6239,CONN_TERMINALB.SCHLIB,CONN_2EDGR_7P62_12,"Terminal Block Pluggable, Pitch 7.62mm, H 8.6mm"
6240,CONN_TERMINALB.SCHLIB,CONN_2EDGR_7P62_11,"Terminal Block Pluggable, Pitch 7.62mm, H 8.6mm"
6241,CONN_TERMINALB.SCHLIB,CONN_2EDGR_7P62_10,"Terminal Block Pluggable, Pitch 7.62mm, H 8.6mm"
6242,CONN_TERMINALB.SCHLIB,CONN_2EDGR_7P62_09,"Terminal Block Pluggable, Pitch 7.62mm, H 8.6mm"
6243,CONN_TERMINALB.SCHLIB,CONN_2EDGR_7P62_08,"Terminal Block Pluggable, Pitch 7.62mm, H 8.6mm"
6244,CONN_TERMINALB.SCHLIB,CONN_2EDGR_7P62_07,"Terminal Block Pluggable, Pitch 7.62mm, H 8.6mm"
6245,CONN_TERMINALB.SCHLIB,CONN_2EDGR_7P62_06,"Terminal Block Pluggable, Pitch 7.62mm, H 8.6mm"
6246,CONN_TERMINALB.SCHLIB,CONN_2EDGR_7P62_05,"Terminal Block Pluggable, Pitch 7.62mm, H 8.6mm"
6247,CONN_TERMINALB.SCHLIB,CONN_2EDGR_7P62_04,"Terminal Block Pluggable, Pitch 7.62mm, H 8.6mm"
6248,CONN_TERMINALB.SCHLIB,CONN_2EDGR_7P62_03,"Terminal Block Pluggable, Pitch 7.62mm, H 8.6mm"
6249,CONN_TERMINALB.SCHLIB,CONN_2EDGR_7P62_02,"Terminal Block Pluggable, Pitch 7.62mm, H 8.6mm"
6250,CONN_TERMINALB.SCHLIB,CONN_2EDGR_5P08_10,"Terminal Block Pluggable, Pitch 5.08mm, H 8.6mm, Horizental"
6251,CONN_TERMINALB.SCHLIB,CONN_2EDGR_5P08_09,"Terminal Block Pluggable, Pitch 5.08mm, H 8.6mm, Horizental"
6252,CONN_TERMINALB.SCHLIB,CONN_2EDGR_5P08_08,"Terminal Block Pluggable, Pitch 5.08mm, H 8.6mm, Horizental"
6253,CONN_TERMINALB.SCHLIB,CONN_2EDGR_5P08_07,"Terminal Block Pluggable, Pitch 5.08mm, H 8.6mm, Horizental"
6254,CONN_TERMINALB.SCHLIB,CONN_2EDGR_5P08_06,"Terminal Block Pluggable, Pitch 5.08mm, H 8.6mm, Horizental"
6255,CONN_TERMINALB.SCHLIB,CONN_2EDGR_5P08_05,"Terminal Block Pluggable, Pitch 5.08mm, H 8.6mm, Horizental"
6256,CONN_TERMINALB.SCHLIB,CONN_2EDGR_5P08_04,"Terminal Block Pluggable, Pitch 5.08mm, H 8.6mm, Horizental"
6257,CONN_TERMINALB.SCHLIB,CONN_2EDGR_5P08_03,"Terminal Block Pluggable, Pitch 5.08mm, H 8.6mm, Horizental"
6258,CONN_TERMINALB.SCHLIB,CONN_2EDGR_5P08_02,"Terminal Block Pluggable, Pitch 5.08mm, H 8.6mm, Horizental"
6259,CONN_TERMINALB.SCHLIB,CONN_TBSMT3MM_03W,"Terminal Block Spring, Pitch 3mm, SMT, White"
6260,CONN_TERMINALB.SCHLIB,CONN_TBSMT3MM_03B,"Terminal Block Spring, Pitch 3mm, SMT, Black"
6261,CONN_TERMINALB.SCHLIB,CONN_TBSMT3MM_02W,"Terminal Block Spring, Pitch 3mm, SMT, White"
6262,CONN_TERMINALB.SCHLIB,CONN_TBSMT3MM_02B,"Terminal Block Spring, Pitch 3mm, SMT, Black"
6263,CONN_TERMINALB.SCHLIB,CONN_TBSMT3MM_01W,"Terminal Block Spring, Pitch 3mm, SMT, White"
6264,CONN_TERMINALB.SCHLIB,CONN_TBSMT3MM_01B,"Terminal Block Spring, Pitch 3mm, SMT, Black"
6265,CONN_TERMINALB.SCHLIB,CONN_DGVM_3P81_10,"Terminal Block Pluggable, Pitch 3.81mm, H 7.1mm, Vertical, Screw fixed"
6266,CONN_TERMINALB.SCHLIB,CONN_DGVM_3P81_09,"Terminal Block Pluggable, Pitch 3.81mm, H 7.1mm, Vertical, Screw fixed"
6267,CONN_TERMINALB.SCHLIB,CONN_DGVM_3P81_08,"Terminal Block Pluggable, Pitch 3.81mm, H 7.1mm, Vertical, Screw fixed"
6268,CONN_TERMINALB.SCHLIB,CONN_DGVM_3P81_07,"Terminal Block Pluggable, Pitch 3.81mm, H 7.1mm, Vertical, Screw fixed"
6269,CONN_TERMINALB.SCHLIB,CONN_DGVM_3P81_06,"Terminal Block Pluggable, Pitch 3.81mm, H 7.1mm, Vertical, Screw fixed"
6270,CONN_TERMINALB.SCHLIB,CONN_DGVM_3P81_05,"Terminal Block Pluggable, Pitch 3.81mm, H 7.1mm, Vertical, Screw fixed"
6271,CONN_TERMINALB.SCHLIB,CONN_DGVM_3P81_04,"Terminal Block Pluggable, Pitch 3.81mm, H 7.1mm, Vertical, Screw fixed"
6272,CONN_TERMINALB.SCHLIB,CONN_DGVM_3P81_03,"Terminal Block Pluggable, Pitch 3.81mm, H 7.1mm, Vertical, Screw fixed"
6273,CONN_TERMINALB.SCHLIB,CONN_DGVM_3P81_02,"Terminal Block Pluggable, Pitch 3.81mm, H 7.1mm, Vertical, Screw fixed"
6274,CONN_TERMINALB.SCHLIB,CONN_DGVC_3P81_10,"Terminal Block Pluggable, Pitch 3.81mm, H 7.1mm"
6275,CONN_TERMINALB.SCHLIB,CONN_DGVC_3P81_09,"Terminal Block Pluggable, Pitch 3.81mm, H 7.1mm"
6276,CONN_TERMINALB.SCHLIB,CONN_DGVC_3P81_08,"Terminal Block Pluggable, Pitch 3.81mm, H 7.1mm"
6277,CONN_TERMINALB.SCHLIB,CONN_DGVC_3P81_07,"Terminal Block Pluggable, Pitch 3.81mm, H 7.1mm"
6278,CONN_TERMINALB.SCHLIB,CONN_DGVC_3P81_06,"Terminal Block Pluggable, Pitch 3.81mm, H 7.1mm"
6279,CONN_TERMINALB.SCHLIB,CONN_DGVC_3P81_05,"Terminal Block Pluggable, Pitch 3.81mm, H 7.1mm"
6280,CONN_TERMINALB.SCHLIB,CONN_DGVC_3P81_04,"Terminal Block Pluggable, Pitch 3.81mm, H 7.1mm"
6281,CONN_TERMINALB.SCHLIB,CONN_DGVC_3P81_03,"Terminal Block Pluggable, Pitch 3.81mm, H 7.1mm"
6282,CONN_TERMINALB.SCHLIB,CONN_DGVC_3P81_02,"Terminal Block Pluggable, Pitch 3.81mm, H 7.1mm, Vertical"
6283,CONN_TERMINALB.SCHLIB,CONN_DGRM_3P81_10,"Terminal Block Pluggable, Pitch 3.81mm, H 7.1mm, Horizental, Screw fixed"
6284,CONN_TERMINALB.SCHLIB,CONN_DGRM_3P81_09,"Terminal Block Pluggable, Pitch 3.81mm, H 7.1mm, Horizental, Screw fixed"
6285,CONN_TERMINALB.SCHLIB,CONN_DGRM_3P81_08,"Terminal Block Pluggable, Pitch 3.81mm, H 7.1mm, Horizental, Screw fixed"
6286,CONN_TERMINALB.SCHLIB,CONN_DGRM_3P81_07,"Terminal Block Pluggable, Pitch 3.81mm, H 7.1mm, Horizental, Screw fixed"
6287,CONN_TERMINALB.SCHLIB,CONN_DGRM_3P81_06,"Terminal Block Pluggable, Pitch 3.81mm, H 7.1mm, Horizental, Screw fixed"
6288,CONN_TERMINALB.SCHLIB,CONN_DGRM_3P81_05,"Terminal Block Pluggable, Pitch 3.81mm, H 7.1mm, Horizental, Screw fixed"
6289,CONN_TERMINALB.SCHLIB,CONN_DGRM_3P81_04,"Terminal Block Pluggable, Pitch 3.81mm, H 7.1mm, Horizental, Screw fixed"
6290,CONN_TERMINALB.SCHLIB,CONN_DGRM_3P81_03,"Terminal Block Pluggable, Pitch 3.81mm, H 7.1mm, Horizental, Screw fixed"
6291,CONN_TERMINALB.SCHLIB,CONN_DGRM_3P81_02,"Terminal Block Pluggable, Pitch 3.81mm, H 7.1mm, Horizental, Screw fixed"
6292,CONN_TERMINALB.SCHLIB,CONN_DGRC_3P81_10,"Terminal Block Pluggable, Pitch 3.81mm, H 7.1mm, Horizental"
6293,CONN_TERMINALB.SCHLIB,CONN_DGRC_3P81_09,"Terminal Block Pluggable, Pitch 3.81mm, H 7.1mm, Horizental"
6294,CONN_TERMINALB.SCHLIB,CONN_DGRC_3P81_08,"Terminal Block Pluggable, Pitch 3.81mm, H 7.1mm, Horizental"
6295,CONN_TERMINALB.SCHLIB,CONN_DGRC_3P81_07,"Terminal Block Pluggable, Pitch 3.81mm, H 7.1mm, Horizental"
6296,CONN_TERMINALB.SCHLIB,CONN_DGRC_3P81_06,"Terminal Block Pluggable, Pitch 3.81mm, H 7.1mm, Horizental"
6297,CONN_TERMINALB.SCHLIB,CONN_DGRC_3P81_05,"Terminal Block Pluggable, Pitch 3.81mm, H 7.1mm, Horizental"
6298,CONN_TERMINALB.SCHLIB,CONN_DGRC_3P81_04,"Terminal Block Pluggable, Pitch 3.81mm, H 7.1mm, Horizental"
6299,CONN_TERMINALB.SCHLIB,CONN_DGRC_3P81_03,"Terminal Block Pluggable, Pitch 3.81mm, H 7.1mm, Horizental"
6300,CONN_TERMINALB.SCHLIB,CONN_DGRC_3P81_02,"Terminal Block Pluggable, Pitch 3.81mm, H 7.1mm, Horizental"
6301,CONN_TERMINALB.SCHLIB,CONN_DG381_3P5_10,"Terminal Block Screw, Pitch 3.5mm, H 8.6mm"
6302,CONN_TERMINALB.SCHLIB,CONN_DG381_3P5_09,"Terminal Block Screw, Pitch 3.5mm, H 8.6mm"
6303,CONN_TERMINALB.SCHLIB,CONN_DG381_3P5_08,"Terminal Block Screw, Pitch 3.5mm, H 8.6mm"
6304,CONN_TERMINALB.SCHLIB,CONN_DG381_3P5_07,"Terminal Block Screw, Pitch 3.5mm, H 8.6mm"
6305,CONN_TERMINALB.SCHLIB,CONN_DG381_3P5_06,"Terminal Block Screw, Pitch 3.5mm, H 8.6mm"
6306,CONN_TERMINALB.SCHLIB,CONN_DG381_3P5_05,"Terminal Block Screw, Pitch 3.5mm, H 8.6mm"
6307,CONN_TERMINALB.SCHLIB,CONN_DG381_3P5_04,"Terminal Block Screw, Pitch 3.5mm, H 8.6mm"
6308,CONN_TERMINALB.SCHLIB,CONN_DG381_3P5_03,"Terminal Block Screw, Pitch 3.5mm, H 8.6mm"
6309,CONN_TERMINALB.SCHLIB,CONN_DG381_3P5_02,"Terminal Block Screw, Pitch 3.5mm, H 8.6mm"
6310,CONN_TERMINALB.SCHLIB,CONN_DG360_7P5_10,"Terminal Block Screw, Pitch 7.5mm, H 12.7mm"
6311,CONN_TERMINALB.SCHLIB,CONN_DG360_7P5_09,"Terminal Block Screw, Pitch 7.5mm, H 12.7mm"
6312,CONN_TERMINALB.SCHLIB,CONN_DG360_7P5_08,"Terminal Block Screw, Pitch 7.5mm, H 12.7mm"
6313,CONN_TERMINALB.SCHLIB,CONN_DG360_7P5_07,"Terminal Block Screw, Pitch 7.5mm, H 12.7mm"
6314,CONN_TERMINALB.SCHLIB,CONN_DG360_7P5_06,"Terminal Block Screw, Pitch 7.5mm, H 12.7mm"
6315,CONN_TERMINALB.SCHLIB,CONN_DG360_7P5_05,"Terminal Block Screw, Pitch 7.5mm, H 12.7mm"
6316,CONN_TERMINALB.SCHLIB,CONN_DG360_7P5_04,"Terminal Block Screw, Pitch 7.5mm, H 12.7mm"
6317,CONN_TERMINALB.SCHLIB,CONN_DG360_7P5_03,"Terminal Block Screw, Pitch 7.5mm, H 12.7mm"
6318,CONN_TERMINALB.SCHLIB,CONN_DG360_7P5_02,"Terminal Block Screw, Pitch 7.5mm, H 12.7mm"
6319,CONN_TERMINALB.SCHLIB,CONN_DG350_3P5_10,"Terminal Block Screw, Pitch 3.5mm, H 8.6mm"
6320,CONN_TERMINALB.SCHLIB,CONN_DG350_3P5_09,"Terminal Block Screw, Pitch 3.5mm, H 8.6mm"
6321,CONN_TERMINALB.SCHLIB,CONN_DG350_3P5_08,"Terminal Block Screw, Pitch 3.5mm, H 8.6mm"
6322,CONN_TERMINALB.SCHLIB,CONN_DG350_3P5_07,"Terminal Block Screw, Pitch 3.5mm, H 8.6mm"
6323,CONN_TERMINALB.SCHLIB,CONN_DG350_3P5_06,"Terminal Block Screw, Pitch 3.5mm, H 8.6mm"
6324,CONN_TERMINALB.SCHLIB,CONN_DG350_3P5_05,"Terminal Block Screw, Pitch 3.5mm, H 8.6mm"
6325,CONN_TERMINALB.SCHLIB,CONN_DG350_3P5_04,"Terminal Block Screw, Pitch 3.5mm, H 8.6mm"
6326,CONN_TERMINALB.SCHLIB,CONN_DG350_3P5_03,"Terminal Block Screw, Pitch 3.5mm, H 8.6mm"
6327,CONN_TERMINALB.SCHLIB,CONN_DG350_3P5_02,"Terminal Block Screw, Pitch 3.5mm, H 8.6mm"
6328,CONN_TERMINALB.SCHLIB,CONN_DG306_5P0_10,"Terminal Block Screw, Pitch 5mm, H 10mm"
6329,CONN_TERMINALB.SCHLIB,CONN_DG306_5P0_09,"Terminal Block Screw, Pitch 5mm, H 10mm"
6330,CONN_TERMINALB.SCHLIB,CONN_DG306_5P0_08,"Terminal Block Screw, Pitch 5mm, H 10mm"
6331,CONN_TERMINALB.SCHLIB,CONN_DG306_5P0_07,"Terminal Block Screw, Pitch 5mm, H 10mm"
6332,CONN_TERMINALB.SCHLIB,CONN_DG306_5P0_06,"Terminal Block Screw, Pitch 5mm, H 10mm"
6333,CONN_TERMINALB.SCHLIB,CONN_DG306_5P0_05,"Terminal Block Screw, Pitch 5mm, H 10mm"
6334,CONN_TERMINALB.SCHLIB,CONN_DG306_5P0_04,"Terminal Block Screw, Pitch 5mm, H 10mm"
6335,CONN_TERMINALB.SCHLIB,CONN_DG306_5P0_03,"Terminal Block Screw, Pitch 5mm, H 10mm"
6336,CONN_TERMINALB.SCHLIB,CONN_DG306_5P0_02,"Terminal Block Screw, Pitch 5mm, H 10mm"
6337,CONN_TERMINALB.SCHLIB,CONN_DG305_7P5_10,"Terminal Block Screw, Pitch 7.5mm, H 12.7mm"
6338,CONN_TERMINALB.SCHLIB,CONN_DG305_7P5_09,"Terminal Block Screw, Pitch 7.5mm, H 12.7mm"
6339,CONN_TERMINALB.SCHLIB,CONN_DG305_7P5_08,"Terminal Block Screw, Pitch 7.5mm, H 12.7mm"
6340,CONN_TERMINALB.SCHLIB,CONN_DG305_7P5_07,"Terminal Block Screw, Pitch 7.5mm, H 12.7mm"
6341,CONN_TERMINALB.SCHLIB,CONN_DG305_7P5_06,"Terminal Block Screw, Pitch 7.5mm, H 12.7mm"
6342,CONN_TERMINALB.SCHLIB,CONN_DG305_7P5_05,"Terminal Block Screw, Pitch 7.5mm, H 12.7mm"
6343,CONN_TERMINALB.SCHLIB,CONN_DG305_7P5_04,"Terminal Block Screw, Pitch 7.5mm, H 12.7mm"
6344,CONN_TERMINALB.SCHLIB,CONN_DG305_7P5_03,"Terminal Block Screw, Pitch 7.5mm, H 12.7mm"
6345,CONN_TERMINALB.SCHLIB,CONN_DG305_7P5_02,"Terminal Block Screw, Pitch 7.5mm, H 12.7mm"
6346,CONN_TERMINALB.SCHLIB,CONN_DG305_5P0_10,"Terminal Block Screw, Pitch 5mm, H 12.6mm"
6347,CONN_TERMINALB.SCHLIB,CONN_DG305_5P0_09,"Terminal Block Screw, Pitch 5mm, H 12.6mm"
6348,CONN_TERMINALB.SCHLIB,CONN_DG305_5P0_08,"Terminal Block Screw, Pitch 5mm, H 12.6mm"
6349,CONN_TERMINALB.SCHLIB,CONN_DG305_5P0_07,"Terminal Block Screw, Pitch 5mm, H 12.6mm"
6350,CONN_TERMINALB.SCHLIB,CONN_DG305_5P0_06,"Terminal Block Screw, Pitch 5mm, H 12.6mm"
6351,CONN_TERMINALB.SCHLIB,CONN_DG305_5P0_05,"Terminal Block Screw, Pitch 5mm, H 12.6mm"
6352,CONN_TERMINALB.SCHLIB,CONN_DG305_5P0_04,"Terminal Block Screw, Pitch 5mm, H 12.6mm"
6353,CONN_TERMINALB.SCHLIB,CONN_DG305_5P0_03,"Terminal Block Screw, Pitch 5mm, H 12.6mm"
6354,CONN_TERMINALB.SCHLIB,CONN_DG305_5P0_02,"Terminal Block Screw, Pitch 5mm, H 12.6mm"
6355,CONN_TERMINALB.SCHLIB,CONN_DG302_7P5_10,"Terminal Block Screw, Pitch 7.5mm, H 13.5mm"
6356,CONN_TERMINALB.SCHLIB,CONN_DG302_7P5_09,"Terminal Block Screw, Pitch 7.5mm, H 13.5mm"
6357,CONN_TERMINALB.SCHLIB,CONN_DG302_7P5_08,"Terminal Block Screw, Pitch 7.5mm, H 13.5mm"
6358,CONN_TERMINALB.SCHLIB,CONN_DG302_7P5_07,"Terminal Block Screw, Pitch 7.5mm, H 13.5mm"
6359,CONN_TERMINALB.SCHLIB,CONN_DG302_7P5_06,"Terminal Block Screw, Pitch 7.5mm, H 13.5mm"
6360,CONN_TERMINALB.SCHLIB,CONN_DG302_7P5_05,"Terminal Block Screw, Pitch 7.5mm, H 13.5mm"
6361,CONN_TERMINALB.SCHLIB,CONN_DG302_7P5_04,"Terminal Block Screw, Pitch 7.5mm, H 13.5mm"
6362,CONN_TERMINALB.SCHLIB,CONN_DG302_7P5_03,"Terminal Block Screw, Pitch 7.5mm, H 13.5mm"
6363,CONN_TERMINALB.SCHLIB,CONN_DG302_7P5_02,"Terminal Block Screw, Pitch 7.5mm, H 13.5mm"
6364,CONN_TERMINALB.SCHLIB,CONN_DG302_5P0_10,"Terminal Block Screw, Pitch 5mm, H 13.5mm"
6365,CONN_TERMINALB.SCHLIB,CONN_DG302_5P0_09,"Terminal Block Screw, Pitch 5mm, H 13.5mm"
6366,CONN_TERMINALB.SCHLIB,CONN_DG302_5P0_08,"Terminal Block Screw, Pitch 5mm, H 13.5mm"
6367,CONN_TERMINALB.SCHLIB,CONN_DG302_5P0_07,"Terminal Block Screw, Pitch 5mm, H 13.5mm"
6368,CONN_TERMINALB.SCHLIB,CONN_DG302_5P0_06,"Terminal Block Screw, Pitch 5mm, H 13.5mm"
6369,CONN_TERMINALB.SCHLIB,CONN_DG302_5P0_05,"Terminal Block Screw, Pitch 5mm, H 13.5mm"
6370,CONN_TERMINALB.SCHLIB,CONN_DG302_5P0_04,"Terminal Block Screw, Pitch 5mm, H 13.5mm"
6371,CONN_TERMINALB.SCHLIB,CONN_DG302_5P0_03,"Terminal Block Screw, Pitch 5mm, H 13.5mm"
6372,CONN_TERMINALB.SCHLIB,CONN_DG302_5P0_02,"Terminal Block Screw, Pitch 5mm, H 13.5mm"
6373,CONN_TERMINALB.SCHLIB,CONN_DG300_7P5_10,"Terminal Block Screw, Pitch 7.5mm, H 12.6mm"
6374,CONN_TERMINALB.SCHLIB,CONN_DG300_7P5_09,"Terminal Block Screw, Pitch 7.5mm, H 12.6mm"
6375,CONN_TERMINALB.SCHLIB,CONN_DG300_7P5_08,"Terminal Block Screw, Pitch 7.5mm, H 12.6mm"
6376,CONN_TERMINALB.SCHLIB,CONN_DG300_7P5_07,"Terminal Block Screw, Pitch 7.5mm, H 12.6mm"
6377,CONN_TERMINALB.SCHLIB,CONN_DG300_7P5_06,"Terminal Block Screw, Pitch 7.5mm, H 12.6mm"
6378,CONN_TERMINALB.SCHLIB,CONN_DG300_7P5_05,"Terminal Block Screw, Pitch 7.5mm, H 12.6mm"
6379,CONN_TERMINALB.SCHLIB,CONN_DG300_7P5_04,"Terminal Block Screw, Pitch 7.5mm, H 12.6mm"
6380,CONN_TERMINALB.SCHLIB,CONN_DG300_7P5_03,"Terminal Block Screw, Pitch 7.5mm, H 12.6mm"
6381,CONN_TERMINALB.SCHLIB,CONN_DG300_7P5_02,"Terminal Block Screw, Pitch 7.5mm, H 12.6mm"
6382,CONN_TERMINALB.SCHLIB,CONN_DG129_5P0_10,"Terminal Block Screw, Pitch 5mm, H 19.5mm"
6383,CONN_TERMINALB.SCHLIB,CONN_DG129_5P0_09,"Terminal Block Screw, Pitch 5mm, H 19.5mm"
6384,CONN_TERMINALB.SCHLIB,CONN_DG129_5P0_08,"Terminal Block Screw, Pitch 5mm, H 19.5mm"
6385,CONN_TERMINALB.SCHLIB,CONN_DG129_5P0_07,"Terminal Block Screw, Pitch 5mm, H 19.5mm"
6386,CONN_TERMINALB.SCHLIB,CONN_DG129_5P0_06,"Terminal Block Screw, Pitch 5mm, H 19.5mm"
6387,CONN_TERMINALB.SCHLIB,CONN_DG129_5P0_05,"Terminal Block Screw, Pitch 5mm, H 19.5mm"
6388,CONN_TERMINALB.SCHLIB,CONN_DG129_5P0_04,"Terminal Block Screw, Pitch 5mm, H 19.5mm"
6389,CONN_TERMINALB.SCHLIB,CONN_DG129_5P0_03,"Terminal Block Screw, Pitch 5mm, H 19.5mm"
6390,CONN_TERMINALB.SCHLIB,CONN_DG129_5P0_02,"Terminal Block Screw, Pitch 5mm, H 19.5mm"
6391,CONN_TERMINALB.SCHLIB,CONN_DG128_5P0_10,"Terminal Block Screw, Pitch 5mm, H 14.1mm"
6392,CONN_TERMINALB.SCHLIB,CONN_DG128_5P0_09,"Terminal Block Screw, Pitch 5mm, H 14.1mm"
6393,CONN_TERMINALB.SCHLIB,CONN_DG128_5P0_08,"Terminal Block Screw, Pitch 5mm, H 14.1mm"
6394,CONN_TERMINALB.SCHLIB,CONN_DG128_5P0_07,"Terminal Block Screw, Pitch 5mm, H 14.1mm"
6395,CONN_TERMINALB.SCHLIB,CONN_DG128_5P0_06,"Terminal Block Screw, Pitch 5mm, H 14.1mm"
6396,CONN_TERMINALB.SCHLIB,CONN_DG128_5P0_05,"Terminal Block Screw, Pitch 5mm, H 14.1mm"
6397,CONN_TERMINALB.SCHLIB,CONN_DG128_5P0_04,"Terminal Block Screw, Pitch 5mm, H 14.1mm"
6398,CONN_TERMINALB.SCHLIB,CONN_DG128_5P0_03,"Terminal Block Screw, Pitch 5mm, H 14.1mm"
6399,CONN_TERMINALB.SCHLIB,CONN_DG128_5P0_02,"Terminal Block Screw, Pitch 5mm, H 14.1mm"
6400,CONN_TERMINALB.SCHLIB,CONN_DG127_5P0_10,"Terminal Block Screw, Pitch 5mm, H 10mm"
6401,CONN_TERMINALB.SCHLIB,CONN_DG127_5P0_09,"Terminal Block Screw, Pitch 5mm, H 10mm"
6402,CONN_TERMINALB.SCHLIB,CONN_DG127_5P0_08,"Terminal Block Screw, Pitch 5mm, H 10mm"
6403,CONN_TERMINALB.SCHLIB,CONN_DG127_5P0_07,"Terminal Block Screw, Pitch 5mm, H 10mm"
6404,CONN_TERMINALB.SCHLIB,CONN_DG127_5P0_06,"Terminal Block Screw, Pitch 5mm, H 10mm"
6405,CONN_TERMINALB.SCHLIB,CONN_DG127_5P0_05,"Terminal Block Screw, Pitch 5mm, H 10mm"
6406,CONN_TERMINALB.SCHLIB,CONN_DG127_5P0_04,"Terminal Block Screw, Pitch 5mm, H 10mm"
6407,CONN_TERMINALB.SCHLIB,CONN_DG127_5P0_03,"Terminal Block Screw, Pitch 5mm, H 10mm"
6408,CONN_TERMINALB.SCHLIB,CONN_DG127_5P0_02,"Terminal Block Screw, Pitch 5mm, H 10mm"
6409,CONN_TERMINALB.SCHLIB,CONN_DG103_5P0_10,"Terminal Block Screw, Pitch 5mm, 45°, H 13.8mm"
6410,CONN_TERMINALB.SCHLIB,CONN_DG103_5P0_09,"Terminal Block Screw, Pitch 5mm, 45°, H 13.8mm"
6411,CONN_TERMINALB.SCHLIB,CONN_DG103_5P0_08,"Terminal Block Screw, Pitch 5mm, 45°, H 13.8mm"
6412,CONN_TERMINALB.SCHLIB,CONN_DG103_5P0_07,"Terminal Block Screw, Pitch 5mm, 45°, H 13.8mm"
6413,CONN_TERMINALB.SCHLIB,CONN_DG103_5P0_06,"Terminal Block Screw, Pitch 5mm, 45°, H 13.8mm"
6414,CONN_TERMINALB.SCHLIB,CONN_DG103_5P0_05,"Terminal Block Screw, Pitch 5mm, 45°, H 13.8mm"
6415,CONN_TERMINALB.SCHLIB,CONN_DG103_5P0_04,"Terminal Block Screw, Pitch 5mm, 45°, H 13.8mm"
6416,CONN_TERMINALB.SCHLIB,CONN_DG103_5P0_03,"Terminal Block Screw, Pitch 5mm, 45°, H 13.8mm"
6417,CONN_TERMINALB.SCHLIB,CONN_DG103_5P0_02,"Terminal Block Screw, Pitch 5mm, 45°, H 13.8mm"
6418,CONN_TERMINALB.SCHLIB,CONN_WIREMATE_6V,"Terminal Block Spring, Pitch 2.54mm, WireMate"
6419,CONN_TERMINALB.SCHLIB,CONN_WIREMATE_6H,"Terminal Block Spring, Pitch 2.54mm, WireMate"
6420,CONN_TERMINALB.SCHLIB,CONN_DGVC_3P5_10,"Terminal Block Pluggable, Pitch 3.5mm, H 9.2mm, Vertical"
6421,CONN_TERMINALB.SCHLIB,CONN_DGVC_3P5_09,"Terminal Block Pluggable, Pitch 3.5mm, H 9.2mm, Vertical"
6422,CONN_TERMINALB.SCHLIB,CONN_DGVC_3P5_08,"Terminal Block Pluggable, Pitch 3.5mm, H 9.2mm, Vertical"
6423,CONN_TERMINALB.SCHLIB,CONN_DGVC_3P5_07,"Terminal Block Pluggable, Pitch 3.5mm, H 9.2mm, Vertical"
6424,CONN_TERMINALB.SCHLIB,CONN_DGVC_3P5_06,"Terminal Block Pluggable, Pitch 3.5mm, H 9.2mm, Vertical"
6425,CONN_TERMINALB.SCHLIB,CONN_DGVC_3P5_05,"Terminal Block Pluggable, Pitch 3.5mm, H 9.2mm, Vertical"
6426,CONN_TERMINALB.SCHLIB,CONN_DGVC_3P5_04,"Terminal Block Pluggable, Pitch 3.5mm, H 9.2mm, Vertical"
6427,CONN_TERMINALB.SCHLIB,CONN_DGVC_3P5_03,"Terminal Block Pluggable, Pitch 3.5mm, H 9.2mm, Vertical"
6428,CONN_TERMINALB.SCHLIB,CONN_DGVC_3P5_02,"Terminal Block Pluggable, Pitch 3.5mm, H 9.2mm, Vertical"
6429,CONN_TERMINALB.SCHLIB,CONN_DGRC_3P5_10,"Terminal Block Pluggable, Pitch 3.5mm, H 7mm, Horizental"
6430,CONN_TERMINALB.SCHLIB,CONN_DGRC_3P5_09,"Terminal Block Pluggable, Pitch 3.5mm, H 7mm, Horizental"
6431,CONN_TERMINALB.SCHLIB,CONN_DGRC_3P5_08,"Terminal Block Pluggable, Pitch 3.5mm, H 7mm, Horizental"
6432,CONN_TERMINALB.SCHLIB,CONN_DGRC_3P5_07,"Terminal Block Pluggable, Pitch 3.5mm, H 7mm, Horizental"
6433,CONN_TERMINALB.SCHLIB,CONN_DGRC_3P5_06,"Terminal Block Pluggable, Pitch 3.5mm, H 7mm, Horizental"
6434,CONN_TERMINALB.SCHLIB,CONN_DGRC_3P5_05,"Terminal Block Pluggable, Pitch 3.5mm, H 7mm, Horizental"
6435,CONN_TERMINALB.SCHLIB,CONN_DGRC_3P5_04,"Terminal Block Pluggable, Pitch 3.5mm, H 7mm, Horizental"
6436,CONN_TERMINALB.SCHLIB,CONN_DGRC_3P5_03,"Terminal Block Pluggable, Pitch 3.5mm, H 7mm, Horizental"
6437,CONN_TERMINALB.SCHLIB,CONN_DGRC_3P5_02,"Terminal Block Pluggable, Pitch 3.5mm, H 7mm, Horizental"
6438,CONN_TERMINALB.SCHLIB,CONN_TB_5P08_10,"Terminal Block Screw, Pitch 5.08mm"
6439,CONN_TERMINALB.SCHLIB,CONN_TB_5P08_09,"Terminal Block Screw, Pitch 5.08mm"
6440,CONN_TERMINALB.SCHLIB,CONN_TB_5P08_08,"Terminal Block Screw, Pitch 5.08mm"
6441,CONN_TERMINALB.SCHLIB,CONN_TB_5P08_07,"Terminal Block Screw, Pitch 5.08mm"
6442,CONN_TERMINALB.SCHLIB,CONN_TB_5P08_06,"Terminal Block Screw, Pitch 5.08mm"
6443,CONN_TERMINALB.SCHLIB,CONN_TB_5P08_05,"Terminal Block Screw, Pitch 5.08mm"
6444,CONN_TERMINALB.SCHLIB,CONN_TB_5P08_04,"Terminal Block Screw, Pitch 5.08mm"
6445,CONN_TERMINALB.SCHLIB,CONN_TB_5P08_03,"Terminal Block Screw, Pitch 5.08mm"
6446,CONN_TERMINALB.SCHLIB,CONN_TB_5P08_02,"Terminal Block Screw, Pitch 5.08mm"
6447,CONN_TERMINALB.SCHLIB,CONN_PST_3P5_10,"Terminal Pin Strip, Pitch 3.5mm, Vertical"
6448,CONN_TERMINALB.SCHLIB,CONN_PST_3P5_09,"Terminal Pin Strip, Pitch 3.5mm, Vertical"
6449,CONN_TERMINALB.SCHLIB,CONN_PST_3P5_08,"Terminal Pin Strip, Pitch 3.5mm, Vertical"
6450,CONN_TERMINALB.SCHLIB,CONN_PST_3P5_07,"Terminal Pin Strip, Pitch 3.5mm, Vertical"
6451,CONN_TERMINALB.SCHLIB,CONN_PST_3P5_06,"Terminal Pin Strip, Pitch 3.5mm, Vertical"
6452,CONN_TERMINALB.SCHLIB,CONN_PST_3P5_05,"Terminal Pin Strip, Pitch 3.5mm, Vertical"
6453,CONN_TERMINALB.SCHLIB,CONN_PST_3P5_04,"Terminal Pin Strip, Pitch 3.5mm, Vertical"
6454,CONN_TERMINALB.SCHLIB,CONN_PST_3P5_03,"Terminal Pin Strip, Pitch 3.5mm, Vertical"
6455,CONN_TERMINALB.SCHLIB,CONN_PST_3P5_02,"Terminal Pin Strip, Pitch 3.5mm, Vertical"
6456,CONN_TERMINALB.SCHLIB,CONN_DG46GSB_10,"Terminal Block Barrier, Pitch 9.5mm, H 17mm, with Cover"
6457,CONN_TERMINALB.SCHLIB,CONN_DG46GSB_09,"Terminal Block Barrier, Pitch 9.5mm, H 17mm, with Cover"
6458,CONN_TERMINALB.SCHLIB,CONN_DG46GSB_08,"Terminal Block Barrier, Pitch 9.5mm, H 17mm, with Cover"
6459,CONN_TERMINALB.SCHLIB,CONN_DG46GSB_07,"Terminal Block Barrier, Pitch 9.5mm, H 17mm, with Cover"
6460,CONN_TERMINALB.SCHLIB,CONN_DG46GSB_06,"Terminal Block Barrier, Pitch 9.5mm, H 17mm, with Cover"
6461,CONN_TERMINALB.SCHLIB,CONN_DG46GSB_05,"Terminal Block Barrier, Pitch 9.5mm, H 17mm, with Cover"
6462,CONN_TERMINALB.SCHLIB,CONN_DG46GSB_04,"Terminal Block Barrier, Pitch 9.5mm, H 17mm, with Cover"
6463,CONN_TERMINALB.SCHLIB,CONN_DG46GSB_03,"Terminal Block Barrier, Pitch 9.5mm, H 17mm, with Cover"
6464,CONN_TERMINALB.SCHLIB,CONN_DG46GSB_02,"Terminal Block Barrier, Pitch 9.5mm, H 17mm, with Cover"
6465,CONN_TERMINALB.SCHLIB,CONN_DG65CB_10,"Terminal Block Barrier, Pitch 11mm, H 18mm"
6466,CONN_TERMINALB.SCHLIB,CONN_DG65CB_09,"Terminal Block Barrier, Pitch 11mm, H 18mm"
6467,CONN_TERMINALB.SCHLIB,CONN_DG65CB_08,"Terminal Block Barrier, Pitch 11mm, H 18mm"
6468,CONN_TERMINALB.SCHLIB,CONN_DG65CB_07,"Terminal Block Barrier, Pitch 11mm, H 18mm"
6469,CONN_TERMINALB.SCHLIB,CONN_DG65CB_06,"Terminal Block Barrier, Pitch 11mm, H 18mm"
6470,CONN_TERMINALB.SCHLIB,CONN_DG65CB_05,"Terminal Block Barrier, Pitch 11mm, H 18mm"
6471,CONN_TERMINALB.SCHLIB,CONN_DG65CB_04,"Terminal Block Barrier, Pitch 11mm, H 18mm"
6472,CONN_TERMINALB.SCHLIB,CONN_DG65CB_03,"Terminal Block Barrier, Pitch 11mm, H 18mm"
6473,CONN_TERMINALB.SCHLIB,CONN_DG65CB_02,"Terminal Block Barrier, Pitch 11mm, H 18mm"
6474,CONN_TERMINALB.SCHLIB,CONN_DG55CB_10,"Terminal Block Barrier, Pitch 10mm, H 18.4mm"
6475,CONN_TERMINALB.SCHLIB,CONN_DG55CB_09,"Terminal Block Barrier, Pitch 10mm, H 18.4mm"
6476,CONN_TERMINALB.SCHLIB,CONN_DG55CB_08,"Terminal Block Barrier, Pitch 10mm, H 18.4mm"
6477,CONN_TERMINALB.SCHLIB,CONN_DG55CB_07,"Terminal Block Barrier, Pitch 10mm, H 18.4mm"
6478,CONN_TERMINALB.SCHLIB,CONN_DG55CB_06,"Terminal Block Barrier, Pitch 10mm, H 18.4mm"
6479,CONN_TERMINALB.SCHLIB,CONN_DG55CB_05,"Terminal Block Barrier, Pitch 10mm, H 18.4mm"
6480,CONN_TERMINALB.SCHLIB,CONN_DG55CB_04,"Terminal Block Barrier, Pitch 10mm, H 18.4mm"
6481,CONN_TERMINALB.SCHLIB,CONN_DG55CB_03,"Terminal Block Barrier, Pitch 10mm, H 18.4mm"
6482,CONN_TERMINALB.SCHLIB,CONN_DG55CB_02,"Terminal Block Barrier, Pitch 10mm, H 18.4mm"
6483,CONN_TERMINALB.SCHLIB,CONN_DG45SB_10,"Terminal Block Barrier, Pitch 9.5mm, H 18.4mm, Sided pin"
6484,CONN_TERMINALB.SCHLIB,CONN_DG45SB_09,"Terminal Block Barrier, Pitch 9.5mm, H 18.4mm, Sided pin"
6485,CONN_TERMINALB.SCHLIB,CONN_DG45SB_08,"Terminal Block Barrier, Pitch 9.5mm, H 18.4mm, Sided pin"
6486,CONN_TERMINALB.SCHLIB,CONN_DG45SB_07,"Terminal Block Barrier, Pitch 9.5mm, H 18.4mm, Sided pin"
6487,CONN_TERMINALB.SCHLIB,CONN_DG45SB_06,"Terminal Block Barrier, Pitch 9.5mm, H 18.4mm, Sided pin"
6488,CONN_TERMINALB.SCHLIB,CONN_DG45SB_05,"Terminal Block Barrier, Pitch 9.5mm, H 18.4mm, Sided pin"
6489,CONN_TERMINALB.SCHLIB,CONN_DG45SB_04,"Terminal Block Barrier, Pitch 9.5mm, H 18.4mm, Sided pin"
6490,CONN_TERMINALB.SCHLIB,CONN_DG45SB_03,"Terminal Block Barrier, Pitch 9.5mm, H 18.4mm, Sided pin"
6491,CONN_TERMINALB.SCHLIB,CONN_DG45SB_02,"Terminal Block Barrier, Pitch 9.5mm, H 18.4mm, Sided pin"
6492,CONN_TERMINALB.SCHLIB,CONN_DG45CB_10,"Terminal Block Barrier, Pitch 9.5mm, H 18.4mm"
6493,CONN_TERMINALB.SCHLIB,CONN_DG45CB_09,"Terminal Block Barrier, Pitch 9.5mm, H 18.4mm"
6494,CONN_TERMINALB.SCHLIB,CONN_DG45CB_08,"Terminal Block Barrier, Pitch 9.5mm, H 18.4mm"
6495,CONN_TERMINALB.SCHLIB,CONN_DG45CB_07,"Terminal Block Barrier, Pitch 9.5mm, H 18.4mm"
6496,CONN_TERMINALB.SCHLIB,CONN_DG45CB_06,"Terminal Block Barrier, Pitch 9.5mm, H 18.4mm"
6497,CONN_TERMINALB.SCHLIB,CONN_DG45CB_05,"Terminal Block Barrier, Pitch 9.5mm, H 18.4mm"
6498,CONN_TERMINALB.SCHLIB,CONN_DG45CB_04,"Terminal Block Barrier, Pitch 9.5mm, H 18.4mm"
6499,CONN_TERMINALB.SCHLIB,CONN_DG45CB_03,"Terminal Block Barrier, Pitch 9.5mm, H 18.4mm"
6500,CONN_TERMINALB.SCHLIB,CONN_DG45CB_02,"Terminal Block Barrier, Pitch 9.5mm, H 18.4mm"
6501,CONN_TERMINALB.SCHLIB,CONN_DG141V_10,"Terminal Block Spring, Pitch 2.54mm, Vertical"
6502,CONN_TERMINALB.SCHLIB,CONN_DG141V_09,"Terminal Block Spring, Pitch 2.54mm, Vertical"
6503,CONN_TERMINALB.SCHLIB,CONN_DG141V_08,"Terminal Block Spring, Pitch 2.54mm, Vertical"
6504,CONN_TERMINALB.SCHLIB,CONN_DG141V_07,"Terminal Block Spring, Pitch 2.54mm, Vertical"
6505,CONN_TERMINALB.SCHLIB,CONN_DG141V_06,"Terminal Block Spring, Pitch 2.54mm, Vertical"
6506,CONN_TERMINALB.SCHLIB,CONN_DG141V_05,"Terminal Block Spring, Pitch 2.54mm, Vertical"
6507,CONN_TERMINALB.SCHLIB,CONN_DG141V_04,"Terminal Block Spring, Pitch 2.54mm, Vertical"
6508,CONN_TERMINALB.SCHLIB,CONN_DG141V_03,"Terminal Block Spring, Pitch 2.54mm, Vertical"
6509,CONN_TERMINALB.SCHLIB,CONN_DG141V_02,"Terminal Block Spring, Pitch 2.54mm, Vertical"
6510,CONN_TERMINALB.SCHLIB,CONN_DG141R_10,"Terminal Block Spring, Pitch 2.54mm"
6511,CONN_TERMINALB.SCHLIB,CONN_DG141R_09,"Terminal Block Spring, Pitch 2.54mm"
6512,CONN_TERMINALB.SCHLIB,CONN_DG141R_08,"Terminal Block Spring, Pitch 2.54mm"
6513,CONN_TERMINALB.SCHLIB,CONN_DG141R_07,"Terminal Block Spring, Pitch 2.54mm"
6514,CONN_TERMINALB.SCHLIB,CONN_DG141R_06,"Terminal Block Spring, Pitch 2.54mm"
6515,CONN_TERMINALB.SCHLIB,CONN_DG141R_05,"Terminal Block Spring, Pitch 2.54mm"
6516,CONN_TERMINALB.SCHLIB,CONN_DG141R_04,"Terminal Block Spring, Pitch 2.54mm"
6517,CONN_TERMINALB.SCHLIB,CONN_DG141R_03,"Terminal Block Spring, Pitch 2.54mm"
6518,CONN_TERMINALB.SCHLIB,CONN_DG141R_02,"Terminal Block Spring, Pitch 2.54mm"
6519,CONN_TERMINALB.SCHLIB,CONN_KF762_10,"Terminal Block Barrier, Pitch 7.62mm, H 12.5mm"
6520,CONN_TERMINALB.SCHLIB,CONN_KF762_09,"Terminal Block Barrier, Pitch 7.62mm, H 12.5mm"
6521,CONN_TERMINALB.SCHLIB,CONN_KF762_08,"Terminal Block Barrier, Pitch 7.62mm, H 12.5mm"
6522,CONN_TERMINALB.SCHLIB,CONN_KF762_07,"Terminal Block Barrier, Pitch 7.62mm, H 12.5mm"
6523,CONN_TERMINALB.SCHLIB,CONN_KF762_06,"Terminal Block Barrier, Pitch 7.62mm, H 12.5mm"
6524,CONN_TERMINALB.SCHLIB,CONN_KF762_05,"Terminal Block Barrier, Pitch 7.62mm, H 12.5mm"
6525,CONN_TERMINALB.SCHLIB,CONN_KF762_04,"Terminal Block Barrier, Pitch 7.62mm, H 12.5mm"
6526,CONN_TERMINALB.SCHLIB,CONN_KF762_03,"Terminal Block Barrier, Pitch 7.62mm, H 12.5mm"
6527,CONN_TERMINALB.SCHLIB,CONN_KF762_02,"Terminal Block Barrier, Pitch 7.62mm, H 12.5mm"
6528,CONN_TERMINALB.SCHLIB,CONN_DGPSR_10,"Terminal Block Spring, Pitch 5mm, H 13.9mm"
6529,CONN_TERMINALB.SCHLIB,CONN_DGPSR_09,"Terminal Block Spring, Pitch 5mm, H 13.9mm"
6530,CONN_TERMINALB.SCHLIB,CONN_DGPSR_08,"Terminal Block Spring, Pitch 5mm, H 13.9mm"
6531,CONN_TERMINALB.SCHLIB,CONN_DGPSR_07,"Terminal Block Spring, Pitch 5mm, H 13.9mm"
6532,CONN_TERMINALB.SCHLIB,CONN_DGPSR_06,"Terminal Block Spring, Pitch 5mm, H 13.9mm"
6533,CONN_TERMINALB.SCHLIB,CONN_DGPSR_05,"Terminal Block Spring, Pitch 5mm, H 13.9mm"
6534,CONN_TERMINALB.SCHLIB,CONN_DGPSR_04,"Terminal Block Spring, Pitch 5mm, H 13.9mm"
6535,CONN_TERMINALB.SCHLIB,CONN_DGPSR_03,"Terminal Block Spring, Pitch 5mm, H 13.9mm"
6536,CONN_TERMINALB.SCHLIB,CONN_DGPSR_02,"Terminal Block Spring, Pitch 5mm, H 13.9mm"
6537,CONN_TERMINALB.SCHLIB,CONN_DG35C_10,"Terminal Block Barrier, Pitch 8.25mm, H 15.1mm"
6538,CONN_TERMINALB.SCHLIB,CONN_DG35C_09,"Terminal Block Barrier, Pitch 8.25mm, H 15.1mm"
6539,CONN_TERMINALB.SCHLIB,CONN_DG35C_08,"Terminal Block Barrier, Pitch 8.25mm, H 15.1mm"
6540,CONN_TERMINALB.SCHLIB,CONN_DG35C_07,"Terminal Block Barrier, Pitch 8.25mm, H 15.1mm"
6541,CONN_TERMINALB.SCHLIB,CONN_DG35C_06,"Terminal Block Barrier, Pitch 8.25mm, H 15.1mm"
6542,CONN_TERMINALB.SCHLIB,CONN_DG35C_05,"Terminal Block Barrier, Pitch 8.25mm, H 15.1mm"
6543,CONN_TERMINALB.SCHLIB,CONN_DG35C_04,"Terminal Block Barrier, Pitch 8.25mm, H 15.1mm"
6544,CONN_TERMINALB.SCHLIB,CONN_DG35C_03,"Terminal Block Barrier, Pitch 8.25mm, H 15.1mm"
6545,CONN_TERMINALB.SCHLIB,CONN_DG35C_02,"Terminal Block Barrier, Pitch 8.25mm, H 15.1mm"
6546,CONN_TERMINALB.SCHLIB,CONN_DG308_10,"Terminal Block Screw, Pitch 2.54mm, H 8.6mm"
6547,CONN_TERMINALB.SCHLIB,CONN_DG308_09,"Terminal Block Screw, Pitch 2.54mm, H 8.6mm"
6548,CONN_TERMINALB.SCHLIB,CONN_DG308_08,"Terminal Block Screw, Pitch 2.54mm, H 8.6mm"
6549,CONN_TERMINALB.SCHLIB,CONN_DG308_07,"Terminal Block Screw, Pitch 2.54mm, H 8.6mm"
6550,CONN_TERMINALB.SCHLIB,CONN_DG308_06,"Terminal Block Screw, Pitch 2.54mm, H 8.6mm"
6551,CONN_TERMINALB.SCHLIB,CONN_DG308_05,"Terminal Block Screw, Pitch 2.54mm, H 8.6mm"
6552,CONN_TERMINALB.SCHLIB,CONN_DG308_04,"Terminal Block Screw, Pitch 2.54mm, H 8.6mm"
6553,CONN_TERMINALB.SCHLIB,CONN_DG308_03,"Terminal Block Screw, Pitch 2.54mm, H 8.6mm"
6554,CONN_TERMINALB.SCHLIB,CONN_DG308_02,"Terminal Block Screw, Pitch 2.54mm, H 8.6mm"
6555,CONN_TERMINALB.SCHLIB,CONN_DG301_10,"Terminal Block Screw, Pitch 5mm, H 10mm"
6556,CONN_TERMINALB.SCHLIB,CONN_DG301_09,"Terminal Block Screw, Pitch 5mm, H 10mm"
6557,CONN_TERMINALB.SCHLIB,CONN_DG301_08,"Terminal Block Screw, Pitch 5mm, H 10mm"
6558,CONN_TERMINALB.SCHLIB,CONN_DG301_07,"Terminal Block Screw, Pitch 5mm, H 10mm"
6559,CONN_TERMINALB.SCHLIB,CONN_DG301_06,"Terminal Block Screw, Pitch 5mm, H 10mm"
6560,CONN_TERMINALB.SCHLIB,CONN_DG301_05,"Terminal Block Screw, Pitch 5mm, H 10mm"
6561,CONN_TERMINALB.SCHLIB,CONN_DG301_04,"Terminal Block Screw, Pitch 5mm, H 10mm"
6562,CONN_TERMINALB.SCHLIB,CONN_DG301_03,"Terminal Block Screw, Pitch 5mm, H 10mm"
6563,CONN_TERMINALB.SCHLIB,CONN_DG301_02,"Terminal Block Screw, Pitch 5mm, H 10mm"
6564,CONN_TERMINALB.SCHLIB,CONN_DG300_10,"Terminal Block Screw, Pitch 5mm, H 12.6mm"
6565,CONN_TERMINALB.SCHLIB,CONN_DG300_09,"Terminal Block Screw, Pitch 5mm, H 12.6mm"
6566,CONN_TERMINALB.SCHLIB,CONN_DG300_08,"Terminal Block Screw, Pitch 5mm, H 12.6mm"
6567,CONN_TERMINALB.SCHLIB,CONN_DG300_07,"Terminal Block Screw, Pitch 5mm, H 12.6mm"
6568,CONN_TERMINALB.SCHLIB,CONN_DG300_06,"Terminal Block Screw, Pitch 5mm, H 12.6mm"
6569,CONN_TERMINALB.SCHLIB,CONN_DG300_05,"Terminal Block Screw, Pitch 5mm, H 12.6mm"
6570,CONN_TERMINALB.SCHLIB,CONN_DG300_04,"Terminal Block Screw, Pitch 5mm, H 12.6mm"
6571,CONN_TERMINALB.SCHLIB,CONN_DG300_03,"Terminal Block Screw, Pitch 5mm, H 12.6mm"
6572,CONN_TERMINALB.SCHLIB,CONN_DG300_02,"Terminal Block Screw, Pitch 5mm, H 12.6mm"
6573,CONN_TERMINALB.SCHLIB,CONN_DG166_10,"Terminal Block Screw, Pitch 5mm, H 12.9mm"
6574,CONN_TERMINALB.SCHLIB,CONN_DG166_09,"Terminal Block Screw, Pitch 5mm, H 12.9mm"
6575,CONN_TERMINALB.SCHLIB,CONN_DG166_08,"Terminal Block Screw, Pitch 5mm, H 12.9mm"
6576,CONN_TERMINALB.SCHLIB,CONN_DG166_07,"Terminal Block Screw, Pitch 5mm, H 12.9mm"
6577,CONN_TERMINALB.SCHLIB,CONN_DG166_06,"Terminal Block Screw, Pitch 5mm, H 12.9mm"
6578,CONN_TERMINALB.SCHLIB,CONN_DG166_05,"Terminal Block Screw, Pitch 5mm, H 12.9mm"
6579,CONN_TERMINALB.SCHLIB,CONN_DG166_04,"Terminal Block Screw, Pitch 5mm, H 12.9mm"
6580,CONN_TERMINALB.SCHLIB,CONN_DG166_03,"Terminal Block Screw, Pitch 5mm, H 12.9mm"
6581,CONN_TERMINALB.SCHLIB,CONN_DG166_02,"Terminal Block Screw, Pitch 5mm, H 12.9mm"
6582,CONN_TERMINALB.SCHLIB,CONN_MPT_10,"Terminal Block Screw, Pitch 2.54mm, H 8.6mm"
6583,CONN_TERMINALB.SCHLIB,CONN_MPT_09,"Terminal Block Screw, Pitch 2.54mm, H 8.6mm"
6584,CONN_TERMINALB.SCHLIB,CONN_MPT_08,"Terminal Block Screw, Pitch 2.54mm, H 8.6mm"
6585,CONN_TERMINALB.SCHLIB,CONN_MPT_07,"Terminal Block Screw, Pitch 2.54mm, H 8.6mm"
6586,CONN_TERMINALB.SCHLIB,CONN_MPT_06,"Terminal Block Screw, Pitch 2.54mm, H 8.6mm"
6587,CONN_TERMINALB.SCHLIB,CONN_MPT_05,"Terminal Block Screw, Pitch 2.54mm, H 8.6mm"
6588,CONN_TERMINALB.SCHLIB,CONN_MPT_04,"Terminal Block Screw, Pitch 2.54mm, H 8.6mm"
6589,CONN_TERMINALB.SCHLIB,CONN_MPT_03,"Terminal Block Screw, Pitch 2.54mm, H 8.6mm"
6590,CONN_TERMINALB.SCHLIB,CONN_MPT_02,"Terminal Block Screw, Pitch 2.54mm, H 8.6mm"
6591,CONN_USB.SCHLIB,CONN_USB_A_REC_RA_THD_SHORT,"CONN, USB, A, RECEPTACLE, R/A, THD"
6592,CONN_USB.SCHLIB,CONN_USB_MICRO_AB_TM_SHT,"CONN, USB, MICRO AB, R/A, SMD, TOP MOUNT"
6593,CONN_USB.SCHLIB,CONN_USB_MICRO_AB_BM_SHT,"CONN, USB, MICRO AB, R/A, SMD, BOTTOM MOUNT"
6594,CONN_USB.SCHLIB,CONN_USB_MICRO_AB_BM_SHS,"CONN, USB, MICRO AB, R/A, SMD, BOTTOM MOUNT"
6595,CONN_USB.SCHLIB,CONN_USB_MICRO_B_BM_SHT,"CONN, USB, MICRO B, R/A, SMD, BOTTOM MOUNT, SHT"
6596,CONN_USB.SCHLIB,CONN_USB_MICRO_B_BM_SHS,"CONN, USB, MICRO B, R/A, SMD, BOTTOM MOUNT"
6597,CONN_USB.SCHLIB,CONN_USB_MICRO_B_MOLEX,"CONN, USB, MICRO B, R/A, SMD, BOTTOM MOUNT"
6598,CONN_USB.SCHLIB,CONN_USB_MINI5B_CABLE,"CONN, USB, MINI 5 B, R/A, SMD"
6599,CONN_USB.SCHLIB,CONN_USB_A_REC_RA_THD,"CONN, USB, A, RECEPTACLE, R/A, THD"
6600,CONN_USB.SCHLIB,CONN_USB_A_REC_RA_SMD,"CONN, USB, A, RECEPTACLE, R/A, SMD"
6601,CONN_USB.SCHLIB,CONN_USB_MICRO_B_FCI,"CONN, USB, MICRO B, R/A, SMD, BOTTOM MOUNT"
6602,CONN_USB.SCHLIB,CONN_USB_MINI5B_THD,"CONN, USB, MINI 5 B, R/A, THD"
6603,CONN_USB.SCHLIB,CONN_USB_MINI5B_SMD,"CONN, USB, MINI 5 B, R/A, SMD"
6604,CONN_USB.SCHLIB,CONN_USB_MICRO_AB_V,"CONN, USB, MICRO AB, Vertical"
6605,CONN_USB.SCHLIB,CONN_USB_B_RA_CABLE,"CONN, USB, B, R/A, THD, CABLE"
6606,CONN_USB.SCHLIB,CONN_USB_A_PLUG_SMD,"CONN, USB, A, PLUG, THD"
6607,CONN_USB.SCHLIB,CONN_USB3_A_USB1135,"CONN, USB3, A type, R/A, THD"
6608,CONN_USB.SCHLIB,CONN_USB3_A_USB1075,"CONN, USB3, A type, R/A, THD"
6609,CONN_USB.SCHLIB,CONN_USB_MICRO_B_V,"CONN, USB, MICRO B, Vertical"
6610,CONN_USB.SCHLIB,CONN_USB_A_REC_UR5,"CONN, USB, A, RECEPTACLE, R/A, THD, VERTICAL"
6611,CONN_USB.SCHLIB,CONN_USB_A_REC_UR4,"CONN, USB, A, RECEPTACLE, R/A, THD, VERTICAL"
6612,CONN_USB.SCHLIB,CONN_USB_A_REC_UR3,"CONN, USB, A, RECEPTACLE, R/A, THD, VERTICAL"
6613,CONN_USB.SCHLIB,CONN_USB_A_REC_UR2,"CONN, USB, A, RECEPTACLE, R/A, THD, VERTICAL"
6614,CONN_USB.SCHLIB,CONN_USB_A_REC_UR1,"CONN, USB, A, RECEPTACLE, R/A, THD, VERTICAL"
6615,CONN_USB.SCHLIB,CONN_USB_B_RA_THD,"CONN, USB, B, R/A, THD"
6616,CONN_USB.SCHLIB,CONN_USB_B_RA_SMD,"CONN, USB, B, R/A, SMD"
6617,CONN_USB.SCHLIB,CONN_USB_A_REC_ST,"CONN, USB, A, RECEPTACLE, STRAIGHT, THD"
6618,CONN_USB.SCHLIB,CONN_USB3_MICRO_B,"CONN, USB3, MICRO B, SMD"
6619,CONN_USB.SCHLIB,CONN_USB3_AX2_RA,"CONN, USB3, A, DUAL R/A, THD"
6620,CONN_USB.SCHLIB,CONN_USB_A_PLUG,"CONN, USB, A, PLUG, THD"
6621,CONN_USB.SCHLIB,USB_A_PLG_PCB,"CONN, USB, A, PCB"
6622,CONN_USB.SCHLIB,CONN_USB_TEST,"CONN, USB, TEST"
6623,CONN_USB.SCHLIB,CONN_USB_B_ST,"CONN, USB, B, STRAIGHT, THD"
6624,CONN_USB.SCHLIB,CONN_USB_A_X2,"CONN, USB, A, RECEPTACLE, R/A, THD, DUAL"
6625,CONN_USB.SCHLIB,CONN_USB3_B,"CONN, USB3, B, R/A, THD"
6626,CONN_USBC.SCHLIB,CONN_USBC_HYB_UJ31-CH-3-MSMT-TR-67,"CONN, USB, Type C, Gen 2, Right-Angle, Mid Mount, HYBRID, Waterproof"
6627,CONN_USBC.SCHLIB,CONN_USBC_HYB_KUSB67X-SMTTH-CS4,"CONN, USB, Type C, USB 3.2 Gen 2, Right-Angle, HYBRID"
6628,CONN_USBC.SCHLIB,CONN_USBC_HYB_UJ31-CH-3-SMT-TR,"CONN, USB, Type C, USB 3.1 Gen 2, Right-Angle, HYBRID"
6629,CONN_USBC.SCHLIB,CONN_USBC_HYB_UJ31-CH-31N-SMT,"CONN, USB, Type C, USB 3.1 Gen 2, Right-Angle, HYBRID"
6630,CONN_USBC.SCHLIB,CONN_USBC_HYB_UJ31-CH-312-SMT,"CONN, USB, Type C, USB 3.1 Gen 2, Right-Angle, HYBRID"
6631,CONN_USBC.SCHLIB,CONN_USBC_HYB_KUSBX-SMTTH-CS1,"CONN, USB, Type C, USB 3.1 Gen 2, Right-Angle, HYBRID"
6632,CONN_USBC.SCHLIB,CONN_USBC_SMD_6_UJC-HP-3-SMT,"CONN, USB, Type C (USB 3.1), Right-Angle, SMD"
6633,CONN_USBC.SCHLIB,CONN_USBC_SMD_16_DX07S016JA1,"CONN, USB, Type C, USB 2.0, Right-Angle, SMD"
6634,CONN_USBC.SCHLIB,CONN_USBC_HYB_UJ31-CH-G2-SMT,"CONN, USB, Type C, USB 3.1 Gen 2, Right-Angle, HYBRID"
6635,CONN_USBC.SCHLIB,CONN_USBC_HYB_UJ31-CH-G1-SMT,"CONN, USB, Type C, USB 3.1 Gen 2, Right-Angle, HYBRID"
6636,CONN_USBC.SCHLIB,CONN_USBC_HYB_UJ31-CH-4-MSMT,"CONN, USB, Type C, USB 3.1 Gen 2, Right-Angle, Mid Mount, HYBRID"
6637,CONN_USBC.SCHLIB,CONN_USBC_HYB_UJ31-CH-31-SMT,"CONN, USB, Type C, USB 3.1 Gen 2, Right-Angle, Mid Mount, HYBRID"
6638,CONN_USBC.SCHLIB,CONN_USBC_SMD_KUSBX-SMT3-CS,"CONN, USB, Type C, USB 3.1 Gen 2, Right-Angle, SMD"
6639,CONN_USBC.SCHLIB,CONN_USBC_SMD_KUSBX-SMT-CS4,"CONN, USB, Type C, USB 3.1 Gen 2, Right-Angle, SMD"
6640,CONN_USBC.SCHLIB,CONN_USBC_SMD_KUSBX-SMT-CS2,"CONN, USB, Type C, USB 3.1 Gen 2, Right-Angle, SMD"
6641,CONN_USBC.SCHLIB,CONN_USBC_SMD_DX07S024JA2,"CONN, USB, Type C, USB 3.2, Right-Angle, SMD"
6642,CONN_USBC.SCHLIB,CONN_USBC_SMD_CX90B1-24P,"CONN, USB, Type C, USB 3.1 Gen 2, Right-Angle, SMD"
6643,CONN_USBC.SCHLIB,CONN_USBC_SMD_16_USB4110,"CONN, USB, Type C, USB 2.0, Right-Angle, SMD"
6644,CONN_USBC.SCHLIB,CONN_USBC_SMD_16_USB4105,"CONN, USB, Type C, USB 2.0, Right-Angle, SMD"
6645,CONN_USBC.SCHLIB,CONN_USBC_SMD_10137065,"CONN, USB, Type C, USB 3.1 Gen 1, Right-Angle, SMD"
6646,CONN_USBC.SCHLIB,CONN_USBC_HYB_10137062,"CONN, USB, Type C, USB 3.1 Gen 1, Right-Angle, HYBRID"
6647,CONN_USBC.SCHLIB,CONN_USBC_SMD_201267,"CONN, USB, Type C (USB3.1), Right-Angle, SMD"
6648,CONN_USBC.SCHLIB,CONN_USBC_SMD_105450,"CONN, USB, Type C (USB3.1), Right-Angle, SMD"
6649,CONN_USBC.SCHLIB,CONN_USBC_HYB_632723,"CONN, USB, Type C (USB3.1), Right-Angle, HYBRID"
6650,CONN_USBC.SCHLIB,CONN_USBC_SMD_E412A,"CONN, USB, Type C, USB 3.1 Gen 2, Right-Angle, SMD"
6651,CONN_USBC.SCHLIB,CONN_USBC_SMD_E402A,"CONN, USB, Type C, USB 3.1 Gen 2, Right-Angle, SMD"
6652,CONN_USBC.SCHLIB,CONN_USBC_THD_16V,"CONN, USB, Type C, USB 2.0, Vertical, SMD"
6653,CONN_USBC.SCHLIB,CONN_USBC_SMD_16V,"CONN, USB, Type C, USB 2.0, Vertical, SMD"
6654,CONN_USBC.SCHLIB,CONN_USBC_SMD_16,"CONN, USB, Type C, USB 2.0, Right-Angle, SMD"
6655,CONN_USBC.SCHLIB,CONN_USBC_PCB_16,"CONN, USB, Type C (USB3.1), Direct on PCB"
6656,CONN_USBC.SCHLIB,CONN_USBC_PCB_6,"CONN, USB, Type C (USB3.1), Direct on PCB"
6657,CONN_USBC.SCHLIB,CONN_USBC_PLUG,"CONN, USB, Type C (USB3.1), PLUG SMD"
6658,CONN_USBC.SCHLIB,CONN_USBC_PCB,"CONN, USB, Type C (USB3.1), Direct on PCB"
6659,CONN_WIRE2BOARD.SCHLIB,DATAMATE-M80-82826,"Connector Datamate, pitch:2mm"
6660,CONN_WIRE2BOARD.SCHLIB,DATAMATE-M80-82820,"Connector Datamate, pitch:2mm"
6661,CONN_WIRE2BOARD.SCHLIB,DATAMATE-M80-82818,"Connector Datamate, pitch:2mm"
6662,CONN_WIRE2BOARD.SCHLIB,DATAMATE-M80-82816,"Connector Datamate, pitch:2mm"
6663,CONN_WIRE2BOARD.SCHLIB,DATAMATE-M80-82810,"Connector Datamate, pitch:2mm"
6664,CONN_WIRE2BOARD.SCHLIB,DATAMATE-M80-82808,"Connector Datamate, pitch:2mm"
6665,CONN_WIRE2BOARD.SCHLIB,DATAMATE-M80-82806,"Connector Datamate, pitch:2mm"
6666,CONN_WIRE2BOARD.SCHLIB,DF13EA-30DP-1.25V,"Connector GECKO, pitch:1.25mm"
6667,CONN_WIRE2BOARD.SCHLIB,PICOEZMATE120_6,"Header, PicoEZmate, Pitch: 1.2mm"
6668,CONN_WIRE2BOARD.SCHLIB,PICOEZMATE120_5,"Header, PicoEZmate, Pitch: 1.2mm"
6669,CONN_WIRE2BOARD.SCHLIB,PICOEZMATE120_4,"Header, PicoEZmate, Pitch: 1.2mm"
6670,CONN_WIRE2BOARD.SCHLIB,PICOEZMATE120_3,"Header, PicoEZmate, Pitch: 1.2mm"
6671,CONN_WIRE2BOARD.SCHLIB,PICOEZMATE120_2,"Header, PicoEZmate, Pitch: 1.2mm"
6672,CONN_WIRE2BOARD.SCHLIB,GECKO-FS13405L0,"Connector GECKO, pitch:1.25mm"
6673,CONN_WIRE2BOARD.SCHLIB,GECKO-FS12605L0,"Connector GECKO, pitch:1.25mm"
6674,CONN_WIRE2BOARD.SCHLIB,GECKO-FS12005L0,"Connector GECKO, pitch:1.25mm"
6675,CONN_WIRE2BOARD.SCHLIB,GECKO-FS11005L0,"Connector GECKO, pitch:1.25mm"
6676,CONN_WIRE2BOARD.SCHLIB,ER_CON3P5_2_SMD,"CONN, lcd backligh, 3.5mm pitch"
6677,CONN_WIRE2BOARD.SCHLIB,DF13-2P-1.25DSA,"Connector, DF13, pitch:1.25mm, singleRow, Straight, THD"
6678,CONN_WIRE2BOARD.SCHLIB,DF13_12P-1.25H,"Connector, DF13, pitch:1.25mm, singleRow, Right Angle, SMT"
6679,CONN_WIRE2BOARD.SCHLIB,DF13_10P-1.25H,"Connector, DF13, pitch:1.25mm, singleRow, Right Angle, SMT"
6680,CONN_WIRE2BOARD.SCHLIB,DF13-2P-1.25DS,"Connector, DF13, pitch:1.25mm, singleRow, RightAngle, THD"
6681,CONN_WIRE2BOARD.SCHLIB,CONN_XT30UPB-M,"Conn. Battery  XT30PW, Vertical"
6682,CONN_WIRE2BOARD.SCHLIB,DF13_8P-1.25H,"Connector, DF13, pitch:1.25mm, singleRow, Right Angle, SMT"
6683,CONN_WIRE2BOARD.SCHLIB,DF13_6P-1.25H,"Connector, DF13, pitch:1.25mm, singleRow, Right Angle, SMT"
6684,CONN_WIRE2BOARD.SCHLIB,DF13-4P-1.25H,"Connector, DF13, pitch:1.25mm, singleRow, Right Angle, SMT"
6685,CONN_WIRE2BOARD.SCHLIB,DF13-2P-1.25V,"Connector, DF13, pitch:1.25mm, singleRow, Straight, SMT"
6686,CONN_WIRE2BOARD.SCHLIB,DF13-2P-1.25H,"Connector, DF13, pitch:1.25mm, singleRow, Straight, THD"
6687,CONN_WIRE2BOARD.SCHLIB,CONN_XT30PW-M,"Conn. Battery  XT30PW, right angle"
6688,CONN_WIRE2BOARD.SCHLIB,PICOBLADE_17,"CONN, 1.25mm pitch, Molex PicoBlade 1.0A/250v"
6689,CONN_WIRE2BOARD.SCHLIB,PICOBLADE_15,"CONN, 1.25mm pitch, Molex PicoBlade 1.0A/250v"
6690,CONN_WIRE2BOARD.SCHLIB,PICOBLADE_14,"CONN, 1.25mm pitch, Molex PicoBlade 1.0A/250v"
6691,CONN_WIRE2BOARD.SCHLIB,PICOBLADE_13,"CONN, 1.25mm pitch, Molex PicoBlade 1.0A/250v"
6692,CONN_WIRE2BOARD.SCHLIB,PICOBLADE_12,"CONN, 1.25mm pitch, Molex PicoBlade 1.0A/250v"
6693,CONN_WIRE2BOARD.SCHLIB,PICOBLADE_11,"CONN, 1.25mm pitch, Molex PicoBlade 1.0A/250v"
6694,CONN_WIRE2BOARD.SCHLIB,PICOBLADE_10,"CONN, 1.25mm pitch, Molex PicoBlade 1.0A/250v"
6695,CONN_WIRE2BOARD.SCHLIB,TMS250_R_15,"Molex Mini-SPOX, pitch 2.50mm, 4.0A"
6696,CONN_WIRE2BOARD.SCHLIB,TMS250_R_14,"Molex Mini-SPOX, pitch 2.50mm, 4.0A"
6697,CONN_WIRE2BOARD.SCHLIB,TMS250_R_13,"Molex Mini-SPOX, pitch 2.50mm, 4.0A"
6698,CONN_WIRE2BOARD.SCHLIB,TMS250_R_12,"Molex Mini-SPOX, pitch 2.50mm, 4.0A"
6699,CONN_WIRE2BOARD.SCHLIB,TMS250_R_11,"Molex Mini-SPOX, pitch 2.50mm, 4.0A"
6700,CONN_WIRE2BOARD.SCHLIB,TMS250_R_10,"Molex Mini-SPOX, pitch 2.50mm, 4.0A"
6701,CONN_WIRE2BOARD.SCHLIB,PICOBLADE_9,"CONN, 1.25mm pitch, Molex PicoBlade 1.0A/250v"
6702,CONN_WIRE2BOARD.SCHLIB,PICOBLADE_8,"CONN, 1.25mm pitch, Molex PicoBlade 1.0A/250v"
6703,CONN_WIRE2BOARD.SCHLIB,PICOBLADE_7,"CONN, 1.25mm pitch, Molex PicoBlade 1.0A/250v"
6704,CONN_WIRE2BOARD.SCHLIB,PICOBLADE_6,"CONN, 1.25mm pitch, Molex PicoBlade 1.0A/250v"
6705,CONN_WIRE2BOARD.SCHLIB,PICOBLADE_5,"CONN, 1.25mm pitch, Molex PicoBlade 1.0A/250v"
6706,CONN_WIRE2BOARD.SCHLIB,PICOBLADE_4,"CONN, 1.25mm pitch, Molex PicoBlade 1.0A/250v"
6707,CONN_WIRE2BOARD.SCHLIB,PICOBLADE_3,"CONN, 1.25mm pitch, Molex PicoBlade 1.0A/250v"
6708,CONN_WIRE2BOARD.SCHLIB,PICOBLADE_2,"CONN, 1.25mm pitch, Molex PicoBlade 1.0A/250v"
6709,CONN_WIRE2BOARD.SCHLIB,PH_R_SMD_16,"JST PH Series, pitch: 2.0mm, 2.0A/100v"
6710,CONN_WIRE2BOARD.SCHLIB,PH_R_SMD_15,"JST PH Series, pitch: 2.0mm, 2.0A/100v"
6711,CONN_WIRE2BOARD.SCHLIB,PH_R_SMD_14,"JST PH Series, pitch: 2.0mm, 2.0A/100v"
6712,CONN_WIRE2BOARD.SCHLIB,PH_R_SMD_13,"JST PH Series, pitch: 2.0mm, 2.0A/100v"
6713,CONN_WIRE2BOARD.SCHLIB,PH_R_SMD_12,"JST PH Series, pitch: 2.0mm, 2.0A/100v"
6714,CONN_WIRE2BOARD.SCHLIB,PH_R_SMD_11,"JST PH Series, pitch: 2.0mm, 2.0A/100v"
6715,CONN_WIRE2BOARD.SCHLIB,PH_R_SMD_10,"JST PH Series, pitch: 2.0mm, 2.0A/100v"
6716,CONN_WIRE2BOARD.SCHLIB,GH_R_SMD_16,"JST GH Series, pitch: 1.25mm, 1.0A/50v"
6717,CONN_WIRE2BOARD.SCHLIB,GH_R_SMD_15,"JST GH Series, pitch: 1.25mm, 1.0A/50v"
6718,CONN_WIRE2BOARD.SCHLIB,GH_R_SMD_14,"JST GH Series, pitch: 1.25mm, 1.0A/50v"
6719,CONN_WIRE2BOARD.SCHLIB,GH_R_SMD_13,"JST GH Series, pitch: 1.25mm, 1.0A/50v"
6720,CONN_WIRE2BOARD.SCHLIB,GH_R_SMD_12,"JST GH Series, pitch: 1.25mm, 1.0A/50v"
6721,CONN_WIRE2BOARD.SCHLIB,GH_R_SMD_11,"JST GH Series, pitch: 1.25mm, 1.0A/50v"
6722,CONN_WIRE2BOARD.SCHLIB,GH_R_SMD_10,"JST GH Series, pitch: 1.25mm, 1.0A/50v"
6723,CONN_WIRE2BOARD.SCHLIB,XH_R_SMD_8,"JST-SxB-XH-SM4 pitch: 2.5mm, 3A/250v"
6724,CONN_WIRE2BOARD.SCHLIB,XH_R_SMD_6,"JST-SxB-XH-SM4 pitch: 2.5mm, 3A/250v"
6725,CONN_WIRE2BOARD.SCHLIB,XH_R_SMD_5,"JST-SxB-XH-SM4 pitch: 2.5mm, 3A/250v"
6726,CONN_WIRE2BOARD.SCHLIB,XH_R_SMD_4,"JST-SxB-XH-SM4 pitch: 2.5mm, 3A/250v"
6727,CONN_WIRE2BOARD.SCHLIB,XH_R_SMD_3,"JST-SxB-XH-SM4 pitch: 2.5mm, 3A/250v"
6728,CONN_WIRE2BOARD.SCHLIB,XH_R_SMD_2,"JST-SxB-XH-SM4 pitch: 2.5mm, 3A/250v"
6729,CONN_WIRE2BOARD.SCHLIB,TMS250_R_9,"Molex Mini-SPOX, pitch 2.50mm, 4.0A"
6730,CONN_WIRE2BOARD.SCHLIB,TMS250_R_8,"Molex Mini-SPOX, pitch 2.50mm, 4.0A"
6731,CONN_WIRE2BOARD.SCHLIB,TMS250_R_7,"Molex Mini-SPOX, pitch 2.50mm, 4.0A"
6732,CONN_WIRE2BOARD.SCHLIB,TMS250_R_6,"Molex Mini-SPOX, pitch 2.50mm, 4.0A"
6733,CONN_WIRE2BOARD.SCHLIB,TMS250_R_5,"Molex Mini-SPOX, pitch 2.50mm, 4.0A"
6734,CONN_WIRE2BOARD.SCHLIB,TMS250_R_4,"Molex Mini-SPOX, pitch 2.50mm, 4.0A"
6735,CONN_WIRE2BOARD.SCHLIB,TMS250_R_3,"Molex Mini-SPOX, pitch 2.50mm, 4.0A"
6736,CONN_WIRE2BOARD.SCHLIB,TMS250_R_2,"Molex Mini-SPOX, pitch 2.50mm, 4.0A"
6737,CONN_WIRE2BOARD.SCHLIB,ST60_36P30,Interface Connectors for Portable Terminal Devices
6738,CONN_WIRE2BOARD.SCHLIB,SM20B-SURS,"Header, eSUR, Pitch: 0.8mm"
6739,CONN_WIRE2BOARD.SCHLIB,SM20B-SRSS,"JST SH Series, pitch: 1.0mm, 1.0A/50v. Side Entry"
6740,CONN_WIRE2BOARD.SCHLIB,SM15B-SRSS,"JST SH Series, pitch: 1.0mm, 1.0A/50v. Side Entry"
6741,CONN_WIRE2BOARD.SCHLIB,SM14B-SRSS,"JST SH Series, pitch: 1.0mm, 1.0A/50v. Side Entry"
6742,CONN_WIRE2BOARD.SCHLIB,SM13B-SRSS,"JST SH Series, pitch: 1.0mm, 1.0A/50v. Side Entry"
6743,CONN_WIRE2BOARD.SCHLIB,SM12B-SRSS,"JST SH Series, pitch: 1.0mm, 1.0A/50v. Side Entry"
6744,CONN_WIRE2BOARD.SCHLIB,SM11B-SRSS,"JST SH Series, pitch: 1.0mm, 1.0A/50v. Side Entry"
6745,CONN_WIRE2BOARD.SCHLIB,SM10B-SRSS,"JST SH Series, pitch: 1.0mm, 1.0A/50v. Side Entry"
6746,CONN_WIRE2BOARD.SCHLIB,SM09B-SRSS,"JST SH Series, pitch: 1.0mm, 1.0A/50v. Side Entry"
6747,CONN_WIRE2BOARD.SCHLIB,SM08B-SRSS,"JST SH Series, pitch: 1.0mm, 1.0A/50v. Side Entry"
6748,CONN_WIRE2BOARD.SCHLIB,SM07B-SRSS,"JST SH Series, pitch: 1.0mm, 1.0A/50v. Side Entry"
6749,CONN_WIRE2BOARD.SCHLIB,SM06B-SRSS,"JST SH Series, pitch: 1.0mm, 1.0A/50v. Side Entry"
6750,CONN_WIRE2BOARD.SCHLIB,SM05B-SRSS,"JST SH Series, pitch: 1.0mm, 1.0A/50v. Side Entry"
6751,CONN_WIRE2BOARD.SCHLIB,SM04B-SRSS,"JST SH Series, pitch: 1.0mm, 1.0A/50v. Side Entry"
6752,CONN_WIRE2BOARD.SCHLIB,SM03B-SRSS,"JST SH Series, pitch: 1.0mm, 1.0A/50v. Side Entry"
6753,CONN_WIRE2BOARD.SCHLIB,SM02B-SURS,"Header, eSUR, Pitch: 0.8mm"
6754,CONN_WIRE2BOARD.SCHLIB,SM02B-SRSS,"JST SH Series, pitch: 1.0mm, 1.0A/50v. Side Entry"
6755,CONN_WIRE2BOARD.SCHLIB,PH_R_SMD_9,"JST PH Series, pitch: 2.0mm, 2.0A/100v"
6756,CONN_WIRE2BOARD.SCHLIB,PH_R_SMD_8,"JST PH Series, pitch: 2.0mm, 2.0A/100v"
6757,CONN_WIRE2BOARD.SCHLIB,PH_R_SMD_7,"JST PH Series, pitch: 2.0mm, 2.0A/100v"
6758,CONN_WIRE2BOARD.SCHLIB,PH_R_SMD_6,"JST PH Series, pitch: 2.0mm, 2.0A/100v"
6759,CONN_WIRE2BOARD.SCHLIB,PH_R_SMD_5,"JST PH Series, pitch: 2.0mm, 2.0A/100v"
6760,CONN_WIRE2BOARD.SCHLIB,PH_R_SMD_4,"JST PH Series, pitch: 2.0mm, 2.0A/100v"
6761,CONN_WIRE2BOARD.SCHLIB,PH_R_SMD_3,"JST PH Series, pitch: 2.0mm, 2.0A/100v"
6762,CONN_WIRE2BOARD.SCHLIB,PH_R_SMD_2,"JST PH Series, pitch: 2.0mm, 2.0A/100v"
6763,CONN_WIRE2BOARD.SCHLIB,GH_R_SMD_9,"JST GH Series, pitch: 1.25mm, 1.0A/50v"
6764,CONN_WIRE2BOARD.SCHLIB,GH_R_SMD_8,"JST GH Series, pitch: 1.25mm, 1.0A/50v"
6765,CONN_WIRE2BOARD.SCHLIB,GH_R_SMD_7,"JST GH Series, pitch: 1.25mm, 1.0A/50v"
6766,CONN_WIRE2BOARD.SCHLIB,GH_R_SMD_6,"JST GH Series, pitch: 1.25mm, 1.0A/50v"
6767,CONN_WIRE2BOARD.SCHLIB,GH_R_SMD_5,"JST GH Series, pitch: 1.25mm, 1.0A/50v"
6768,CONN_WIRE2BOARD.SCHLIB,GH_R_SMD_4,"JST GH Series, pitch: 1.25mm, 1.0A/50v"
6769,CONN_WIRE2BOARD.SCHLIB,GH_R_SMD_3,"JST GH Series, pitch: 1.25mm, 1.0A/50v"
6770,CONN_WIRE2BOARD.SCHLIB,GH_R_SMD_2,"JST GH Series, pitch: 1.25mm, 1.0A/50v"
6771,CONN_WIRE2BOARD.SCHLIB,BM15B-SRSS,"JST SH Series, pitch: 1.0mm, 1.0A/50v. Top Entry"
6772,CONN_WIRE2BOARD.SCHLIB,BM14B-SRSS,"JST SH Series, pitch: 1.0mm, 1.0A/50v. Top Entry"
6773,CONN_WIRE2BOARD.SCHLIB,BM13B-SRSS,"JST SH Series, pitch: 1.0mm, 1.0A/50v. Top Entry"
6774,CONN_WIRE2BOARD.SCHLIB,BM12B-SRSS,"JST SH Series, pitch: 1.0mm, 1.0A/50v. Top Entry"
6775,CONN_WIRE2BOARD.SCHLIB,BM11B-SRSS,"JST SH Series, pitch: 1.0mm, 1.0A/50v. Top Entry"
6776,CONN_WIRE2BOARD.SCHLIB,BM10B-SRSS,"JST SH Series, pitch: 1.0mm, 1.0A/50v. Top Entry"
6777,CONN_WIRE2BOARD.SCHLIB,BM09B-SRSS,"JST SH Series, pitch: 1.0mm, 1.0A/50v. Top Entry"
6778,CONN_WIRE2BOARD.SCHLIB,BM08B-SRSS,"JST SH Series, pitch: 1.0mm, 1.0A/50v. Top Entry"
6779,CONN_WIRE2BOARD.SCHLIB,BM07B-SRSS,"JST SH Series, pitch: 1.0mm, 1.0A/50v. Top Entry"
6780,CONN_WIRE2BOARD.SCHLIB,BM06B-SRSS,"JST SH Series, pitch: 1.0mm, 1.0A/50v. Top Entry"
6781,CONN_WIRE2BOARD.SCHLIB,BM05B-SRSS,"JST SH Series, pitch: 1.0mm, 1.0A/50v. Top Entry"
6782,CONN_WIRE2BOARD.SCHLIB,BM04B-SURS,"Header, eSUR, Pitch: 0.8mm"
6783,CONN_WIRE2BOARD.SCHLIB,BM04B-SRSS,"JST SH Series, pitch: 1.0mm, 1.0A/50v. Top Entry"
6784,CONN_WIRE2BOARD.SCHLIB,BM03B-SRSS,"JST SH Series, pitch: 1.0mm, 1.0A/50v. Top Entry"
6785,CONN_WIRE2BOARD.SCHLIB,BM02B-SURS,"Header, eSUR, Pitch: 0.8mm"
6786,CONN_WIRE2BOARD.SCHLIB,BM02B-SRSS,"JST SH Series, pitch: 1.0mm, 1.0A/50v. Top Entry"
6787,CONN_WIRE2BOARD.SCHLIB,TMS250_15,"Molex Mini-SPOX, pitch 2.50mm, 4.0A"
6788,CONN_WIRE2BOARD.SCHLIB,TMS250_14,"Molex Mini-SPOX, pitch 2.50mm, 4.0A"
6789,CONN_WIRE2BOARD.SCHLIB,TMS250_13,"Molex Mini-SPOX, pitch 2.50mm, 4.0A"
6790,CONN_WIRE2BOARD.SCHLIB,TMS250_12,"Molex Mini-SPOX, pitch 2.50mm, 4.0A"
6791,CONN_WIRE2BOARD.SCHLIB,TMS250_11,"Molex Mini-SPOX, pitch 2.50mm, 4.0A"
6792,CONN_WIRE2BOARD.SCHLIB,TMS250_10,"Molex Mini-SPOX, pitch 2.50mm, 4.0A"
6793,CONN_WIRE2BOARD.SCHLIB,HDRWF_14R,"Header, WF, Pitch: 2.54mm"
6794,CONN_WIRE2BOARD.SCHLIB,HDRWF_12R,"Header, WF, Pitch: 2.54mm"
6795,CONN_WIRE2BOARD.SCHLIB,GH_SMD_16,"JST GH Series, pitch: 1.25mm, 1.0A/50v"
6796,CONN_WIRE2BOARD.SCHLIB,GH_SMD_15,"JST GH Series, pitch: 1.25mm, 1.0A/50v"
6797,CONN_WIRE2BOARD.SCHLIB,GH_SMD_14,"JST GH Series, pitch: 1.25mm, 1.0A/50v"
6798,CONN_WIRE2BOARD.SCHLIB,GH_SMD_13,"JST GH Series, pitch: 1.25mm, 1.0A/50v"
6799,CONN_WIRE2BOARD.SCHLIB,GH_SMD_12,"JST GH Series, pitch: 1.25mm, 1.0A/50v"
6800,CONN_WIRE2BOARD.SCHLIB,GH_SMD_11,"JST GH Series, pitch: 1.25mm, 1.0A/50v"
6801,CONN_WIRE2BOARD.SCHLIB,GH_SMD_10,"JST GH Series, pitch: 1.25mm, 1.0A/50v"
6802,CONN_WIRE2BOARD.SCHLIB,CONN1MM_5,CON 1X5 SMT RA 1MM 124H SN
6803,CONN_WIRE2BOARD.SCHLIB,TMS250_9,"Molex Mini-SPOX, pitch 2.50mm, 4.0A"
6804,CONN_WIRE2BOARD.SCHLIB,TMS250_8,"Molex Mini-SPOX, pitch 2.50mm, 4.0A"
6805,CONN_WIRE2BOARD.SCHLIB,TMS250_7,"Molex Mini-SPOX, pitch 2.50mm, 4.0A"
6806,CONN_WIRE2BOARD.SCHLIB,TMS250_6,"Molex Mini-SPOX, pitch 2.50mm, 4.0A"
6807,CONN_WIRE2BOARD.SCHLIB,TMS250_5,"Molex Mini-SPOX, pitch 2.50mm, 4.0A"
6808,CONN_WIRE2BOARD.SCHLIB,TMS250_4,"Molex Mini-SPOX, pitch 2.50mm, 4.0A"
6809,CONN_WIRE2BOARD.SCHLIB,TMS250_3,"Molex Mini-SPOX, pitch 2.50mm, 4.0A"
6810,CONN_WIRE2BOARD.SCHLIB,TMS250_2,"Molex Mini-SPOX, pitch 2.50mm, 4.0A"
6811,CONN_WIRE2BOARD.SCHLIB,ST60-36P,"CONN, SATA, 22POS, Vertical, THD"
6812,CONN_WIRE2BOARD.SCHLIB,HDRWF_8R,"Header, WF, Pitch: 2.54mm, RIGHT ANGLE"
6813,CONN_WIRE2BOARD.SCHLIB,HDRWF_4R,"Header, WF, Pitch: 2.54mm, RIGHT ANGLE"
6814,CONN_WIRE2BOARD.SCHLIB,HDRWF_10,"Header, WF, Pitch: 2.54mm"
6815,CONN_WIRE2BOARD.SCHLIB,GH_SMD_9,"JST GH Series, pitch: 1.25mm, 1.0A/50v"
6816,CONN_WIRE2BOARD.SCHLIB,GH_SMD_8,"JST GH Series, pitch: 1.25mm, 1.0A/50v"
6817,CONN_WIRE2BOARD.SCHLIB,GH_SMD_7,"JST GH Series, pitch: 1.25mm, 1.0A/50v"
6818,CONN_WIRE2BOARD.SCHLIB,GH_SMD_6,"JST GH Series, pitch: 1.25mm, 1.0A/50v"
6819,CONN_WIRE2BOARD.SCHLIB,GH_SMD_5,"JST GH Series, pitch: 1.25mm, 1.0A/50v"
6820,CONN_WIRE2BOARD.SCHLIB,GH_SMD_4,"JST GH Series, pitch: 1.25mm, 1.0A/50v"
6821,CONN_WIRE2BOARD.SCHLIB,GH_SMD_3,"JST GH Series, pitch: 1.25mm, 1.0A/50v"
6822,CONN_WIRE2BOARD.SCHLIB,GH_SMD_2,"JST GH Series, pitch: 1.25mm, 1.0A/50v"
6823,CONN_WIRE2BOARD.SCHLIB,XH_R_16,"JST-SxB-XH-A pitch: 2.5mm, 3A/250v"
6824,CONN_WIRE2BOARD.SCHLIB,XH_R_15,"JST-SxB-XH-A pitch: 2.5mm, 3A/250v"
6825,CONN_WIRE2BOARD.SCHLIB,XH_R_14,"JST-SxB-XH-A pitch: 2.5mm, 3A/250v"
6826,CONN_WIRE2BOARD.SCHLIB,XH_R_13,"JST-SxB-XH-A pitch: 2.5mm, 3A/250v"
6827,CONN_WIRE2BOARD.SCHLIB,XH_R_12,"JST-SxB-XH-A pitch: 2.5mm, 3A/250v"
6828,CONN_WIRE2BOARD.SCHLIB,XH_R_11,"JST-SxB-XH-A pitch: 2.5mm, 3A/250v"
6829,CONN_WIRE2BOARD.SCHLIB,XH_R_10,"JST-SxB-XH-A pitch: 2.5mm, 3A/250v"
6830,CONN_WIRE2BOARD.SCHLIB,SMAW_16,"SMAW, pitch: 2.5mm, Righ Angle"
6831,CONN_WIRE2BOARD.SCHLIB,SMAW_15,"SMAW, pitch: 2.5mm, Righ Angle"
6832,CONN_WIRE2BOARD.SCHLIB,SMAW_14,"SMAW, pitch: 2.5mm, Righ Angle"
6833,CONN_WIRE2BOARD.SCHLIB,SMAW_13,"SMAW, pitch: 2.5mm, Righ Angle"
6834,CONN_WIRE2BOARD.SCHLIB,SMAW_12,"SMAW, pitch: 2.5mm, Righ Angle"
6835,CONN_WIRE2BOARD.SCHLIB,SMAW_11,"SMAW, pitch: 2.5mm, Righ Angle"
6836,CONN_WIRE2BOARD.SCHLIB,SMAW_10,"SMAW, pitch: 2.5mm, Righ Angle"
6837,CONN_WIRE2BOARD.SCHLIB,HDRWF_9,"Header, WF, Pitch: 2.54mm"
6838,CONN_WIRE2BOARD.SCHLIB,HDRWF_8,"Header, WF, Pitch: 2.54mm"
6839,CONN_WIRE2BOARD.SCHLIB,HDRWF_7,"Header, WF, Pitch: 2.54mm"
6840,CONN_WIRE2BOARD.SCHLIB,HDRWF_6,"Header, WF, Pitch: 2.54mm"
6841,CONN_WIRE2BOARD.SCHLIB,HDRWF_5,"Header, WF, Pitch: 2.54mm"
6842,CONN_WIRE2BOARD.SCHLIB,HDRWF_4,"Header, WF, Pitch: 2.54mm"
6843,CONN_WIRE2BOARD.SCHLIB,HDRWF_3,"Header, WF, Pitch: 2.54mm"
6844,CONN_WIRE2BOARD.SCHLIB,HDRWF_2,"Header, WF, Pitch: 2.54mm"
6845,CONN_WIRE2BOARD.SCHLIB,GH_R_16,"JST GH Series, pitch: 1.25mm, 1.0A/50v"
6846,CONN_WIRE2BOARD.SCHLIB,GH_R_15,"JST GH Series, pitch: 1.25mm, 1.0A/50v"
6847,CONN_WIRE2BOARD.SCHLIB,GH_R_14,"JST GH Series, pitch: 1.25mm, 1.0A/50v"
6848,CONN_WIRE2BOARD.SCHLIB,GH_R_13,"JST GH Series, pitch: 1.25mm, 1.0A/50v"
6849,CONN_WIRE2BOARD.SCHLIB,GH_R_12,"JST GH Series, pitch: 1.25mm, 1.0A/50v"
6850,CONN_WIRE2BOARD.SCHLIB,GH_R_11,"JST GH Series, pitch: 1.25mm, 1.0A/50v"
6851,CONN_WIRE2BOARD.SCHLIB,GH_R_10,"JST GH Series, pitch: 1.25mm, 1.0A/50v"
6852,CONN_WIRE2BOARD.SCHLIB,XH_R_9,"JST-SxB-XH-A pitch: 2.5mm, 3A/250v"
6853,CONN_WIRE2BOARD.SCHLIB,XH_R_8,"JST-SxB-XH-A pitch: 2.5mm, 3A/250v"
6854,CONN_WIRE2BOARD.SCHLIB,XH_R_7,"JST-SxB-XH-A pitch: 2.5mm, 3A/250v"
6855,CONN_WIRE2BOARD.SCHLIB,XH_R_6,"JST-SxB-XH-A pitch: 2.5mm, 3A/250v"
6856,CONN_WIRE2BOARD.SCHLIB,XH_R_5,"JST-SxB-XH-A pitch: 2.5mm, 3A/250v"
6857,CONN_WIRE2BOARD.SCHLIB,XH_R_4,"JST-SxB-XH-A pitch: 2.5mm, 3A/250v"
6858,CONN_WIRE2BOARD.SCHLIB,XH_R_3,"JST-SxB-XH-A pitch: 2.5mm, 3A/250v"
6859,CONN_WIRE2BOARD.SCHLIB,XH_R_2,"JST-SxB-XH-A pitch: 2.5mm, 3A/250v"
6860,CONN_WIRE2BOARD.SCHLIB,XA_R_2,"Header, Housing, XA, Pitch: 2.5mm, Righ angle"
6861,CONN_WIRE2BOARD.SCHLIB,SMAW_9,"SMAW, pitch: 2.5mm, Righ Angle"
6862,CONN_WIRE2BOARD.SCHLIB,SMAW_8,"SMAW, pitch: 2.5mm, Righ Angle"
6863,CONN_WIRE2BOARD.SCHLIB,SMAW_7,"SMAW, pitch: 2.5mm, Righ Angle"
6864,CONN_WIRE2BOARD.SCHLIB,SMAW_6,"SMAW, pitch: 2.5mm, Righ Angle"
6865,CONN_WIRE2BOARD.SCHLIB,SMAW_5,"SMAW, pitch: 2.5mm, Righ Angle"
6866,CONN_WIRE2BOARD.SCHLIB,SMAW_4,"SMAW, pitch: 2.5mm, Righ Angle"
6867,CONN_WIRE2BOARD.SCHLIB,SMAW_3,"SMAW, pitch: 2.5mm, Righ Angle"
6868,CONN_WIRE2BOARD.SCHLIB,GH_R_9,"JST GH Series, pitch: 1.25mm, 1.0A/50v"
6869,CONN_WIRE2BOARD.SCHLIB,GH_R_8,"JST GH Series, pitch: 1.25mm, 1.0A/50v"
6870,CONN_WIRE2BOARD.SCHLIB,GH_R_7,"JST GH Series, pitch: 1.25mm, 1.0A/50v"
6871,CONN_WIRE2BOARD.SCHLIB,GH_R_6,"JST GH Series, pitch: 1.25mm, 1.0A/50v"
6872,CONN_WIRE2BOARD.SCHLIB,GH_R_5,"JST GH Series, pitch: 1.25mm, 1.0A/50v"
6873,CONN_WIRE2BOARD.SCHLIB,GH_R_4,"JST GH Series, pitch: 1.25mm, 1.0A/50v"
6874,CONN_WIRE2BOARD.SCHLIB,GH_R_3,"JST GH Series, pitch: 1.25mm, 1.0A/50v"
6875,CONN_WIRE2BOARD.SCHLIB,GH_R_2,"JST GH Series, pitch: 1.25mm, 1.0A/50v"
6876,CONN_WIRE2BOARD.SCHLIB,XH_16,"PW10-x-M, JST-BxB-XH-A pitch: 2.5mm, 3A/250v"
6877,CONN_WIRE2BOARD.SCHLIB,XH_15,"PW10-x-M, JST-BxB-XH-A pitch: 2.5mm, 3A/250v"
6878,CONN_WIRE2BOARD.SCHLIB,XH_14,"PW10-x-M, JST-BxB-XH-A pitch: 2.5mm, 3A/250v"
6879,CONN_WIRE2BOARD.SCHLIB,XH_13,"PW10-x-M, JST-BxB-XH-A pitch: 2.5mm, 3A/250v"
6880,CONN_WIRE2BOARD.SCHLIB,XH_12,"PW10-x-M, JST-BxB-XH-A pitch: 2.5mm, 3A/250v"
6881,CONN_WIRE2BOARD.SCHLIB,XH_11,"PW10-x-M, JST-BxB-XH-A pitch: 2.5mm, 3A/250v"
6882,CONN_WIRE2BOARD.SCHLIB,XH_10,"PW10-x-M, JST-BxB-XH-A pitch: 2.5mm, 3A/250v"
6883,CONN_WIRE2BOARD.SCHLIB,PH_16,"JST PH Series, pitch: 2.0mm, 2.0A/100v"
6884,CONN_WIRE2BOARD.SCHLIB,PH_15,"JST PH Series, pitch: 2.0mm, 2.0A/100v"
6885,CONN_WIRE2BOARD.SCHLIB,PH_14,"JST PH Series, pitch: 2.0mm, 2.0A/100v"
6886,CONN_WIRE2BOARD.SCHLIB,PH_13,"JST PH Series, pitch: 2.0mm, 2.0A/100v"
6887,CONN_WIRE2BOARD.SCHLIB,PH_12,"JST PH Series, pitch: 2.0mm, 2.0A/100v"
6888,CONN_WIRE2BOARD.SCHLIB,PH_11,"JST PH Series, pitch: 2.0mm, 2.0A/100v"
6889,CONN_WIRE2BOARD.SCHLIB,PH_10,"JST PH Series, pitch: 2.0mm, 2.0A/100v"
6890,CONN_WIRE2BOARD.SCHLIB,GH_16,"JST GH Series, pitch: 1.25mm, 1.0A/50v"
6891,CONN_WIRE2BOARD.SCHLIB,GH_15,"JST GH Series, pitch: 1.25mm, 1.0A/50v"
6892,CONN_WIRE2BOARD.SCHLIB,GH_14,"JST GH Series, pitch: 1.25mm, 1.0A/50v"
6893,CONN_WIRE2BOARD.SCHLIB,GH_13,"JST GH Series, pitch: 1.25mm, 1.0A/50v"
6894,CONN_WIRE2BOARD.SCHLIB,GH_12,"JST GH Series, pitch: 1.25mm, 1.0A/50v"
6895,CONN_WIRE2BOARD.SCHLIB,GH_11,"JST GH Series, pitch: 1.25mm, 1.0A/50v"
6896,CONN_WIRE2BOARD.SCHLIB,GH_10,"JST GH Series, pitch: 1.25mm, 1.0A/50v"
6897,CONN_WIRE2BOARD.SCHLIB,FAN_3,"Header, WF, Pitch: 2.54mm"
6898,CONN_WIRE2BOARD.SCHLIB,FAN_2,"Header, WF, Pitch: 2.54mm"
6899,CONN_WIRE2BOARD.SCHLIB,XH_9,"PW10-x-M, JST-BxB-XH-A pitch: 2.5mm, 3A/250v"
6900,CONN_WIRE2BOARD.SCHLIB,XH_8,"PW10-x-M, JST-BxB-XH-A pitch: 2.5mm, 3A/250v"
6901,CONN_WIRE2BOARD.SCHLIB,XH_7,"PW10-x-M, JST-BxB-XH-A pitch: 2.5mm, 3A/250v"
6902,CONN_WIRE2BOARD.SCHLIB,XH_6,"PW10-x-M, JST-BxB-XH-A pitch: 2.5mm, 3A/250v"
6903,CONN_WIRE2BOARD.SCHLIB,XH_5,"PW10-x-M, JST-BxB-XH-A pitch: 2.5mm, 3A/250v"
6904,CONN_WIRE2BOARD.SCHLIB,XH_4,"PW10-x-M, JST-BxB-XH-A pitch: 2.5mm, 3A/250v"
6905,CONN_WIRE2BOARD.SCHLIB,XH_3,"PW10-x-M, JST-BxB-XH-A pitch: 2.5mm, 3A/250v"
6906,CONN_WIRE2BOARD.SCHLIB,XH_2,"PW10-x-M, JST-BxB-XH-A pitch: 2.5mm, 3A/250v"
6907,CONN_WIRE2BOARD.SCHLIB,PH_9,"JST PH Series, pitch: 2.0mm, 2.0A/100v"
6908,CONN_WIRE2BOARD.SCHLIB,PH_8,"JST PH Series, pitch: 2.0mm, 2.0A/100v"
6909,CONN_WIRE2BOARD.SCHLIB,PH_7,"JST PH Series, pitch: 2.0mm, 2.0A/100v"
6910,CONN_WIRE2BOARD.SCHLIB,PH_6,"JST PH Series, pitch: 2.0mm, 2.0A/100v"
6911,CONN_WIRE2BOARD.SCHLIB,PH_5,"JST PH Series, pitch: 2.0mm, 2.0A/100v"
6912,CONN_WIRE2BOARD.SCHLIB,PH_4,"JST PH Series, pitch: 2.0mm, 2.0A/100v"
6913,CONN_WIRE2BOARD.SCHLIB,PH_3,"JST PH Series, pitch: 2.0mm, 2.0A/100v"
6914,CONN_WIRE2BOARD.SCHLIB,PH_2,"JST PH Series, pitch: 2.0mm, 2.0A/100v"
6915,CONN_WIRE2BOARD.SCHLIB,GH_9,"JST GH Series, pitch: 1.25mm, 1.0A/50v"
6916,CONN_WIRE2BOARD.SCHLIB,GH_8,"JST GH Series, pitch: 1.25mm, 1.0A/50v"
6917,CONN_WIRE2BOARD.SCHLIB,GH_7,"JST GH Series, pitch: 1.25mm, 1.0A/50v"
6918,CONN_WIRE2BOARD.SCHLIB,GH_6,"JST GH Series, pitch: 1.25mm, 1.0A/50v"
6919,CONN_WIRE2BOARD.SCHLIB,GH_5,"JST GH Series, pitch: 1.25mm, 1.0A/50v"
6920,CONN_WIRE2BOARD.SCHLIB,GH_4,"JST GH Series, pitch: 1.25mm, 1.0A/50v"
6921,CONN_WIRE2BOARD.SCHLIB,GH_3,"JST GH Series, pitch: 1.25mm, 1.0A/50v"
6922,CONN_WIRE2BOARD.SCHLIB,GH_2,"JST GH Series, pitch: 1.25mm, 1.0A/50v"
6923,CPLD_XILINX.SCHLIB,XC95288XL-10TQ144I,"FastFLASH XC95288XL High Performance CPLD with 288 Macrocells, 144-Pin TQFP, Industrial Grade"
6924,CPLD_XILINX.SCHLIB,XC9536-10PCG44C,"XC9500 5V, 36 Macrocell CPLD, 34 User I/Os, 44-Pin PLCC, Commercial Grade, Pb-Free"
6925,CPLD_XILINX.SCHLIB,XC9572-15PC44I,"XC9500 5V, 72 Macrocell CPLD, 34 User I/Os, 44-Pin PLCC, Industrial Grade"
6926,CRYSTAL.SCHLIB,XTL_4_ABM8_114.285M,CRYSTAL 114.285 MHZ 18PF SMD
6927,CRYSTAL.SCHLIB,XTL_4_25MHZ_3225A_2,"CRYSTAL 25.00 MHZ 4pF, 10PPM"
6928,CRYSTAL.SCHLIB,XTL_2_HC49_8MHz_THD,Crystal MOST POPULAR ABL HC49 PACKAGE
6929,CRYSTAL.SCHLIB,XTL_2_HC49_8MHz_SMD,Crystal MOST POPULAR ABL HC49 PACKAGE
6930,CRYSTAL.SCHLIB,XTL_2_32.768_2012EP,"Crystal, 32.768KHz, 12pF, 20PPM"
6931,CRYSTAL.SCHLIB,XTL_4_14.3MHZ_5032,
6932,CRYSTAL.SCHLIB,XTL_2_32.768_3215N,"Crystal, 32.768KHz, 6pF, 20PPM"
6933,CRYSTAL.SCHLIB,XTL_2_32.768_3215E,"Crystal, 32.768KHz, 6pF, 20PPM"
6934,CRYSTAL.SCHLIB,XTL_2_32.768_3215C,"Crystal, 32.768KHz, 5pF, 20PPM"
6935,CRYSTAL.SCHLIB,XTL_2_32.768_3215A,"Crystal, 32.768KHz, 3pF, 20PPM"
6936,CRYSTAL.SCHLIB,XTL_2_32.768_2012K,"Crystal, 32.768KHz, 9pF, 20PPM"
6937,CRYSTAL.SCHLIB,XTL_2_32.768_2012E,"Crystal, 32.768KHz, 6pF, 20PPM"
6938,CRYSTAL.SCHLIB,XTL_2_32.768_2012A,"Crystal, 32.768KHz, 3pF, 20PPM"
6939,CRYSTAL.SCHLIB,XTL_2_32.768_1610F,"Crystal, 32.768KHz, 12pF, 20PPM"
6940,CRYSTAL.SCHLIB,XTL_2_32.768_1610E,"Crystal, 32.768KHz, 12pF, 20PPM"
6941,CRYSTAL.SCHLIB,XTL_2_32.768_1610A,"Crystal, 32.768KHz, 9pF, 20PPM"
6942,CRYSTAL.SCHLIB,XTL_4_40MHz_3225F,"CRYSTAL 40.00 MHZ 7pF, 10PPM"
6943,CRYSTAL.SCHLIB,XTL_4_40MHz_3225E,"CRYSTAL 40.00 MHZ 7pF, 10PPM"
6944,CRYSTAL.SCHLIB,XTL_4_40MHz_3225A,"CRYSTAL 40.00 MHZ 4pF, 10PPM"
6945,CRYSTAL.SCHLIB,XTL_4_40MHz_2520F,"CRYSTAL 40.00 MHZ 8pF, 10PPM"
6946,CRYSTAL.SCHLIB,XTL_4_40MHz_2016F,"CRYSTAL 40.00 MHZ 7pF, 10PPM"
6947,CRYSTAL.SCHLIB,XTL_4_30MHz_3225A,Crystal 30MHz
6948,CRYSTAL.SCHLIB,XTL_4_25MHZ_3225A,"CRYSTAL 25.00 MHZ 18pF, 50PPM"
6949,CRYSTAL.SCHLIB,XTL_4_24MHz_3225A,Crystal 24MHz
6950,CRYSTAL.SCHLIB,XTL_4_32MHz_2016,Crystal 32MHz
6951,CRYSTAL.SCHLIB,XTL_4_30MHz_2016,Crystal 30MHz
6952,CRYSTAL.SCHLIB,XTL_4_26MHz_2016,Crystal 26MHz
6953,CRYSTAL.SCHLIB,XTL_4_25MHz_3225,"CRYSTAL 25.00 MHZ 18pF, 10PPM"
6954,CRYSTAL.SCHLIB,XTL_4_24MHz_3225,Crystal 24MHz
6955,CRYSTAL.SCHLIB,XTL_4_24MHz_2016,Crystal 24MHz
6956,CRYSTAL.SCHLIB,XTL_4_16MHz_2520,Crystal 16MHz
6957,CRYSTAL.SCHLIB,XTL_4_12MHz_3225,Crystal 12MHz
6958,CRYSTAL.SCHLIB,XTL_4_12MHz_2520,Crystal 12MHz
6959,CRYSTAL.SCHLIB,XTL_3_32.768_THD,Crystal MOST POPULAR PACKAGE
6960,CRYSTAL.SCHLIB,XTL_3_32.768_SMD,Crystal MOST POPULAR PACKAGE
6961,CRYSTAL.SCHLIB,XTL_4_8MHz_3225,Crystal 8MHz
6962,CRYSTAL.SCHLIB,XTL_4_8MHz_12X5,"CRYSTAL 8 MHZ 7pF, 10PPM"
6963,CRYSTAL.SCHLIB,XTL_2_8MHz_ABM2,Crystal 2
6964,CRYSTAL.SCHLIB,RESONATOR_CSTCE,
6965,CRYSTAL.SCHLIB,XTL_2_HC49_THD,Crystal MOST POPULAR ABL HC49 PACKAGE
6966,CRYSTAL.SCHLIB,XTL_2_HC49_SMD,Crystal MOST POPULAR ABL HC49 PACKAGE
6967,CRYSTAL.SCHLIB,XTL_2_24M_ABM7,"CRYSTAL,"
6968,CRYSTAL.SCHLIB,XTL_2_25MHz,Crystal 2 5X3.2mm
6969,CRYSTAL_OSC.SCHLIB,OSC_6_SiT9121_100MHz_3225,"OSCILLATOR, DIFFERENTIAL LVDS, 100MHZ"
6970,CRYSTAL_OSC.SCHLIB,OSC_4_CVHD-950-122.88MHz,"CLOCK OSCILLATOR,"
6971,CRYSTAL_OSC.SCHLIB,OSC_6_SG7050VAN_200MHz,"CLOCK OSCILLATOR, DIFFERENTIAL, 200MHZ"
6972,CRYSTAL_OSC.SCHLIB,OSC_4_40MHz_3225E_3.3,"CLOCK OSCILLATOR, 40MHz, 10PPM"
6973,CRYSTAL_OSC.SCHLIB,OSC_4_40MHz_3225E_1.8,"CLOCK OSCILLATOR, 40MHz, 10PPM"
6974,CRYSTAL_OSC.SCHLIB,OSC_6_SIT9102_200MHz,"CLOCK OSCILLATOR, DIFFERENTIAL, 200MHZ"
6975,CRYSTAL_OSC.SCHLIB,OSC_4_32.768kHz_1508,CLOCK OSCILLATOR
6976,CRYSTAL_OSC.SCHLIB,OSC_6_CVPD-920-100M,"CLOCK OSCILLATOR,"
6977,CRYSTAL_OSC.SCHLIB,OSC_4_CVHD-950X-100,"CLOCK OSCILLATOR,"
6978,CRYSTAL_OSC.SCHLIB,OSC_4_12MHz_2520A_2,"CLOCK OSCILLATOR,"
6979,CRYSTAL_OSC.SCHLIB,OSC_4_100MHz_7050A2,"CLOCK OSCILLATOR, 100MHz, 10PPM"
6980,CRYSTAL_OSC.SCHLIB,OSC_6_Si531_100MHz,"OSCILLATOR, DIFFERENTIAL LVDS, 100MHZ"
6981,CRYSTAL_OSC.SCHLIB,OSC_6_Si510_100MHz,"OSCILLATOR, DIFFERENTIAL LVDS, 100MHZ"
6982,CRYSTAL_OSC.SCHLIB,OSC_6_CVPD-922-100,"CLOCK OSCILLATOR,"
6983,CRYSTAL_OSC.SCHLIB,OSC_6_CVPD-920-100,"CLOCK OSCILLATOR,"
6984,CRYSTAL_OSC.SCHLIB,OSC_4_CVHD-950-100,"CLOCK OSCILLATOR,"
6985,CRYSTAL_OSC.SCHLIB,OSC_4_12.8MHz_3225,"CLOCK OSCILLATOR, TCXO"
6986,CRYSTAL_OSC.SCHLIB,OSC_4_100MHz_7050S,"CLOCK OSCILLATOR, 100MHz, 50PPM"
6987,CRYSTAL_OSC.SCHLIB,OSC_4_100MHz_7050A,"CLOCK OSCILLATOR, 100MHz, 10PPM"
6988,CRYSTAL_OSC.SCHLIB,OSC_4_100MHz_5032S,"CLOCK OSCILLATOR, 100MHz, 50PPM"
6989,CRYSTAL_OSC.SCHLIB,OSC_4_100MHz_5032K,"CLOCK OSCILLATOR, 100MHz, 50PPM"
6990,CRYSTAL_OSC.SCHLIB,OSC_4_100MHz_3225K,"CLOCK OSCILLATOR, 100MHz, 50PPM"
6991,CRYSTAL_OSC.SCHLIB,OSC_4_100MHz_3225A,"CLOCK OSCILLATOR, 100MHz, 20PPM"
6992,CRYSTAL_OSC.SCHLIB,OSC_4_100MHz_2520A,"CLOCK OSCILLATOR, 100MHz, 20PPM"
6993,CRYSTAL_OSC.SCHLIB,OSC_4_50MHz_3225K,"CLOCK OSCILLATOR, 50MHz, 50PPM, 3225"
6994,CRYSTAL_OSC.SCHLIB,OSC_4_50MHz_3225E,"CLOCK OSCILLATOR, 50MHz, 10PPM, 3225"
6995,CRYSTAL_OSC.SCHLIB,OSC_4_50MHz_3225A,"CLOCK OSCILLATOR, 50MHz, 50PPM, 3225"
6996,CRYSTAL_OSC.SCHLIB,OSC_4_50MHz_2016K,"CLOCK OSCILLATOR, 50MHz, 50PPM"
6997,CRYSTAL_OSC.SCHLIB,OSC_4_40MHz_2520D,"CLOCK OSCILLATOR, 40MHz, 10PPM"
6998,CRYSTAL_OSC.SCHLIB,OSC_4_26MHz_3225E,"CLOCK OSCILLATOR, 26MHz, 10PPM, 3.2X2.5mm"
6999,CRYSTAL_OSC.SCHLIB,OSC_4_25MHz_3225E,"CLOCK OSCILLATOR, 25MHz, 10PPM, 3.2X2.5mm"
7000,CRYSTAL_OSC.SCHLIB,OSC_4_12MHz_5032F,"CLOCK OSCILLATOR,"
7001,CRYSTAL_OSC.SCHLIB,OSC_4_12MHz_5032A,"CLOCK OSCILLATOR,"
7002,CRYSTAL_OSC.SCHLIB,OSC_4_12MHz_3225K,"CLOCK OSCILLATOR,"
7003,CRYSTAL_OSC.SCHLIB,OSC_4_12MHz_3225E,"CLOCK OSCILLATOR,"
7004,CRYSTAL_OSC.SCHLIB,OSC_4_12MHz_3225A,"CLOCK OSCILLATOR,"
7005,CRYSTAL_OSC.SCHLIB,OSC_4_12MHz_2520K,"CLOCK OSCILLATOR,"
7006,CRYSTAL_OSC.SCHLIB,OSC_4_12MHz_2520A,"CLOCK OSCILLATOR,"
7007,CRYSTAL_OSC.SCHLIB,OSC_4_12MHz_2016K,"CLOCK OSCILLATOR,"
7008,CRYSTAL_OSC.SCHLIB,OSC_4_10MHz_2016A,"CLOCK OSCILLATOR, TCXO"
7009,CRYSTAL_OSC.SCHLIB,OSC_8_LMK61PD0A2,"CLOCK OSCILLATOR, Pin Selectable"
7010,CRYSTAL_OSC.SCHLIB,OSC_4_8MHz_7050K,"CLOCK OSCILLATOR, 8MHz, 50PPM"
7011,CRYSTAL_OSC.SCHLIB,OSC_4_8MHz_7050C,"CLOCK OSCILLATOR, 8MHz, 50PPM"
7012,CRYSTAL_OSC.SCHLIB,OSC_4_8MHz_5032K,"CLOCK OSCILLATOR, 8MHz"
7013,CRYSTAL_OSC.SCHLIB,OSC_4_8MHz_5032A,"CLOCK OSCILLATOR, 8MHz"
7014,CRYSTAL_OSC.SCHLIB,OSC_4_8MHz_3225K,"CLOCK OSCILLATOR,"
7015,CRYSTAL_OSC.SCHLIB,OSC_4_8MHz_3225A,"CLOCK OSCILLATOR,"
7016,CRYSTAL_OSC.SCHLIB,OSC_4_8MHz_2520K,"CLOCK OSCILLATOR,"
7017,CRYSTAL_OSC.SCHLIB,OSC_4_8MHz_2520A,"CLOCK OSCILLATOR,"
7018,CRYSTAL_OSC.SCHLIB,OSC_4_8MHz_2016K,"CLOCK OSCILLATOR,"
7019,CRYSTAL_OSC.SCHLIB,OSC_4_80MHz_3225,"CLOCK OSCILLATOR, 80MHz, 10PPM"
7020,CRYSTAL_OSC.SCHLIB,OSC_4_25MHz_5032,"CLOCK OSCILLATOR, 25MHz, 10PPM, 3.5X2.5mm"
7021,CRYSTAL_OSC.SCHLIB,OSC_4_12MHz_5032,"CLOCK OSCILLATOR,"
7022,CRYSTAL_OSC.SCHLIB,OSC_4_32.768KHZ,"CLOCK OSCILLATOR, 32.768KHz, 2.5X2.0mm"
7023,CRYSTAL_OSC.SCHLIB,OSC_TCO_2112T,"CLOCK OSCILLATOR, VCXO, 245.76"
7024,CRYSTAL_OSC.SCHLIB,OSC_4_SIT8103,OSCILLATOR 90.00000MHZ 3.3V
7025,CRYSTAL_OSC.SCHLIB,OSC_4_24.576M,"CLOCK OSCILLATOR, 80MHz, 10PPM"
7026,CRYSTAL_OSC.SCHLIB,OSC_8_Si571,"CLOCK OSCILLATOR, VCXO"
7027,CRYSTAL_OSC.SCHLIB,OSC_6_Si570,"CLOCK OSCILLATOR,"
7028,CRYSTAL_OSC.SCHLIB,OSC_4_ABLNO,"OSCILLATOR, 80MHz"
7029,CRYSTAL_OSC.SCHLIB,OSC_4_66MHz,"CLOCK OSCILLATOR, 80MHz, 10PPM"
7030,CRYSTAL_OSC.SCHLIB,OSC_4_40MHz,"CLOCK OSCILLATOR, 40MHz, 20PPM"
7031,DAC.SCHLIB,AD5791_TSSOP20,"DAC, 20-Bit, Voltage output, 1ppm ±1 LSB, Wide power supply up to ±16.5V"
7032,DAC.SCHLIB,AD5781_TSSOP20,"DAC, 18-Bit, Voltage output, ±0.5 LSB, Wide power supply up to ±16.5V"
7033,DAC.SCHLIB,AD9788_QFP100,"DAC, 16-Bit, 2-CH, 800MSPS, low PWR 32-bit Complex NCO"
7034,DAC.SCHLIB,AD9785_QFP100,"DAC, 12-Bit, 2-CH, 800MSPS, low PWR 32-bit Complex NCO"
7035,DAC.SCHLIB,AD9744_QFN32,"TxDAC 14-Bit, 210 MSPS"
7036,DAC.SCHLIB,AD7537_DIP24,"DAC, Dual 12-Bit, LC2 MOS (8+4) Loading"
7037,DAC.SCHLIB,AD5680_SOT23,"DAC, 18-Bit, 12.5Ksps, 5VCC"
7038,DAC.SCHLIB,AD5680_LFCSP,"DAC, 18-Bit, 5VCC"
7039,DAC.SCHLIB,DAC5682Z,"DAC, 1Gsps, 16-Bit"
7040,DAC.SCHLIB,MCP4921,"DAC, 12-bit, SPI, SOP-8"
7041,DAC.SCHLIB,LTC1668,"DAC, 16-Bit, 50MSPS, SSOP-28"
7042,DAC.SCHLIB,DAC8532,"DAC, 16-Bit, 2-CH, VSSOP-8"
7043,DAC.SCHLIB,MAX521,"DAC, 8-BIT, 4/8CH, SERIAL, voltage-output"
7044,DAC.SCHLIB,MAX500,"DAC, 8-bit, 4-CH, voltage-output"
7045,DAC.SCHLIB,CS4334,"DAC AUDIO, 24-Bit, 96 kHz Stereo, SOP-8"
7046,DDS.SCHLIB,AD9914BCPZ,"DDS, 3.5GSPS, 12-Bit, Parallel 32-BIT, Serial"
7047,DDS.SCHLIB,AD9910BSVZ,"DDS, 1GSPS, 14-Bit, 3.3VCMOS, 32Bit_Parallel/Serial"
7048,DIODE.SCHLIB,DIODE_SMD_ZENER_MMSZ4678_SOD123,"DIODE, ZENER, 0.5W, 4.7V"
7049,DIODE.SCHLIB,DIODE_SMD_SCHOTTKY_30BQ100TRPBF,"DIODE, SCHOTTKY, 100V, 3A"
7050,DIODE.SCHLIB,DIODE_SMD_ZENER_MAZT082_SOT523,"DIODE, ZENER, 0.25W, 2.4V"
7051,DIODE.SCHLIB,DIODE_SMD_SCHOTTKY_STPS16170CB,"DIODE, SCHOTTKY, DUAL, 170V, 2x8A"
7052,DIODE.SCHLIB,DIODE_SMD_ZENER_MMSZ5255BT1G,"DIODE, ZENER, 0.5W, 28V"
7053,DIODE.SCHLIB,DIODE_SMD_SCHOTTKY_BAT54_805,"DIODE, SCHOTTKY, 40V, 1A"
7054,DIODE.SCHLIB,DIODE_THD_SCHOTTKY_MBR20100,"DIODE, SCHOTTKY, DUAL, 100V, 20A"
7055,DIODE.SCHLIB,DIODE_SMD_SCHOTTKY_VSKY0540,"DIODE, SCHOTTKY, 40V, 0.5A"
7056,DIODE.SCHLIB,DIODE_SMD_SCHOTTKY_RB751S40,"DIODE, SCHOTTKY, 40V, 0.03A"
7057,DIODE.SCHLIB,DIODE_SMD_SCHOTTKY_PMEG6030,"DIODE, SCHOTTKY, 60V, 3A"
7058,DIODE.SCHLIB,DIODE_SMD_SCHOTTKY_PMEG6010,"DIODE, SCHOTTKY, 60V, 1A"
7059,DIODE.SCHLIB,DIODE_SMD_SCHOTTKY_PMEG2020,"DIODE, SCHOTTKY, DUAL, 0.4VF, 20V, 2A"
7060,DIODE.SCHLIB,DIODE_SMD_SCHOTTKY_NSR05T40,"DIODE, SCHOTTKY, 40V, 0.5A"
7061,DIODE.SCHLIB,DIODE_SMD_SCHOTTKY_BAS70-05,"DIODE, SCHOTTKY, DUAL, 70V, 0.07A"
7062,DIODE.SCHLIB,DIODE_SMD_SCHOTTKY_BAS40-04,"DIODE, SCHOTTKY, 40V, 0.2A"
7063,DIODE.SCHLIB,DIODE_SMD_ZENER_TFZVTR5.6B,"DIODE, ZENER, 0.5W, 5.6V"
7064,DIODE.SCHLIB,DIODE_SMD_ZENER_DZ2436000L,"DIODE, ZENER, 2W, 36V"
7065,DIODE.SCHLIB,DIODE_SMD_ZENER_BZX84-C9V1,"DIODE, ZENER, 0.25W, 9.1V"
7066,DIODE.SCHLIB,DIODE_SMD_ZENER_BZX84-C8V2,"DIODE, ZENER, 0.25W, 8.2V"
7067,DIODE.SCHLIB,DIODE_SMD_ZENER_BZX84-C7V5,"DIODE, ZENER, 0.25W, 7.5V"
7068,DIODE.SCHLIB,DIODE_SMD_ZENER_BZX84-C6V2,"DIODE, ZENER, 0.25W, 6.2V"
7069,DIODE.SCHLIB,DIODE_SMD_ZENER_BZX84-C3V3,"DIODE, ZENER, 0.25W, 3.3V"
7070,DIODE.SCHLIB,DIODE_SMD_ZENER_BZX84-C2V4,"DIODE, ZENER, 0.25W, 2.4V"
7071,DIODE.SCHLIB,DIODE_SMD_ZENER_BZT52HC5V1,"DIODE, ZENER, 1W, 5.1V"
7072,DIODE.SCHLIB,DIODE_SMD_ZENER_3SMAJ5919B,"DIODE, ZENER, 3W, 5.6V"
7073,DIODE.SCHLIB,DIODE_SMD_SCHOTTKY_ZHCS400,"DIODE, SCHOTTKY, 40V, 0.4A"
7074,DIODE.SCHLIB,DIODE_SMD_SCHOTTKY_V3PAL45,"DIODE, SCHOTTKY, 45V, 3A"
7075,DIODE.SCHLIB,DIODE_SMD_SCHOTTKY_MBRS130,"DIODE, SCHOTTKY, 30V, 1A"
7076,DIODE.SCHLIB,DIODE_SMD_SCHOTTKY_MBR0520,"DIODE, SCHOTTKY, 20V, 0.5A"
7077,DIODE.SCHLIB,DIODE_SMD_SCHOTTKY_DFLS230,"DIODE, SCHOTTKY, 30V, 2A"
7078,DIODE.SCHLIB,DIODE_SMD_SCHOTTKY_100V_2A,"DIODE, SCHOTTKY, 100V, 2A"
7079,DIODE.SCHLIB,DIODE_SMD_BRIDGE_CD-DF410S,"DIODE, BRIDGE,"
7080,DIODE.SCHLIB,DIODE_THD_SCHOTTKY_1N5822,"DIODE, SCHOTTKY, 40V, 3A"
7081,DIODE.SCHLIB,DIODE_THD_BRIDGE_RECT_DFM,"DIODE, BRIDGE,"
7082,DIODE.SCHLIB,DIODE_SMD_ZENER_BZX84-C68,"DIODE, ZENER, 0.25W, 68V"
7083,DIODE.SCHLIB,DIODE_SMD_ZENER_BZX84-C43,"DIODE, ZENER, 0.25W, 43V"
7084,DIODE.SCHLIB,DIODE_SMD_ZENER_BZX84-C39,"DIODE, ZENER, 0.25W, 39V"
7085,DIODE.SCHLIB,DIODE_SMD_ZENER_BZX84-C27,"DIODE, ZENER, 0.25W, 27V"
7086,DIODE.SCHLIB,DIODE_SMD_ZENER_BZX84-C24,"DIODE, ZENER, 0.25W, 24V"
7087,DIODE.SCHLIB,DIODE_SMD_ZENER_BZX84-C18,"DIODE, ZENER, 0.25W, 18V"
7088,DIODE.SCHLIB,DIODE_SMD_ZENER_BZX84-C16,"DIODE, ZENER, 0.25W, 16V"
7089,DIODE.SCHLIB,DIODE_SMD_ZENER_BZX84-C15,"DIODE, ZENER, 0.25W, 15V"
7090,DIODE.SCHLIB,DIODE_SMD_ZENER_BZX84-C12,"DIODE, ZENER, 0.25W, 12.7V"
7091,DIODE.SCHLIB,DIODE_SMD_SD103AWS_SOD323,"DIODE, 0.2A"
7092,DIODE.SCHLIB,DIODE_SMD_SCHOTTKY_SS16HE,"DIODE, SCHOTTKY, 60V, 1A"
7093,DIODE.SCHLIB,DIODE_SMD_SCHOTTKY_SS0520,"DIODE, SCHOTTKY, 20V, 0.5A"
7094,DIODE.SCHLIB,DIODE_SMD_SCHOTTKY_MBR120,"DIODE, SCHOTTKY, 20V, 1A"
7095,DIODE.SCHLIB,DIODE_SMD_SCHOTTKY_BAT760,"DIODE, SCHOTTKY, 20V, 1A"
7096,DIODE.SCHLIB,DIODE_SMD_SCHOTTKY_BAT54S,"DIODE, SCHOTTKY, DUAL, 30V, 0.2A"
7097,DIODE.SCHLIB,DIODE_SMD_SCHOTTKY_BAT54C,"DIODE, SCHOTTKY, DUAL, 30V, 0.2A"
7098,DIODE.SCHLIB,DIODE_SMD_SCHOTTKY_BAT54A,"DIODE, SCHOTTKY, DUAL, 30V, 0.2A"
7099,DIODE.SCHLIB,DIODE_SMD_SCHOTTKY_1N5822,"DIODE, SCHOTTKY, 40V, 3A"
7100,DIODE.SCHLIB,DIODE_SMD_SCHOTTKY_1N5819,"DIODE, SCHOTTKY, 40V, 1A"
7101,DIODE.SCHLIB,DIODE_SMD_1N4148WT_SOD523,"DIODE, FAST SWTICHING, 0.2A"
7102,DIODE.SCHLIB,DIODE_SMD_1N4148WS_SOD323,"DIODE, FAST SWTICHING, 0.2A"
7103,DIODE.SCHLIB,DIODE_THD_SCHOTTKY_TO220,"DIODE, SCHOTTKY, 2x Common Cathode"
7104,DIODE.SCHLIB,DIODE_SMD_ZENER_MMSZ4688,"DIODE, ZENER, 0.5W, 4.7V"
7105,DIODE.SCHLIB,DIODE_SMD_ZENER_MM3Z2V7B,"DIODE, ZENER, 0.2W, 2.7V"
7106,DIODE.SCHLIB,DIODE_SMD_ZENER_KDZTR13B,"DIODE, ZENER, 1W, 13.8V"
7107,DIODE.SCHLIB,DIODE_SMD_TUNNEL_SMP1320,"DIODE, SMD, TUNNEL"
7108,DIODE.SCHLIB,DIODE_SMD_SCHOTTKY_BAV99,"DIODE, SCHOTTKY, DUAL, 30V, 0.2A"
7109,DIODE.SCHLIB,DIODE_SMD_SCHOTTKY_BAT60,"DIODE, SCHOTTKY, 10V, 3A, 0.3Vf"
7110,DIODE.SCHLIB,DIODE_SMD_SCHOTTKY_BAT54,"DIODE, SCHOTTKY, 30V, 0.2A"
7111,DIODE.SCHLIB,DIODE_SMD_SCHOTTKY_BAS40,"DIODE, SCHOTTKY, DUAL, 40V, 0.2A"
7112,DIODE.SCHLIB,DIODE_SMD_SCHOTTKY_B560C,"DIODE, SCHOTTKY, 40V, 3A"
7113,DIODE.SCHLIB,DIODE_SMD_SCHOTTKY_B345A,"DIODE, SCHOTTKY, 40V, 3A"
7114,DIODE.SCHLIB,DIODE_SMD_SCHOTTKY_B340A,"DIODE, SCHOTTKY, 40V, 3A"
7115,DIODE.SCHLIB,DIODE_SMD_SCHOTTKY_B330A,"DIODE, SCHOTTKY, 30V, 3A"
7116,DIODE.SCHLIB,DIODE_SMD_MMBD4148_SOT23,"DIODE, FAST SWTICHING, SMT"
7117,DIODE.SCHLIB,DIODE_THD_SFA1606_TO220,"DIODE, GENERAL PURPOSE, 400V/16A"
7118,DIODE.SCHLIB,DIODE_THD_BRIDGE_KBU810,"DIODE, BRIDGE, 8A, 600V"
7119,DIODE.SCHLIB,DIODE_SMD_ZENER_Z2SMB36,"DIODE, ZENER, 2W, 36V"
7120,DIODE.SCHLIB,DIODE_SMD_ZENER_SMAZ5V6,"DIODE, ZENER, 1W, 5.6V"
7121,DIODE.SCHLIB,DIODE_SMD_ZENER_MM5Z5V1,"DIODE, ZENER, 0.2W, 5.1V"
7122,DIODE.SCHLIB,DIODE_SMD_ZENER_MM5Z12V,"DIODE, ZENER, 0.2W, 12V"
7123,DIODE.SCHLIB,DIODE_SMD_ZENER_MM3Z3V3,"DIODE, ZENER, 0.2W, 3.3V"
7124,DIODE.SCHLIB,DIODE_SMD_ZENER_DFLZ5V6,"DIODE, ZENER, 1W, 5.1V"
7125,DIODE.SCHLIB,DIODE_SMD_ZENER_DFLZ5V1,"DIODE, ZENER, 1W, 5.1V"
7126,DIODE.SCHLIB,DIODE_SMD_SCHOTTKY_SS34,"DIODE, SCHOTTKY, 20V, 3A"
7127,DIODE.SCHLIB,DIODE_SMD_SCHOTTKY_SS33,"DIODE, SCHOTTKY, 30V, 3A"
7128,DIODE.SCHLIB,DIODE_SMD_SCHOTTKY_SS14,"DIODE, SCHOTTKY, 40V, 1A"
7129,DIODE.SCHLIB,DIODE_SMD_BRIDGE_ABS210,"DIODE, BRIDGE, SMD"
7130,DIODE.SCHLIB,DIODE_SMD_1N4148_SOD123,"DIODE, FAST SWTICHING, SMD"
7131,DIODE.SCHLIB,DIODE_THD_BRIDGE_DB157,"DIODE, BRIDGE,"
7132,DIODE.SCHLIB,DIODE_THD_BRIDGE_DB156,"DIODE, BRIDGE,"
7133,DIODE.SCHLIB,DIODE_THD_BRIDGE_DB155,"DIODE, BRIDGE,"
7134,DIODE.SCHLIB,DIODE_THD_BRIDGE_DB154,"DIODE, BRIDGE,"
7135,DIODE.SCHLIB,DIODE_THD_BRIDGE_DB153,"DIODE, BRIDGE,"
7136,DIODE.SCHLIB,DIODE_THD_BRIDGE_DB152,"DIODE, BRIDGE,"
7137,DIODE.SCHLIB,DIODE_THD_BRIDGE_DB151,"DIODE, BRIDGE,"
7138,DIODE.SCHLIB,DIODE_SMD_ZENER_DFLZ13,"DIODE, ZENER, 1W, 13V"
7139,DIODE.SCHLIB,DIODE_SMD_BRIDGE_BGX50,"DIODE, BRIDGE, SMD, 50V, 140mA,"
7140,DIODE.SCHLIB,DIODE_SMD_1N4148_SOD80,"DIODE, FAST SWTICHING, 0.3A, 0.5W"
7141,DIODE.SCHLIB,DIODE_THD_1N4148_DO35,"DIODE, FAST SWTICHING, THD"
7142,DIODE.SCHLIB,DIODE_SMD_DL4148_1206,"DIODE, FAST SWTICHING, SMD"
7143,DIODE.SCHLIB,DIODE_SMD_BRIDGE_MB6S,"DIODE, BRIDGE,"
7144,DIODE.SCHLIB,DIODE_SMD_BRIDGE_MB10,"DIODE, BRIDGE, SMD"
7145,DIODE.SCHLIB,DIODE_SMD_BRIDGE_HD06,"DIODE, BRIDGE,"
7146,DIODE.SCHLIB,DIODE_THD_BRIDGE_CIR,"DIODE, BRIDGE,"
7147,DIODE.SCHLIB,DIODE_THD_BRIDGE_BR8,"DIODE, BRIDGE, 8A, 600V"
7148,DIODE.SCHLIB,DIODE_SMD_BRIDGE_DIP,"DIODE, BRIDGE,"
7149,DIODE.SCHLIB,DIODE_THD_BYV28-150,"DIODE, FAST"
7150,DIODE.SCHLIB,DIODE_THD_BRIDGE_WO,"DIODE, BRIDGE,"
7151,DIODE.SCHLIB,DIODE_SMD_100V_1.5A,"DIODE, GENERAL PURPOSE, 100V, 1.5A, SMA"
7152,DIODE.SCHLIB,DIODE_THD_ZENER_1W,"DIODE, ZENER, 1W"
7153,DIODE.SCHLIB,DIODE_SMD_VARACTOR,Variable Capacitance Diode
7154,DIODE.SCHLIB,DIODE_SMD_STTH4R02,"DIODE, FAST, 4A, 200V"
7155,DIODE.SCHLIB,DIODE_SMD_RF501BM2,"DIODE, FAST, 5A, 200V"
7156,DIODE.SCHLIB,DIODE_SMD_CMOD3003,"DIODE, FAST SWTICHING, 0.6A, 0.25W"
7157,DIODE.SCHLIB,DIODE_SMD_AS3PGHM3,"DIODE, FAST, 3A, 400V"
7158,DIODE.SCHLIB,DIODE_THD_TUNNEL,"DIODE, THD, TUNNEL or PIN diode"
7159,DIODE.SCHLIB,DIODE_THD_BYW172,"DIODE, FAST"
7160,DIODE.SCHLIB,DIODE_THD_1N5399,"DIODE, GENERAL PURPOSE, 1000V/1.5A"
7161,DIODE.SCHLIB,DIODE_THD_1N5397,"DIODE, GENERAL PURPOSE, 600V/1.5A"
7162,DIODE.SCHLIB,DIODE_THD_1N5395,"DIODE, GENERAL PURPOSE, 400V/1.5A"
7163,DIODE.SCHLIB,DIODE_THD_1N5393,"DIODE, GENERAL PURPOSE, 200V/1.5A"
7164,DIODE.SCHLIB,DIODE_THD_1N5392,"DIODE, GENERAL PURPOSE, 100V/1.5A"
7165,DIODE.SCHLIB,DIODE_THD_1N5391,"DIODE, GENERAL PURPOSE, 50V/1.5A"
7166,DIODE.SCHLIB,DIODE_THD_1N4007,"DIODE, GENERAL PURPOSE, 1000V/1A"
7167,DIODE.SCHLIB,DIODE_THD_1N4004,"DIODE, GENERAL PURPOSE, 400V/1A"
7168,DIODE.SCHLIB,DIODE_THD_1N4003,"DIODE, GENERAL PURPOSE, 200V/1A"
7169,DIODE.SCHLIB,DIODE_THD_1N4002,"DIODE, GENERAL PURPOSE, 100V/1A"
7170,DIODE.SCHLIB,DIODE_THD_1N4001,"DIODE, GENERAL PURPOSE, 50V/1A"
7171,DIODE.SCHLIB,DIODE_SMD_PDU540,"DIODE, FAST, 5A, 400V"
7172,DIODE.SCHLIB,DIODE_SMD_BAS316,"DIODE, HiSP SW, 100V/0.25A, SOD-323"
7173,DIODE.SCHLIB,DIODE_SMD_1SS181,"DIODE, DUAL, HIGH SPEED SWITCHING, 80V, 0.1A"
7174,DIODE.SCHLIB,DIODE_SMD_1N4007,"DIODE, GENERAL PURPOSE, 1000V/1A"
7175,DIODE.SCHLIB,DIODE_SMD_1N4004,"DIODE, GENERAL PURPOSE, 400V/1A"
7176,DIODE.SCHLIB,DIODE_SMD_1N4003,"DIODE, GENERAL PURPOSE, 200V/1A"
7177,DIODE.SCHLIB,DIODE_SMD_1N4002,"DIODE, GENERAL PURPOSE, 100V/1A"
7178,DIODE.SCHLIB,DIODE_SMD_1N4001,"DIODE, GENERAL PURPOSE, 50V/1A"
7179,DIODE.SCHLIB,DIODE_THD_ZENER,"DIODE, ZENER, 0.2W, 15V"
7180,DIODE.SCHLIB,DIODE_SMD_BAP51,"DIODE, PIN, 50V/0.05A, SOD-323"
7181,DIODE.SCHLIB,DIODE_THD_6A10,"DIODE, GENERAL PURPOSE, 1000V/6A"
7182,DIODE.SCHLIB,DIODE_THD,"DIODE, THD"
7183,DISPLAY_INTERFACE_BRIDGE.SCHLIB,DS90CF384A_TSSOP56,"LVDS receiver, RGB transmitter"
7184,DISPLAY_INTERFACE_BRIDGE.SCHLIB,DS90C385A_TSSOP56,"RGB receiver, LVDS transmitter, 87.5MHz, 24-bit video inputs"
7185,DISPLAY_INTERFACE_BRIDGE.SCHLIB,DS90C384A_TSSOP56,"LVDS receiver, RGB transmitter"
7186,DISPLAY_INTERFACE_BRIDGE.SCHLIB,FIN3386_TSSOP56,"LVDS receiver, RGB transmitter, 87.5MHz"
7187,DISPLAY_INTERFACE_BRIDGE.SCHLIB,FIN3385_TSSOP56,"RGB receiver, LVDS transmitter, 87.5MHz, 24-bit video inputs"
7188,DISPLAY_INTERFACE_BRIDGE.SCHLIB,TDA19988_QFN64,"RGB receiver, HDMI transmitter, Low power, 150Mbps, 3X8-bit video inputs, HDCP&CEC support"
7189,DISPLAY_INTERFACE_BRIDGE.SCHLIB,TFP401_QFP100,"HDMI/DVI to RGB DPI (dual), 165MHz, 1080p"
7190,DISPLAY_INTERFACE_BRIDGE.SCHLIB,ADV7533_BGA49,"MIPI-DSI Receiver, HDMI Transmitter, HDMI v1.3, 80MHz, 480i~1080p"
7191,DISPLAY_INTERFACE_BRIDGE.SCHLIB,TW9912_QFN48,"Analog to DVP, NTSC, PAL, SECAM"
7192,DISPLAY_INTERFACE_BRIDGE.SCHLIB,AD9393_BGA80,"HDMI/DVI to RGB DPI (dual), 80MHz, HDMI 1.2a, DVI 1.0, 1080p"
7193,DRIVER_MOTOR_BRIDGE.SCHLIB,SA12U_Motor driver_15A,SA12_PWM  Amplifier_15A_Apex
7194,DRIVER_MOTOR_BRIDGE.SCHLIB,MASTERGAN1_QFN31,"Driver, Half bridge, 600v GaN"
7195,DRIVER_MOTOR_BRIDGE.SCHLIB,SA57AHU_SSOP44,"Driver, DC Motor, 8a"
7196,DRIVER_MOTOR_BRIDGE.SCHLIB,DRV8842_SSOP28,"Driver, DC Motor"
7197,DRIVER_MOTOR_BRIDGE.SCHLIB,DRV8825_SSOP28,"Driver, DC Motor, Stepper, Up to 1/32 stepping"
7198,DRIVER_MOTOR_BRIDGE.SCHLIB,DRV8432_SSOP36,"Driver, Motor, Full-Bridge, Dual, PWM"
7199,DRIVER_MOTOR_BRIDGE.SCHLIB,TC4426V_MSOP8,"Driver, Dual High-Speed 1.5A MOSFET"
7200,DRIVER_MOTOR_BRIDGE.SCHLIB,TC4426E_MSOP8,"Driver, Dual High-Speed 1.5A MOSFET"
7201,DRIVER_MOTOR_BRIDGE.SCHLIB,SA12U_PWDIP12,"Driver, Pulse Width Modulation Amp"
7202,DRIVER_MOTOR_BRIDGE.SCHLIB,IR2110S_SO16W,"Driver, MOSFET, High&Low Side"
7203,DRIVER_MOTOR_BRIDGE.SCHLIB,HIP4082_SOP16,"Driver, H-BRIDGE, 80V, 1.25A"
7204,DRIVER_MOTOR_BRIDGE.SCHLIB,HIP4082_DIP16,"Driver, H-BRIDGE, 80V, 1.25A"
7205,DRIVER_MOTOR_BRIDGE.SCHLIB,UC2637_SO20W,"Drive, DC Motor, Switched Mode Controller"
7206,DRIVER_MOTOR_BRIDGE.SCHLIB,TC4428C_SOP8,"Driver, Dual High-Speed 1.5A MOSFET"
7207,DRIVER_MOTOR_BRIDGE.SCHLIB,TC4428C_DFN8,"Driver, Dual High-Speed 1.5A MOSFET"
7208,DRIVER_MOTOR_BRIDGE.SCHLIB,TC4427C_SOP8,"Driver, Dual High-Speed 1.5A MOSFET"
7209,DRIVER_MOTOR_BRIDGE.SCHLIB,TC4426V_SOP8,"Driver, Dual High-Speed 1.5A MOSFET"
7210,DRIVER_MOTOR_BRIDGE.SCHLIB,TC4426V_DIP8,"Driver, Dual High-Speed 1.5A MOSFET"
7211,DRIVER_MOTOR_BRIDGE.SCHLIB,TC4426E_SOP8,"Driver, Dual High-Speed 1.5A MOSFET"
7212,DRIVER_MOTOR_BRIDGE.SCHLIB,TC4426E_DIP8,"Driver, Dual High-Speed 1.5A MOSFET"
7213,DRIVER_MOTOR_BRIDGE.SCHLIB,TC4426C_SOP8,"Driver, Dual High-Speed 1.5A MOSFET"
7214,DRIVER_MOTOR_BRIDGE.SCHLIB,IR2130_SO28W,"Driver, Bridge, 3-Phase"
7215,DRIVER_MOTOR_BRIDGE.SCHLIB,IR2130_DIP28,"Driver, Bridge, 3-Phase"
7216,DRIVER_MOTOR_BRIDGE.SCHLIB,DRV8871_SOP8,"Drive, Brushed DC Motor,  Internal Current Sense (PWM Control)"
7217,DRIVER_MOTOR_BRIDGE.SCHLIB,ZXMHC6A07N8,"Driver, MOSFET H-Bridge 2N 2P SOIC-8 SMD"
7218,DRIVER_MOTOR_BRIDGE.SCHLIB,L293D_DIP16,"Driver, Dual Full Bridge, PUSH-PULL"
7219,DRIVER_MOTOR_BRIDGE.SCHLIB,IR4426_DIP8,"Driver, Dual High-Speed 1.5A MOSFET"
7220,DRIVER_MOTOR_BRIDGE.SCHLIB,IR4427_SO8,"Driver, Dual High-Speed 1.5A MOSFET"
7221,DRIVER_MOTOR_BRIDGE.SCHLIB,IR4426_SO8,"Driver, Dual High-Speed 1.5A MOSFET"
7222,DRIVER_MOTOR_BRIDGE.SCHLIB,BTS7970B,"Driver, MOTOR, H-BRIDGE, 68A, 7m?,"
7223,DRIVER_MOTOR_BRIDGE.SCHLIB,L6203,"Driver, Full Bridge, DMOS"
7224,DRIVER_MOTOR_BRIDGE.SCHLIB,L298N,"Driver, Dual Full Bridge, PUSH-PULL"
7225,DRIVER_MOTOR_BRIDGE.SCHLIB,A4940,"Driver, MOSFET, Full Bridge, Automotive"
7226,EMI_FILTER.SCHLIB,FBEAD_SMD_FBMJ3216HS800,"FERRITE_Bead, 1206, 4A, 10mOhm, 80@100MHz"
7227,EMI_FILTER.SCHLIB,FBEAD_SMD_FBMJ2125HM210,"FERRITE_Bead, 0805"
7228,EMI_FILTER.SCHLIB,FBEAD_SMD_FBMH3225HM202,"FERRITE_Bead, 1210, 1.2A, 130mOhm, 2000@100MHz"
7229,EMI_FILTER.SCHLIB,FBEAD_SMD_BLM15EX331SN1,"FERRITE_Bead, 0402, 0.7A, 200mOhm, 330@100MHz"
7230,EMI_FILTER.SCHLIB,EMI_TRANS_EXC-14CE900U,"Choke, Common Mode, FER BEAD 90 OHM@100MHZ 130mA 20%"
7231,EMI_FILTER.SCHLIB,EMI_TRANS_CMCHOKE_UU16,"Choke, Common Mode, UU16"
7232,EMI_FILTER.SCHLIB,FBEAD_SMD_MPZ2012S102,"FERRITE_Bead, 0805, 1.5A, 150mOhm, 1000@100MHz"
7233,EMI_FILTER.SCHLIB,FBEAD_SMD_MPZ1608S601,"FERRITE_Bead, 0603, 1A, 150mOhm, 600@100MHz"
7234,EMI_FILTER.SCHLIB,FBEAD_SMD_MPZ1608S102,"FERRITE_Bead, 0603, 0.8A, 300mOhm, 1000@100MHz"
7235,EMI_FILTER.SCHLIB,FTCAP_NFM21PC475B1A3,"FeedThrough CAP,"
7236,EMI_FILTER.SCHLIB,FBEAD_SMD_BLM31PG601,"FERRITE_Bead, 1206, 1.5A, 80mOhm, 600@100MHz"
7237,EMI_FILTER.SCHLIB,FBEAD_SMD_BLM31PG500,"FERRITE_Bead, 1206, 3.5A, 15mOhm, 50@100MHz"
7238,EMI_FILTER.SCHLIB,FBEAD_SMD_BLM31PG330,"FERRITE_Bead, 1206, 6A, 9mOhm, 33@100MHz"
7239,EMI_FILTER.SCHLIB,FBEAD_SMD_BLM21PG221,"FERRITE_Bead, 0805, 2A, 50mOhm, 220@100MHz"
7240,EMI_FILTER.SCHLIB,FBEAD_SMD_BLM18PG121,"FERRITE_Bead, 0603, 2A, 50mOhm, 120@100MHz"
7241,EMI_FILTER.SCHLIB,FBEAD_SMD_BLM18KG601,"FERRITE_Bead, 0603, 1.3A, 150mOhm, 600@100MHz"
7242,EMI_FILTER.SCHLIB,FBEAD_SMD_BLM15PD121,"FERRITE_Bead, 0402, 0.5A, 200mOhm, 120@100MHz"
7243,EMI_FILTER.SCHLIB,FTCAP_NFM46P11C155,Feed-Through Capacitor
7244,EMI_FILTER.SCHLIB,EMI_TRANS_CUWI11T,"Choke, Common Mode, FER BEAD 90 OHM@100MHZ 250mA 20%"
7245,EMI_FILTER.SCHLIB,EMI_TRANS_CMCHOKE,"Choke, Common Mode, FER BEAD 90 OHM@100MHZ 130mA 20%"
7246,EMI_FILTER.SCHLIB,EMI_TRANS_ACM7060,"Choke, Common Mode, FER BEAD 90 OHM@100MHZ 130mA 20%"
7247,EMI_FILTER.SCHLIB,EMI_TRANS_ACM2012,"Choke, Common Mode, FER BEAD 90 OHM@100MHZ 130mA 20%"
7248,EMI_FILTER.SCHLIB,FTCAP_NFM18CC222,"FeedThrough CAP, 2200pF, 16V, 0.3A"
7249,EMI_FILTER.SCHLIB,EMI_TRANS_ACT45B,"Choke, Common Mode, FER BEAD 90 OHM@100MHZ 130mA 20%"
7250,EMI_FILTER.SCHLIB,EMI_TRANS_DLW21,"EMI TRANS, DLW21"
7251,EMI_FILTER.SCHLIB,EMI_TRANS_DLW5,"EMI TRANS, DLW5"
7252,EMI_FILTER.SCHLIB,2450BL15B050E,"High Frequency Ceramic Balun, 2.45 GHz"
7253,EMI_FILTER.SCHLIB,SFECF10M7,"Filter, Ceramic, Band Pass filter"
7254,EMI_FILTER.SCHLIB,FBEAD_SMD,"FERRITE_Bead, SMD"
7255,EMI_FILTER.SCHLIB,EMI_TRANS,
7256,EMI_FILTER.SCHLIB,BNX023-01,"EMIFIL, BLOCK TYPE,"
7257,EMI_FILTER.SCHLIB,BNX016-01,"EMIFIL, BLOCK TYPE, 100kHz~1GHz 40dB min"
7258,EMI_FILTER.SCHLIB,BNX005-01,"EMIFIL, BLOCK TYPE,"
7259,EMI_FILTER.SCHLIB,BNX003-01,"EMIFIL, BLOCK TYPE,"
7260,EMI_FILTER.SCHLIB,BNX002-01,"EMIFIL, BLOCK TYPE,"
7261,EMI_FILTER.SCHLIB,LFCN,"Filter, Low Pass,"
7262,EMI_FILTER.SCHLIB,HFCN,"Filter, High Pass, 1400~5000MHz, 50Ohm"
7263,ENCODER.SCHLIB,EV1527_SOP8,"Encoder OTP, 20bits"
7264,ETHERNET.SCHLIB,DP83867IRPAP_QFP64,"Ethernet Transceiver, 10/100/1000, GMII/RGMII/SGMII"
7265,ETHERNET.SCHLIB,RTL8212-GR_QFP128,"Ethernet Transceiver, DUAL 10/100/1000, GMII/RGMII"
7266,ETHERNET.SCHLIB,KSZ8091RNDI_QFN24,"Ethernet Transceiver, 10/100, RMII, QFN24"
7267,ETHERNET.SCHLIB,KSZ8091RNDC_QFN24,"Ethernet Transceiver, 10/100, RMII, QFN24"
7268,ETHERNET.SCHLIB,KSZ8091RNBI_QFN32,"Ethernet Transceiver, 10/100, MII/RMII"
7269,ETHERNET.SCHLIB,KSZ8091RNBC_QFN32,"Ethernet Transceiver, 10/100, MII/RMII"
7270,ETHERNET.SCHLIB,KSZ8091RNAI_QFN24,"Ethernet Transceiver, 10/100, RMII, QFN24"
7271,ETHERNET.SCHLIB,KSZ8091RNAC_QFN24,"Ethernet Transceiver, 10/100, RMII, QFN24"
7272,ETHERNET.SCHLIB,KSZ8091MNXI_QFN32,"Ethernet Transceiver, 10/100, MII/RMII"
7273,ETHERNET.SCHLIB,KSZ8091MNXC_QFN32,"Ethernet Transceiver, 10/100, MII/RMII"
7274,ETHERNET.SCHLIB,KSZ8091MLXI_QFP48,"Ethernet Transceiver, 10/100, MII/RMII"
7275,ETHERNET.SCHLIB,KSZ8091MLXC_QFP48,"Ethernet Transceiver, 10/100, MII/RMII"
7276,ETHERNET.SCHLIB,KSZ8081MNXI_QFN32,"Ethernet Transceiver, 10/100, MII/RMII"
7277,ETHERNET.SCHLIB,KSZ8081MNXC_QFN32,"Ethernet Transceiver, 10/100, MII/RMII"
7278,ETHERNET.SCHLIB,RTL8305SC_QFP128,"Ethernet Transceiver, 5-port 10/100, MII"
7279,ETHERNET.SCHLIB,KSZ9031RNX_QFN48,"Ethernet Transceiver, 10/100/1000, RGMII"
7280,ETHERNET.SCHLIB,RTL8251CL_QFP48,"Ethernet Transceiver, 10/100/1000, RGMII"
7281,ETHERNET.SCHLIB,RTL8201BL_QFP48,"Ethernet Transceiver, 10/100, MII"
7282,ETHERNET.SCHLIB,LAN8710AI_QFN32,"Ethernet Transceiver, 10/100, MII/RMII/SMI"
7283,ETHERNET.SCHLIB,LAN83C185_QFP64,"Ethernet Transceiver, 10/100, MII"
7284,ETHERNET.SCHLIB,KSZ9021RN_QFN48,"Ethernet Transceiver, 10/100/1000, RGMII"
7285,ETHERNET.SCHLIB,KSZ9021GN_QFN64,"Ethernet Transceiver, 10/100/1000, GMII"
7286,ETHERNET.SCHLIB,ENC28J60_SSOP28,"Ethernet Controller, 10/100, MII/RMII"
7287,ETHERNET.SCHLIB,DP83867IS_QFN48,"Ethernet Transceiver, 10/100/1000, RGMII/SGMII"
7288,ETHERNET.SCHLIB,DP83867IR_QFN48,"Ethernet Transceiver, 10/100/1000, RGMII"
7289,ETHERNET.SCHLIB,DP83867CS_QFN48,"Ethernet Transceiver, 10/100/1000, RGMII/SGMII"
7290,ETHERNET.SCHLIB,DP83867CR_QFN48,"Ethernet Transceiver, 10/100/1000, RGMII"
7291,ETHERNET.SCHLIB,DP83848SQ_QFN40,"Ethernet Transceiver, 10/100, MII/RMII"
7292,ETHERNET.SCHLIB,RTL8251C_QFN64,"Ethernet Transceiver, 10/100/1000, RGMII"
7293,ETHERNET.SCHLIB,RTL8211F_QFN40,"Ethernet Transceiver, 10/100/1000, RGMII"
7294,ETHERNET.SCHLIB,RTL8211E_QFN48,"Ethernet Transceiver, 10/100/1000, RGMII"
7295,ETHERNET.SCHLIB,LAN8720A_QFN24,"Ethernet Transceiver, 10/100, RMII, 1.6-3.6V QFN24"
7296,ETHERNET.SCHLIB,LAN8710A_QFN32,"Ethernet Transceiver, 10/100, MII/RMII/SMI"
7297,ETHERNET.SCHLIB,LAN8700I_QFN36,"Ethernet Transceiver, 10/100, MII/RMII"
7298,ETHERNET.SCHLIB,KS8721BL_QFP48,"Ethernet Transceiver, 10/100, MII"
7299,ETHERNET.SCHLIB,ENC28J60_SOP28,"Ethernet Controller, 10/100, MII/RMII"
7300,ETHERNET.SCHLIB,ENC28J60_QFN28,"Ethernet Controller, 10/100, MII/RMII"
7301,ETHERNET.SCHLIB,ENC28J60_DIP28,"Ethernet Controller, 10/100, MII/RMII"
7302,ETHERNET.SCHLIB,DP83867E_QFN48,"Ethernet Transceiver, 10/100/1000, RGMII/SGMII"
7303,ETHERNET.SCHLIB,DP83865_QFP128,"Ethernet Transceiver, 10/100/1000, GMII/RGMII"
7304,ETHERNET.SCHLIB,DP83848I_QFP48,"Ethernet Transceiver, 10/100, MII/RMII"
7305,ETHERNET.SCHLIB,DP83825I_QFN24,"Ethernet Transceiver, 10/100, RMII"
7306,ETHERNET.SCHLIB,DP83822I_QFN32,"Ethernet Transceiver, 10/100, MII/RMII"
7307,ETHERNET.SCHLIB,AX88180_QFP128,"Ethernet Controller, 10/100/1000, SRAM-Like 32Bit"
7308,ETHERNET.SCHLIB,88E1116R_QFN64,"Ethernet Transceiver, Gigabit, RGMII"
7309,ETHERNET.SCHLIB,88E1111_QFP128,"Ethernet Transceiver, Gigabit, 10/100/1000, GMII, RGMII, SGMII"
7310,ETHERNET.SCHLIB,88E1111_BGA117,"Ethernet Transceiver, Gigabit, 10/100/1000, GMII, RGMII, SGMII"
7311,ETHERNET.SCHLIB,LAN9514_QFN64,"Ethernet Transceiver, 10/100, MII +USB2.0HUB"
7312,ETHERNET.SCHLIB,LAN8820_QFN56,"Ethernet Transceiver, Gigabit, 10/100/1000, RGMII"
7313,ETHERNET.SCHLIB,LAN8810_QFN72,"Ethernet Transceiver, Gigabit, 10/100/1000, GMII"
7314,ETHERNET.SCHLIB,LAN8742_QFN24,"Ethernet Transceiver, 10/100, RMII, 1.6-3.6V QFN24"
7315,ETHERNET.SCHLIB,LAN8741_QFN32,"Ethernet Transceiver, 10/100, MII/RMII"
7316,ETHERNET.SCHLIB,DP83849_QFP80,"Ethernet Transceiver, 10/100, DUAL MII/RMII"
7317,ETHERNET.SCHLIB,DP83822_QFN32,"Ethernet Transceiver, 10/100, MII/RMII"
7318,ETHERNET.SCHLIB,DP83640_QFP48,"Ethernet Transceiver, 10/100, MII/RMII"
7319,ETHERNET.SCHLIB,DM9161A_QFP48,"Ethernet Transceiver, 10/100, MII"
7320,ETHERNET.SCHLIB,DM9000C_QFP48,"Ethernet Transceiver, 10/100, MII"
7321,ETHERNET.SCHLIB,DM9000B_QFP48,"Ethernet Transceiver, 10/100, MII"
7322,ETHERNET.SCHLIB,DM9000A_QFP48,"Ethernet Transceiver, 10/100, MII"
7323,ETHERNET.SCHLIB,88E1518_QFN48,"Ethernet Transceiver, Gigabit, RGMII"
7324,ETHERNET.SCHLIB,88E1514_QFN56,"Ethernet Transceiver, Gigabit, RGMII/SGMII"
7325,ETHERNET.SCHLIB,88E1512_QFN56,"Ethernet Transceiver, Gigabit, RGMII/SGMII"
7326,ETHERNET.SCHLIB,88E1510_QFN48,"Ethernet Transceiver, Gigabit, RGMII"
7327,ETHERNET.SCHLIB,W5300_QFP100,"Ethernet Controller, 10/100, MII, DMA"
7328,ETHERNET.SCHLIB,W5500_QFP48,"Ethernet Controller, 10/100, SPI, DMA"
7329,FPGA_ALTERA_INTEL.SCHLIB,EPM1270T144,"IC, CPLD, MAXII,"
7330,FPGA_ALTERA_INTEL.SCHLIB,EP2C5T144,FPGA
7331,FPGA_XILINX.SCHLIB,XC7K480T-2FFG901I,"Kintex-7 FPGA, 400 User I/Os, 28 GTX, 900-Ball BGA, Speed Grade 2, Industrial Grade, Pb-Free"
7332,FPGA_XILINX.SCHLIB,XC7A100T-1FGG484I,"Artix-7 FPGA, 285 User I/Os, 4 GTP, 484-Ball BGA, Speed Grade 1, Industrial Grade, Pb-Free"
7333,FPGA_XILINX.SCHLIB,XC6VLX75T-2FF784I,"Virtex-6 LXT Platform FPGA, 360 User I/Os, 12 GTXs, 784-Ball FFBGA, Speed Grade 2, Industrial Grade"
7334,FPGA_XILINX.SCHLIB,XC6SLX45-2CSG324I,"Spartan-6 LX 1.2V FPGA, 218 User I/Os, 324-Ball Chip-Scale BGA (0.8mm Pitch), Speed Grade 2, Industrial Grade"
7335,FPGA_XILINX.SCHLIB,XC6SLX16-2FTG256I,"Spartan-6 LX 1.2V FPGA, 186 User I/Os, 256-Ball Fine-Pitch Thin BGA (1.0mm Pitch), Speed Grade 2, Industrial Grade"
7336,FPGA_XILINX.SCHLIB,XC7A35T-2FGG484I,"Artix-7 FPGA, 285 User I/Os, 4 GTP, 484-Ball BGA"
7337,FPGA_XILINX.SCHLIB,XC7A35T-1FTG256C,"Artix-7 FPGA, 285 User I/Os, 4 GTP, 484-Ball BGA"
7338,FPGA_XILINX.SCHLIB,XC7A200T-2FBG676,Artix-7 A200T
7339,FPGA_XILINX.SCHLIB,XC7A100T-1CSG324,"Artix-7 FPGA 210 I/O, CSG324"
7340,FPGA_XILINX.SCHLIB,XC6SLX9-2TQG144C,"Spartan-6 LX 1.2V FPGA, 102 User I/Os, 144-Pin TQFP (0.5mm Pitch), Speed Grade 2, Commercial Grade, Pb-Free"
7341,FPGA_XILINX.SCHLIB,XC6SLX16-2FT256I,"Spartan-6 LX 1.2V FPGA, 186 User I/Os, 256-Ball Fine-Pitch Thin BGA (1.0mm Pitch), Speed Grade 2, Industrial Grade"
7342,FPGA_XILINX.SCHLIB,XC6SLX150-FGG484,"Spartan-6 LX 1.2V FPGA, - User I/Os, 484-Ball Chip-Scale BGA (1mm Pitch), Speed Grade 1"
7343,FPGA_XILINX.SCHLIB,XC3S400-4TQG144I,"Spartan-3 1.2V FPGA, 97 User I/Os, 144-pin TQFP, Standard Performance, Industrial Grade, Pb-Free"
7344,FPGA_XILINX.SCHLIB,XC3S400-4PQG208C,"Spartan-3 1.2V FPGA, 141 User I/Os, 208-Pin PQFP, Standard Performance, Commercial Grade, Pb-Free"
7345,FPGA_XILINX.SCHLIB,XC7K410T-FFG900,"Xilinx FPGA 500 I/O, 410K logic cell,"
7346,FPGA_XILINX.SCHLIB,XC7K325T-FFG900,"Xilinx FPGA 500 I/O, 325K logic cell,"
7347,FPGA_XILINX.SCHLIB,XC7K160T-FFG676,"Kintex-7 FPGA, 300 User I/Os, 8 GTX, 676-Ball BGA"
7348,FPGA_XILINX.SCHLIB,XC7S25-FTGB196,"Spartan-7 FPGA, 100 User I/Os, 196-Ball BGA, 25k logic cell"
7349,FPGA_XILINX.SCHLIB,XC7K70T-FBG676,"Kintex-7 FPGA, 300 User I/Os, 8 GTX, 676-Ball BGA"
7350,FPGA_XILINX_ULTRASCALE.SCHLIB,XCAU25P-2FFVB676I,"Xilinx FPGA Ultrascale, ARTIX, AU25P, 280  I/O, 308.5K logic cell, 96 HR, 208 HP, 12 GY"
7351,FPGA_XILINX_ULTRASCALE.SCHLIB,XCVU13P_B2104,"Xilinx FPGA Ultrascale, Virtex KU115, BGA2104"
7352,FPGA_XILINX_ULTRASCALE.SCHLIB,XCKU15P_A1156,"Xilinx FPGA Ultrascale+, Kintex, KU15P, 516 I/O, 1143K logic cell, 48 HD, 468 HP, 28 GT"
7353,FPGA_XILINX_ULTRASCALE.SCHLIB,XCKU115_D1517,"Xilinx FPGA Ultrascale, Kintex KU115, D1517"
7354,FPGA_XILINX_ULTRASCALE.SCHLIB,XCKU115_B2104,"Xilinx FPGA Ultrascale, Kintex KU115, BGA2104"
7355,FPGA_XILINX_ULTRASCALE.SCHLIB,XCKU115_A1517,"Xilinx FPGA Ultrascale, Kintex KU115, A1517"
7356,FPGA_XILINX_ULTRASCALE.SCHLIB,XCKU060_A1156,"Xilinx FPGA Ultrascale, Kintex, KU060, 500 I/O, 663K logic cell, 104 HR, 416 HP, 28 GT"
7357,FPGA_ZYNQ.SCHLIB,XC7Z014S-1CLG400I,"667 MHz Zynq™-7000 AP SoC, 130 PS I/O, 125 FPGA I/O, 400-Ball BGA, Speed Grade 2, Industrial Grade"
7358,FPGA_ZYNQ.SCHLIB,XC7Z007S-2CLG400I,"766 MHz Zynq™-7000 AP SoC, 130 PS I/O, 100 FPGA I/O, 400-Ball BGA, Speed Grade 1, Commercial Grade"
7359,FPGA_ZYNQ.SCHLIB,XC7Z020-2CLG400I,"733 MHz Zynq™-7000 AP SoC, 130 PS I/O, 125 FPGA I/O, 400-Ball BGA, Speed Grade 2, Industrial Grade"
7360,FPGA_ZYNQ.SCHLIB,XC7Z010-1CLG400C,"667 MHz Zynq™-7000 AP SoC, 130 PS I/O, 100 FPGA I/O, 400-Ball BGA, Speed Grade 1, Commercial Grade"
7361,FPGA_ZYNQ.SCHLIB,XC7Z014S-CLG484,
7362,FPGA_ZYNQ.SCHLIB,XC7Z030-SBG485,"SoC Zynq 7030, Kintex-7 FPGA 125K Logic Cells, Dual ARM Cortex-A9 667MHz"
7363,FPGA_ZYNQ.SCHLIB,XC7Z030-FFG676,
7364,FPGA_ZYNQ.SCHLIB,XC7Z020-CLG484,
7365,FPGA_ZYNQ.SCHLIB,XC7Z045-FF900,
7366,FPGA_ZYNQ.SCHLIB,XC7Z030-FB484,"SoC Zynq 7030, Kintex-7 FPGA 125K Logic Cells, Dual ARM Cortex-A9 800MHz"
7367,FPGA_ZYNQ_ULTRASCALE.SCHLIB,XCZU5EV-2SFVC784I,SoC Zynq UltraScale+ MPSoC
7368,FPGA_ZYNQ_ULTRASCALE.SCHLIB,XCZU5EG-2SFVC784I,SoC Zynq UltraScale+ MPSoC
7369,FPGA_ZYNQ_ULTRASCALE.SCHLIB,XCZU5CG-2SFVC784I,SoC Zynq UltraScale+ MPSoC
7370,FPGA_ZYNQ_ULTRASCALE.SCHLIB,XCZU4EV-2SFVC784I,SoC Zynq UltraScale+ MPSoC
7371,FPGA_ZYNQ_ULTRASCALE.SCHLIB,XCZU4EG-2SFVC784I,SoC Zynq UltraScale+ MPSoC
7372,FPGA_ZYNQ_ULTRASCALE.SCHLIB,XCZU4CG-2SFVC784I,SoC Zynq UltraScale+ MPSoC
7373,FPGA_ZYNQ_ULTRASCALE.SCHLIB,XCZU3EG-2SFVC784I,SoC Zynq UltraScale+ MPSoC
7374,FPGA_ZYNQ_ULTRASCALE.SCHLIB,XCZU3CG-2SFVC784I,SoC Zynq UltraScale+ MPSoC
7375,FPGA_ZYNQ_ULTRASCALE.SCHLIB,XCZU2EG-2SFVC784I,SoC Zynq UltraScale+ MPSoC
7376,FPGA_ZYNQ_ULTRASCALE.SCHLIB,XCZU2CG-2SFVC784I,SoC Zynq UltraScale+ MPSoC
7377,FPGA_ZYNQ_ULTRASCALE.SCHLIB,XCZU1CG-2SFVC784I,SoC Zynq UltraScale+ MPSoC
7378,FPGA_ZYNQ_ULTRASCALE.SCHLIB,XCZU7EV-2FBVB900,SoC Zynq UltraScale+ MPSoC
7379,GPS.SCHLIB,MAX2771ETI+T,"GPS, GNSS Receiver Multiband Universal"
7380,GPS.SCHLIB,GPS_NEO-M8Q,"GPS Module, GPS/QZSS, GLONASS, Beidou"
7381,GPS.SCHLIB,GPS_NEO-M8N,"GPS Module, GPS/QZSS, GLONASS, Beidou"
7382,GPS.SCHLIB,GPS_NEO-M8M,"GPS Module, GPS/QZSS, GLONASS, Beidou"
7383,GPS.SCHLIB,GPS_MAX-M8W,"GPS Module, UART/I2C, Standard GNSS, GPS/QZSS, GLONASS, Galileo, Beidou"
7384,GPS.SCHLIB,GPS_MAX-M8Q,"GPS Module, UART/I2C, Standard GNSS, GPS/QZSS, GLONASS, Galileo, Beidou"
7385,GPS.SCHLIB,GPS_MAX-M8C,"GPS Module, UART/I2C, Standard GNSS, GPS/QZSS, GLONASS, Galileo, Beidou"
7386,GPS.SCHLIB,GPS_LEA-M8S,"GPS Module, Standard GNSS, GPS/QZSS, GLONASS, Galileo, Beidou"
7387,GPS.SCHLIB,GPS_SAM-M8,"GPS Module, GPS, QZSS, GLONASS, Galileo, GNSS antenna"
7388,GPS.SCHLIB,GPS_NEO-6V,"GPS Module, USB/UART/I2C/SPI"
7389,GPS.SCHLIB,GPS_NEO-6T,"GPS Module, USB/UART/I2C/SPI"
7390,GPS.SCHLIB,GPS_NEO-6Q,"GPS Module, USB/UART/I2C/SPI"
7391,GPS.SCHLIB,GPS_NEO-6P,"GPS Module, USB/UART/I2C/SPI"
7392,GPS.SCHLIB,GPS_NEO-6M,"GPS Module, USB/UART/I2C/SPI"
7393,GPS.SCHLIB,GPS_NEO-6G,"GPS Module, USB/UART/I2C/SPI"
7394,GPS.SCHLIB,GPS_MAX-7W,"GPS Module, UART/I2C, GPS/QZSS, GLONASS"
7395,GPS.SCHLIB,GPS_MAX-7Q,"GPS Module, UART/I2C, GPS/QZSS, GLONASS"
7396,GPS.SCHLIB,GPS_MAX-7C,"GPS Module, UART/I2C, GPS/QZSS, GLONASS"
7397,GPS.SCHLIB,GPS_MAX-6Q,"GPS Module, MAX-6"
7398,GPS.SCHLIB,GPS_MAX-6G,"GPS Module, MAX-6"
7399,GPS.SCHLIB,GPS_LEA-6T,"GPS Module, LEA-6, u-blox 6"
7400,GPS.SCHLIB,GPS_GM22,"GPS MODULE, 2.7-4.5V SMT"
7401,GRAPHICAL_SIGN.SCHLIB,SIGN_ESD_WARNING3,"Electrostatic Discharge Warning, 9.6X11.1mm"
7402,GRAPHICAL_SIGN.SCHLIB,SIGN_ESD_WARNING2,"Electrostatic Discharge Warning, 10.3X11.6mm"
7403,GRAPHICAL_SIGN.SCHLIB,SIGN_ESD_WARNING1,"Electrostatic Discharge Warning, 10.3X11.6mm"
7404,GRAPHICAL_SIGN.SCHLIB,SIGN_ESD_WARNING0,"Electrostatic Discharge Warning, Smallest (8x7mm)"
7405,GRAPHICAL_SIGN.SCHLIB,SIGN_HIGHVOLTAGE,"SIGN, HIGH VOLTAGE HAZARD, 12X12.5mm"
7406,GRAPHICAL_SIGN.SCHLIB,SYM_A_HDPHONE,"Symbol, Audio, HeadPhone, 8X6.5mm"
7407,GRAPHICAL_SIGN.SCHLIB,SYM_A_LINEIN,"Symbol, Audio, LineIN, 8X6.5mm"
7408,GRAPHICAL_SIGN.SCHLIB,SIGN_WARNING,"SIGN, WARNING, 12X12mm"
7409,GRAPHICAL_SIGN.SCHLIB,SIGN_RECBIN4,"SIGN, Recycle-bin, 14X14mm"
7410,GRAPHICAL_SIGN.SCHLIB,SIGN_RECBIN3,"SIGN, Recycle-bin, 10x8mm"
7411,GRAPHICAL_SIGN.SCHLIB,SIGN_RECBIN2,"SIGN, Recycle-bin, 8x7mm"
7412,GRAPHICAL_SIGN.SCHLIB,SIGN_RECBIN1,"SIGN, Recycle-bin, 6x5mm"
7413,GRAPHICAL_SIGN.SCHLIB,FIDUCIAL1SM3,FIDUCIAL PCB ASSEMBLY AUTOMATED SMT
7414,GRAPHICAL_SIGN.SCHLIB,FIDUCIAL1SM2,FIDUCIAL PCB ASSEMBLY AUTOMATED SMT
7415,GRAPHICAL_SIGN.SCHLIB,SYM_RESET2,"Symbol, RESET, 5.4x6.3mm"
7416,GRAPHICAL_SIGN.SCHLIB,SYM_A_SPK2,"Symbol, Audio, Speaker, 8X6.5mm"
7417,GRAPHICAL_SIGN.SCHLIB,SIGN_ROHS5,"SIGN, ROHS Compliant, 12X12mm"
7418,GRAPHICAL_SIGN.SCHLIB,SIGN_ROHS4,"SIGN, ROHS Compliant, 12X12mm"
7419,GRAPHICAL_SIGN.SCHLIB,SIGN_ROHS3,"SIGN, ROHS Compliant, 22.5X12mm"
7420,GRAPHICAL_SIGN.SCHLIB,SIGN_ROHS2,"SIGN, ROHS Compliant, 14X12mm"
7421,GRAPHICAL_SIGN.SCHLIB,SIGN_ROHS1,"SIGN, ROHS Compliant, 5.5x4.8mm"
7422,GRAPHICAL_SIGN.SCHLIB,SYM_RESET,"Symbol, RESET, 8.8x5mm"
7423,GRAPHICAL_SIGN.SCHLIB,SYM_POWER,"Symbol, POWER, 4.6X6.3mm"
7424,GRAPHICAL_SIGN.SCHLIB,SYM_A_SPK,"Symbol, Audio, Speaker, 8X6.5mm"
7425,GRAPHICAL_SIGN.SCHLIB,SYM_A_MIC,"Symbol, Audio, Microphone, 6X9.5mm"
7426,GRAPHICAL_SIGN.SCHLIB,SIGN_FCC,"FCC Compliant, 7x7mm"
7427,GRAPHICAL_SIGN.SCHLIB,SIGN_CE,"CE Compliant, 7x7mm"
7428,HDMI_IC.SCHLIB,HDMI2C1-14HDS_QFN24,"HDMI 2.0 & 1.4, ±8 kV ESD"
7429,HDMI_IC.SCHLIB,HDMI2C1-14HD_QFN36,"HDMI 2.0, ±8 kV ESD,"
7430,HDMI_IC.SCHLIB,IP4786CZ32_QFN32,"HDMI 2.0, ±12 kV ESD, 6.0 Gbps"
7431,HDMI_IC.SCHLIB,PI3HDX414_QFP80,HDMI 1.4b 1:4 Splitter 3.4Gbps data rate
7432,HDMI_IC.SCHLIB,CM2020_TSSOP38,"HDMI 1.3, ±8 kV ESD"
7433,I2C_IO_EXPANDER.SCHLIB,TCA6416A_QFN24_RTW,"IC, I2C IO Expander, 16CH, 5V TOL, 400KHz"
7434,I2C_IO_EXPANDER.SCHLIB,TCA6408A_QFN16_RSV,"IC, I2C IO Expander, 8CH, 5V TOL, 400KHz"
7435,I2C_IO_EXPANDER.SCHLIB,TCA6408A_QFN16_RGT,"IC, I2C IO Expander, 8CH, 5V TOL, 400KHz"
7436,I2C_IO_EXPANDER.SCHLIB,PCF8575C_QFN24_RGE,"IC, I2C IO Expander, 16CH, 400KHz"
7437,I2C_IO_EXPANDER.SCHLIB,PCF8574A_QFN20_RGY,"IC, I2C IO Expander, 8CH, 100KHz"
7438,I2C_IO_EXPANDER.SCHLIB,PCA9554A_QFN16_RGV,"IC, I2C IO Expander, 8CH, 5V TOL, 400KHz"
7439,I2C_IO_EXPANDER.SCHLIB,PCA9554A_QFN16_RGT,"IC, I2C IO Expander, 8CH, 5V TOL, 400KHz"
7440,I2C_IO_EXPANDER.SCHLIB,PCA9534A_QFN16_RGV,"IC, I2C IO Expander, 8CH, 5V TOL, 400KHz"
7441,I2C_IO_EXPANDER.SCHLIB,PCA9534A_QFN16_RGT,"IC, I2C IO Expander, 8CH, 5V TOL, 400KHz"
7442,I2C_IO_EXPANDER.SCHLIB,TCA9539_QFN24_RTW,"IC, I2C IO Expander, 16CH, 5V TOL, 400KHz"
7443,I2C_IO_EXPANDER.SCHLIB,PCF8575_QFN24_RGE,"IC, I2C IO Expander, 16CH, 400KHz"
7444,I2C_IO_EXPANDER.SCHLIB,PCF8574_QFN20_RGY,"IC, I2C IO Expander, 8CH, 100KHz"
7445,I2C_IO_EXPANDER.SCHLIB,PCF8574_QFN16_RGT,"IC, I2C IO Expander, 8CH, 100KHz"
7446,I2C_IO_EXPANDER.SCHLIB,PCA9557_QFN16_RGY,"IC, I2C IO Expander, 8CH, 5V TOL, 400KHz"
7447,I2C_IO_EXPANDER.SCHLIB,PCA9557_QFN16_RGV,"IC, I2C IO Expander, 8CH, 5V TOL, 400KHz"
7448,I2C_IO_EXPANDER.SCHLIB,PCA9534_QFN16_RGV,"IC, I2C IO Expander, 8CH, 5V TOL, 400KHz"
7449,I2C_IO_EXPANDER.SCHLIB,TCA6416A_TSSOP24,"IC, I2C IO Expander, 16CH, 5V TOL, 400KHz"
7450,I2C_IO_EXPANDER.SCHLIB,TCA6408A_TSSOP16,"IC, I2C IO Expander, 8CH, 5V TOL, 400KHz"
7451,I2C_IO_EXPANDER.SCHLIB,PCF8575C_TVSOP24,"IC, I2C IO Expander, 16CH, 400KHz"
7452,I2C_IO_EXPANDER.SCHLIB,PCF8575C_TSSOP24,"IC, I2C IO Expander, 16CH, 400KHz"
7453,I2C_IO_EXPANDER.SCHLIB,PCF8574A_TVSOP20,"IC, I2C IO Expander, 8CH, 100KHz"
7454,I2C_IO_EXPANDER.SCHLIB,PCF8574A_TSSOP20,"IC, I2C IO Expander, 8CH, 100KHz"
7455,I2C_IO_EXPANDER.SCHLIB,PCA9554A_TVSOP16,"IC, I2C IO Expander, 8CH, 5V TOL, 400KHz"
7456,I2C_IO_EXPANDER.SCHLIB,PCA9554A_TSSOP16,"IC, I2C IO Expander, 8CH, 5V TOL, 400KHz"
7457,I2C_IO_EXPANDER.SCHLIB,PCA9534A_TVSOP16,"IC, I2C IO Expander, 8CH, 5V TOL, 400KHz"
7458,I2C_IO_EXPANDER.SCHLIB,PCA9534A_TSSOP16,"IC, I2C IO Expander, 8CH, 5V TOL, 400KHz"
7459,I2C_IO_EXPANDER.SCHLIB,TCA9555_TSSOP24,"IC, I2C IO Expander, 8CH, 5V TOL, 400KHz"
7460,I2C_IO_EXPANDER.SCHLIB,TCA9554_TSSOP16,"IC, I2C IO Expander, 8CH, 5V TOL, 400KHz"
7461,I2C_IO_EXPANDER.SCHLIB,TCA9539_TSSOP24,"IC, I2C IO Expander, 16CH, 5V TOL, 400KHz"
7462,I2C_IO_EXPANDER.SCHLIB,TCA9535_TSSOP24,"IC, I2C IO Expander, 16CH, 5V TOL, 400KHz"
7463,I2C_IO_EXPANDER.SCHLIB,PCF8575_TVSOP24,"IC, I2C IO Expander, 16CH, 400KHz"
7464,I2C_IO_EXPANDER.SCHLIB,PCF8575_TSSOP24,"IC, I2C IO Expander, 16CH, 400KHz"
7465,I2C_IO_EXPANDER.SCHLIB,PCF8575C_SSOP24,"IC, I2C IO Expander, 16CH, 400KHz"
7466,I2C_IO_EXPANDER.SCHLIB,PCF8575C_SOP24W,"IC, I2C IO Expander, 16CH, 400KHz"
7467,I2C_IO_EXPANDER.SCHLIB,PCF8575C_QSOP24,"IC, I2C IO Expander, 16CH, 400KHz"
7468,I2C_IO_EXPANDER.SCHLIB,PCF8574_TVSOP20,"IC, I2C IO Expander, 8CH, 100KHz"
7469,I2C_IO_EXPANDER.SCHLIB,PCF8574_TSSOP20,"IC, I2C IO Expander, 8CH, 100KHz"
7470,I2C_IO_EXPANDER.SCHLIB,PCF8574A_SOP16W,"IC, I2C IO Expander, 8CH, 100KHz"
7471,I2C_IO_EXPANDER.SCHLIB,PCA9557_TSSOP16,"IC, I2C IO Expander, 8CH, 5V TOL, 400KHz"
7472,I2C_IO_EXPANDER.SCHLIB,PCA9555_TVSOP24,"IC, I2C IO Expander, 16CH, 5V TOL, 400KHz"
7473,I2C_IO_EXPANDER.SCHLIB,PCA9555_TSSOP24,"IC, I2C IO Expander, 16CH, 5V TOL, 400KHz"
7474,I2C_IO_EXPANDER.SCHLIB,PCA9554_TVSOP16,"IC, I2C IO Expander, 8CH, 5V TOL, 400KHz"
7475,I2C_IO_EXPANDER.SCHLIB,PCA9554_TSSOP16,"IC, I2C IO Expander, 8CH, 5V TOL, 400KHz"
7476,I2C_IO_EXPANDER.SCHLIB,PCA9554A_SSOP16,"IC, I2C IO Expander, 8CH, 5V TOL, 400KHz"
7477,I2C_IO_EXPANDER.SCHLIB,PCA9554A_SOP16W,"IC, I2C IO Expander, 8CH, 5V TOL, 400KHz"
7478,I2C_IO_EXPANDER.SCHLIB,PCA9539_TVSOP24,"IC, I2C IO Expander, 16CH, 5V TOL, 400KHz"
7479,I2C_IO_EXPANDER.SCHLIB,PCA9539_TSSOP24,"IC, I2C IO Expander, 16CH, 5V TOL, 400KHz"
7480,I2C_IO_EXPANDER.SCHLIB,PCA9538_TVSOP16,"IC, I2C IO Expander, 8CH, 5V TOL, 400KHz"
7481,I2C_IO_EXPANDER.SCHLIB,PCA9538_TSSOP16,"IC, I2C IO Expander, 8CH, 5V TOL, 400KHz"
7482,I2C_IO_EXPANDER.SCHLIB,PCA9534_TVSOP16,"IC, I2C IO Expander, 8CH, 5V TOL, 400KHz"
7483,I2C_IO_EXPANDER.SCHLIB,PCA9534_TSSOP16,"IC, I2C IO Expander, 8CH, 5V TOL, 400KHz"
7484,I2C_IO_EXPANDER.SCHLIB,PCA9534A_SSOP16,"IC, I2C IO Expander, 8CH, 5V TOL, 400KHz"
7485,I2C_IO_EXPANDER.SCHLIB,PCA9534A_SOP16W,"IC, I2C IO Expander, 8CH, 5V TOL, 400KHz"
7486,I2C_IO_EXPANDER.SCHLIB,TCA6424A_QFN32,"IC, I2C IO Expander, 24CH, 5V TOL, 400KHz"
7487,I2C_IO_EXPANDER.SCHLIB,TCA6416A_BGA24,"IC, I2C IO Expander, 16CH, 5V TOL, 400KHz"
7488,I2C_IO_EXPANDER.SCHLIB,PCF8575_SSOP24,"IC, I2C IO Expander, 16CH, 400KHz"
7489,I2C_IO_EXPANDER.SCHLIB,PCF8575_SOP24W,"IC, I2C IO Expander, 16CH, 400KHz"
7490,I2C_IO_EXPANDER.SCHLIB,PCF8575_QSOP24,"IC, I2C IO Expander, 16CH, 400KHz"
7491,I2C_IO_EXPANDER.SCHLIB,PCF8574_SOP16W,"IC, I2C IO Expander, 8CH, 100KHz"
7492,I2C_IO_EXPANDER.SCHLIB,PCF8574A_DIP16,"IC, I2C IO Expander, 8CH, 100KHz"
7493,I2C_IO_EXPANDER.SCHLIB,PCA9557_SSOP16,"IC, I2C IO Expander, 8CH, 5V TOL, 400KHz"
7494,I2C_IO_EXPANDER.SCHLIB,PCA9557D_SOP16,"IC, I2C IO Expander, 8CH, 5V TOL, 400KHz"
7495,I2C_IO_EXPANDER.SCHLIB,PCA9555_SSOP24,"IC, I2C IO Expander, 16CH, 5V TOL, 400KHz"
7496,I2C_IO_EXPANDER.SCHLIB,PCA9555_SOP24W,"IC, I2C IO Expander, 16CH, 5V TOL, 400KHz"
7497,I2C_IO_EXPANDER.SCHLIB,PCA9554_SSOP16,"IC, I2C IO Expander, 8CH, 5V TOL, 400KHz"
7498,I2C_IO_EXPANDER.SCHLIB,PCA9554_SOP16W,"IC, I2C IO Expander, 8CH, 5V TOL, 400KHz"
7499,I2C_IO_EXPANDER.SCHLIB,PCA9539_SSOP24,"IC, I2C IO Expander, 16CH, 5V TOL, 400KHz"
7500,I2C_IO_EXPANDER.SCHLIB,PCA9539_SOP24W,"IC, I2C IO Expander, 16CH, 5V TOL, 400KHz"
7501,I2C_IO_EXPANDER.SCHLIB,PCA9538_SSOP16,"IC, I2C IO Expander, 8CH, 5V TOL, 400KHz"
7502,I2C_IO_EXPANDER.SCHLIB,PCA9538_SOP16W,"IC, I2C IO Expander, 8CH, 5V TOL, 400KHz"
7503,I2C_IO_EXPANDER.SCHLIB,PCA9534_SSOP16,"IC, I2C IO Expander, 8CH, 5V TOL, 400KHz"
7504,I2C_IO_EXPANDER.SCHLIB,PCA9534_SOP16W,"IC, I2C IO Expander, 8CH, 5V TOL, 400KHz"
7505,I2C_IO_EXPANDER.SCHLIB,TCA9555_QFN24,"IC, I2C IO Expander, 8CH, 5V TOL, 400KHz"
7506,I2C_IO_EXPANDER.SCHLIB,TCA9535_QFN24,"IC, I2C IO Expander, 16CH, 5V TOL, 400KHz"
7507,I2C_IO_EXPANDER.SCHLIB,PCF8574_DIP16,"IC, I2C IO Expander, 8CH, 100KHz"
7508,I2C_IO_EXPANDER.SCHLIB,PCA9555_QFN24,"IC, I2C IO Expander, 16CH, 5V TOL, 400KHz"
7509,I2C_IO_EXPANDER.SCHLIB,PCA9539_QFN24,"IC, I2C IO Expander, 16CH, 5V TOL, 400KHz"
7510,I2C_IO_EXPANDER.SCHLIB,PCA9536_SSOP8,"IC, I2C IO Expander, 4CH, 5V TOL, 400KHz"
7511,I2C_IO_EXPANDER.SCHLIB,PCA9535_QFN24,"I/O EXPANDER, I2C 16B 24HVQFN"
7512,I2C_IO_EXPANDER.SCHLIB,PCA9536_BGA8,"IC, I2C IO Expander, 4CH, 5V TOL, 400KHz"
7513,IC_DIP_SOCKET.SCHLIB,SOCKETSMD_IC_DIP_40ZIF,"SOCKET, ZIF, IC DIP,"
7514,IC_DIP_SOCKET.SCHLIB,SOCKETSMD_IC_DIP_20ZIF,"SOCKET, ZIF, IC DIP,"
7515,IC_DIP_SOCKET.SCHLIB,SOCKETSMD_IC_DIP_16ZIF,"SOCKET, ZIF, IC DIP,"
7516,IC_DIP_SOCKET.SCHLIB,SOCKETSMD_IC_DIP_64TW,"SOCKET, IC DIP,"
7517,IC_DIP_SOCKET.SCHLIB,SOCKETSMD_IC_DIP_48DW,"SOCKET, IC DIP,"
7518,IC_DIP_SOCKET.SCHLIB,SOCKETSMD_IC_DIP_40DW,"SOCKET, IC DIP,"
7519,IC_DIP_SOCKET.SCHLIB,SOCKETSMD_IC_DIP_32DW,"SOCKET, IC DIP,"
7520,IC_DIP_SOCKET.SCHLIB,SOCKETSMD_IC_DIP_28DW,"SOCKET, IC DIP,"
7521,IC_DIP_SOCKET.SCHLIB,SOCKETSMD_IC_DIP_24DW,"SOCKET, IC DIP,"
7522,IC_DIP_SOCKET.SCHLIB,SOCKET_IC_DIP_40ZIF,"SOCKET, ZIF, IC DIP,"
7523,IC_DIP_SOCKET.SCHLIB,SOCKET_IC_DIP_20ZIF,"SOCKET, ZIF, IC DIP,"
7524,IC_DIP_SOCKET.SCHLIB,SOCKET_IC_DIP_16ZIF,"SOCKET, ZIF, IC DIP,"
7525,IC_DIP_SOCKET.SCHLIB,SOCKETSMD_IC_DIP_28,"SOCKET, IC DIP,"
7526,IC_DIP_SOCKET.SCHLIB,SOCKETSMD_IC_DIP_24,"SOCKET, IC DIP,"
7527,IC_DIP_SOCKET.SCHLIB,SOCKETSMD_IC_DIP_22,"SOCKET, IC DIP,"
7528,IC_DIP_SOCKET.SCHLIB,SOCKETSMD_IC_DIP_20,"SOCKET, IC DIP,"
7529,IC_DIP_SOCKET.SCHLIB,SOCKETSMD_IC_DIP_18,"SOCKET, IC DIP,"
7530,IC_DIP_SOCKET.SCHLIB,SOCKETSMD_IC_DIP_16,"SOCKET, IC DIP,"
7531,IC_DIP_SOCKET.SCHLIB,SOCKETSMD_IC_DIP_14,"SOCKET, IC DIP,"
7532,IC_DIP_SOCKET.SCHLIB,SOCKET_IC_DIP_64TW,"SOCKET, IC DIP,"
7533,IC_DIP_SOCKET.SCHLIB,SOCKET_IC_DIP_48DW,"SOCKET, IC DIP,"
7534,IC_DIP_SOCKET.SCHLIB,SOCKET_IC_DIP_40DW,"SOCKET, IC DIP,"
7535,IC_DIP_SOCKET.SCHLIB,SOCKET_IC_DIP_32DW,"SOCKET, IC DIP,"
7536,IC_DIP_SOCKET.SCHLIB,SOCKET_IC_DIP_28DW,"SOCKET, IC DIP,"
7537,IC_DIP_SOCKET.SCHLIB,SOCKET_IC_DIP_24DW,"SOCKET, IC DIP,"
7538,IC_DIP_SOCKET.SCHLIB,SOCKETSMD_IC_DIP_8,"SOCKET, IC DIP,"
7539,IC_DIP_SOCKET.SCHLIB,SOCKETSMD_IC_DIP_6,"SOCKET, IC DIP,"
7540,IC_DIP_SOCKET.SCHLIB,SOCKET_IC_DIP_28,"SOCKET, IC DIP,"
7541,IC_DIP_SOCKET.SCHLIB,SOCKET_IC_DIP_24,"SOCKET, IC DIP,"
7542,IC_DIP_SOCKET.SCHLIB,SOCKET_IC_DIP_22,"SOCKET, IC DIP,"
7543,IC_DIP_SOCKET.SCHLIB,SOCKET_IC_DIP_20,"SOCKET, IC DIP,"
7544,IC_DIP_SOCKET.SCHLIB,SOCKET_IC_DIP_18,"SOCKET, IC DIP,"
7545,IC_DIP_SOCKET.SCHLIB,SOCKET_IC_DIP_16,"SOCKET, IC DIP,"
7546,IC_DIP_SOCKET.SCHLIB,SOCKET_IC_DIP_14,"SOCKET, IC DIP,"
7547,IC_DIP_SOCKET.SCHLIB,SOCKET_IC_DIP_8,"SOCKET, IC DIP,"
7548,IC_DIP_SOCKET.SCHLIB,SOCKET_IC_DIP_6,"SOCKET, IC DIP,"
7549,IC_INTERFACES_BRIDGE.SCHLIB,SC18IS602_TSSOP16,"IC, Interface bridge, I2C to SPI"
7550,IC_INTERFACES_BRIDGE.SCHLIB,SC18IS600_TSSOP16,"IC, Interface bridge, SPI to I2C"
7551,IC_INTERFACES_BRIDGE.SCHLIB,SC18IS600_QFN24,"IC, Interface bridge, SPI to I2C"
7552,IC_INTERFACES_BRIDGE.SCHLIB,CP2120_QFN20,"IC, Interface bridge, SPI to I2C"
7553,IC_TIMER_555.SCHLIB,TLC556C_SOP16,"555 Timer, DUAL"
7554,IC_TIMER_555.SCHLIB,TLC555Q_SOP8,"555 Timer, CMOS"
7555,IC_TIMER_555.SCHLIB,TLC555I_SOP8,"555 Timer, CMOS"
7556,IC_TIMER_555.SCHLIB,TLC555I_DIP8,"555 Timer, CMOS"
7557,IC_TIMER_555.SCHLIB,TLC555C_SOP8,"555 Timer, CMOS"
7558,IC_TIMER_555.SCHLIB,TLC555C_DIP8,"555 Timer, CMOS"
7559,IC_TIMER_555.SCHLIB,LM555_VSSOP8,"555 Timer, VSSOP-8"
7560,IC_TIMER_555.SCHLIB,LM555_DSBGA8,"555 Timer, DSBGA-8"
7561,IC_TIMER_555.SCHLIB,ICM7555_SOP8,"555 Timer, CMOS"
7562,IC_TIMER_555.SCHLIB,ICM7555_DIP8,"555 Timer, CMOS"
7563,IC_TIMER_555.SCHLIB,NJM555_DIP8,"555 Timer, General-Purpose Single Bipolar Timer"
7564,IC_TIMER_555.SCHLIB,LM556_SOP16,"555 Timer, DUAL"
7565,IC_TIMER_555.SCHLIB,LM556_DIP16,"555 Timer, DUAL"
7566,IC_TIMER_555.SCHLIB,LM555I_SOP8,"555 Timer,"
7567,IC_TIMER_555.SCHLIB,LM555C_SOP8,"555 Timer,"
7568,IC_TIMER_555.SCHLIB,SE555_SOP8,"555 Timer, General-Purpose Single Bipolar Timer"
7569,IC_TIMER_555.SCHLIB,SE555_DIP8,"555 Timer, General-Purpose Single Bipolar Timer"
7570,IC_TIMER_555.SCHLIB,SA555_DIP8,"555 Timer, General-Purpose Single Bipolar Timer"
7571,IC_TIMER_555.SCHLIB,NE555_SOP8,"555 Timer, General-Purpose Single Bipolar Timer"
7572,IC_TIMER_555.SCHLIB,NE555_DIP8,"555 Timer, General-Purpose Single Bipolar Timer"
7573,IC_TIMER_555.SCHLIB,NA555_SOP8,"555 Timer, General-Purpose Single Bipolar Timer"
7574,IC_TIMER_555.SCHLIB,NA555_DIP8,"555 Timer, General-Purpose Single Bipolar Timer"
7575,IC_TIMER_555.SCHLIB,LM555_DIP8,"555 Timer,"
7576,INDUCTOR_POWER.SCHLIB,IND_SMD_6.8uH_1.6A_1008,"INDUCTOR, 6.8uH, 1.6A, 440mOhm, 1008"
7577,INDUCTOR_POWER.SCHLIB,IND_SMD_DUAL_10uH_0.4A,"INDUCTOR, Dual, 10uH, 0.38A (Irms), 1Ohm"
7578,INDUCTOR_POWER.SCHLIB,IND_SMD_1uH_2.6A_0806,"INDUCTOR, 1uH, 2.6A, 65mOhm, 0806"
7579,INDUCTOR_POWER.SCHLIB,IND_SMD_1uH_2.3A_0806,"INDUCTOR, 1uH, 2.3A, 70mOhm, 0806"
7580,INDUCTOR_POWER.SCHLIB,IND_SMD_300nH_35ASLC,"INDUCTOR, 300nH, 35A (Irms), 0.22mOhm"
7581,INDUCTOR_POWER.SCHLIB,IND_SMD_4.7uH_4.1AL,"INDUCTOR, 4.7uH 4.1A, 19mOhm"
7582,INDUCTOR_POWER.SCHLIB,IND_SMD_2.2uH_3.75A,"INDUCTOR, 2.2uH 3.75A, 20mOhm"
7583,INDUCTOR_POWER.SCHLIB,IND_SMD_1.2uH_21.6A,"INDUCTOR, 1.2uH, 21.6A, 3.4mOhm"
7584,INDUCTOR_POWER.SCHLIB,IND_SMD_470nH_5.5A,"INDUCTOR, 470nH, 5.5A (Irms), 26mOhm"
7585,INDUCTOR_POWER.SCHLIB,IND_SMD_470nH_3.2A,"INDUCTOR, 470nH, 3.2A (Irms), 36mOhm"
7586,INDUCTOR_POWER.SCHLIB,IND_SMD_450nH_25AK,"INDUCTOR, 450nH, 25A (Irms), 1.2mOhm"
7587,INDUCTOR_POWER.SCHLIB,IND_SMD_4.7uH_4.6A,"INDUCTOR, 4.7uH 4.6A, 17mOhm"
7588,INDUCTOR_POWER.SCHLIB,IND_SMD_4.7uH_4.5A,"INDUCTOR, 4.7uH 4.5A, 26mOhm"
7589,INDUCTOR_POWER.SCHLIB,IND_SMD_4.7uH_4.1A,"INDUCTOR, 4.7uH 4.1A, 24mOhm"
7590,INDUCTOR_POWER.SCHLIB,IND_SMD_330nH_7.5A,"INDUCTOR, 330nH, 4A (Irms), 6mOhm"
7591,INDUCTOR_POWER.SCHLIB,IND_SMD_330nH_5.5A,"INDUCTOR, 330nH, 5.5A (Irms), 20mOhm"
7592,INDUCTOR_POWER.SCHLIB,IND_SMD_330nH_25AC,"INDUCTOR, 330nH, 25A (Irms), 2.5mOhm"
7593,INDUCTOR_POWER.SCHLIB,IND_SMD_330nH_0.2A,"INDUCTOR, SMD"
7594,INDUCTOR_POWER.SCHLIB,IND_SMD_300nH_35AC,"INDUCTOR, 300nH, 35A (Irms), 1.7mOhm"
7595,INDUCTOR_POWER.SCHLIB,IND_SMD_3.3uH_3.5A,"INDUCTOR, 3.3uH 3.5A, 20mOhm"
7596,INDUCTOR_POWER.SCHLIB,IND_SMD_270nH_25AC,"INDUCTOR, 270nH, 25A (Irms), 3.8mOhm"
7597,INDUCTOR_POWER.SCHLIB,IND_SMD_2.2uH_2.9A,"INDUCTOR, 2.2uH, 2.9A, 46mOhm, 1210"
7598,INDUCTOR_POWER.SCHLIB,IND_SMD_2.2uH_2.6A,"INDUCTOR, 2.2uH, 2.6A, 94mOhm, 1008"
7599,INDUCTOR_POWER.SCHLIB,IND_SMD_2.2uH_2.3A,"INDUCTOR, 2.2uH, 2.3A, 102mOhm, 1008"
7600,INDUCTOR_POWER.SCHLIB,IND_SMD_2.2uH_2.2A,"INDUCTOR, 2.2uH, 2.2A, 84mOhm, 1008"
7601,INDUCTOR_POWER.SCHLIB,IND_SMD_2.2uH_1.3A,"INDUCTOR, 2.2uH 1.3A, 80mOhm, 1008"
7602,INDUCTOR_POWER.SCHLIB,IND_SMD_180nH_32AC,"INDUCTOR, 180nH, 32A (Irms), 1.7mOhm"
7603,INDUCTOR_POWER.SCHLIB,IND_SMD_470nH_20A,"INDUCTOR, 470nH, 20A (Irms), 3.4mOhm"
7604,INDUCTOR_POWER.SCHLIB,IND_SMD_450nH_25A,"INDUCTOR, 450nH, 25A (Irms), 1.2mOhm"
7605,INDUCTOR_POWER.SCHLIB,IND_SMD_4.7uH_15A,"INDUCTOR, 4.7uH, 15A, 11mOhm"
7606,INDUCTOR_POWER.SCHLIB,IND_SMD_330nH_12A,"INDUCTOR, 330nH, 12A (Irms), 6mOhm"
7607,INDUCTOR_POWER.SCHLIB,IND_SMD_1.3uH_17A,"INDUCTOR, 1.2uH, 17A, 2.3mOhm"
7608,INDUCTOR_POWER.SCHLIB,IND_SMD_6.3uH_3A,"INDUCTOR, 6.3uH 3A, 30mOhm"
7609,INDUCTOR_POWER.SCHLIB,IND_SMD_4.7uH_2A,"INDUCTOR, 4.7uH 2A, 80mOhm, 4818"
7610,INDUCTOR_POWER.SCHLIB,IND_SMD_330nH_9A,"INDUCTOR, 330nH, 9.6A (Irms), 6mOhm"
7611,INDUCTOR_POWER.SCHLIB,IND_SMD_330nH_5A,"INDUCTOR, 330nH, 5.1A (Irms), 19mOhm"
7612,INDUCTOR_POWER.SCHLIB,IND_SMD_3.3uH_8A,"INDUCTOR, 3.3uH, 8A (Irms), 10mOhm"
7613,INDUCTOR_POWER.SCHLIB,IND_SMD_2.2uH_5A,"INDUCTOR, 2.2uH 4.9A, 35mOhm, 5030"
7614,INDUCTOR_POWER.SCHLIB,IND_SMD_2.2uH_4A,"INDUCTOR, 2.2uH 4A, 52mOhm, 1008"
7615,INDUCTOR_POWER.SCHLIB,IND_SMD_1uH_5.8A,"INDUCTOR, 1uH, 5.8A, 26mOhm"
7616,INDUCTOR_POWER.SCHLIB,IND_SMD_1uH_4.8A,"INDUCTOR, 1uH, 4.8A, 27mOhm"
7617,INDUCTOR_POWER.SCHLIB,IND_SMD_1uH_3.8A,"INDUCTOR, 1uH, 3.8A, 32mOhm, 1210"
7618,INDUCTOR_POWER.SCHLIB,IND_SMD_100uH_5A,"INDUCTOR, 100uH, 5A"
7619,INDUCTOR_POWER.SCHLIB,IND_SMD_10uH_2A,"INDUCTOR, 10uH 2A, 38mOhm, 2626"
7620,INDUCTOR_POWER.SCHLIB,IND_SMD_10uH_1A,"INDUCTOR, 10uH 1A, 160mOhm, 4040"
7621,INDUCTOR_POWER.SCHLIB,IND_SMD_1uH_4A,"INDUCTOR, 1uH, 4A, 32mOhm"
7622,INDUCTOR_POWER.SCHLIB,INDPWR_SMD,"INDUCTOR, POWER, SMD"
7623,INDUSTRIAL_GPIO.SCHLIB,SN65HVS881_SSOP28,"Input, Industrial, 8ch"
7624,INDUSTRIAL_GPIO.SCHLIB,ISO1I813T_TSSOP48,"Input, Isolated Industrial, 8ch"
7625,INDUSTRIAL_GPIO.SCHLIB,ISO1I811T_TSSOP48,"Input, Isolated Industrial, 8ch"
7626,INDUSTRIAL_GPIO.SCHLIB,ISO1H812G_TSSOP36,"Output, Isolated Industrial, 8ch"
7627,INDUSTRIAL_GPIO.SCHLIB,DRV8860_SSOP16T,"Driver, LOW SIDE, 8ch, SPI"
7628,INDUSTRIAL_GPIO.SCHLIB,DRV8860_SSOP16,"Driver, LOW SIDE, 8ch, SPI"
7629,KEYPAD_ENCODER.SCHLIB,ADP5586-03_BGA16,"IC, Keypad Scan, I2C 1MHz, 8GPIO for 16-key, 0x30"
7630,KEYPAD_ENCODER.SCHLIB,ADP5586-01_BGA16,"IC, Keypad Scan, I2C 1MHz, 8GPIO for 16-key"
7631,KEYPAD_ENCODER.SCHLIB,ADP5586-00_BGA16,"IC, Keypad Scan, I2C 1MHz, 8GPIO for 16-key"
7632,KEYPAD_ENCODER.SCHLIB,MM74C922_DIP18,"IC, Key Encoder, 16-Key"
7633,KEYPAD_ENCODER.SCHLIB,TCA8418_QFN24,"IC, Keypad Scan, I2C 1MHz, 18GPIO, 80 buttons"
7634,KEYPAD_ENCODER.SCHLIB,LM8330_BGA25,"IC, Keypad Scan, I2C 400kHz, 8x12 key"
7635,LCD.SCHLIB,LCDCHAR_16X2_BLU_D,"LCD Character Disp, 16X2"
7636,LCD.SCHLIB,LCDCHAR_20X4_GRN,"LCD Character Disp, 20X4"
7637,LCD.SCHLIB,LCDCHAR_20X4_BLU,"LCD Character Disp, 20X4"
7638,LCD.SCHLIB,LCDCHAR_16X2_GRN,"LCD Character Disp, 16X2"
7639,LCD.SCHLIB,LCDCHAR_16X2_BLU,"LCD Character Disp, 16X2"
7640,LCD.SCHLIB,LCDG_128X64_GRN,"LCD Graphic Disp, 128X64, with KS108 Controller"
7641,LCD.SCHLIB,LCDG_128X64_BLU,"LCD Graphic Disp, 128X64, with KS108 Controller"
7642,LCD.SCHLIB,LCDCHAR_8X2_16P,"LCD Character Disp, 8X2"
7643,LCD.SCHLIB,LCDCHAR_8X2_14P,"LCD Character Disp, 8X2, header2x7"
7644,LCD.SCHLIB,LCDG_128X64ZW,"LCD Graphic Disp, 128X64, ST7920 Controller, SERIAL/PARALLEL"
7645,LCD.SCHLIB,LCDG_84X48H2,"LCD, monochrome, 1.5"", 84X48, header"
7646,LCD.SCHLIB,LCDG_84X48H1,"LCD, monochrome, 1.5"", 84X48, header"
7647,LCD.SCHLIB,LCDG_240X64Y,"LCD Graphic Disp, 240X64, 180X65mm, 5.2"""
7648,LCD.SCHLIB,LCDG_240X128,"LCD Graphic Disp, 240X128, with T6963 Controller"
7649,LCD.SCHLIB,LCDG_128X64D,"LCD Graphic Disp, 128X64, 78X70mm, 2.9"""
7650,LCD.SCHLIB,LCDG_80X160,"LCD, TFT, 0.96"", 80X160"
7651,LCD.SCHLIB,LCDG_96X68,"LCD Monochrome, 1.3"", 96X68"
7652,LCD.SCHLIB,LCDG_84X48,"LCD, monochrome, 1.5"", 84X48"
7653,LCD_RESISTIVE_TOUCH_DRIVER.SCHLIB,XPT2046_TSSOP16,"LCD, Touch screen controller, resistive, 4-wire"
7654,LCD_RESISTIVE_TOUCH_DRIVER.SCHLIB,TSC2046_TSSOP16,"LCD, Touch screen controller, 4-WIRE, resistive"
7655,LCD_RESISTIVE_TOUCH_DRIVER.SCHLIB,TSC2007_TSSOP16,"LCD, Touch Screen Controller, 12Bit, I2C, 16TSSOP"
7656,LCD_RESISTIVE_TOUCH_DRIVER.SCHLIB,STMPE811_QFN16,LCD resistive touch panel driver
7657,LCD_RESISTIVE_TOUCH_DRIVER.SCHLIB,ADS7846_SSOP16,"LCD, Touch screen controller, 4-WIRE, resistive"
7658,LCD_RESISTIVE_TOUCH_DRIVER.SCHLIB,ADS7843_SSOP16,"LCD, Touch Screen Controller, 4Wire, 8/12Bit"
7659,LCD_RESISTIVE_TOUCH_DRIVER.SCHLIB,TSC2046_QFN16,"LCD, Touch screen controller, 4-WIRE, resistive"
7660,LCD_RESISTIVE_TOUCH_DRIVER.SCHLIB,NS2009_MSOP10,"LCD, Touch Screen Controller, 12Bit, I2C, MSOP-10"
7661,LCD_RESISTIVE_TOUCH_DRIVER.SCHLIB,XD2009_QFN16,"LCD, Touch Screen Controller, 12Bit, I2C, QFN-16"
7662,LCDTFT.SCHLIB,LCDTFT_DBIDPI_FPC50P_4INCH480X480,"LCD TFT Color, FPC50P, 4"", 480X480 RGB/SPI, with touch"
7663,LCDTFT.SCHLIB,LCDTFT_DBIDPI_FPC40P_4INCH480X480,"LCD TFT Color, FPC40P, 4"", 480X480 RGB/SPI, with touch"
7664,LCDTFT.SCHLIB,LCDTFT_7INCH_1024X600_FPC30P_SCT070013,"LCD TFT Color, 7"", 1024X600, LVDS"
7665,LCDTFT.SCHLIB,LCDTFT_5.0INCH_800X480_CFAF800480C1050T,"LCD TFT Color, 5"", 800X480"
7666,LCDTFT.SCHLIB,LCDTFT_4.3INCH_480X272_RK043FN48H,"LCD TFT Color, 4"", 480X272 with capacitive touch GT9147"
7667,LCDTFT.SCHLIB,LCDTFT_4.0INCH_480X480_RB040D50N03A,"LCD TFT Color, 4"", 480X480 with touch"
7668,LCDTFT.SCHLIB,LCDTFT_4.0INCH_480X480_MLT040R40-CT1,"LCD TFT Color, 4"", 480X480 with touch"
7669,LCDTFT.SCHLIB,LCDTFT_4.0INCH_480X480_LX395A4003,"LCD TFT Color, 4"", 480X480 with touch"
7670,LCDTFT.SCHLIB,LCDTFT_3.5INCH_320X480_LQ035NC111,"LCD TFT Color, 3.5"", 320X480 with touch"
7671,LCDTFT.SCHLIB,LCDTFT_3.5INCH_320X480_ILI9486L_40P,"LCD TFT Color, 3.5"", 320X480 with touch"
7672,LCDTFT.SCHLIB,LCDTFT_3.5INCH_320X480_ILI9486L_37P,"LCD TFT Color, 3.5"", 320X480 with touch"
7673,LCDTFT.SCHLIB,LCDTFT_3.2INCH_240X320_T32-SSD1289,"LCD TFT Color, 3.2"", 240X320 with touch"
7674,LCDTFT.SCHLIB,LCDTFT_3.2INCH_240X320_ER-TFT032-3,"LCD TFT Color, 3.2"", 240X320 with touch"
7675,LCDTFT.SCHLIB,LCDTFT_2.8INCH_240X320_T28-ILI9341,"LCD TFT Color, 2.8"", 240X320, with Touch"
7676,LCDTFT.SCHLIB,LCDTFT_2.8INCH_240X320_ELT240320,"LCD TFT Color, 2.8"", 240X320, with Touch"
7677,LCDTFT.SCHLIB,LCDTFT_4.0INCH_320X480_ST7796S,"LCD TFT Color, 4"", 320X480 with touch"
7678,LCDTFT.SCHLIB,LCDTFT_3.2INCH_240X320_ILI9341,"LCD TFT Color, 3.2"", 240X320 with touch"
7679,LCDTFT.SCHLIB,"LCDTFT_DBI_FPC37P_3.2_3,5INCH","LCD TFT Color, FPC37P, 3.2""/3.5"", with Touch"
7680,LCDTFT.SCHLIB,LCDTFT_DPI_FPC40P_RK043FN48H,"LCD TFT Color, FPC40P, RGB"
7681,LCDTFT.SCHLIB,LCDTFT_7INCH_1024X600_FPC50P,"LCD TFT Color, 7"", 1024X600, LVDS"
7682,LCDTFT.SCHLIB,LCDTFT_7INCH_1024X600_FPC40P,"LCD TFT Color, 7"", 1024X600, LVDS"
7683,LCDTFT.SCHLIB,LCDTFT_7INCH_1024X600_FPC30P,"LCD TFT Color, 7"", 1024X600, LVDS"
7684,LCDTFT.SCHLIB,LCDTFT_DSI_FPC30P_SCT070013,"LCD TFT Color, FPC30P, LVDS"
7685,LCDTFT.SCHLIB,LCDTFT_8INCH_800X600_FPC50P,"LCD TFT Color, 8"", 800X600, RGB"
7686,LCDTFT.SCHLIB,LCDTFT_8INCH_800X600_FPC40P,"LCD TFT Color, 8"", 800X600, LVDS"
7687,LCDTFT.SCHLIB,LCDTFT_4.3INCH_480X272_CTP,"LCD TFT Color, 4"", 480X272 with capacitive touch GT9147"
7688,LCDTFT.SCHLIB,LCDTFT_1.3INCH_240X240_HDR,"LCD TFT Color, 1.3"", 240X240, ST7789"
7689,LCDTFT.SCHLIB,LCDTFT_DBI_FPC40P_3.5INCH,"LCD TFT Color, FPC40P, 3.5"" with touch"
7690,LCDTFT.SCHLIB,LCDTFT_DBI_FPC40P_3.2INCH,"LCD TFT Color, FPC40P, 3.2"" with touch"
7691,LCDTFT.SCHLIB,LCDTFT_DBI_FPC37P_2.8INCH,"LCD TFT Color, FPC37P, 2.8"", with Touch"
7692,LCDTFT.SCHLIB,LCDTFT_10.1INCH_1280X800,"LCD TFT Color, 10.1"", 1280X800, LVDS"
7693,LCDTFT.SCHLIB,LCDTFT_10.1INCH_1024X600,"LCD TFT Color, 10.1"", 1024X600"
7694,LCDTFT.SCHLIB,LCDTFT_1.28INCH_240X240H,"LCD TFT Color, 1.28"", 240X240, GC9A01, breakout"
7695,LCDTFT.SCHLIB,LCDTFT_DBI_FPC40P_4INCH,"LCD TFT Color, FPC40P, 4"" with touch"
7696,LCDTFT.SCHLIB,LCDTFT_1.28INCH_240X240,"LCD TFT Color, 1.28"", 240X240, GC9A01"
7697,LCDTFT.SCHLIB,LCDTFT_5.0INCH_800X480,"LCD TFT Color, 5"", 800X480 with touch"
7698,LCDTFT.SCHLIB,LCDTFT_5.0INCH_480X272,"LCD TFT Color, 5"", 480X272 with touch"
7699,LCDTFT.SCHLIB,LCDTFT_1.5INCH_132X132,"LCD TFT 1.5"", 132X132, 12Bit Color"
7700,LCDTFT.SCHLIB,LCDTFT_0.96INCH_80X160,"LCD TFT Color, 0.96"", 80x160 - ST7735"
7701,LCDTFT.SCHLIB,LCDTFT_9INCH_1024X600,"LCD TFT Color, 9"", 1024X600"
7702,LCDTFT.SCHLIB,LCDTFT_8INCH_1024X768,"LCD TFT Color, 8"", 1024X768, LVDS"
7703,LCDTFT.SCHLIB,LCDTFT_DBIDPI_FPC54P,"LCD TFT Color, FPC54P, RGB/SPI, with touch"
7704,LCDTFT.SCHLIB,LCDTFT_9INCH_800X480,"LCD TFT Color, 9"", 800X480"
7705,LCDTFT.SCHLIB,LCDTFT_7INCH_800X480,"LCD TFT Color, 7"", 800X480"
7706,LCDTFT.SCHLIB,LCDTFT_DSI_FPC40P,"LCD TFT Color, FPC40P, LVDS"
7707,LCDTFT.SCHLIB,LCDTFT_DSI_FPC30P,"LCD TFT Color, FPC30P, LVDS"
7708,LCDTFT.SCHLIB,LCDTFT_DPI_FPC50P,"LCD TFT Color, FPC50P, RGB"
7709,LCDTFT.SCHLIB,LCDTFT_DPI_FPC40P,"LCD TFT Color, FPC40P, RGB"
7710,LCDTFT.SCHLIB,LCD_RTP_FPC4P,"LCD Resistive touch, FPC 4pin"
7711,LCDTFT_CONTROLLER.SCHLIB,SSD1963_QFP128,"LCD Display Controller, 1215KB Embedded Display SRAM"
7712,LCDTFT_CONTROLLER.SCHLIB,SSD1963_BGA80,"LCD Display Controller, 1215KB Embedded Display SRAM"
7713,LCDTFT_CONTROLLER.SCHLIB,FT813_QFN56,"LCD Display Controller, Embedded Video Engine, QFN-56"
7714,LCDTFT_CONTROLLER.SCHLIB,FT812_QFN56,"LCD Display Controller, Embedded Video Engine, QFN-56"
7715,LCDTFT_CONTROLLER.SCHLIB,FT811_QFN48,"LCD Display Controller, Embedded Video Engine, QFN-48"
7716,LCDTFT_CONTROLLER.SCHLIB,FT810_QFN48,"LCD Display Controller, Embedded Video Engine, QFN-48"
7717,LCDTFT_CONTROLLER.SCHLIB,FT801_QFN48,"LCD Display Controller, Embedded Video Engine, QFN-48"
7718,LCDTFT_CONTROLLER.SCHLIB,FT800_QFN48,"LCD Display Controller, Embedded Video Engine, QFN-48"
7719,LCDTFT_CONTROLLER.SCHLIB,BT818_QFN64,"LCD Display Controller, Embedded Video Engine, 1280X800, QFN-64"
7720,LCDTFT_CONTROLLER.SCHLIB,BT817_QFN64,"LCD Display Controller, Embedded Video Engine, 1280X800, QFN-64"
7721,LED(DIODE).SCHLIB,LED_SMD_RGB_1616_CA_E6C0606,"LED, SMD, RGB COMMON ANODE"
7722,LED(DIODE).SCHLIB,LED_THD_BICOLOR_RG_CC3,"LED, THD, 3MM, BICOLOR CC GRNRED"
7723,LED(DIODE).SCHLIB,LED_THD_BICOLOR_RG_CA3,"LED, THD, 3MM, BICOLOR CA GRNRED"
7724,LED(DIODE).SCHLIB,LED_SMD_0603_GRN_OSRAM,"LED, SMD, 0603, GREEN"
7725,LED(DIODE).SCHLIB,LED_THD_BICOLOR_RG_CC,"LED, THD, 5MM, BICOLOR CC GRNRED"
7726,LED(DIODE).SCHLIB,LED_THD_BICOLOR_RG_CA,"LED, THD, 5MM, BICOLOR CA GRNRED"
7727,LED(DIODE).SCHLIB,LED_THD_BICOLOR_RB_CC,"LED, THD, 5MM, BICOLOR CC BLURED"
7728,LED(DIODE).SCHLIB,LED_SMD_RGB_3532_GVTG,"LED, SMD, RGB GVTG"
7729,LED(DIODE).SCHLIB,LED_SMD_RGB_3532_G6SG,"LED, SMD, RGB G6SG"
7730,LED(DIODE).SCHLIB,LED_SMD_RGB_3210RA_CA,"LED, SMD, RGB COMMON ANODE"
7731,LED(DIODE).SCHLIB,LED_SMD_1206_RED_REV,"LED, SMD, 1206, RED"
7732,LED(DIODE).SCHLIB,LED_SMD_RGB_E6C1615,"LED, SMD, RGB"
7733,LED(DIODE).SCHLIB,LED_SMD_RGB_5050_CC,"LED, SMD, RGB COMMON CATHODE"
7734,LED(DIODE).SCHLIB,LED_SMD_RGB_5050_CA,"LED, SMD, RGB COMMON ANODE"
7735,LED(DIODE).SCHLIB,LED_SMD_RGB_3528_CA,"LED, SMD, RGB COMMON ANODE"
7736,LED(DIODE).SCHLIB,LED_SMD_RGB_1616_CA,"LED, SMD, RGB COMMON ANODE"
7737,LED(DIODE).SCHLIB,LED_SMD_RGB_1210_CA,"LED, SMD, RGB COMMON ANODE"
7738,LED(DIODE).SCHLIB,LED_SMD_RGB_0404_CA,"LED, SMD, RGB COMMON ANODE"
7739,LED(DIODE).SCHLIB,LED_THD_5MM_RGB_CC,"LED, THD, 5MM, RGB COMMON CATHODE"
7740,LED(DIODE).SCHLIB,LED_THD_5MM_RGB_CA,"LED, THD, 5MM, RGB COMMON CATHODE"
7741,LED(DIODE).SCHLIB,WS2812B-B_5050_4L,"LED, SMD, RGB with WS2812 4Lead"
7742,LED(DIODE).SCHLIB,LED_THD_3MM_GRNX3,"LED, THD, 5MM, GREEN TRI LEVEL"
7743,LED(DIODE).SCHLIB,LED_THD_BARGRAPH,"LED, THD, BARGRAPH"
7744,LED(DIODE).SCHLIB,LED_SMD_RGB_5050,"LED, SMD, RGB 5050"
7745,LED(DIODE).SCHLIB,LED_SMD_1206_YLW,"LED, SMD, 1206, YELLOW"
7746,LED(DIODE).SCHLIB,LED_SMD_1206_WHT,"LED, SMD, 1206, WHITE"
7747,LED(DIODE).SCHLIB,LED_SMD_1206_RED,"LED, SMD, 1206, RED"
7748,LED(DIODE).SCHLIB,LED_SMD_1206_GRN,"LED, SMD, 1206, GREEN"
7749,LED(DIODE).SCHLIB,LED_SMD_1206_BLU,"LED, SMD, 1206, BLUE"
7750,LED(DIODE).SCHLIB,LED_SMD_1205_GRN,"LED, SMD, 1205, GREEN"
7751,LED(DIODE).SCHLIB,LED_SMD_1205_BLU,"LED, SMD, 1205, BLUE"
7752,LED(DIODE).SCHLIB,LED_SMD_1204_YLW,"LED, SMD, 1204, YELLOW"
7753,LED(DIODE).SCHLIB,LED_SMD_1204_WHT,"LED, SMD, 1204, WHITE"
7754,LED(DIODE).SCHLIB,LED_SMD_0805_YLW,"LED, SMD, 0805, YELLOW"
7755,LED(DIODE).SCHLIB,LED_SMD_0805_WHT,"LED, SMD, 0805, WHITE"
7756,LED(DIODE).SCHLIB,LED_SMD_0805_RED,"LED, SMD, 0805, RED"
7757,LED(DIODE).SCHLIB,LED_SMD_0805_GRN,"LED, SMD, 0805, GREEN"
7758,LED(DIODE).SCHLIB,LED_SMD_0805_BLU,"LED, SMD, 0805, BLUE"
7759,LED(DIODE).SCHLIB,LED_SMD_0603_YLW,"LED, SMD, 0603, YELLOW"
7760,LED(DIODE).SCHLIB,LED_SMD_0603_WHT,"LED, SMD, 0603, WHITE"
7761,LED(DIODE).SCHLIB,LED_SMD_0603_RED,"LED, SMD, 0603, RED"
7762,LED(DIODE).SCHLIB,LED_SMD_0603_GRN,"LED, SMD, 0603, GREEN"
7763,LED(DIODE).SCHLIB,LED_SMD_0603_BLU,"LED, SMD, 0603, BLUE"
7764,LED(DIODE).SCHLIB,LED_SMD_0603_AMB,"LED, SMD, 0603, AMBER, 606nm"
7765,LED(DIODE).SCHLIB,LED_SMD_0402_YLW,"LED, SMD, 0402, YELLOW"
7766,LED(DIODE).SCHLIB,LED_SMD_0402_WHT,"LED, SMD, 0402, WHITE"
7767,LED(DIODE).SCHLIB,LED_SMD_0402_RED,"LED, SMD, 0402, RED"
7768,LED(DIODE).SCHLIB,LED_SMD_0402_GRN,"LED, SMD, 0402, GREEN"
7769,LED(DIODE).SCHLIB,LED_SMD_0402_BLU,"LED, SMD, 0402, BLUE"
7770,LED(DIODE).SCHLIB,LED_SMD_0201_WHT,"LED, SMD, 0201, WHITE"
7771,LED(DIODE).SCHLIB,LED_SMD_0201_RED,"LED, SMD, 0201, RED"
7772,LED(DIODE).SCHLIB,LED_SMD_0201_GRN,"LED, SMD, 0201, GREEN"
7773,LED(DIODE).SCHLIB,LED_SMD_0201_BLU,"LED, SMD, 0201, BLUE"
7774,LED(DIODE).SCHLIB,LED_SMD_0201_AMB,"LED, SMD, 0201, AMBER"
7775,LED(DIODE).SCHLIB,WS2813A_5050_6L,"LED, SMD, RGB with WS2813 6Lead"
7776,LED(DIODE).SCHLIB,WS2812B_5050_4L,"LED, SMD, RGB with WS2812 4Lead"
7777,LED(DIODE).SCHLIB,WS2812B_2020_4L,"LED, SMD, RGB with WS2812 4Lead"
7778,LED(DIODE).SCHLIB,LED_THD_5MM_YLW,"LED, THD, 5MM, YELLOW"
7779,LED(DIODE).SCHLIB,LED_THD_5MM_RED,"LED, THD, 5MM, RED"
7780,LED(DIODE).SCHLIB,LED_THD_5MM_GRN,"LED, THD, 5MM, GREEN"
7781,LED(DIODE).SCHLIB,LED_THD_2X5_YLW,"LED, THD, 2X5MM, YELLOW"
7782,LED(DIODE).SCHLIB,LED_THD_2X5_RED,"LED, THD, 2X5MM, RED"
7783,LED(DIODE).SCHLIB,LED_THD_2X5_GRN,"LED, THD, 2X5MM, GREEN"
7784,LED(DIODE).SCHLIB,LED_SMD_5730WHT,"LED, SMD, 5730 WHITE"
7785,LED(DIODE).SCHLIB,LED_SMD_5730RED,"LED, SMD, 5730 RED"
7786,LED(DIODE).SCHLIB,LED_SMD_5730GRN,"LED, SMD, 5730 GREEN"
7787,LED(DIODE).SCHLIB,LED_SMD_5050_6p,"LED, SMD, 5050"
7788,LED(DIODE).SCHLIB,WS2813_5050_6L,"LED, SMD, RGB with WS2813 6Lead"
7789,LED(DIODE).SCHLIB,WS2812_5050_6L,"LED, SMD, RGB with WS2812 6Lead"
7790,LED(DIODE).SCHLIB,LED_THD_3MM_X2,"LED, THD, 3MM, DUAL LEVEL"
7791,LED(DIODE).SCHLIB,LEDPWR_SMD_1W,"LED, POWER,SMD, 1WATT"
7792,LED(DIODE).SCHLIB,LED_SMD_5630,"LED, SMD, 5630"
7793,LED(DIODE).SCHLIB,LED_SMD_5054,"LED, SMD, 5054"
7794,LED(DIODE).SCHLIB,LED_SMD_5050,"LED, SMD, 5050"
7795,LED(DIODE).SCHLIB,LED_SMD_2835,"LED, SMD, 2835"
7796,LED(DIODE).SCHLIB,LED_SMD_1210,"LED, SMD, 1210"
7797,LED(DIODE).SCHLIB,LED_SMD_0805,"LED, SMD, 0805"
7798,LED(DIODE).SCHLIB,LED_THD_3MM,"LED, THD, 3MM, GREEN"
7799,LOGIC_COUNTER.SCHLIB,SN74HC4060_SSOP16,"Counter, 14-Bit Binary, 2~6V"
7800,LOGIC_COUNTER.SCHLIB,MC74HC4060_SSOP16,"Counter, 14-Bit Binary, 2~6V"
7801,LOGIC_COUNTER.SCHLIB,CD74HC4060_SSOP16,"Counter, 14-Bit Binary, 2~6V, 5mA"
7802,LOGIC_COUNTER.SCHLIB,SN74HC4060_SOP16,"Counter, 14-Bit Binary, 2~6V, 5mA"
7803,LOGIC_COUNTER.SCHLIB,SN74HC4060_DIP16,"Counter, 14-Bit Binary, 2~6V, 5mA"
7804,LOGIC_COUNTER.SCHLIB,M74HC4060_SSOP16,"Counter, 14-Bit Binary, 2~6V"
7805,LOGIC_COUNTER.SCHLIB,CD74HC4060_SOP16,"Counter, 14-Bit Binary, 2~6V"
7806,LOGIC_COUNTER.SCHLIB,CD74HC4060_DIP16,"Counter, 14-Bit Binary, 2~6V, 5mA"
7807,LOGIC_COUNTER.SCHLIB,CD74HC4017_DIP16,"Counter, 10 decoded output"
7808,LOGIC_COUNTER.SCHLIB,74HC4017_TSSOP16,"Counter, 10 decoded output"
7809,LOGIC_COUNTER.SCHLIB,M74HC4060_SOP16,"Counter, 14-Bit Binary, 2~6V"
7810,LOGIC_COUNTER.SCHLIB,MC14060_SSOP16,"Counter, 14-Bit Binary, 3~18v, 10mA"
7811,LOGIC_COUNTER.SCHLIB,HEF4060_SSOP16,"Counter, 14-Bit Binary, 3~18v, 10mA"
7812,LOGIC_COUNTER.SCHLIB,CD4017_TSSOP16,"Counter, 10 decoded output"
7813,LOGIC_COUNTER.SCHLIB,74HC4060_SOP16,"Counter, 14-Bit Binary, 2~6V, 5mA"
7814,LOGIC_COUNTER.SCHLIB,74HC4017_SOP16,"Counter, 10 decoded output"
7815,LOGIC_COUNTER.SCHLIB,74HC4017_QFN16,"Counter, 10 decoded output"
7816,LOGIC_COUNTER.SCHLIB,MC14060_SOP16,"Counter, 14-Bit Binary, 3~18v, 10mA"
7817,LOGIC_COUNTER.SCHLIB,HEF4060_SOP16,"Counter, 14-Bit Binary, 3~18v, 10mA"
7818,LOGIC_COUNTER.SCHLIB,HCF4060_SOP16,"Counter, 14-Bit Binary, 3~18v, 10mA"
7819,LOGIC_COUNTER.SCHLIB,CD4060_SSOP16,"Counter, 14-Bit Binary, 3~18v, 10mA"
7820,LOGIC_COUNTER.SCHLIB,CD4060_SOP16,"Counter, 14-Bit Binary, 3~18v, 10mA"
7821,LOGIC_COUNTER.SCHLIB,CD4060_DIP16,"Counter, 14-Bit Binary, 3~18v, 10mA"
7822,LOGIC_COUNTER.SCHLIB,CD4017_SOP16,"Counter, 10 decoded output"
7823,LOGIC_COUNTER.SCHLIB,CD4017_DIP16,"Counter, 10 decoded output"
7824,LOGIC_FLIPFLOP.SCHLIB,FF_JKx2_SN74LVC112_SSOP16,"Flip-Flop, J-K, Dual, Set & Reset, Negative Edge-Triggered"
7825,LOGIC_FLIPFLOP.SCHLIB,FF_JKx2_CD74HC112_SSOP16,"Flip-Flop, J-K, Dual, Set & Reset, Negative Edge-Triggered"
7826,LOGIC_FLIPFLOP.SCHLIB,FF_Dx2_SN74AUP2G79_SSOP8,"Flip-Flop, D-type, Dual"
7827,LOGIC_FLIPFLOP.SCHLIB,FF_JKx2_SN74LS112_DIP16,"Flip-Flop, J-K, Dual, Set & Reset, Negative Edge-Triggered"
7828,LOGIC_FLIPFLOP.SCHLIB,FF_JKx2_SN74LS109_SOP16,"Flip-Flop, JK-type, Positive Edge-Triggered"
7829,LOGIC_FLIPFLOP.SCHLIB,FF_JKx2_SN74LS109_DIP16,"Flip-Flop, JK-type, Positive Edge-Triggered"
7830,LOGIC_FLIPFLOP.SCHLIB,FF_JKx2_SN74HC112_DIP16,"Flip-Flop, J-K, Dual, Set & Reset, Negative Edge-Triggered"
7831,LOGIC_FLIPFLOP.SCHLIB,FF_JKx2_SN74HC109_DIP16,"Flip-Flop, JK-type, Positive Edge-Triggered"
7832,LOGIC_FLIPFLOP.SCHLIB,FF_JKx2_74LVC109_SSOP16,"Flip-Flop, JK-type, Positive Edge-Triggered"
7833,LOGIC_FLIPFLOP.SCHLIB,FF_JKx2_74HCT109_SSOP16,"Flip-Flop, JK-type, Positive Edge-Triggered"
7834,LOGIC_FLIPFLOP.SCHLIB,FF_JKx2_74HCT107_SSOP14,"Flip-Flop, JK-type, Negative Edge-Triggered"
7835,LOGIC_FLIPFLOP.SCHLIB,FF_D_SN74LVC1G79_SOT353,"Flip-Flop, D, Dual, Positive-Edge-Triggered"
7836,LOGIC_FLIPFLOP.SCHLIB,FF_Dx4_SN74HC175_SSOP16,"Flip-Flop, D-type, Quad"
7837,LOGIC_FLIPFLOP.SCHLIB,FF_Dx4_CD74ACT175_SOP16,"Flip-Flop, D-type, Quad"
7838,LOGIC_FLIPFLOP.SCHLIB,FF_JKx2_SN74LS76_SOP16,"Flip-Flop, J-K, Dual, Set & Reset"
7839,LOGIC_FLIPFLOP.SCHLIB,FF_JKx2_SN74LS76_DIP16,"Flip-Flop, J-K, Dual, Set & Reset"
7840,LOGIC_FLIPFLOP.SCHLIB,FF_JKx2_SN74LS73_SOP14,"Flip-Flop, J-K, Dual,"
7841,LOGIC_FLIPFLOP.SCHLIB,FF_JKx2_SN74LS73_DIP14,"Flip-Flop, J-K, Dual,"
7842,LOGIC_FLIPFLOP.SCHLIB,FF_JKx2_74LVC109_SOP16,"Flip-Flop, JK-type, Positive Edge-Triggered"
7843,LOGIC_FLIPFLOP.SCHLIB,FF_JKx2_74HCT112_SOP16,"Flip-Flop, J-K, Dual, Set & Reset, TTL, Negative Edge-Triggered"
7844,LOGIC_FLIPFLOP.SCHLIB,FF_JKx2_74HCT109_SOP16,"Flip-Flop, JK-type, Positive Edge-Triggered"
7845,LOGIC_FLIPFLOP.SCHLIB,FF_JKx2_74HCT107_SOP14,"Flip-Flop, JK-type, Negative Edge-Triggered"
7846,LOGIC_FLIPFLOP.SCHLIB,FF_D_SN74LVC2G74_SSOP8,"Flip-Flop, D-type, TSSOP-8 SMD"
7847,LOGIC_FLIPFLOP.SCHLIB,FF_D_SN74AUC1G74_SSOP8,"Flip-Flop, D-type, TSSOP-8 SMD"
7848,LOGIC_FLIPFLOP.SCHLIB,FF_Dx4_SN74LV175_SOP16,"Flip-Flop, D-type, Quad"
7849,LOGIC_FLIPFLOP.SCHLIB,FF_Dx4_SN74LS175_DIP16,"Flip-Flop, D-type, Quad"
7850,LOGIC_FLIPFLOP.SCHLIB,FF_Dx4_SN74HC175_SOP16,"Flip-Flop, D-type, Quad"
7851,LOGIC_FLIPFLOP.SCHLIB,FF_Dx4_CD74HC175_SOP16,"Flip-Flop, D-type, Quad"
7852,LOGIC_FLIPFLOP.SCHLIB,FF_Dx2_SN74LS74_SSOP14,"Flip-Flop, D-type, Dual"
7853,LOGIC_FLIPFLOP.SCHLIB,FF_JKx2_HEF4027_SOP16,"Flip-Flop, J-K, Dual, Set & Reset"
7854,LOGIC_FLIPFLOP.SCHLIB,FF_JKx2_CD4027_SSOP16,"Flip-Flop, J-K, Dual, Set & Reset"
7855,LOGIC_FLIPFLOP.SCHLIB,FF_JKx2_74HC73_SSOP14,"Flip-Flop, J-K, Dual,"
7856,LOGIC_FLIPFLOP.SCHLIB,FF_D_74AUP1G79_SOT353,"Flip-Flop, D, Dual, Positive-Edge-Triggered"
7857,LOGIC_FLIPFLOP.SCHLIB,FF_Dx4_HEF40175_SOP16,"Flip-Flop, D-type, Quad"
7858,LOGIC_FLIPFLOP.SCHLIB,FF_Dx4_74HCT175_SOP16,"Flip-Flop, D-type, Quad"
7859,LOGIC_FLIPFLOP.SCHLIB,FF_Dx2_SN74LS74_SOP14,"Flip-Flop, D-type, Dual"
7860,LOGIC_FLIPFLOP.SCHLIB,FF_Dx2_SN74LS74_DIP14,"Flip-Flop, D-type, Dual"
7861,LOGIC_FLIPFLOP.SCHLIB,FF_JKx2_74HC73_SOP14,"Flip-Flop, J-K, Dual,"
7862,LOGIC_FLIPFLOP.SCHLIB,FF_Dx2_HEF4013_SOP14,"Flip-Flop, D-type, Dual"
7863,LOGIC_FLIPFLOP.SCHLIB,FF_Dx2_CD4013_DIP14,"Flip-Flop, D-type, Dual"
7864,LOGIC_FLIPFLOP.SCHLIB,FF_D_74LVC74_SSOP8,"Flip-Flop, D-type, TSSOP-8 SMD"
7865,LOGIC_GATE.SCHLIB,ORx4_SN74LVC32_TSSOP14_1,"GATE, OR, QUAD 2 INPUT"
7866,LOGIC_GATE.SCHLIB,NAND_SN74AHCT1G00_SOT353,"GATE, NAND, 2INP, SC-70-5"
7867,LOGIC_GATE.SCHLIB,NAND_SN74LVC1G38_SOT353,"GATE, NAND, 2INP, SC-70-5, OpenDrain"
7868,LOGIC_GATE.SCHLIB,NAND_SN74AHC1G00_SOT353,"GATE, NAND, 2INP, SC-70-5"
7869,LOGIC_GATE.SCHLIB,XOR_SN74LVC1G86_SOT353,"GATE, XOR, One 2 INPUT"
7870,LOGIC_GATE.SCHLIB,SHMITTx6_74LVC14_QFN14,"Schmitt-Trigger, Hex Inverter"
7871,LOGIC_GATE.SCHLIB,OR_SN74LVC1G332_SOT363,"GATE, OR, One 3 INPUT"
7872,LOGIC_GATE.SCHLIB,ORx4_SN74LVC32_TSSOP14,"GATE, OR, QUAD 2 INPUT"
7873,LOGIC_GATE.SCHLIB,NOT_SN74LVC1G14_SOT353,"GATE, NOT, SINGLE, ShmittTrigger, SOT353 SMD"
7874,LOGIC_GATE.SCHLIB,NOT_SN74LVC1G06_SOT353,"GATE, NOT, SINGLE, SOT353 SMD"
7875,LOGIC_GATE.SCHLIB,NOT_SN74LVC1G04_SOT353,"GATE, NOT, SINGLE, SOT353 SMD"
7876,LOGIC_GATE.SCHLIB,NOR_SN74LVC1G02_SOT353,"GATE, NOR, One 2 INPUT"
7877,LOGIC_GATE.SCHLIB,AND_SN74LVC1G11_SOT363,"GATE, AND, 3INP, SC70-6"
7878,LOGIC_GATE.SCHLIB,AND_SN74LVC1G08_SOT353,"GATE, AND, 2INP, SC-70-5"
7879,LOGIC_GATE.SCHLIB,OR_SN74LVC1G32_SOT353,"GATE, OR, One 2 INPUT"
7880,LOGIC_GATE.SCHLIB,NOT_74AHC1GU04_SOT353,"GATE, NOT, SINGLE, SOT353 SMD"
7881,LOGIC_GATE.SCHLIB,NOTx2_NL27WZ06_SC70-6,"GATE, NOT, 2 inverter"
7882,LOGIC_GATE.SCHLIB,NAND_74HCT1G00_SOT353,"GATE, NAND, 2INP, SC-70-5"
7883,LOGIC_GATE.SCHLIB,NANDx4_SN74LVC00_SSOP,"GATE, NAND, QUAD 2Input"
7884,LOGIC_GATE.SCHLIB,AND_SN74AUP2G08_UQFN8,"GATE, AND, DUAL, 2INP"
7885,LOGIC_GATE.SCHLIB,AND_SN74AHC1G09_SOT23,"GATE, AND, 2INP, SOT23-5"
7886,LOGIC_GATE.SCHLIB,XNORx4_SN74LS266_DIP,"GATE, XNOR, Quad 2-Input"
7887,LOGIC_GATE.SCHLIB,XNORx4_SN74HC266_SOP,"GATE, XNOR, Quad 2-Input"
7888,LOGIC_GATE.SCHLIB,SHMITTx6_74HCT14_SOP,"Schmitt-Trigger, Hex Inverter"
7889,LOGIC_GATE.SCHLIB,SHMITTx6_74HCT14_DIP,"Schmitt-Trigger, Hex Inverter"
7890,LOGIC_GATE.SCHLIB,OR_74LVC1G332_SOT363,"GATE, OR, One 3 INPUT"
7891,LOGIC_GATE.SCHLIB,ORx4_SN74LVC32_SOP14,"GATE, OR, QUAD 2 INPUT"
7892,LOGIC_GATE.SCHLIB,NOTx6_SN74HC04_SOP14,Inverter IC Logic-level 6 section SOP-14 SMD
7893,LOGIC_GATE.SCHLIB,NAND_74HCT1G00_SOT23,"GATE, NAND, 2INP, SOT-23-5"
7894,LOGIC_GATE.SCHLIB,NAND_74HC1G00_SOT353,"GATE, NAND, 2INP, SC-70-5"
7895,LOGIC_GATE.SCHLIB,NANDx4_SN74LS132_SOP,"GATE, NAND, QUAD 2INPUT Schmitt Trigger"
7896,LOGIC_GATE.SCHLIB,NANDx4_SN74LS132_DIP,"GATE, NAND, QUAD 2INPUT Schmitt Trigger"
7897,LOGIC_GATE.SCHLIB,AND_SN74LVC1G08_SON6,"GATE, AND, 2INP, SON-6"
7898,LOGIC_GATE.SCHLIB,AND_SN74AUP2G08_SON8,"GATE, AND, DUAL, 2INP, DQE package"
7899,LOGIC_GATE.SCHLIB,XORx4_SN74LS136_SOP,"GATE, XOR, Quad 2-Input, Open Collector"
7900,LOGIC_GATE.SCHLIB,XORx4_SN74LS136_DIP,"GATE, XOR, Quad 2-Input, Open Collector"
7901,LOGIC_GATE.SCHLIB,SHMITTx6_SN7414_DIP,"Schmitt-Trigger, Hex Inverter"
7902,LOGIC_GATE.SCHLIB,SHMITTx6_74HC14_SOP,"Schmitt-Trigger, Hex Inverter"
7903,LOGIC_GATE.SCHLIB,SHMITTx6_74HC14_DIP,"Schmitt-Trigger, Hex Inverter"
7904,LOGIC_GATE.SCHLIB,NOT_NL17SZ06_SOT553,"GATE, NOT, SINGLE 1.65-5.5V SOT-553"
7905,LOGIC_GATE.SCHLIB,NAND_74HC1G00_SOT23,"GATE, NAND, 2INP, SOT-23-5"
7906,LOGIC_GATE.SCHLIB,NANDx4_74HC00_SOP14,"GATE, NAND, QUAD 2INPUT"
7907,LOGIC_GATE.SCHLIB,XORx4_SN74LS86_DIP,"GATE, XOR, Quad 2-Input"
7908,LOGIC_GATE.SCHLIB,XORx4_SN74AC86_SOP,"GATE, XOR, Quad 2-Input"
7909,LOGIC_GATE.SCHLIB,SHMITT_SN74LVC1G17,"Schmitt-Trigger, BUFFER, DCK"
7910,LOGIC_GATE.SCHLIB,NOTx6_74VHC04_SSOP,"GATE, NOT, HEX inverter"
7911,LOGIC_GATE.SCHLIB,NORx4_CD74HC02_SOP,"Gate, NOR, Quad 2 Input"
7912,LOGIC_GATE.SCHLIB,NORx4_CD74HC02_DIP,"Gate, NOR, Quad 2 Input"
7913,LOGIC_GATE.SCHLIB,NAND_TC7S00_SOT353,"GATE, NAND, 2INP, SOT-23-5"
7914,LOGIC_GATE.SCHLIB,NANDx3_SN74S10_DIP,"Gate, NAND, Triple 3-Input"
7915,LOGIC_GATE.SCHLIB,NANDx2_SN74S20_SOP,"GATE, NAND, Dual 4-Input"
7916,LOGIC_GATE.SCHLIB,NANDx2_SN74S20_DIP,"GATE, NAND, Dual 4-Input"
7917,LOGIC_GATE.SCHLIB,AND_NC7SZ11_SOT363,"GATE, AND, 3INP"
7918,LOGIC_GATE.SCHLIB,AND_NC7SZ08_SOT353,"Gate, AND"
7919,LOGIC_GATE.SCHLIB,ANDx2_74HC21_DIP14,"Gate, AND, Dual 4-Input"
7920,LOGIC_GATE.SCHLIB,NOTx6_74VHC04_SOP,"GATE, NOT, HEX inverter"
7921,LOGIC_GATE.SCHLIB,NORx4_SN74S02_SOP,"Gate, NOR, Quad 2 Input"
7922,LOGIC_GATE.SCHLIB,NORx4_SN74S02_DIP,"Gate, NOR, Quad 2 Input"
7923,LOGIC_GATE.SCHLIB,NORx4_SN74128_SOP,"Gate, NOR, Quad 2 Input"
7924,LOGIC_GATE.SCHLIB,NORx4_SN74128_DIP,"Gate, NOR, Quad 2 Input"
7925,LOGIC_GATE.SCHLIB,NAND_TC7S00_SOT23,"GATE, NAND, 2INP, SOT-23-5"
7926,LOGIC_GATE.SCHLIB,NAND_SN74LS30_SOP,"GATE, NAND, 8INPUT"
7927,LOGIC_GATE.SCHLIB,NAND_SN74LS30_DIP,"GATE, NAND, 8INPUT"
7928,LOGIC_GATE.SCHLIB,NANDx4_SN7400_SOP,"GATE, NAND, QUAD 2INPUT"
7929,LOGIC_GATE.SCHLIB,NANDx4_SN7400_DIP,"GATE, NAND, QUAD 2INPUT"
7930,LOGIC_GATE.SCHLIB,ANDx2_74HC21_SO14,"Gate, AND, Dual 4-Input"
7931,LOGIC_GATE.SCHLIB,SHMITT_74LVC1G14,Schmitt-Trigger Inverter
7932,LOGIC_GATE.SCHLIB,ORx4_SN74S32_SOP,"GATE, OR, QUAD 2 INPUT"
7933,LOGIC_GATE.SCHLIB,ORx4_SN74S32_DIP,"GATE, OR, QUAD 2 INPUT"
7934,LOGIC_GATE.SCHLIB,NOTx6_SN7416_SOP,"GATE, NOT, HEX inverter, OpenCollector"
7935,LOGIC_GATE.SCHLIB,NOTx6_SN7416_DIP,"GATE, NOT, HEX inverter, OpenCollector"
7936,LOGIC_GATE.SCHLIB,NOTx6_SN7406_SOP,"GATE, NOT, HEX inverter, OpenCollector"
7937,LOGIC_GATE.SCHLIB,NOTx6_SN7406_DIP,"GATE, NOT, HEX inverter, OpenCollector"
7938,LOGIC_GATE.SCHLIB,NOTx6_SN7405_DIP,"GATE, NOT, HEX inverter, OpenCollector"
7939,LOGIC_GATE.SCHLIB,NOTx6_SN7404_SOP,"GATE, NOT, HEX inverter"
7940,LOGIC_GATE.SCHLIB,NOTx6_SN7404_DIP,"GATE, NOT, HEX inverter"
7941,LOGIC_GATE.SCHLIB,NORx3_SN7427_SOP,"Gate, NOR, Triple 3-Input"
7942,LOGIC_GATE.SCHLIB,NORx3_SN7427_DIP,"Gate, NOR, Triple 3-Input"
7943,LOGIC_GATE.SCHLIB,NANDx4_CD4011BCM,"GATE, NAND, Quad 2-Input"
7944,LOGIC_GATE.SCHLIB,ANDx4_SN7409_SOP,"Gate, AND, Quad 2-Input with Open-Collector Outputs"
7945,LOGIC_GATE.SCHLIB,ANDx4_SN7409_DIP,"Gate, AND, Quad 2-Input with Open-Collector Outputs"
7946,LOGIC_GATE.SCHLIB,ANDx4_SN7408_SOP,"Gate, AND, Quad 2 Input"
7947,LOGIC_GATE.SCHLIB,ANDx4_SN7408_DIP,"Gate, AND, Quad 2 Input"
7948,LOGIC_GATE.SCHLIB,SHMITT_74HC2G14,Schmitt-Trigger Inverter
7949,LOGIC_GATE.SCHLIB,NANDx4_MC74HC00,"GATE, NAND, QUAD 2INPUT"
7950,LOGIC_GATE.SCHLIB,ANDx3_HEF4073B,"Gate, AND, Triple 3-input, SOP14"
7951,LOGIC_GATE.SCHLIB,SN74265N,"GATE, Quad Comp-Output"
7952,LOGIC_GATE.SCHLIB,SN7450N,"GATE, 2AND-2NOR"
7953,LOGIC_LATCH.SCHLIB,74HCT573_TSSOP20,"Latch, Octal, D-type transparent"
7954,LOGIC_LATCH.SCHLIB,74HCT573_VQFN20,"Latch, Octal, D-type transparent"
7955,LOGIC_LATCH.SCHLIB,74HC573_TSSOP20,"Latch, Octal, D-type transparent"
7956,LOGIC_LATCH.SCHLIB,74HCT573_SOP20,"Latch, Octal, D-type transparent"
7957,LOGIC_LATCH.SCHLIB,74HC573_VQFN20,"Latch, Octal, D-type transparent"
7958,LOGIC_LATCH.SCHLIB,74HC573_SOP20,"Latch, Octal, D-type transparent"
7959,MCU_32BIT_ATSAM.SCHLIB,ATSAM3U2CA_QFP100,"MCU, ARM 32-Bit, Cortex-M3, 128KB, 36KB SRAM, 96MHz"
7960,MCU_8BIT_AVR_MEGA16-32.SCHLIB,ATMEGA324PV_DIP40,"MCU, AVR, 8-Bit, 32KB, 2KB RAM, 10MHz"
7961,MCU_8BIT_AVR_MEGA16-32.SCHLIB,ATMEGA324PB_QFP44,"MCU, AVR, 8-Bit, 32KB, 2KB RAM, 20MHz"
7962,MCU_8BIT_AVR_MEGA16-32.SCHLIB,ATMEGA324PB_QFN44,"MCU, AVR, 8-Bit, 32KB, 2KB RAM, 20MHz"
7963,MCU_8BIT_AVR_MEGA16-32.SCHLIB,ATMEGA324PA_DIP40,"MCU, AVR, 8-Bit, 32KB, 2KB RAM, 20MHz"
7964,MCU_8BIT_AVR_MEGA16-32.SCHLIB,ATMEGA1284P_QFP44,"MCU, AVR, 8-Bit, 128KB, 16KB RAM, 20MHz"
7965,MCU_8BIT_AVR_MEGA16-32.SCHLIB,ATMEGA1284P_QFN44,"MCU, AVR, 8-Bit, 128KB, 16KB RAM, 20MHz"
7966,MCU_8BIT_AVR_MEGA16-32.SCHLIB,ATMEGA1284P_DIP40,"MCU, AVR, 8-Bit, 128KB, 16KB RAM, 20MHz"
7967,MCU_8BIT_AVR_MEGA16-32.SCHLIB,ATMEGA644A_QFP44,"MCU, AVR, 8-Bit, 64KB, 4KB RAM, 20MHz"
7968,MCU_8BIT_AVR_MEGA16-32.SCHLIB,ATMEGA644A_QFN44,"MCU, AVR, 8-Bit, 64KB, 4KB RAM, 20MHz"
7969,MCU_8BIT_AVR_MEGA16-32.SCHLIB,ATMEGA644A_DIP40,"MCU, AVR, 8-Bit, 64KB, 4KB RAM, 20MHz"
7970,MCU_8BIT_AVR_MEGA16-32.SCHLIB,ATMEGA324P_DIP40,"MCU, AVR, 8-Bit, 32KB, 2KB RAM, 20MHz"
7971,MCU_8BIT_AVR_MEGA16-32.SCHLIB,ATMEGA324A_QFP44,"MCU, AVR, 8-Bit, 32KB, 2KB RAM, 20MHz"
7972,MCU_8BIT_AVR_MEGA16-32.SCHLIB,ATMEGA324A_QFN44,"MCU, AVR, 8-Bit, 32KB, 2KB RAM, 20MHz"
7973,MCU_8BIT_AVR_MEGA16-32.SCHLIB,ATMEGA324A_DIP40,"MCU, AVR, 8-Bit, 32KB, 2KB RAM, 20MHz"
7974,MCU_8BIT_AVR_MEGA16-32.SCHLIB,ATMEGA164A_QFP44,"MCU, AVR, 8-Bit, 16KB, 1KB RAM, 20MHz"
7975,MCU_8BIT_AVR_MEGA16-32.SCHLIB,ATMEGA164A_QFN44,"MCU, AVR, 8-Bit, 16KB, 1KB RAM, 20MHz"
7976,MCU_8BIT_AVR_MEGA16-32.SCHLIB,ATMEGA164A_DIP40,"MCU, AVR, 8-Bit, 16KB, 1KB RAM, 20MHz"
7977,MCU_8BIT_AVR_MEGA16-32.SCHLIB,ATMEGA162V_QFP44,"MCU, AVR, 8-Bit, 16KB, 1KB RAM, 8MHz, No ADC"
7978,MCU_8BIT_AVR_MEGA16-32.SCHLIB,ATMEGA162V_QFN44,"MCU, AVR, 8-Bit, 16KB, 1KB RAM, 8MHz, No ADC"
7979,MCU_8BIT_AVR_MEGA16-32.SCHLIB,ATMEGA162V_DIP40,"MCU, AVR, 8-Bit, 16KB, 1KB RAM, 8MHz, No ADC"
7980,MCU_8BIT_AVR_MEGA16-32.SCHLIB,ATMEGA32L_QFN44,"MCU, AVR, 8-Bit, 32KB, 2KB RAM, 8MHz"
7981,MCU_8BIT_AVR_MEGA16-32.SCHLIB,ATMEGA32L_DIP40,"MCU, AVR, 8-Bit, 32KB, 2KB RAM, 8MHz"
7982,MCU_8BIT_AVR_MEGA16-32.SCHLIB,ATMEGA32A_QFP44,"MCU, AVR, 8-Bit, 32KB, 2KB RAM, 16MHz"
7983,MCU_8BIT_AVR_MEGA16-32.SCHLIB,ATMEGA32A_QFN44,"MCU, AVR, 8-Bit, 32KB, 2KB RAM, 16MHz"
7984,MCU_8BIT_AVR_MEGA16-32.SCHLIB,ATMEGA32A_DIP40,"MCU, AVR, 8-Bit, 32KB, 2KB RAM, 16MHz"
7985,MCU_8BIT_AVR_MEGA16-32.SCHLIB,ATMEGA16L_QFP44,"MCU, AVR, 8-Bit, 16KB, 1KB RAM, 8MHz"
7986,MCU_8BIT_AVR_MEGA16-32.SCHLIB,ATMEGA16L_QFN44,"MCU, AVR, 8-Bit, 16KB, 1KB RAM, 8MHz"
7987,MCU_8BIT_AVR_MEGA16-32.SCHLIB,ATMEGA16L_DIP40,"MCU, AVR, 8-Bit, 16KB, 1KB RAM, 8MHz"
7988,MCU_8BIT_AVR_MEGA16-32.SCHLIB,ATMEGA16A_QFP44,"MCU, AVR, 8-Bit, 16KB, 1KB RAM, 16MHz"
7989,MCU_8BIT_AVR_MEGA16-32.SCHLIB,ATMEGA16A_QFN44,"MCU, AVR, 8-Bit, 16KB, 1KB RAM, 16MHz"
7990,MCU_8BIT_AVR_MEGA16-32.SCHLIB,ATMEGA16A_DIP40,"MCU, AVR, 8-Bit, 16KB, 1KB RAM, 16MHz"
7991,MCU_8BIT_AVR_MEGA16-32.SCHLIB,ATMEGA162_QFP44,"MCU, AVR, 8-Bit, 16KB, 1KB RAM, 16MHz, No ADC"
7992,MCU_8BIT_AVR_MEGA16-32.SCHLIB,ATMEGA162_QFN44,"MCU, AVR, 8-Bit, 16KB, 1KB RAM, 16MHz, No ADC"
7993,MCU_8BIT_AVR_MEGA16-32.SCHLIB,ATMEGA162_DIP40,"MCU, AVR, 8-Bit, 16KB, 1KB RAM, 16MHz, No ADC"
7994,MCU_8BIT_AVR_MEGA16-32.SCHLIB,ATMEGA32_QFP44,"MCU, AVR, 8-Bit, 32KB, 2KB RAM, 16MHz"
7995,MCU_8BIT_AVR_MEGA16-32.SCHLIB,ATMEGA32_QFN44,"MCU, AVR, 8-Bit, 32KB, 2KB RAM, 16MHz"
7996,MCU_8BIT_AVR_MEGA16-32.SCHLIB,ATMEGA32_DIP40,"MCU, AVR, 8-Bit, 32KB, 2KB RAM, 16MHz"
7997,MCU_8BIT_AVR_MEGA16-32.SCHLIB,ATMEGA16_QFP44,"MCU, AVR, 8-Bit, 16KB, 1KB RAM, 16MHz"
7998,MCU_8BIT_AVR_MEGA16-32.SCHLIB,ATMEGA16_QFN44,"MCU, AVR, 8-Bit, 16KB, 1KB RAM, 16MHz"
7999,MCU_8BIT_AVR_MEGA3250-6450-3290-6490.SCHLIB,ATMEGA6490A_QFP100,"MCU, AVR, 8-Bit, 64KB, 4KB RAM, 20MHz, LCD Driver"
8000,MCU_8BIT_AVR_MEGA3250-6450-3290-6490.SCHLIB,ATMEGA6450A_QFP100,"MCU, AVR, 8-Bit, 64KB, 4KB RAM, 20MHz"
8001,MCU_8BIT_AVR_MEGA3250-6450-3290-6490.SCHLIB,ATMEGA3290A_QFP100,"MCU, AVR, 8-Bit, 32KB, 2KB RAM, 20MHz, LCD Driver"
8002,MCU_8BIT_AVR_MEGA3250-6450-3290-6490.SCHLIB,ATMEGA3250A_QFP100,"MCU, AVR, 8-Bit, 32KB, 2KB RAM, 20MHz"
8003,MCU_8BIT_AVR_MEGA64-128-165-325-645.SCHLIB,ATMEGA649A_QFP64,"MCU, AVR, 8-Bit, 64KB, 4KB RAM, 16MHz, LCD driver"
8004,MCU_8BIT_AVR_MEGA64-128-165-325-645.SCHLIB,ATMEGA649A_QFN64,"MCU, AVR, 8-Bit, 64KB, 4KB RAM, 16MHz, LCD driver"
8005,MCU_8BIT_AVR_MEGA64-128-165-325-645.SCHLIB,ATMEGA645A_QFP64,"MCU, AVR, 8-Bit, 64KB, 4KB RAM, 20MHz"
8006,MCU_8BIT_AVR_MEGA64-128-165-325-645.SCHLIB,ATMEGA645A_QFN64,"MCU, AVR, 8-Bit, 64KB, 4KB RAM, 20MHz"
8007,MCU_8BIT_AVR_MEGA64-128-165-325-645.SCHLIB,ATMEGA329A_QFP64,"MCU, AVR, 8-Bit, 32KB, 2KB RAM, 20MHz, LCD Driver"
8008,MCU_8BIT_AVR_MEGA64-128-165-325-645.SCHLIB,ATMEGA329A_QFN64,"MCU, AVR, 8-Bit, 32KB, 2KB RAM, 20MHz, LCD Driver"
8009,MCU_8BIT_AVR_MEGA64-128-165-325-645.SCHLIB,ATMEGA325A_QFP64,"MCU, AVR, 8-Bit, 32KB, 2KB RAM, 20MHz"
8010,MCU_8BIT_AVR_MEGA64-128-165-325-645.SCHLIB,ATMEGA325A_QFN64,"MCU, AVR, 8-Bit, 32KB, 2KB RAM, 20MHz"
8011,MCU_8BIT_AVR_MEGA64-128-165-325-645.SCHLIB,ATMEGA169A_QFP64,"MCU, AVR, 8-Bit, 16KB, 1KB RAM, 16MHz, LCD Driver"
8012,MCU_8BIT_AVR_MEGA64-128-165-325-645.SCHLIB,ATMEGA169A_QFN64,"MCU, AVR, 8-Bit, 16KB, 1KB RAM, 16MHz, LCD Driver"
8013,MCU_8BIT_AVR_MEGA64-128-165-325-645.SCHLIB,ATMEGA165A_QFP64,"MCU, AVR, 8-Bit, 16KB, 1KB RAM, 20MHz"
8014,MCU_8BIT_AVR_MEGA64-128-165-325-645.SCHLIB,ATMEGA165A_QFN64,"MCU, AVR, 8-Bit, 16KB, 1KB RAM, 20MHz"
8015,MCU_8BIT_AVR_MEGA64-128-165-325-645.SCHLIB,ATMEGA128L_QFP64,"MCU, AVR, 8-Bit, 128KB, 4KB RAM, 8MHz"
8016,MCU_8BIT_AVR_MEGA64-128-165-325-645.SCHLIB,ATMEGA128L_QFN64,"MCU, AVR, 8-Bit, 128KB, 4KB RAM, 8MHz"
8017,MCU_8BIT_AVR_MEGA64-128-165-325-645.SCHLIB,ATMEGA128A_QFP64,"MCU, AVR, 8-Bit, 128KB, 4KB RAM, 16MHz"
8018,MCU_8BIT_AVR_MEGA64-128-165-325-645.SCHLIB,ATMEGA128A_QFN64,"MCU, AVR, 8-Bit, 128KB, 4KB RAM, 16MHz"
8019,MCU_8BIT_AVR_MEGA64-128-165-325-645.SCHLIB,ATMEGA64L_QFP64,"MCU, AVR, 8-Bit, 64KB, 4KB RAM, 8MHz"
8020,MCU_8BIT_AVR_MEGA64-128-165-325-645.SCHLIB,ATMEGA64L_QFN64,"MCU, AVR, 8-Bit, 64KB, 4KB RAM, 8MHz"
8021,MCU_8BIT_AVR_MEGA64-128-165-325-645.SCHLIB,ATMEGA64A_QFP64,"MCU, AVR, 8-Bit, 64KB, 4KB RAM, 16MHz"
8022,MCU_8BIT_AVR_MEGA64-128-165-325-645.SCHLIB,ATMEGA64A_QFN64,"MCU, AVR, 8-Bit, 64KB, 4KB RAM, 16MHz"
8023,MCU_8BIT_AVR_MEGA64-128-165-325-645.SCHLIB,ATMEGA128_QFP64,"MCU, AVR, 8-Bit, 128KB, 4KB RAM, 16MHz"
8024,MCU_8BIT_AVR_MEGA64-128-165-325-645.SCHLIB,ATMEGA128_QFN64,"MCU, AVR, 8-Bit, 128KB, 4KB RAM, 16MHz"
8025,MCU_8BIT_AVR_MEGA64-128-165-325-645.SCHLIB,ATMEGA64_QFP64,"MCU, AVR, 8-Bit, 64KB, 4KB RAM, 16MHz"
8026,MCU_8BIT_AVR_MEGA64-128-165-325-645.SCHLIB,ATMEGA64_QFN64,"MCU, AVR, 8-Bit, 64KB, 4KB RAM, 16MHz"
8027,MCU_8BIT_AVR_MEGA8-48-88-168-328.SCHLIB,ATMEGA328PB_QFP32,"MCU, AVR, 8-Bit, 16KB, 1KB RAM, 20MHz"
8028,MCU_8BIT_AVR_MEGA8-48-88-168-328.SCHLIB,ATMEGA328PB_QFN32,"MCU, AVR, 8-Bit, 16KB, 1KB RAM, 20MHz"
8029,MCU_8BIT_AVR_MEGA8-48-88-168-328.SCHLIB,ATMEGA168PB_QFP32,"MCU, AVR, 8-Bit, 16KB, 1KB RAM, 20MHz"
8030,MCU_8BIT_AVR_MEGA8-48-88-168-328.SCHLIB,ATMEGA168PB_QFN32,"MCU, AVR, 8-Bit, 16KB, 1KB RAM, 20MHz"
8031,MCU_8BIT_AVR_MEGA8-48-88-168-328.SCHLIB,ATMEGA168PA_QFP32,"MCU, AVR, 8-Bit, 16KB, 1KB RAM, 20MHz"
8032,MCU_8BIT_AVR_MEGA8-48-88-168-328.SCHLIB,ATMEGA168PA_QFN32,"MCU, AVR, 8-Bit, 16KB, 1KB RAM, 20MHz"
8033,MCU_8BIT_AVR_MEGA8-48-88-168-328.SCHLIB,ATMEGA168PA_DIP28,"MCU, AVR, 8-Bit, 16KB, 1KB RAM, 20MHz"
8034,MCU_8BIT_AVR_MEGA8-48-88-168-328.SCHLIB,ATMEGA88PB_QFN32,"MCU, AVR, 8-Bit, 8KB, 1KB RAM, 20MHz"
8035,MCU_8BIT_AVR_MEGA8-48-88-168-328.SCHLIB,ATMEGA48PV_QFP32,"MCU, AVR, 8-Bit, 8KB, 512B RAM, 10MHz"
8036,MCU_8BIT_AVR_MEGA8-48-88-168-328.SCHLIB,ATMEGA48PV_QFN32,"MCU, AVR, 8-Bit, 8KB, 512B RAM, 10MHz"
8037,MCU_8BIT_AVR_MEGA8-48-88-168-328.SCHLIB,ATMEGA48PV_QFN28,"MCU, AVR, 8-Bit, 8KB, 512B RAM, 10MHz"
8038,MCU_8BIT_AVR_MEGA8-48-88-168-328.SCHLIB,ATMEGA48PB_QFP32,"MCU, AVR, 8-Bit, 8KB, 512B RAM, 20MHz"
8039,MCU_8BIT_AVR_MEGA8-48-88-168-328.SCHLIB,ATMEGA48PB_QFN32,"MCU, AVR, 8-Bit, 8KB, 512B RAM, 20MHz"
8040,MCU_8BIT_AVR_MEGA8-48-88-168-328.SCHLIB,ATMEGA48PA_QFP32,"MCU, AVR, 8-Bit, 8KB, 512B RAM, 20MHz"
8041,MCU_8BIT_AVR_MEGA8-48-88-168-328.SCHLIB,ATMEGA48PA_QFN32,"MCU, AVR, 8-Bit, 8KB, 512B RAM, 20MHz"
8042,MCU_8BIT_AVR_MEGA8-48-88-168-328.SCHLIB,ATMEGA48PA_QFN28,"MCU, AVR, 8-Bit, 8KB, 512B RAM, 20MHz"
8043,MCU_8BIT_AVR_MEGA8-48-88-168-328.SCHLIB,ATMEGA328P_QFP32,"MCU, AVR, 8-Bit, 16KB, 1KB RAM, 20MHz"
8044,MCU_8BIT_AVR_MEGA8-48-88-168-328.SCHLIB,ATMEGA328P_QFN32,"MCU, AVR, 8-Bit, 16KB, 1KB RAM, 20MHz"
8045,MCU_8BIT_AVR_MEGA8-48-88-168-328.SCHLIB,ATMEGA328P_QFN28,"MCU, AVR, 8-Bit, 8KB, 1KB RAM, 20MHz"
8046,MCU_8BIT_AVR_MEGA8-48-88-168-328.SCHLIB,ATMEGA328P_DIP28,"MCU, AVR, 8-Bit, 32KB, 2KB RAM, 20MHz"
8047,MCU_8BIT_AVR_MEGA8-48-88-168-328.SCHLIB,ATMEGA168P_QFP32,"MCU, AVR, 8-Bit, 16KB, 1KB RAM, 20MHz"
8048,MCU_8BIT_AVR_MEGA8-48-88-168-328.SCHLIB,ATMEGA168P_QFN32,"MCU, AVR, 8-Bit, 16KB, 1KB RAM, 20MHz"
8049,MCU_8BIT_AVR_MEGA8-48-88-168-328.SCHLIB,ATMEGA168P_DIP28,"MCU, AVR, 8-Bit, 16KB, 1KB RAM, 20MHz"
8050,MCU_8BIT_AVR_MEGA8-48-88-168-328.SCHLIB,ATMEGA168A_QFP32,"MCU, AVR, 8-Bit, 16KB, 1KB RAM, 20MHz"
8051,MCU_8BIT_AVR_MEGA8-48-88-168-328.SCHLIB,ATMEGA168A_QFN32,"MCU, AVR, 8-Bit, 16KB, 1KB RAM, 20MHz"
8052,MCU_8BIT_AVR_MEGA8-48-88-168-328.SCHLIB,ATMEGA168A_DIP28,"MCU, AVR, 8-Bit, 16KB, 1KB RAM, 20MHz"
8053,MCU_8BIT_AVR_MEGA8-48-88-168-328.SCHLIB,ATMEGA88A_QFP32,"MCU, AVR, 8-Bit, 8KB, 1KB RAM, 20MHz"
8054,MCU_8BIT_AVR_MEGA8-48-88-168-328.SCHLIB,ATMEGA88A_QFN32,"MCU, AVR, 8-Bit, 8KB, 1KB RAM, 20MHz"
8055,MCU_8BIT_AVR_MEGA8-48-88-168-328.SCHLIB,ATMEGA88A_QFN28,"MCU, AVR, 8-Bit, 8KB, 1KB RAM, 20MHz"
8056,MCU_8BIT_AVR_MEGA8-48-88-168-328.SCHLIB,ATMEGA88A_DIP28,"MCU, AVR, 8-Bit, 8KB, 1KB RAM, 20MHz"
8057,MCU_8BIT_AVR_MEGA8-48-88-168-328.SCHLIB,ATMEGA48V_QFP32,"MCU, AVR, 8-Bit, 8KB, 512B RAM, 10MHz"
8058,MCU_8BIT_AVR_MEGA8-48-88-168-328.SCHLIB,ATMEGA48V_QFN32,"MCU, AVR, 8-Bit, 8KB, 512B RAM, 10MHz"
8059,MCU_8BIT_AVR_MEGA8-48-88-168-328.SCHLIB,ATMEGA48V_QFN28,"MCU, AVR, 8-Bit, 8KB, 512B RAM, 10MHz"
8060,MCU_8BIT_AVR_MEGA8-48-88-168-328.SCHLIB,ATMEGA48V_DIP28,"MCU, AVR, 8-Bit, 8KB, 512B RAM, 10MHz"
8061,MCU_8BIT_AVR_MEGA8-48-88-168-328.SCHLIB,ATMEGA48P_QFP32,"MCU, AVR, 8-Bit, 8KB, 512B RAM, 20MHz"
8062,MCU_8BIT_AVR_MEGA8-48-88-168-328.SCHLIB,ATMEGA48P_QFN32,"MCU, AVR, 8-Bit, 8KB, 512B RAM, 20MHz"
8063,MCU_8BIT_AVR_MEGA8-48-88-168-328.SCHLIB,ATMEGA48P_DIP28,"MCU, AVR, 8-Bit, 8KB, 512B RAM, 20MHz"
8064,MCU_8BIT_AVR_MEGA8-48-88-168-328.SCHLIB,ATMEGA48A_QFP32,"MCU, AVR, 8-Bit, 8KB, 512B RAM, 20MHz"
8065,MCU_8BIT_AVR_MEGA8-48-88-168-328.SCHLIB,ATMEGA48A_QFN32,"MCU, AVR, 8-Bit, 8KB, 512B RAM, 20MHz"
8066,MCU_8BIT_AVR_MEGA8-48-88-168-328.SCHLIB,ATMEGA48A_QFN28,"MCU, AVR, 8-Bit, 8KB, 512B RAM, 20MHz"
8067,MCU_8BIT_AVR_MEGA8-48-88-168-328.SCHLIB,ATMEGA48A_DIP28,"MCU, AVR, 8-Bit, 8KB, 512B RAM, 20MHz"
8068,MCU_8BIT_AVR_MEGA8-48-88-168-328.SCHLIB,ATMEGA328_QFP32,"MCU, AVR, 8-Bit, 16KB, 1KB RAM, 20MHz"
8069,MCU_8BIT_AVR_MEGA8-48-88-168-328.SCHLIB,ATMEGA328_QFN32,"MCU, AVR, 8-Bit, 16KB, 1KB RAM, 20MHz"
8070,MCU_8BIT_AVR_MEGA8-48-88-168-328.SCHLIB,ATMEGA328_QFN28,"MCU, AVR, 8-Bit, 8KB, 1KB RAM, 20MHz"
8071,MCU_8BIT_AVR_MEGA8-48-88-168-328.SCHLIB,ATMEGA328_DIP28,"MCU, AVR, 8-Bit, 16KB, 512B RAM, 20MHz"
8072,MCU_8BIT_AVR_MEGA8-48-88-168-328.SCHLIB,ATMEGA168_QFP32,"MCU, AVR, 8-Bit, 16KB, 1KB RAM, 20MHz"
8073,MCU_8BIT_AVR_MEGA8-48-88-168-328.SCHLIB,ATMEGA168_QFN32,"MCU, AVR, 8-Bit, 16KB, 1KB RAM, 20MHz"
8074,MCU_8BIT_AVR_MEGA8-48-88-168-328.SCHLIB,ATMEGA168_DIP28,"MCU, AVR, 8-Bit, 16KB, 1KB RAM, 20MHz"
8075,MCU_8BIT_AVR_MEGA8-48-88-168-328.SCHLIB,ATMEGA8L_QFP32,"MCU, AVR, 8-Bit, 8KB, 1KB RAM, 8MHz"
8076,MCU_8BIT_AVR_MEGA8-48-88-168-328.SCHLIB,ATMEGA8L_QFN32,"MCU, AVR, 8-Bit, 8KB, 1KB RAM, 8MHz"
8077,MCU_8BIT_AVR_MEGA8-48-88-168-328.SCHLIB,ATMEGA8L_DIP28,"MCU, AVR, 8-Bit, 8KB, 1KB RAM, 8MHz"
8078,MCU_8BIT_AVR_MEGA8-48-88-168-328.SCHLIB,ATMEGA8A_QFP32,"MCU, AVR, 8-Bit, 8KB, 1KB RAM, 16MHz"
8079,MCU_8BIT_AVR_MEGA8-48-88-168-328.SCHLIB,ATMEGA8A_QFN32,"MCU, AVR, 8-Bit, 8KB, 1KB RAM, 16MHz"
8080,MCU_8BIT_AVR_MEGA8-48-88-168-328.SCHLIB,ATMEGA8A_DIP28,"MCU, AVR, 8-Bit, 8KB, 1KB RAM, 16MHz"
8081,MCU_8BIT_AVR_MEGA8-48-88-168-328.SCHLIB,ATMEGA48_QFP32,"MCU, AVR, 8-Bit, 8KB, 512B RAM, 20MHz"
8082,MCU_8BIT_AVR_MEGA8-48-88-168-328.SCHLIB,ATMEGA48_QFN32,"MCU, AVR, 8-Bit, 8KB, 512B RAM, 20MHz"
8083,MCU_8BIT_AVR_MEGA8-48-88-168-328.SCHLIB,ATMEGA48_QFN28,"MCU, AVR, 8-Bit, 8KB, 512B RAM, 20MHz"
8084,MCU_8BIT_AVR_MEGA8-48-88-168-328.SCHLIB,ATMEGA48_DIP28,"MCU, AVR, 8-Bit, 8KB, 512B RAM, 20MHz"
8085,MCU_8BIT_AVR_MEGA8-48-88-168-328.SCHLIB,ATMEGA8_QFP32,"MCU, AVR, 8-Bit, 8KB, 1KB RAM, 16MHz"
8086,MCU_8BIT_AVR_MEGA8-48-88-168-328.SCHLIB,ATMEGA8_QFN32,"MCU, AVR, 8-Bit, 8KB, 1KB RAM, 16MHz"
8087,MCU_8BIT_AVR_MEGA8-48-88-168-328.SCHLIB,ATMEGA8_DIP28,"MCU, AVR, 8-Bit, 8KB, 1KB RAM, 16MHz"
8088,MCU_8BIT_AVR_TINY.SCHLIB,ATTINY816-MN_QFN20,"MCU, AVR, 8-Bit, 8KB, 512B RAM, 20MHz"
8089,MCU_8BIT_AVR_TINY.SCHLIB,ATTINY816-MF_QFN20,"MCU, AVR, 8-Bit, 8KB, 512B RAM, 20MHz"
8090,MCU_8BIT_AVR_TINY.SCHLIB,ATTINY416-MN_QFN20,"MCU, AVR, 8-Bit, 4KB, 256B RAM, 20MHz"
8091,MCU_8BIT_AVR_TINY.SCHLIB,ATTINY416-MF_QFN20,"MCU, AVR, 8-Bit, 4KB, 256B RAM, 20MHz"
8092,MCU_8BIT_AVR_TINY.SCHLIB,ATTINY2313V_SOP20W,"MCU, AVR, 8-Bit, 2KB, 128B RAM, 10MHz"
8093,MCU_8BIT_AVR_TINY.SCHLIB,ATTINY2313A_SOP20W,"MCU, AVR, 8-Bit, 2KB, 128B RAM, 20MHz"
8094,MCU_8BIT_AVR_TINY.SCHLIB,ATTINY861A_SOP20W,"MCU, AVR, 8-Bit, 8KB, 128B RAM, 20MHz"
8095,MCU_8BIT_AVR_TINY.SCHLIB,ATTINY261A_SSOP20,"MCU, AVR, 8-Bit, 2KB, 128B RAM, 20MHz"
8096,MCU_8BIT_AVR_TINY.SCHLIB,ATTINY261A_SOP20W,"MCU, AVR, 8-Bit, 2KB, 128B RAM, 20MHz"
8097,MCU_8BIT_AVR_TINY.SCHLIB,ATTINY2313_SOP20W,"MCU, AVR, 8-Bit, 2KB, 128B RAM, 20MHz"
8098,MCU_8BIT_AVR_TINY.SCHLIB,ATTINY2313V_QFN20,"MCU, AVR, 8-Bit, 2KB, 128B RAM, 10MHz"
8099,MCU_8BIT_AVR_TINY.SCHLIB,ATTINY2313V_DIP20,"MCU, AVR, 8-Bit, 2KB, 128B RAM, 10MHz"
8100,MCU_8BIT_AVR_TINY.SCHLIB,ATTINY2313A_QFN20,"MCU, AVR, 8-Bit, 2KB, 128B RAM, 20MHz"
8101,MCU_8BIT_AVR_TINY.SCHLIB,ATTINY2313A_DIP20,"MCU, AVR, 8-Bit, 2KB, 128B RAM, 20MHz"
8102,MCU_8BIT_AVR_TINY.SCHLIB,ATTINY26L_SOP20W,"MCU, AVR, 8-Bit, 2KB, 128B RAM, 8MHz"
8103,MCU_8BIT_AVR_TINY.SCHLIB,ATTINY261A_QFN32,"MCU, AVR, 8-Bit, 2KB, 128B RAM, 20MHz"
8104,MCU_8BIT_AVR_TINY.SCHLIB,ATTINY261A_DIP20,"MCU, AVR, 8-Bit, 2KB, 128B RAM, 20MHz"
8105,MCU_8BIT_AVR_TINY.SCHLIB,ATTINY2313_QFN20,"MCU, AVR, 8-Bit, 2KB, 128B RAM, 20MHz"
8106,MCU_8BIT_AVR_TINY.SCHLIB,ATTINY2313_DIP20,"MCU, AVR, 8-Bit, 2KB, 128B RAM, 20MHz"
8107,MCU_8BIT_AVR_TINY.SCHLIB,AT90S2313_SOP20W,"MCU, AVR, 8-Bit, 2KB, 128B RAM, 10MHz"
8108,MCU_8BIT_AVR_TINY.SCHLIB,ATTINY84A_DIP14,"MCU, AVR, 8-Bit, 8KB, 512B RAM, 20MHz"
8109,MCU_8BIT_AVR_TINY.SCHLIB,ATTINY44V_SOP14,"MCU, AVR, 8-Bit, 4KB, 256B RAM, 10MHz"
8110,MCU_8BIT_AVR_TINY.SCHLIB,ATTINY44V_QFN20,"MCU, AVR, 8-Bit, 4KB, 256B RAM, 10MHz"
8111,MCU_8BIT_AVR_TINY.SCHLIB,ATTINY44V_DIP14,"MCU, AVR, 8-Bit, 4KB, 256B RAM, 10MHz"
8112,MCU_8BIT_AVR_TINY.SCHLIB,ATTINY44A_SOP14,"MCU, AVR, 8-Bit, 4KB, 256B RAM, 20MHz"
8113,MCU_8BIT_AVR_TINY.SCHLIB,ATTINY44A_QFN20,"MCU, AVR, 8-Bit, 4KB, 256B RAM, 20MHz"
8114,MCU_8BIT_AVR_TINY.SCHLIB,ATTINY44A_DIP14,"MCU, AVR, 8-Bit, 4KB, 256B RAM, 20MHz"
8115,MCU_8BIT_AVR_TINY.SCHLIB,ATTINY26_SOP20W,"MCU, AVR, 8-Bit, 2KB, 128B RAM, 16MHz"
8116,MCU_8BIT_AVR_TINY.SCHLIB,ATTINY13V_SOP8W,"MCU, AVR, 8-Bit, 1KB, 64B RAM, 10MHz"
8117,MCU_8BIT_AVR_TINY.SCHLIB,ATTINY13A_SOP8W,"MCU, AVR, 8-Bit, 1KB, 64B RAM, 20MHz"
8118,MCU_8BIT_AVR_TINY.SCHLIB,ATTINY13A_SON10,"MCU, AVR, 8-Bit, 1KB, 64B RAM, 20MHz"
8119,MCU_8BIT_AVR_TINY.SCHLIB,ATTINY13A_QFN20,"MCU, AVR, 8-Bit, 1KB, 64B RAM, 20MHz"
8120,MCU_8BIT_AVR_TINY.SCHLIB,AT90S2313_DIP20,"MCU, AVR, 8-Bit, 2KB, 128B RAM, 10MHz"
8121,MCU_8BIT_AVR_TINY.SCHLIB,ATTINY88_QFP32,"MCU, AVR, 8-Bit, 8KB, 512B RAM, 12MHz"
8122,MCU_8BIT_AVR_TINY.SCHLIB,ATTINY88_QFN32,"MCU, AVR, 8-Bit, 8KB, 512B RAM, 12MHz"
8123,MCU_8BIT_AVR_TINY.SCHLIB,ATTINY88_QFN28,"MCU, AVR, 8-Bit, 8KB, 512B RAM, 12MHz"
8124,MCU_8BIT_AVR_TINY.SCHLIB,ATTINY88_DIP28,"MCU, AVR, 8-Bit, 8KB, 512B RAM, 12MHz"
8125,MCU_8BIT_AVR_TINY.SCHLIB,ATTINY44_SOP14,"MCU, AVR, 8-Bit, 4KB, 256B RAM, 20MHz"
8126,MCU_8BIT_AVR_TINY.SCHLIB,ATTINY44_QFN20,"MCU, AVR, 8-Bit, 4KB, 256B RAM, 20MHz"
8127,MCU_8BIT_AVR_TINY.SCHLIB,ATTINY44_DIP14,"MCU, AVR, 8-Bit, 4KB, 256B RAM, 20MHz"
8128,MCU_8BIT_AVR_TINY.SCHLIB,ATTINY26_QFN32,"MCU, AVR, 8-Bit, 2KB, 128B RAM, 16MHz"
8129,MCU_8BIT_AVR_TINY.SCHLIB,ATTINY26_DIP20,"MCU, AVR, 8-Bit, 2KB, 128B RAM, 16MHz"
8130,MCU_8BIT_AVR_TINY.SCHLIB,ATTINY13_SOP8W,"MCU, AVR, 8-Bit, 1KB, 64B RAM, 20MHz"
8131,MCU_8BIT_AVR_TINY.SCHLIB,ATTINY13V_DIP8,"MCU, AVR, 8-Bit, 1KB, 64B RAM, 10MHz"
8132,MCU_8BIT_AVR_TINY.SCHLIB,ATTINY13A_SOP8,"MCU, AVR, 8-Bit, 1KB, 64B RAM, 20MHz"
8133,MCU_8BIT_AVR_TINY.SCHLIB,ATTINY13A_DIP8,"MCU, AVR, 8-Bit, 1KB, 64B RAM, 20MHz"
8134,MCU_8BIT_AVR_TINY.SCHLIB,ATTINY12_SOP8W,"MCU, AVR, 8-Bit, 1KB, 64B RAM, 8MHz"
8135,MCU_8BIT_AVR_TINY.SCHLIB,ATTINY10_SOT23,"MCU, AVR, 8-Bit, 1KB, 32B RAM, 12MHz"
8136,MCU_8BIT_AVR_TINY.SCHLIB,ATTINY102_SOP8,"MCU, AVR, 8-Bit, 1KB, 32B RAM, 12MHz"
8137,MCU_8BIT_AVR_TINY.SCHLIB,ATTINY13_DIP8,"MCU, AVR, 8-Bit, 1KB, 64B RAM, 20MHz"
8138,MCU_8BIT_AVR_TINY.SCHLIB,ATTINY10_SON8,"MCU, AVR, 8-Bit, 1KB, 32B RAM, 12MHz"
8139,MCU_8BIT_AVR_USB_CAN_C51.SCHLIB,ATMEGA32U4_QFP44,"MCU, AVR, 8-Bit, USB, 32KB, 2.5KB RAM, 16MHz"
8140,MCU_8BIT_AVR_USB_CAN_C51.SCHLIB,ATMEGA32U4_QFN44,"MCU, AVR, 8-Bit, USB, 32KB, 2.5KB RAM, 16MHz"
8141,MCU_8BIT_AVR_USB_CAN_C51.SCHLIB,ATMEGA32U2_QFP32,"MCU, AVR, 8-Bit, USB, 32KB, 1KB RAM, 16MHz"
8142,MCU_8BIT_AVR_USB_CAN_C51.SCHLIB,ATMEGA32U2_QFN32,"MCU, AVR, 8-Bit, USB, 32KB, 1KB RAM, 16MHz"
8143,MCU_8BIT_AVR_USB_CAN_C51.SCHLIB,ATMEGA16U4_QFP44,"MCU, AVR, 8-Bit, USB, 16KB, 1.25KB RAM, 16MHz"
8144,MCU_8BIT_AVR_USB_CAN_C51.SCHLIB,ATMEGA16U4_QFN44,"MCU, AVR, 8-Bit, USB, 16KB, 1.25KB RAM, 16MHz"
8145,MCU_8BIT_AVR_USB_CAN_C51.SCHLIB,ATMEGA16U2_QFP32,"MCU, AVR, 8-Bit, USB, 16KB, 512B RAM, 16MHz"
8146,MCU_8BIT_AVR_USB_CAN_C51.SCHLIB,ATMEGA16U2_QFN32,"MCU, AVR, 8-Bit, USB, 16KB, 512B RAM, 16MHz"
8147,MCU_8BIT_AVR_USB_CAN_C51.SCHLIB,AT90USB162_QFP32,"MCU, AVR, 8-Bit, USB, 16KB, 512B RAM, 16MHz"
8148,MCU_8BIT_AVR_USB_CAN_C51.SCHLIB,AT90USB162_QFN32,"MCU, AVR, 8-Bit, USB, 16KB, 512B RAM, 16MHz"
8149,MCU_8BIT_AVR_USB_CAN_C51.SCHLIB,AT90S8535_TQFP44,"MCU, AVR, 8-Bit, 8KB, 512B RAM, 8MHz"
8150,MCU_8BIT_AVR_USB_CAN_C51.SCHLIB,AT90S8515_TQFP44,"MCU, AVR, 8-Bit, 8KB, 512B RAM, 8MHz"
8151,MCU_8BIT_AVR_USB_CAN_C51.SCHLIB,AT90CAN128_QFP64,"MCU, AVR, 8-Bit, CAN, 128KB flash, 4KB SRAM, 16MHz"
8152,MCU_8BIT_AVR_USB_CAN_C51.SCHLIB,ATMEGA8U2_QFP32,"MCU, AVR, 8-Bit, USB, 8KB, 512B RAM, 16MHz"
8153,MCU_8BIT_AVR_USB_CAN_C51.SCHLIB,ATMEGA8U2_QFN32,"MCU, AVR, 8-Bit, USB, 8KB, 512B RAM, 16MHz"
8154,MCU_8BIT_AVR_USB_CAN_C51.SCHLIB,AT90S8535_DIP40,"MCU, AVR, 8-Bit, 8KB, 512B RAM, 8MHz"
8155,MCU_8BIT_AVR_USB_CAN_C51.SCHLIB,AT90S8515_DIP40,"MCU, AVR, 8-Bit, 8KB, 512B RAM, 8MHz"
8156,MCU_8BIT_AVR_USB_CAN_C51.SCHLIB,AT89S52_QFP44,"MCU, 8051, 8KB, up to 33MHz"
8157,MCU_8BIT_AVR_USB_CAN_C51.SCHLIB,AT89S52_DIP40,"MCU, 8051, 8KB, up to 33MHz"
8158,MCU_8BIT_AVR_USB_CAN_C51.SCHLIB,AT89C51_DIP40,"MCU, 8051, 4KB, 24MHz"
8159,MCU_FMD.SCHLIB,FT61F135_TSSOP20,"MCU, FMD MCU 8-bit, 3KB FLASH, 256B SRAM"
8160,MCU_FMD.SCHLIB,FT61F0A5_TSSOP20,"MCU, FMD MCU 8-bit, 3KB FLASH, 256B SRAM"
8161,MCU_HOLTEK.SCHLIB,BS84B06A-3_SOP20_1,"MCU, Flash, Touch A/D"
8162,MCU_HOLTEK.SCHLIB,BS66F340_SSOP28,"MCU, Flash, Touch A/D with LED driver"
8163,MCU_HOLTEK.SCHLIB,BS66F370_QFP64,"MCU, Flash, Touch A/D with LED driver"
8164,MCU_HOLTEK.SCHLIB,BS66F360_QFP48,"MCU, Flash, Touch A/D with LED driver"
8165,MCU_HOLTEK.SCHLIB,BS66F360_QFP44,"MCU, Flash, Touch A/D with LED driver"
8166,MCU_NORDIC.SCHLIB,NRF54L15_VQFN48,NRF54L15 Wireless SOC
8167,MCU_STM32.SCHLIB,STM32F030F4P6_TSSOP20,"MCU, STM32 ARM 32-bit, Cortex-M0, 16KB FLASH, 4KB SRAM"
8168,MCU_STM32.SCHLIB,STM32H7B0VBT6_QFP100,"MCU, STM32 ARM 32-bit, Cortex M7, 128KB FLASH, 1.4MB SRAM"
8169,MCU_STM32.SCHLIB,STM32H750XBH6_BGA265,"MCU, STM32 ARM 32-bit, Cortex M7, 128KB FLASH, 1MB SRAM"
8170,MCU_STM32.SCHLIB,STM32H743ZIT6_QFP144,"MCU, STM32 ARM 32-bit, Cortex M7, 2MB FLASH, 1MB SRAM"
8171,MCU_STM32.SCHLIB,STM32H743VIT6_QFP100,"MCU, STM32 ARM 32-bit, Cortex M7, 2MB FLASH, 1MB SRAM"
8172,MCU_STM32.SCHLIB,STM32H743VIH6_BGA100,"MCU, STM32 ARM 32-bit, Cortex M7, 2MB FLASH, 1MB SRAM"
8173,MCU_STM32.SCHLIB,STM32H743IIT6_QFP176,"MCU, STM32 ARM 32-bit, Cortex M7, 2MB FLASH, 1MB SRAM"
8174,MCU_STM32.SCHLIB,STM32F407ZGT6_QFP144,"MCU, STM32 ARM 32-bit, Cortex M4, 1MB FLASH, 192KB SRAM"
8175,MCU_STM32.SCHLIB,STM32F405VGT6_QFP100,"MCU, STM32 ARM 32-bit, Cortex M4, 1MB FLASH, 192kB SRAM"
8176,MCU_STM32.SCHLIB,STM32F107VCT7_QFP100,"MCU, STM32 ARM 32-bit, Cortex M3, 256KB FLASH, 64KB SRAM"
8177,MCU_STM32.SCHLIB,STM32F107VCT6_QFP100,"MCU, STM32 ARM 32-bit, Cortex M3, 256KB FLASH, 64KB SRAM"
8178,MCU_STM32.SCHLIB,STM32F107VBT6_QFP100,"MCU, STM32 ARM 32-bit, Cortex M3, 256KB FLASH, 64KB SRAM"
8179,MCU_STM32.SCHLIB,STM32L031K6U6_QFN32,"MCU, STM32 ARM 32-bit, Cortex-M0, 32KB Flash, 8KB SRAM"
8180,MCU_STM32.SCHLIB,STM32F107RCT7_QFP64,"MCU, STM32 ARM 32-bit, Cortex M3, 256KB FLASH, 64KB SRAM"
8181,MCU_STM32.SCHLIB,STM32F107RCT6_QFP64,"MCU, STM32 ARM 32-bit, Cortex M3, 256KB FLASH, 64KB SRAM"
8182,MCU_STM32.SCHLIB,STM32F107RBT6_QFP64,"MCU, STM32 ARM 32-bit, Cortex M3, 128KB FLASH, 64KB SRAM"
8183,MCU_STM32.SCHLIB,STM32F103RGT7_QFP64,"MCU, STM32 ARM 32-bit, Cortex M3, 1MB FLASH, 96KB SRAM"
8184,MCU_STM32.SCHLIB,STM32F103RGT6_QFP64,"MCU, STM32 ARM 32-bit, Cortex M3, 1MB FLASH, 96KB SRAM"
8185,MCU_STM32.SCHLIB,STM32F103RFT6_QFP64,"MCU, STM32 ARM 32-bit, Cortex M3, 768KB FLASH, 80KB SRAM"
8186,MCU_STM32.SCHLIB,STM32F103RET7_QFP64,"MCU, STM32 ARM 32-bit, Cortex M3, 512KB FLASH, 64KB SRAM"
8187,MCU_STM32.SCHLIB,STM32F103RET6_QFP64,"MCU, STM32 ARM 32-bit, Cortex M3, 512KB FLASH, 64KB SRAM"
8188,MCU_STM32.SCHLIB,STM32F103RDT6_QFP64,"MCU, STM32 ARM 32-bit, Cortex M3, 384KB FLASH, 64KB SRAM"
8189,MCU_STM32.SCHLIB,STM32F103RCT7_QFP64,"MCU, STM32 ARM 32-bit, Cortex M3, 256KB FLASH, 48KB SRAM"
8190,MCU_STM32.SCHLIB,STM32F103RCT6_QFP64,"MCU, STM32 ARM 32-bit, Cortex M3, 256KB FLASH, 48KB SRAM"
8191,MCU_STM32.SCHLIB,STM32F103RBT7_QFP64,"MCU, STM32 ARM 32-bit, Cortex M3, 128KB FLASH, 20KB SRAM"
8192,MCU_STM32.SCHLIB,STM32F103RBT6_QFP64,"MCU, STM32 ARM 32-bit, Cortex M3, 128KB FLASH, 20KB SRAM"
8193,MCU_STM32.SCHLIB,STM32F103R8T7_QFP64,"MCU, STM32 ARM 32-bit, Cortex M3, 64KB FLASH, 20KB SRAM"
8194,MCU_STM32.SCHLIB,STM32F103R8T6_QFP64,"MCU, STM32 ARM 32-bit, Cortex M3, 64KB FLASH, 20KB SRAM"
8195,MCU_STM32.SCHLIB,STM32F103R6T7_QFP64,"MCU, STM32 ARM 32-bit, Cortex M3, 32KB FLASH, 10KB SRAM"
8196,MCU_STM32.SCHLIB,STM32F103R6T6_QFP64,"MCU, STM32 ARM 32-bit, Cortex M3, 32KB FLASH, 10KB SRAM"
8197,MCU_STM32.SCHLIB,STM32F103R4T6_QFP64,"MCU, STM32 ARM 32-bit, Cortex M3, 16KB FLASH, 6KB SRAM"
8198,MCU_STM32.SCHLIB,STM32F103CBU6_QFN48,"MCU, STM32 ARM 32-bit, Cortex M3, 128KB FLASH, 20KB SRAM"
8199,MCU_STM32.SCHLIB,STM32F103CBT7_QFP48,"MCU, STM32 ARM 32-bit, Cortex M3, 128KB FLASH, 20KB SRAM"
8200,MCU_STM32.SCHLIB,STM32F103CBT6_QFP48,"MCU, STM32 ARM 32-bit, Cortex M3, 128KB FLASH, 20KB SRAM"
8201,MCU_STM32.SCHLIB,STM32F103C8T7_QFP48,"MCU, STM32 ARM 32-bit, Cortex M3, 64KB FLASH, 20KB SRAM"
8202,MCU_STM32.SCHLIB,STM32F103C8T6_QFP48,"MCU, STM32 ARM 32-bit, Cortex M3, 64KB FLASH, 20KB SRAM"
8203,MCU_STM32.SCHLIB,STM32F103C6U6_QFN48,"MCU, STM32 ARM 32-bit, Cortex M3, 16KB FLASH, 6KB SRAM"
8204,MCU_STM32.SCHLIB,STM32F103C6T7_QFP48,"MCU, STM32 ARM 32-bit, Cortex M3, 32KB FLASH, 10KB SRAM"
8205,MCU_STM32.SCHLIB,STM32F103C6T6_QFP48,"MCU, STM32 ARM 32-bit, Cortex M3, 32KB FLASH, 10KB SRAM"
8206,MCU_STM32.SCHLIB,STM32F103C4T6_QFP48,"MCU, STM32 ARM 32-bit, Cortex M3, 16KB FLASH, 6KB SRAM"
8207,MCU_STM32.SCHLIB,STM32F030K6T6_QFP32,"MCU, STM32 ARM 32-bit, Cortex-M0, 64 KB Flash, 8 KB RAM"
8208,MCU_STM32.SCHLIB,STM32F030C8T6_QFP48,"MCU, STM32 ARM 32-bit, Cortex-M0, 64 KB Flash, 8 KB RAM, 39 I/Os, LQFP-48"
8209,MCU_STM32G.SCHLIB,STM32G030F6P6_TSSOP20,"MCU, STM32 ARM 32-bit, Cortex M0, 32KB FLASH, 8KB SRAM"
8210,MCU_STM32G.SCHLIB,STM32G431KBU6_QFN32,"MCU, STM32 ARM 32-bit, Cortex M4, 128KB FLASH, 32KB SRAM"
8211,MCU_STM32G.SCHLIB,STM32G431KBU3_QFN32,"MCU, STM32 ARM 32-bit, Cortex M4, 128KB FLASH, 32KB SRAM"
8212,MCU_STM32G.SCHLIB,STM32G431KBT6_QFN32,"MCU, STM32 ARM 32-bit, Cortex M4, 128KB FLASH, 32KB SRAM"
8213,MCU_STM32G.SCHLIB,STM32G431K8U6_QFN32,"MCU, STM32 ARM 32-bit, Cortex M4, 64KB FLASH, 32KB SRAM"
8214,MCU_STM32G.SCHLIB,STM32G431K6U3_QFN32,"MCU, STM32 ARM 32-bit, Cortex M4, 32KB FLASH, 32KB SRAM"
8215,MCU_STM32G.SCHLIB,STM32G031G6U6_QFN28,"MCU, STM32 ARM 32-bit, Cortex M0, 32KB FLASH, 8KB SRAM"
8216,MCU_STM32G.SCHLIB,STM32G030K6T6_QFP32,"MCU, STM32 ARM 32-bit, Cortex M0, 32KB FLASH, 8KB SRAM"
8217,MCU_STM32W.SCHLIB,STM32WL55CCU6_QFN48,"MCU, Multiprotocol wireless, 32-bit ARM , dual core Cortex M4/M0+, 256KB Flash, 64KB SRAM, LoRa, GFSK, GMSK, BPSK"
8218,MCU_STM32W.SCHLIB,STM32WB55CGU7_QFN48,"MCU, Multiprotocol wireless, 32-bit ARM , Cortex M4 with FPU, Bluetooth 5.2 and 802.15.4"
8219,MCU_STM8.SCHLIB,STM8S003_SSOP20,"MCU, STM8 MCU 8-bit, 8KB FLASH, 1KB SRAM"
8220,MCU_STM8.SCHLIB,STM8S003_QFN20,"MCU, STM8 MCU 8-bit, 8KB FLASH, 1KB SRAM"
8221,MECH_MOUNTINGHOLE.SCHLIB,SCRW_PANH_PHLIPS_M2P5X5,"SCREW, M2.5, 2.5mm diameter and 5.0mm PanHead"
8222,MECH_MOUNTINGHOLE.SCHLIB,SCRW_PANH_PHLIPS_M1P6X3,"SCREW, M1.6, 1.6mm diameter and 3.2mm PanHead"
8223,MECH_MOUNTINGHOLE.SCHLIB,SCRW_FLTH_PHLIPS_M3P5X5,"SCREW, M3.5, 3.5mm diameter and 7.0mm, FlatHead"
8224,MECH_MOUNTINGHOLE.SCHLIB,SCRW_FLTH_PHLIPS_M2P5X5,"SCREW, M2.5, 2.5mm diameter and 5.0mm, FlatHead"
8225,MECH_MOUNTINGHOLE.SCHLIB,SCRW_FLTH_PHLIPS_M1P6X3,"SCREW, M1.6, 1.6mm diameter and 3mm, FlatHead"
8226,MECH_MOUNTINGHOLE.SCHLIB,SCRW_CHSH_PHLIPS_M2P5X5,"SCREW, M2.5, 2.5mm diameter and 5.0mm PanHead"
8227,MECH_MOUNTINGHOLE.SCHLIB,SCRW_PANH_PHLIPS_M6X12,"SCREW, M6, 6mm diameter and 12mm PanHead"
8228,MECH_MOUNTINGHOLE.SCHLIB,SCRW_PANH_PHLIPS_M5X10,"SCREW, M5, 5mm diameter and 10.0mm PanHead"
8229,MECH_MOUNTINGHOLE.SCHLIB,SCRW_FLTH_PHLIPS_M6X12,"SCREW, M6, 6mm diameter and 12mm, FlatHead"
8230,MECH_MOUNTINGHOLE.SCHLIB,SCRW_FLTH_PHLIPS_M5X10,"SCREW, M5, 5mm diameter and 10.0mm, FlatHead"
8231,MECH_MOUNTINGHOLE.SCHLIB,SCRW_CHSH_PHLIPS_M6X12,"SCREW, M6, 6mm diameter and 12mm PanHead"
8232,MECH_MOUNTINGHOLE.SCHLIB,SCRW_CHSH_PHLIPS_M5X10,"SCREW, M5, 5mm diameter and 10.0mm PanHead"
8233,MECH_MOUNTINGHOLE.SCHLIB,SCRW_PANH_PHLIPS_M4X8,"SCREW, M4, 4mm diameter and 8.0mm PanHead"
8234,MECH_MOUNTINGHOLE.SCHLIB,SCRW_PANH_PHLIPS_M3X5,"SCREW, M3, 3.0mm diameter and 6.0mm PanHead"
8235,MECH_MOUNTINGHOLE.SCHLIB,SCRW_PANH_PHLIPS_M2X4,"SCREW, M2, 2.0mm diameter and 4.0mm PanHead"
8236,MECH_MOUNTINGHOLE.SCHLIB,SCRW_FLTH_PHLIPS_M4X8,"SCREW, M4, 4mm diameter and 8.0mm, FlatHead"
8237,MECH_MOUNTINGHOLE.SCHLIB,SCRW_FLTH_PHLIPS_M3X5,"SCREW, M3, 3.0mm diameter and 6.0mm, FlatHead"
8238,MECH_MOUNTINGHOLE.SCHLIB,SCRW_FLTH_PHLIPS_M2X4,"SCREW, M2, 2.0mm diameter and 3.2mm, FlatHead"
8239,MECH_MOUNTINGHOLE.SCHLIB,SCRW_CHSH_PHLIPS_M4X8,"SCREW, M4, 4mm diameter and 8.0mm PanHead"
8240,MECH_MOUNTINGHOLE.SCHLIB,SCRW_CHSH_PHLIPS_M3X5,"SCREW, M3, 3.0mm diameter and 6.0mm PanHead"
8241,MECH_MOUNTINGHOLE.SCHLIB,SCRW_CHSH_PHLIPS_M2X4,"SCREW, M2, 2.0mm diameter and 4.0mm PanHead"
8242,MECH_MOUNTINGHOLE.SCHLIB,SCRW_PANH_SLOT_M6X12,"SCREW, M6, 6mm diameter and 12mm PanHead"
8243,MECH_MOUNTINGHOLE.SCHLIB,SCRW_PANH_SLOT_M5X10,"SCREW, M5, 5mm diameter and 10.0mm PanHead"
8244,MECH_MOUNTINGHOLE.SCHLIB,SCRW_PANH_SLOT_M4X8,"SCREW, M4, 4mm diameter and 8.0mm PanHead"
8245,MECH_MOUNTINGHOLE.SCHLIB,SCRW_PANH_SLOT_M3X5,"SCREW, M3, 3.0mm diameter and 6.0mm PanHead"
8246,MECH_MOUNTINGHOLE.SCHLIB,SCRW_PANH_SLOT_M2X4,"SCREW, M2, 2.0mm diameter and 4.0mm PanHead"
8247,MECH_MOUNTINGHOLE.SCHLIB,SCRW_FLTHEX_M2X20,"SCREW, M2"
8248,MECH_MOUNTINGHOLE.SCHLIB,STDOFF_FM3L10,"Stand-off, Female-Male, M3, Length 10mm"
8249,MECH_MOUNTINGHOLE.SCHLIB,STDOFF_FM2L10,"Stand-off, Female-Male"
8250,MECH_MOUNTINGHOLE.SCHLIB,STDOFF_FF3L10,"Stand-off, Female-Female, M3, Length 10mm"
8251,MECH_MOUNTINGHOLE.SCHLIB,SCMH_M3P5FT,"SCREW mouting, M3.5, 3.5mm diameter and 7.0mm, FlatHead"
8252,MECH_MOUNTINGHOLE.SCHLIB,SCMH_M2P5FT,"SCREW mouting, M2.5, 2.5mm diameter and 5.0mm, FlatHead"
8253,MECH_MOUNTINGHOLE.SCHLIB,SCMH_M1P6FT,"SCREW mouting, M1.6, 1.6mm diameter and 3mm, FlatHead"
8254,MECH_MOUNTINGHOLE.SCHLIB,SCMH_M6FT,"SCREW mouting, M6, 6mm diameter and 12mm, FlatHead"
8255,MECH_MOUNTINGHOLE.SCHLIB,SCMH_M5FT,"SCREW mouting, M5, 5mm diameter and 10.0mm, FlatHead"
8256,MECH_MOUNTINGHOLE.SCHLIB,SCMH_M4FT,"SCREW mouting, M4, 4mm diameter and 8.0mm, FlatHead"
8257,MECH_MOUNTINGHOLE.SCHLIB,SCMH_M3P5,"SCREW mouting, M3.5, 3.5mm diameter and 7.0mm PanHead"
8258,MECH_MOUNTINGHOLE.SCHLIB,SCMH_M3FT,"SCREW mouting, M3, 3.0mm diameter and 6.0mm, FlatHead"
8259,MECH_MOUNTINGHOLE.SCHLIB,SCMH_M2P5,"SCREW mouting, M2.5, 2.5mm diameter and 5.0mm PanHead"
8260,MECH_MOUNTINGHOLE.SCHLIB,SCMH_M2FT,"SCREW mouting, M2, 2.0mm diameter and 3.2mm, FlatHead"
8261,MECH_MOUNTINGHOLE.SCHLIB,SCMH_M1P6,"SCREW mouting, M1.6, 1.6mm diameter and 3.2mm PanHead"
8262,MECH_MOUNTINGHOLE.SCHLIB,NUTHEX_M3,NUT HEX
8263,MECH_MOUNTINGHOLE.SCHLIB,NUTHEX_M2,NUT HEX
8264,MECH_MOUNTINGHOLE.SCHLIB,SCMH_M4F,"SCREW mouting, M4, 4mm diameter and 8.0mm FlangeHead"
8265,MECH_MOUNTINGHOLE.SCHLIB,SCMH_M3F,"SCREW mouting, M3, 3.0mm diameter and 6.0mm FlangeHead"
8266,MECH_MOUNTINGHOLE.SCHLIB,SCMH_M2F,"SCREW mouting, M2, 2.0mm diameter and 5.0mm FlangeHead"
8267,MECH_MOUNTINGHOLE.SCHLIB,PSPMH3P5,"Plastic Spacer mouting, Hole 3.5mm"
8268,MECH_MOUNTINGHOLE.SCHLIB,SCMH_M6,"SCREW mouting, M6, 6mm diameter and 12mm PanHead"
8269,MECH_MOUNTINGHOLE.SCHLIB,SCMH_M5,"SCREW mouting, M5, 5mm diameter and 10.0mm PanHead"
8270,MECH_MOUNTINGHOLE.SCHLIB,SCMH_M4,"SCREW mouting, M4, 4mm diameter and 8.0mm PanHead"
8271,MECH_MOUNTINGHOLE.SCHLIB,SCMH_M3,"SCREW mouting, M3, 3.0mm diameter and 6.0mm PanHead"
8272,MECH_MOUNTINGHOLE.SCHLIB,SCMH_M2,"SCREW mouting, M2, 2.0mm diameter and 4.0mm PanHead"
8273,MECH_MOUNTINGHOLE.SCHLIB,PSPMH4,"Plastic Spacer mouting, Hole 4mm"
8274,MECH_MOUNTINGHOLE.SCHLIB,PSPMH3,"Plastic Spacer mouting, Hole 3mm"
8275,MECH_MOUNTINGHOLE.SCHLIB,PSPMH2,"Plastic Spacer mouting, Hole 2mm"
8276,MECH_MOUNTINGHOLE.SCHLIB,SOMH1,"Solder Mounting, Hole 1mm"
8277,MEMORY_EEPROM_1WIRE.SCHLIB,EEPROM_1W_DS28E07_TSOC6,"EEPROM, 1WIRE, 1Kbit, 125Kbps, TSOC6"
8278,MEMORY_EEPROM_1WIRE.SCHLIB,EEPROM_1W_DS28E07_TDFN6,"EEPROM, 1WIRE, 1Kbit, 125Kbps, TDFN6"
8279,MEMORY_EEPROM_1WIRE.SCHLIB,EEPROM_1W_DS2432_TSOC6,"EEPROM, 1WIRE, 1Kbit, 90Kbps, TSOC6"
8280,MEMORY_EEPROM_I2C.SCHLIB,EEPROM_I2C_CAT24C256_SOT23,"EEPROM, I2C, 256Kb, SOT23-5"
8281,MEMORY_EEPROM_I2C.SCHLIB,EEPROM_I2C_CAT24C256_SOP8,"EEPROM, I2C, 256Kb,  SOP-8"
8282,MEMORY_EEPROM_I2C.SCHLIB,EEPROM_I2C_FM24CL16_SOP8,"EEPROM, I2C, 16Kbit, SOP-8"
8283,MEMORY_EEPROM_I2C.SCHLIB,EEPROM_I2C_CAT24C64_DIP8,"EEPROM, I2C, 64Kbit (8K X8)"
8284,MEMORY_EEPROM_I2C.SCHLIB,EEPROM_I2C_BR24L02_MSOP8,"EEPROM, I2C, 2KBIT, 400KHZ 8MSOP"
8285,MEMORY_EEPROM_I2C.SCHLIB,EEPROM_I2C_AT24CM01_SOP8,"EEPROM, I2C, 1-Mbit (131,072 x 8)"
8286,MEMORY_EEPROM_I2C.SCHLIB,EEPROM_I2C_AT24C256_SOP8,"EEPROM, I2C"
8287,MEMORY_EEPROM_I2C.SCHLIB,EEPROM_I2C_AT24C256_DIP8,"EEPROM, I2C"
8288,MEMORY_EEPROM_I2C.SCHLIB,EEPROM_I2C_M24C08_SSOP8,"EEPROM, I2C, 8KBIT, 400KHZ, 8TSSOP"
8289,MEMORY_EEPROM_I2C.SCHLIB,EEPROM_I2C_M24C02_UFDN5,"EEPROM, I2C, 2KBIT, 400KHZ, UFDFPN-5"
8290,MEMORY_EEPROM_I2C.SCHLIB,EEPROM_I2C_M24C02_SSOP8,"EEPROM, I2C, 2KBIT, 400KHZ, 8TSSOP"
8291,MEMORY_EEPROM_I2C.SCHLIB,EEPROM_I2C_M24128_UFDN5,"EEPROM, I2C, 128Kb, 1MHZ, UFDFPN-5"
8292,MEMORY_EEPROM_I2C.SCHLIB,EEPROM_I2C_CAT24M01_SO8,"EEPROM, I2C, 1M-Bit, CMOS"
8293,MEMORY_EEPROM_I2C.SCHLIB,EEPROM_I2C_AT24CXX_SOP8,"EEPROM, I2C,"
8294,MEMORY_EEPROM_I2C.SCHLIB,EEPROM_I2C_AT24C02_SOP8,"EEPROM, I2C"
8295,MEMORY_EEPROM_I2C.SCHLIB,EEPROM_I2C_24WC256_SOP8,"EEPROM, I2C, 256Kb, CMOS"
8296,MEMORY_EEPROM_I2C.SCHLIB,EEPROM_I2C_24LC32_SOT23,"EEPROM, I2C, 256Kb, SOT23-5"
8297,MEMORY_EEPROM_I2C.SCHLIB,EEPROM_I2C_24AA64_SSOP8,"EEPROM, I2C, 64Kb (8K X8)"
8298,MEMORY_EEPROM_I2C.SCHLIB,EEPROM_I2C_24AA00_SOT23,"EEPROM, I2C, 128bit, 400KHZ, SOT23-5"
8299,MEMORY_EEPROM_I2C.SCHLIB,EEPROM_I2C_M24M02_SOP8,"EEPROM, I2C, 2MBIT, 1MHZ, SOP-8"
8300,MEMORY_EEPROM_I2C.SCHLIB,EEPROM_I2C_M24C64_SOP8,"EEPROM, I2C, 64Kbit (8K X8)"
8301,MEMORY_EEPROM_I2C.SCHLIB,EEPROM_I2C_M24C02_DFN8,"EEPROM, I2C, 2Kb, 1MHz, DFN-8"
8302,MEMORY_EEPROM_I2C.SCHLIB,EEPROM_I2C_M24512_DFN8,"EEPROM, I2C, 512Kb, 1MHz, 100Years, DFN-8"
8303,MEMORY_EEPROM_I2C.SCHLIB,EEPROM_I2C_M24256_DFN8,"EEPROM, I2C, 256Kb,  DFN-8"
8304,MEMORY_EEPROM_I2C.SCHLIB,EEPROM_I2C_24FC64_DFN8,"EEPROM, I2C, 8Kb, 400KHZ, DFN8"
8305,MEMORY_EEPROM_I2C.SCHLIB,EEPROM_I2C_24AA64_SOP8,"EEPROM, I2C, 64Kb (8K X8)"
8306,MEMORY_EEPROM_I2C.SCHLIB,EEPROM_I2C_24AA32_SOP8,"EEPROM, I2C, 32Kbit, 400kHz, 1.7V, SOP-8"
8307,MEMORY_EEPROM_I2C.SCHLIB,EEPROM_I2C_24AA32_DFN8,"EEPROM, I2C, 32Kbit, 400kHz, 1.7V, DFN-8"
8308,MEMORY_EEPROM_I2C.SCHLIB,EEPROM_I2C_24AA1025T-I,"EEPROM, I2C,"
8309,MEMORY_EEPROM_I2C.SCHLIB,EEPROM_I2C_24CXXX,"EEPROM, I2C"
8310,MEMORY_EEPROM_SPI.SCHLIB,EEPROM_SPI_RM25C512_SSOP8,"EEPROM, SPI, 512kbit (64K x8), SSOP-8"
8311,MEMORY_EEPROM_SPI.SCHLIB,EEPROM_SPI_CAT93C46_SSOP8,"EEPROM, SPI, 1KBIT, 2MHZ, 8-TSSOP"
8312,MEMORY_EEPROM_SPI.SCHLIB,EEPROM_SPI_CAT25512_UDFN8,"EEPROM, SPI, 512kbit (64K x8), UDFN-8"
8313,MEMORY_EEPROM_SPI.SCHLIB,EEPROM_SPI_CAT25512_SSOP8,"EEPROM, SPI, 512kbit (64K x8), SOP-8"
8314,MEMORY_EEPROM_SPI.SCHLIB,EEPROM_SPI_RM25C512_SOP8,"EEPROM, SPI, 512kbit (64K x8), SOP-8"
8315,MEMORY_EEPROM_SPI.SCHLIB,EEPROM_SPI_M95512_SSOP8,"EEPROM, SPI, 512kbit (64K x8), SSOP-8"
8316,MEMORY_EEPROM_SPI.SCHLIB,EEPROM_SPI_AT93C46_SOP8,"EEPROM, SPI, 1KBIT, SOP-8"
8317,MEMORY_EEPROM_SPI.SCHLIB,EEPROM_SPI_AT25512_SOP8,"EEPROM, SPI, 512kbit (64K x8), SOP-8"
8318,MEMORY_EEPROM_SPI.SCHLIB,EEPROM_SPI_93AA56_SOT23,"EEPROM, SPI, SOT-23-6"
8319,MEMORY_EEPROM_SPI.SCHLIB,EEPROM_SPI_93AA46_SOT23,"EEPROM, SPI, 1KBIT, SOT-23-6"
8320,MEMORY_EEPROM_SPI.SCHLIB,EEPROM_SPI_25LC512_SOP8,"EEPROM, SPI, 512kbit (64K x8), SOP-8"
8321,MEMORY_EEPROM_SPI.SCHLIB,EEPROM_SPI_25AA512_DIP8,"EEPROM, SPI, 512kbit (64K x8), DIP-8"
8322,MEMORY_EEPROM_SPI.SCHLIB,EEPROM_SPI_M95M02_SOP8,"EEPROM, SPI, 2Mbit (256 x8), SOP-8"
8323,MEMORY_EEPROM_SPI.SCHLIB,EEPROM_SPI_M95640_SOP8,"EEPROM, SPI, 64kbit, SOP-8"
8324,MEMORY_EEPROM_SPI.SCHLIB,EEPROM_SPI_M95512_SON8,"EEPROM, SPI, 512kbit (64K x8), SON-8"
8325,MEMORY_EEPROM_SPI.SCHLIB,EEPROM_SPI_93LC56_SOP8,"EEPROM, SPI, SOP-8"
8326,MEMORY_EEPROM_SPI.SCHLIB,EEPROM_SPI_93LC56_DFN8,"EEPROM, SPI, DFN-8"
8327,MEMORY_EEPROM_SPI.SCHLIB,EEPROM_SPI_93XX_SOT23,"EEPROM, SPI, SOT-23-6"
8328,MEMORY_EEPROM_SPI.SCHLIB,EEPROM_SPI_93XX_SOP8,"EEPROM, SPI, SOP-8"
8329,MEMORY_FLASH_NAND_EMMC.SCHLIB,THGBMHT0C8LBAIG_128GB_BGA153,"eMMC NAND FLASH, 128GB, 1024Gb (128G x 8), 153-VFBGA"
8330,MEMORY_FLASH_NAND_EMMC.SCHLIB,THGBMHG9C4LBAIR_64GB_BGA153,"eMMC NAND FLASH, 64GB,512Gb (64G x 8), 153-VFBGA"
8331,MEMORY_FLASH_NAND_EMMC.SCHLIB,THGBMHG8C2LBAIL_32GB_BGA153,"eMMC NAND FLASH, 32GB, 256Gb (32G x 8), 153-VFBGA"
8332,MEMORY_FLASH_NAND_EMMC.SCHLIB,THGBMFG7C1LBAIL_16GB_BGA153,"eMMC NAND FLASH, 16GB, 128Gb (16G x 8), 153-VFBGA"
8333,MEMORY_FLASH_NAND_EMMC.SCHLIB,EMMC128-TA29_128GB_BGA153,"eMMC NAND FLASH, 128GB, 1024Gb (128G x 8), 153-VFBGA"
8334,MEMORY_FLASH_NAND_EMMC.SCHLIB,RP-SEMC32DA1_32GB_BGA153,"eMMC NAND FLASH, 32GB, 256Gb (32G x 8), 153-VFBGA"
8335,MEMORY_FLASH_NAND_EMMC.SCHLIB,RP-SEMC16DA1_16GB_BGA153,"eMMC NAND FLASH, 16GB, 128Gb (16G x 8), 153-VFBGA"
8336,MEMORY_FLASH_NAND_EMMC.SCHLIB,EMMC64G-TA29_64GB_BGA153,"eMMC NAND FLASH, 64GB, 512Gb (64G x 8), 153-VFBGA"
8337,MEMORY_FLASH_NAND_EMMC.SCHLIB,EMMC64G-IB29_64GB_BGA153,"eMMC NAND FLASH, 64GB, 512Gb (64G x 8), 153-VFBGA"
8338,MEMORY_FLASH_NAND_EMMC.SCHLIB,RP-SEMC08DA1_8GB_BGA153,"eMMC NAND FLASH, 8GB, 64Gb (8G x 8), 153-VFBGA"
8339,MEMORY_FLASH_NAND_EMMC.SCHLIB,MKEV016GIB_16GB_BGA153,"eMMC NAND FLASH, 16GB, 128Gb (16G x 8), 153-VFBGA"
8340,MEMORY_FLASH_NAND_EMMC.SCHLIB,KLMCG4JETD_64GB_BGA153,"eMMC NAND FLASH, 64GB,512Gb (64G x 8), 153-VFBGA"
8341,MEMORY_FLASH_NAND_EMMC.SCHLIB,KLMBG2JETD_32GB_BGA153,"eMMC NAND FLASH, 32GB, 256Gb (32G x 8), 153-VFBGA"
8342,MEMORY_FLASH_NAND_EMMC.SCHLIB,KLMAG2GEAC_16GB_BGA153,"eMMC NAND FLASH, 16GB, 128Gb (16G x 8), 153-VFBGA"
8343,MEMORY_FLASH_NAND_EMMC.SCHLIB,KLMAG1JETD_16GB_BGA153,"eMMC NAND FLASH, 16GB, 128Gb (16G x 8), 153-VFBGA"
8344,MEMORY_FLASH_NAND_EMMC.SCHLIB,MTFC2GMVEA_2GB_BGA153,"eMMC NAND FLASH, 2GB, 16Gb (2G x 8), 153-VFBGA"
8345,MEMORY_FLASH_NAND_EMMC.SCHLIB,IS21ES64G_64GB_BGA153,"eMMC NAND FLASH, 64GB, 512Gb (64G x4), 153-VFBGA"
8346,MEMORY_FLASH_NAND_EMMC.SCHLIB,KE4CN2H5A_4GB_BGA153,"eMMC NAND FLASH, 4GB, 32Gb (4G x 8), 153-VFBGA"
8347,MEMORY_FLASH_NAND_EMMC.SCHLIB,NAND512R3A2DZA6E,"NAND FLASH, 512Mb, VFBGA 63P"
8348,MEMORY_FLASH_NAND_EMMC.SCHLIB,K9F2G08U0M-PCB0,"Nand Flash, 2GB"
8349,MEMORY_FLASH_NAND_EMMC.SCHLIB,MT29F1G08,"NAND FLASH, 1G, VFBGA 63P"
8350,MEMORY_FLASH_NAND_PARALLEL.SCHLIB,S29GL01GP13TFIV2_TSOP56,"FLASH MEMORY, NAND, 1Gb, 3.3V+1.8v"
8351,MEMORY_FLASH_NAND_PARALLEL.SCHLIB,S29GL01GP11TFIR1_TSOP56,"FLASH MEMORY, NAND, 1Gb, 3.3V"
8352,MEMORY_FLASH_NAND_PARALLEL.SCHLIB,S29GL01GP13FFIV2_BGA64,"FLASH MEMORY, NAND, 1Gb, 3.3V+1.8v"
8353,MEMORY_FLASH_NAND_PARALLEL.SCHLIB,S29GL01GP11FFIR1_BGA64,"FLASH MEMORY, NAND, 1Gb, 3.3V"
8354,MEMORY_FLASH_NAND_PARALLEL.SCHLIB,MT29F8G08_TSOP48,"FLASH MEMORY, NAND, 8Gb (1G x 8-Bit) , 3.3v"
8355,MEMORY_FLASH_NAND_PARALLEL.SCHLIB,MT29F4G08_TSOP48,"FLASH MEMORY, NAND, 4Gb (512M x 8-Bit) , 3.3v"
8356,MEMORY_FLASH_NAND_PARALLEL.SCHLIB,MT29F2G16_TSOP48,"FLASH MEMORY, NAND, 2Gb (128M x 16-Bit) , 3.3v"
8357,MEMORY_FLASH_NAND_PARALLEL.SCHLIB,MT29F2G08_TSOP48,"FLASH MEMORY, NAND, 2Gb (256M x 8-Bit) , 3.3v"
8358,MEMORY_FLASH_NAND_PARALLEL.SCHLIB,MT29F8G08_BGA63,"FLASH MEMORY, NAND, 8Gb (1G x 8-Bit) , 1.8v"
8359,MEMORY_FLASH_NAND_PARALLEL.SCHLIB,MT29F4G08_BGA63,"FLASH MEMORY, NAND, 4Gb (512M x 8-Bit) , 1.8v"
8360,MEMORY_FLASH_NAND_PARALLEL.SCHLIB,MT29F2G16_BGA63,"FLASH MEMORY, NAND, 2Gb (128M x 16-Bit) , 1.8V"
8361,MEMORY_FLASH_NAND_PARALLEL.SCHLIB,MT29F2G08_BGA63,"FLASH MEMORY, NAND, 2Gb (256M x 8-Bit) , 1.8V"
8362,MEMORY_FLASH_NOR_PARALLEL.SCHLIB,PC28F128P30TF65A,"Flash Memory, Parallel NOR FLASH, 128Mb (x16), 65ns, 1.7~2V, BGA-64"
8363,MEMORY_FLASH_NOR_PARALLEL.SCHLIB,PC28F256P30TFA,"Flash Memory, Parallel NOR FLASH, 256Mb (x16), 100ns, 1.7~2V, BGA-64"
8364,MEMORY_FLASH_NOR_PARALLEL.SCHLIB,PC28F00BP30EFA,"Flash Memory, Parallel NOR FLASH, 2Gb (x16), 105ns, 1.7~3.6V, BGA-64"
8365,MEMORY_FLASH_NOR_PARALLEL.SCHLIB,PC28F512P30TF,"Flash Memory, Parallel NOR FLASH, 512Mb (x16), 100ns, 1.7~2V, BGA-64"
8366,MEMORY_FLASH_NOR_PARALLEL.SCHLIB,PC28F00AG18FF,"Flash Memory, Parallel NOR FLASH, 1Gb (x16), 96ns, 1.7~2V, BGA-64"
8367,MEMORY_FLASH_NOR_PARALLEL.SCHLIB,AM29LV160B,"FLASH MEMORY, NOR, 16Mb (2M x8-Bit/ 1M x16-Bit), CMOS 3.0 Volt-only Boot Sector"
8368,MEMORY_FLASH_NOR_PARALLEL.SCHLIB,AM29LV033C,"FLASH MEMORY, NOR, 32Mb (4M x 8-Bit) CMOS 3.0 Volt-only Boot Sector"
8369,MEMORY_FLASH_NOR_PARALLEL.SCHLIB,M29W256G,"FLASH MEMORY, NOR, 256Mb (32Mb x8 or 16Mb x16), 3V"
8370,MEMORY_FLASH_NOR_SPI.SCHLIB,SST25VF016_SON8N,"SPI FLASH Memory, 16Mb (2M x8), 75MHz, 8WSON"
8371,MEMORY_FLASH_NOR_SPI.SCHLIB,S25FS256DS_WSON8,"SPI FLASH Memory, 256Mb (32M x8), 80MHz"
8372,MEMORY_FLASH_NOR_SPI.SCHLIB,S25FS256AG_WSON8,"SPI FLASH Memory, 256Mb (32M x8), 133MHz"
8373,MEMORY_FLASH_NOR_SPI.SCHLIB,AT45DB641E_WSON8,"FLASH DATA, 64Mb, 85MHz, NOR"
8374,MEMORY_FLASH_NOR_SPI.SCHLIB,AT45DB641E_SON8N,"FLASH DATA, 64Mb, 85MHz, NOR"
8375,MEMORY_FLASH_NOR_SPI.SCHLIB,W25Q256JV_WSON8,"SPI FLASH Memory, 256Mb (32M x8), 133MHz, 3.3V"
8376,MEMORY_FLASH_NOR_SPI.SCHLIB,W25Q16JV_USON8S,"SPI FLASH Memory, 16Mb (4M x4), 133MHz, 3.3V, USON-8-2x3"
8377,MEMORY_FLASH_NOR_SPI.SCHLIB,W25Q128JW_SON8N,"SPI FLASH Memory, 128Mb (32M x4), 133MHz, 1.8V"
8378,MEMORY_FLASH_NOR_SPI.SCHLIB,W25Q128JV_SON8N,"SPI FLASH Memory, 128Mb (32M x4), 133MHz, 3.3V"
8379,MEMORY_FLASH_NOR_SPI.SCHLIB,S25FL256R_SO16W,"SPI FLASH Memory, 256Mb (32M x8), 104MHz"
8380,MEMORY_FLASH_NOR_SPI.SCHLIB,S25FL128R_SO16W,"SPI FLASH Memory, 128Mb (16M x8), 104MHz"
8381,MEMORY_FLASH_NOR_SPI.SCHLIB,MT25QU128_SON8N,"SPI FLASH Memory, 128Mb (32M x4), 133MHz, 1.8V"
8382,MEMORY_FLASH_NOR_SPI.SCHLIB,IS25WP256_WSON8,"SPI FLASH Memory, 256Mb (32M x8), 104MHz"
8383,MEMORY_FLASH_NOR_SPI.SCHLIB,IS25WP128_SON8N,"SPI FLASH Memory, 128Mb (16M x8), 104MHz, 1.65~1.95V"
8384,MEMORY_FLASH_NOR_SPI.SCHLIB,IS25LP128_SON8N,"SPI FLASH Memory, 128Mb (16M x8), 104MHz, 2.3~3.6V"
8385,MEMORY_FLASH_NOR_SPI.SCHLIB,GD25LQ128_SON8N,"SPI FLASH Memory, 128Mb (32M x4), 133MHz, 1.8V"
8386,MEMORY_FLASH_NOR_SPI.SCHLIB,AT25SL128_SON8N,"SPI FLASH Memory, 128Mb (16M x8), 104MHz, 1.8V"
8387,MEMORY_FLASH_NOR_SPI.SCHLIB,AT25SF128_SON8N,"SPI FLASH Memory, 128Mb (16M x8), 133MHz, 3.3V"
8388,MEMORY_FLASH_NOR_SPI.SCHLIB,W25Q16JV_XSON8,"SPI FLASH Memory, 16Mb (4M x4), 133MHz, 3.3V, XSON-8-4x4"
8389,MEMORY_FLASH_NOR_SPI.SCHLIB,W25Q16JV_USON8,"SPI FLASH Memory, 16Mb (4M x4), 133MHz, 3.3V, USON-8-4x3"
8390,MEMORY_FLASH_NOR_SPI.SCHLIB,W25Q16JV_SON8N,"SPI FLASH Memory, 16Mb (4M x4), 133MHz, 3.3V, SON-8-5x6"
8391,MEMORY_FLASH_NOR_SPI.SCHLIB,S25FS512_WSON8,"SPI FLASH Memory, 512Mb (64M x8), 133MHz"
8392,MEMORY_FLASH_NOR_SPI.SCHLIB,S25FL512_SO16W,"SPI FLASH Memory, 512Mb (64M x8), 104MHz"
8393,MEMORY_FLASH_NOR_SPI.SCHLIB,S25FL256_WSON8,"SPI FLASH Memory, 256Mb (32M x8), 104MHz"
8394,MEMORY_FLASH_NOR_SPI.SCHLIB,S25FL256_SO16W,"SPI FLASH Memory, 256Mb (32M x8), 104MHz"
8395,MEMORY_FLASH_NOR_SPI.SCHLIB,N25Q256F_SO16W,"SPI FLASH Memory, 256Mb (32M x8), 104MHz, 1.8V"
8396,MEMORY_FLASH_NOR_SPI.SCHLIB,IS25LP128_SO8W,"SPI FLASH Memory, 128Mb (16M x8), 104MHz, 2.3~3.6V"
8397,MEMORY_FLASH_NOR_SPI.SCHLIB,IS25LP064_SO8W,"SPI FLASH Memory, 64Mb (8M x8), 104MHz, 2.3~3.6V"
8398,MEMORY_FLASH_NOR_SPI.SCHLIB,AT45DB641_SOP8,"FLASH DATA, 64Mb, 85MHz, NOR"
8399,MEMORY_FLASH_NOR_SPI.SCHLIB,AT45DB321_SOP8,"FLASH DATA, 32Mb, 85MHz, NOR"
8400,MEMORY_FLASH_NOR_SPI.SCHLIB,AT45DB161_SOP8,"FLASH DATA, 16Mb, 70MHz"
8401,MEMORY_FLASH_NOR_SPI.SCHLIB,AT45DB021_SOP8,"FLASH DATA, 2Mb, 70MHz"
8402,MEMORY_FLASH_NOR_SPI.SCHLIB,W25Q64JV_SO8W,"SPI FLASH Memory, 64Mb (8M x8), 133MHz"
8403,MEMORY_FLASH_NOR_SPI.SCHLIB,W25Q64FW_SO8W,"SPI FLASH Memory, 64Mb (8M x8), 104MHz"
8404,MEMORY_FLASH_NOR_SPI.SCHLIB,W25Q64FV_SO8W,"SPI FLASH Memory, 64Mb (8M x8), 104MHz"
8405,MEMORY_FLASH_NOR_SPI.SCHLIB,SPILASH_SO168,"SPI FLASH Memory, 64Mb (8M x8), 104MHz"
8406,MEMORY_FLASH_NOR_SPI.SCHLIB,N25Q512_WSON8,"SPI FLASH Memory, 512Mb (128M x4), 108MHz"
8407,MEMORY_FLASH_NOR_SPI.SCHLIB,N25Q512_SO16W,"SPI FLASH Memory, 512Mb (128M x4), 108MHz"
8408,MEMORY_FLASH_NOR_SPI.SCHLIB,N25Q256_WSON8,"SPI FLASH Memory, 256Mb (64M x4), 108MHz"
8409,MEMORY_FLASH_NOR_SPI.SCHLIB,N25Q256_SO16W,"SPI FLASH Memory, 256Mb (32M x8), 104MHz"
8410,MEMORY_FLASH_NOR_SPI.SCHLIB,N25Q128_WSON8,"SPI FLASH Memory, 128Mb (32M x4), 108MHz"
8411,MEMORY_FLASH_NOR_SPI.SCHLIB,N25Q128_SO16W,"SPI FLASH Memory, 128Mb (16M x8), 104MHz, 1.8V"
8412,MEMORY_FLASH_NOR_SPI.SCHLIB,W25Q128_SO8W,"SPI FLASH Memory, 128Mb (16M x8), 104MHz"
8413,MEMORY_FLASH_NOR_SPI.SCHLIB,W25Q02_BGA24,"Flash NOR , spiFlash, 2Gb, 4Kb Uniform Sector"
8414,MEMORY_FLASH_NOR_SPI.SCHLIB,N25Q00_SO16W,"SPI FLASH Memory, 1Gb (256M x4), 108MHz"
8415,MEMORY_FLASH_NOR_SPI.SCHLIB,M25Q64_WSON8,"SPI FLASH Memory, 64Mb (8M x8), 75MHz"
8416,MEMORY_FLASH_PLATFORM.SCHLIB,XCF02S_TSSOP20,"XCF00S Series, Platform Flash, 2-Mb, In-System Programmable, 3.3V PROM, VO20"
8417,MEMORY_FLASH_PLATFORM.SCHLIB,XCF32P_TSOP48,"XCF00P Series, Platform Flash, 32Mb, In-System Programmable, 1.8V PROM, VO48"
8418,MEMORY_FRAM.SCHLIB,MR45V100A_SO8W,"FRAM, SPI, 1Mb (128K x 8), 33MHz, 2~3.6V, SOP-8W"
8419,MEMORY_FRAM.SCHLIB,CY15B104Q_SO8W,"FRAM, SPI, 4Mb (512K x 8), 40MHz, 2~3.6V, SOP-8W"
8420,MEMORY_FRAM.SCHLIB,CY15B104Q_DFN8,"FRAM, SPI, 4Mb (512K x 8), 40MHz, 2~3.6V, DFN-8"
8421,MEMORY_FRAM.SCHLIB,FM25CL64_SO8W,"FRAM, SPI, 64Kb (8K x 8), 20MHz, 2~3.6V, SOP-8W"
8422,MEMORY_FRAM.SCHLIB,FM25CL64_DFN8,"FRAM, SPI, 64Kb (8K x 8), 20MHz, 2~3.6V, DFN-8"
8423,MEMORY_FRAM.SCHLIB,FM24CL64_SOP8,"FRAM, I2C, 64Kb (8K ×8), Serial 3V Memory"
8424,MEMORY_FRAM.SCHLIB,FM24CL64_DFN8,"FRAM, I2C, 64Kb (8K ×8), 3V, DFN-8"
8425,MEMORY_FRAM.SCHLIB,FM24CL16_SOP8,"FRAM, I2C, 16Kb, Serial 3V Memory"
8426,MEMORY_FRAM.SCHLIB,FM25V20_SO8W,"FRAM, SPI, 2Mb (256K x 8), 33MHz, 2~3.6V, SOP-8W"
8427,MEMORY_FRAM.SCHLIB,FM25V20_DFN8,"FRAM, SPI, 2Mb (256K x 8), 33MHz, 2~3.6V, DFN-8"
8428,MEMORY_FRAM.SCHLIB,FM25V10_SO8W,"FRAM, SPI, 1Mb (128K x 8), 33MHz, 2~3.6V, SOP-8W"
8429,MEMORY_FRAM.SCHLIB,FM25V10_DFN8,"FRAM, SPI, 1Mb (128K x 8), 33MHz, 2~3.6V, DFN-8"
8430,MEMORY_FRAM.SCHLIB,FM25V02_SO8W,"FRAM, SPI, 256Kb (32K x 8), 33MHz, 2~3.6V, SOP-8W"
8431,MEMORY_FRAM.SCHLIB,FM25V02_DFN8,"FRAM, SPI, 256Kb (32K x 8), 33MHz, 2~3.6V, DFN-8"
8432,MEMORY_SDRAM.SCHLIB,SDRAM_MT48LC16M16A2P_TSOP54,"SDRAM, 256Mb (4M x16 x4banks), 54-Pin TSOP"
8433,MEMORY_SDRAM.SCHLIB,SDRAM_MT48LC32M16_TSOP54,"SDRAM, 512Mb, 32Mb x 16, 7.5ns, 3.3V,TSOP54, PC133"
8434,MEMORY_SDRAM.SCHLIB,SDRAM_IS42VM16160_BGA54,"SDRAM, 256Mb(4MbX16bX4), BGA-54"
8435,MEMORY_SDRAM.SCHLIB,SDRAM_IS42S16400_TSOP54,"SDRAM, 64Mb(1MbX16bX4), TSOP54"
8436,MEMORY_SDRAM.SCHLIB,SDRAM_K4S561633C_BGA54,"SDRAM, 256Mb(4MbX16bX4), BGA-54"
8437,MEMORY_SDRAM.SCHLIB,SDRAM_K4S511632_TSOP54,"SDRAM, 512Mb, 8Mb x 16Bit x 4 Banks, 54-Pin TSOP"
8438,MEMORY_SDRAM_DDR2.SCHLIB,DDR2_MT47H128M16_BGA84,"DDR2 SDRAM, 2Gb (128M X16), DDR2-800 (400MHz), ,2.5ns, 1.8V, FBGA84"
8439,MEMORY_SDRAM_DDR2.SCHLIB,DDR2_IS43DR16640_BGA84,"DDR2 SDRAM, 1Gb (64M X16), FBGA-84"
8440,MEMORY_SDRAM_DDR2.SCHLIB,DDR2_MT47H64M16_BGA84,"DDR2 SDRAM, 1Gb (64M X16), FBGA84"
8441,MEMORY_SDRAM_DDR2.SCHLIB,DDR2_MT47H256M8_BGA60,"DDR2 SDRAM, 2Gb (256Mb x 8), DDR2-1066 (533MHz), 1.875ns, FBGA-60"
8442,MEMORY_SDRAM_DDR2.SCHLIB,DDR2_MT47H1G4_BGA63,"DDR2 SDRAM, 4Gb (1Gb X4), DDR2-800 (400MHz), ,2.5ns, 1.8V, FBGA-63"
8443,MEMORY_SDRAM_DDR3.SCHLIB,DDR3L_MT41K512M16T_BGA96,"DDR3L SDRAM, 8Gb (512Mb X16), 1.35V, FBGA-96, TwinDie selfRefresh"
8444,MEMORY_SDRAM_DDR3.SCHLIB,DDR3L_MT41K512M16_BGA96,"DDR3L SDRAM, 8Gb (512Mb X16), 1.35V, FBGA-96"
8445,MEMORY_SDRAM_DDR3.SCHLIB,DDR3L_MT41K256M16_BGA96,"DDR3L SDRAM, 4Gb (256Mb X16), 1.35V, FBGA-96"
8446,MEMORY_SDRAM_DDR3.SCHLIB,DDR3L_IS46TR16256_BGA96,"DDR3L SDRAM, 4Gb (256Mb X16), 1.35V, FBGA-96"
8447,MEMORY_SDRAM_DDR3.SCHLIB,DDR3_MT41K128M16_BGA96,"DDR3 SDRAM, 2Gb (128Mb X16), 1.35V, FBGA-96"
8448,MEMORY_SDRAM_DDR3.SCHLIB,DDR3_MT41J256M16_BGA96,"DDR3 SDRAM, 4Gb (256Mb X16), 1.5V, FBGA-96"
8449,MEMORY_SDRAM_DDR3.SCHLIB,DDR3_MT41J128M16_BGA96,"DDR3 SDRAM, 2Gb (128Mb X16), 667MHz, 1.5V, FBGA-96"
8450,MEMORY_SDRAM_DDR3.SCHLIB,DDR3_IS43TR16512_BGA96,"DDR3L SDRAM, 8Gb (512Mb X16), 1.5V, FBGA-96"
8451,MEMORY_SDRAM_DDR3.SCHLIB,DDR3_IS43TR16256_BGA96,"DDR3 SDRAM, 4Gb (256Mb X16), 1.5V, FBGA-96"
8452,MEMORY_SDRAM_DDR3.SCHLIB,DDR3L_AS4C512M16_BGA96,"DDR3L SDRAM, 8Gb (512Mb X16), 1.35V, FBGA-96"
8453,MEMORY_SDRAM_DDR3.SCHLIB,DDR3L_AS4C256M16_BGA96,"DDR3L SDRAM, 4Gb (256Mb X16), 1.35V, FBGA-96"
8454,MEMORY_SDRAM_DDR3.SCHLIB,DDR3_MT41J256M8_BGA78,"DDR3 SDRAM, 2Gb (256M X8), FBGA-78"
8455,MEMORY_SDRAM_DDR3.SCHLIB,DDR3_AS4C256M16_BGA96,"DDR3L SDRAM, 4Gb (256Mb X16), 1.5V, FBGA-96"
8456,MEMORY_SDRAM_DDR3.SCHLIB,DDR3_K4B2G1646_BGA96,"DDR3 SDRAM, 2Gb (128M X16), DDR3 1333 FBGA96"
8457,MEMORY_SDRAM_DDR3.SCHLIB,DDR3_K4B1G0846_BGA78,"DDR3 SDRAM, 1Gb (64M X8) DDR3 1333, FBGA78p"
8458,MEMORY_SDRAM_DDR3.SCHLIB,DDR3L_MT41K1G8_BGA78,"DDR3 SDRAM, 8Gb (1Gb X8), 1.35V, FBGA-78"
8459,MEMORY_SDRAM_DDR4.SCHLIB,DDR4_MT40A256M16_BGA96_1,"DDR4 SDRAM, 4Gb (256Mb X16), 1.2V, FBGA-96"
8460,MEMORY_SDRAM_DDR4.SCHLIB,DDR4_MT40A256M16_BGA96,"DDR4 SDRAM, 4Gb (256Mb X16), 1.2V, FBGA-96"
8461,MEMORY_SDRAM_DDR4.SCHLIB,DDR4_MT40A1G8_BGA78,"DDR4 SDRAM, 8Gb (1Gb X8), 1.2V, FBGA-78"
8462,MEMORY_SDRAM_LPDDR3.SCHLIB,LPDDR3_AWL3A1632_BGA178,"LPDDR4 SDRAM, 16Gb (512Mb X32), FBGA-178"
8463,MEMORY_SDRAM_LPDDR4.SCHLIB,LPDDR4_MT53B1024M32_BGA200,"LPDDR4 SDRAM, 32Gb (1024Mb X32), 200-WFBGA"
8464,MEMORY_SDRAM_LPDDR4.SCHLIB,LPDDR4_MT53B512M32_BGA200,"LPDDR4 SDRAM, 16Gb (512Mb X32), 200-WFBGA"
8465,MEMORY_SDRAM_LPDDR4.SCHLIB,LPDDR4_MT53B256M32_BGA200,"LPDDR4 SDRAM, 8Gb (256Mb X32), 200-WFBGA"
8466,MEMORY_SDRAM_LPDDR4.SCHLIB,LPDDR4_MT53B1GM32_BGA200,"LPDDR4 SDRAM, 32Gb (1024Mb X32), 200-WFBGA"
8467,MEMORY_SRAM.SCHLIB,IS62WV102416_TSOP48,"SRAM, 16Mb (1M x16), HiSpeed Async, 2.4~3.6V, 48-TSOP I"
8468,MEMORY_SRAM.SCHLIB,IS61WV204816_TSOP48,"SRAM, 32Mb (2M x16), HiSpeed Async, 2.4~3.6V, 48-TSOP I"
8469,MEMORY_SRAM.SCHLIB,CY7C1041CV33_TSOP44,"SRAM, 4Mb (256K x16), Async, 10ns, 3~3.6V, 44-TSOP II"
8470,MEMORY_SRAM.SCHLIB,IS66WVE4M16E_BGA48,"SRAM, 64Mb (4M x16), Async, 3.3V, BGA-48"
8471,MEMORY_SRAM.SCHLIB,IS66WVE4M16E_BGA24,"SRAM, 64Mb (8M x8), DDR, 1.8V, BGA-24"
8472,MEMORY_SRAM.SCHLIB,IS66WVE4M16A_BGA48,"SRAM, 64Mb (4M x16), Async, 1.8V, BGA-48"
8473,MEMORY_SRAM.SCHLIB,IS62WV102416_BGA48,"SRAM, 16Mb (1M x16), HiSpeed Async, 2.4~3.6V, BGA-48"
8474,MEMORY_SRAM.SCHLIB,IS61WV204816_BGA48,"SRAM, 32Mb (2M x16), HiSpeed Async, 2.4~3.6V, BGA-48"
8475,MEMORY_SRAM.SCHLIB,IS61LV51216_TSOP44,"SRAM, 8M (512K x16), HiSpeed Async, 2.4~3.6V, 44-TSOP II"
8476,MEMORY_SRAM.SCHLIB,CY7C1071DV33_BGA48,"SRAM, 32Mb (2M x16), Async, 12ns, 2.2~3.7V, 48-BALL"
8477,MEMORY_SRAM.SCHLIB,CY62177EV30_TSOP48,"SRAM, 32Mb (2M x16, 4Mx8), HiSpeed Async, 2.2~3.6V, 48-TSOP I"
8478,MEMORY_SRAM.SCHLIB,CY62167EV30_TSOP48,"SRAM, 32Mb (1M x16, 2Mx8), HiSpeed Async, 2.2~3.6V, 48-TSOP I"
8479,MEMORY_SRAM.SCHLIB,CY62167DV30_TSOP48,"SRAM, 32Mb (1M x16, 2Mx8), HiSpeed Async, 2.2~3.6V, 48-TSOP I"
8480,MEMORY_SRAM.SCHLIB,GS81284Z36_BGA119,"SRAM, 144Mb (4M x36), Sync, 7.5ns, 1.8/2.5V, 119-BALL"
8481,MEMORY_SRAM.SCHLIB,CY62187EV30_BGA48,"SRAM, 64Mb (4M x16), Async, 55ns, 2.2~3.7V, 48-BALL"
8482,MEMORY_SRAM.SCHLIB,CY7C026AV_QFP100,"SRAM, DUAL PORT, 256Kb (16Kb x16), Async, 25ns"
8483,MEMORY_SRAM.SCHLIB,AS6C6416_TSOP48,"SRAM, 64Mb  (4Mx16/8Mx8), 2.7~3.6V, 48-TSOP I"
8484,MEMORY_SRAM.SCHLIB,AS6C62256_SOP28,"SRAM,256kb  (32k x 8)"
8485,MEMORY_SRAM.SCHLIB,AS6C3216_TSOP48,"SRAM, 32Mb  (2Mx16/4Mx8), 2.7~3.6V, 48-TSOP I"
8486,MLCC_SMD_PASSIVE.SCHLIB,CAP_SMD_MLCC_4.7u10V_0402,"CAP, MLCC, 4.7uF, 10V, X5R, 20%, 0402"
8487,MLCC_SMD_PASSIVE.SCHLIB,CAP_SMD_MLCC_2.2u50V_0805,"CAP, MLCC"
8488,MLCC_SMD_PASSIVE.SCHLIB,CAP_SMD_MLCC_2.2u50V_0603,"CAP, MLCC"
8489,MLCC_SMD_PASSIVE.SCHLIB,CAP_SMD_MLCC_10u25V_0603,"CAP, MLCC"
8490,MLCC_SMD_PASSIVE.SCHLIB,CAP_SMD_MLCC_1u25V_0402,"CAP, MLCC"
8491,MLCC_SMD_PASSIVE.SCHLIB,CAP_SMD_MLCC_100u6.3VT,"CAP, MLCC, X5R 100uF 20% 6.3V 1210"
8492,MLCC_SMD_PASSIVE.SCHLIB,CAP_SMD_MLCC_100u6.3VK,"CAP, MLCC, X5R 100uF 20% 6.3V 1206"
8493,MLCC_SMD_PASSIVE.SCHLIB,CAP_SMD_MLCC_100n50TDK,"CAP, MLCC, 100nF, 50V, X7R, 10%, 0402C"
8494,MLCC_SMD_PASSIVE.SCHLIB,CAP_SMD_MLCC_4.7u100V,"CAP, MLCC"
8495,MLCC_SMD_PASSIVE.SCHLIB,CAP_SMD_MLCC_3.3u100V,"CAP, MLCC"
8496,MLCC_SMD_PASSIVE.SCHLIB,CAP_SMD_MLCC_100u10VT,"CAP, MLCC, X5R 100uF 20% 10V 1210"
8497,MLCC_SMD_PASSIVE.SCHLIB,CAP_SMD_MLCC_100u10VM,"CAP, MLCC, X5R 100uF 20% 10V 1210"
8498,MLCC_SMD_PASSIVE.SCHLIB,CAP_SMD_MLCC_100u10VK,"CAP, MLCC, X5R 100uF 20% 10V 1210"
8499,MLCC_SMD_PASSIVE.SCHLIB,CAP_SMD_MLCC_8.2n50V,"CAP, MLCC"
8500,MLCC_SMD_PASSIVE.SCHLIB,CAP_SMD_MLCC_620p50V,"CAP, MLCC"
8501,MLCC_SMD_PASSIVE.SCHLIB,CAP_SMD_MLCC_6.8p50V,"CAP, MLCC, 50V, C0G, 5%"
8502,MLCC_SMD_PASSIVE.SCHLIB,CAP_SMD_MLCC_6.8n50V,"CAP, MLCC"
8503,MLCC_SMD_PASSIVE.SCHLIB,CAP_SMD_MLCC_470p50V,"CAP, MLCC, 50V, C0G, 5%"
8504,MLCC_SMD_PASSIVE.SCHLIB,CAP_SMD_MLCC_470n25V,"CAP, MLCC, 16V,+/-10%,X7R"
8505,MLCC_SMD_PASSIVE.SCHLIB,CAP_SMD_MLCC_4.7u50V,"CAP, MLCC, SMD"
8506,MLCC_SMD_PASSIVE.SCHLIB,CAP_SMD_MLCC_4.7u25V,"CAP, MLCC, 4.7uF, 25V, X5R, 10%, 0603"
8507,MLCC_SMD_PASSIVE.SCHLIB,CAP_SMD_MLCC_4.7p50V,"CAP, MLCC, 50V, C0G, 5%"
8508,MLCC_SMD_PASSIVE.SCHLIB,CAP_SMD_MLCC_4.7n50V,"CAP, MLCC"
8509,MLCC_SMD_PASSIVE.SCHLIB,CAP_SMD_MLCC_4.7n2KV,"CAP, MLCC"
8510,MLCC_SMD_PASSIVE.SCHLIB,CAP_SMD_MLCC_330p50V,"CAP, MLCC, 50V, C0G, 5%"
8511,MLCC_SMD_PASSIVE.SCHLIB,CAP_SMD_MLCC_3.3n50V,"CAP, MLCC, 3.3nF, 50V, X7R, 5%, 0402C"
8512,MLCC_SMD_PASSIVE.SCHLIB,CAP_SMD_MLCC_220p50V,"CAP, MLCC, 50V, C0G, 5%"
8513,MLCC_SMD_PASSIVE.SCHLIB,CAP_SMD_MLCC_220n50V,"CAP, MLCC, 220nF, 50V, X6S, 10%, 0402C"
8514,MLCC_SMD_PASSIVE.SCHLIB,CAP_SMD_MLCC_2.2n50V,"CAP, MLCC"
8515,MLCC_SMD_PASSIVE.SCHLIB,CAP_SMD_MLCC_150p50V,"CAP, MLCC, 50V, C0G, 5%"
8516,MLCC_SMD_PASSIVE.SCHLIB,CAP_SMD_MLCC_100u16V,"CAP, MLCC, X5R 100uF 20% 16V 1210"
8517,MLCC_SMD_PASSIVE.SCHLIB,CAP_SMD_MLCC_100p50V,"CAP, MLCC, 50V, C0G, 5%"
8518,MLCC_SMD_PASSIVE.SCHLIB,CAP_SMD_MLCC_100n50T,"CAP, MLCC, 100nF, 50V, X5R, 10%, 0402C"
8519,MLCC_SMD_PASSIVE.SCHLIB,CAP_SMD_MLCC_100n35T,"CAP, MLCC, 100nF, 35V, X5R, 10%, 0402C"
8520,MLCC_SMD_PASSIVE.SCHLIB,CAP_SMD_MLCC_1.8n50V,"CAP, MLCC"
8521,MLCC_SMD_PASSIVE.SCHLIB,CAP_SMD_MLCC_1.5n50V,"CAP, MLCC"
8522,MLCC_SMD_PASSIVE.SCHLIB,CAP_SMD_MLCC_68n1kv,"CAP, MLCC"
8523,MLCC_SMD_PASSIVE.SCHLIB,CAP_SMD_MLCC_47u25V,"CAP, MLCC"
8524,MLCC_SMD_PASSIVE.SCHLIB,CAP_SMD_MLCC_47p50V,"CAP, MLCC, 50V, C0G, 5%"
8525,MLCC_SMD_PASSIVE.SCHLIB,CAP_SMD_MLCC_47n50V,"CAP, MLCC"
8526,MLCC_SMD_PASSIVE.SCHLIB,CAP_SMD_MLCC_33p50V,"CAP, MLCC, 50V, C0G, 5%"
8527,MLCC_SMD_PASSIVE.SCHLIB,CAP_SMD_MLCC_33n50V,"CAP, MLCC"
8528,MLCC_SMD_PASSIVE.SCHLIB,CAP_SMD_MLCC_27p50V,"CAP, MLCC, 50V, C0G, 5%"
8529,MLCC_SMD_PASSIVE.SCHLIB,CAP_SMD_MLCC_22u35V,"CAP, MLCC, X5R 22uF 35V 20% 1206"
8530,MLCC_SMD_PASSIVE.SCHLIB,CAP_SMD_MLCC_22u25V,"CAP, MLCC, X5R 22uF 25V 20% 1206"
8531,MLCC_SMD_PASSIVE.SCHLIB,CAP_SMD_MLCC_22p50V,"CAP, MLCC, 50V, C0G, 2%"
8532,MLCC_SMD_PASSIVE.SCHLIB,CAP_SMD_MLCC_22n50V,"CAP, MLCC, 22nF, 50V, X7R, 10%, 0402C"
8533,MLCC_SMD_PASSIVE.SCHLIB,CAP_SMD_MLCC_18p50V,"CAP, MLCC, 50V, C0G, 5%"
8534,MLCC_SMD_PASSIVE.SCHLIB,CAP_SMD_MLCC_15n50V,"CAP, MLCC"
8535,MLCC_SMD_PASSIVE.SCHLIB,CAP_SMD_MLCC_10u25V,"CAP, MLCC, X5R 10uF 10% 25V 0805"
8536,MLCC_SMD_PASSIVE.SCHLIB,CAP_SMD_MLCC_10u16V,"CAP, MLCC, X5R, 10uF, 10%, 16V, 0603"
8537,MLCC_SMD_PASSIVE.SCHLIB,CAP_SMD_MLCC_10p50V,"CAP, MLCC, 50V, C0G, 5%"
8538,MLCC_SMD_PASSIVE.SCHLIB,CAP_SMD_MLCC_10n50V,"CAP, MLCC, 10nF, 50V, X7R, 10%, 0402C"
8539,MLCC_SMD_PASSIVE.SCHLIB,CAP_SMD_MLCC_1u50V,"CAP, MLCC"
8540,MLCC_SMD_PASSIVE.SCHLIB,CAP_SMD_MLCC_1u25V,"CAP, MLCC, 1uF, 16V, X5R, 10%, 0402"
8541,MLCC_SMD_PASSIVE.SCHLIB,CAP_SMD_MLCC_1n50V,"CAP, MLCC, 50V, C0G, 5%"
8542,MLCC_SMD_PASSIVE.SCHLIB,CAP_SMD_MLCC,"CAP, MLCC, 1nF, 50V, C0G, 10%, 0402"
8543,MODULE_AC2DC.SCHLIB,AQF-30S24_MINMAX,"AC/DC CONVERTER, no terminal"
8544,MODULE_AC2DC.SCHLIB,ACDC12V300MA,AC/DC CONVERTER
8545,MODULE_AC2DC.SCHLIB,HLK-5M12,AC/DC CONVERTER
8546,MODULE_AC2DC.SCHLIB,HLK-5M09,AC/DC CONVERTER
8547,MODULE_AC2DC.SCHLIB,HLK-5M05,AC/DC CONVERTER
8548,MODULE_AC2DC.SCHLIB,HLK-5M03,AC/DC CONVERTER
8549,MODULE_DC2DC_ISO.SCHLIB,PDQ15-Q24-S5-D,"DC-DC Converter, Isolated, 15W, 9~36V IN , 3A"
8550,MODULE_DC2DC_ISO.SCHLIB,B0505ST8_SOP8W,"DC-DC Converter, Isolated, 0.3W, 3kvrms isolation"
8551,MODULE_DC2DC_ISO.SCHLIB,MJWI10-48S051,"DC-DC Converter, Isolated, 10W"
8552,MODULE_DC2DC_ISO.SCHLIB,MJWI10-48S033,"DC-DC Converter, Isolated, 10W"
8553,MODULE_DC2DC_ISO.SCHLIB,MJWI10-24S051,"DC-DC Converter, Isolated, 10W"
8554,MODULE_DC2DC_ISO.SCHLIB,MJWI10-24S033,"DC-DC Converter, Isolated, 10W"
8555,MODULE_DC2DC_ISO.SCHLIB,MIWI06-48S033,"DC-DC Converter, Isolated, 6W"
8556,MODULE_DC2DC_ISO.SCHLIB,MIWI06-24S033,"DC-DC Converter, Isolated, 6W"
8557,MODULE_DC2DC_ISO.SCHLIB,MDWI03-48S033,"DC-DC Converter, Isolated, 3W"
8558,MODULE_DC2DC_ISO.SCHLIB,MDWI03-24S033,"DC-DC Converter, Isolated, 3W"
8559,MODULE_DC2DC_ISO.SCHLIB,MCWI05-24S033,"DC-DC Converter, Isolated, 5W"
8560,MODULE_DC2DC_ISO.SCHLIB,MCWI03-48S033,"DC-DC Converter, Isolated, 3W"
8561,MODULE_DC2DC_ISO.SCHLIB,MCWI03-24S033,"DC-DC Converter, Isolated, 3W"
8562,MODULE_DC2DC_ISO.SCHLIB,MCWI03-12S033,"DC-DC Converter, Isolated, 3W"
8563,MODULE_DC2DC_ISO.SCHLIB,EC5SAW-24S12N,"DC-DC Converter, Isolated, 10W"
8564,MODULE_DC2DC_ISO.SCHLIB,MSCW01-48S15,"DC-DC Converter, Isolated, 1W"
8565,MODULE_DC2DC_ISO.SCHLIB,MSCW01-48S12,"DC-DC Converter, Isolated, 1W"
8566,MODULE_DC2DC_ISO.SCHLIB,MSCW01-48S05,"DC-DC Converter, Isolated, 1W"
8567,MODULE_DC2DC_ISO.SCHLIB,MSCW01-48D15,"DC-DC Converter, Isolated, 1W"
8568,MODULE_DC2DC_ISO.SCHLIB,MSCW01-48D12,"DC-DC Converter, Isolated, 1W"
8569,MODULE_DC2DC_ISO.SCHLIB,MSCW01-24S15,"DC-DC Converter, Isolated, 1W"
8570,MODULE_DC2DC_ISO.SCHLIB,MSCW01-24S12,"DC-DC Converter, Isolated, 1W"
8571,MODULE_DC2DC_ISO.SCHLIB,MSCW01-24S05,"DC-DC Converter, Isolated, 1W"
8572,MODULE_DC2DC_ISO.SCHLIB,MSCW01-24D15,"DC-DC Converter, Isolated, 1W"
8573,MODULE_DC2DC_ISO.SCHLIB,MSCW01-24D12,"DC-DC Converter, Isolated, 1W"
8574,MODULE_DC2DC_ISO.SCHLIB,MSCW01-12S15,"DC-DC Converter, Isolated, 1W"
8575,MODULE_DC2DC_ISO.SCHLIB,MSCW01-12S12,"DC-DC Converter, Isolated, 1W"
8576,MODULE_DC2DC_ISO.SCHLIB,MSCW01-12S05,"DC-DC Converter, Isolated, 1W"
8577,MODULE_DC2DC_ISO.SCHLIB,MSCW01-12D15,"DC-DC Converter, Isolated, 1W"
8578,MODULE_DC2DC_ISO.SCHLIB,MSCW01-12D12,"DC-DC Converter, Isolated, 1W"
8579,MODULE_DC2DC_ISO.SCHLIB,MSCW01-05S15,"DC-DC Converter, Isolated, 1W"
8580,MODULE_DC2DC_ISO.SCHLIB,MSCW01-05S12,"DC-DC Converter, Isolated, 1W"
8581,MODULE_DC2DC_ISO.SCHLIB,MSCW01-05S05,"DC-DC Converter, Isolated, 1W"
8582,MODULE_DC2DC_ISO.SCHLIB,MSCW01-05D15,"DC-DC Converter, Isolated, 1W"
8583,MODULE_DC2DC_ISO.SCHLIB,MSCW01-05D12,"DC-DC Converter, Isolated, 1W"
8584,MODULE_DC2DC_ISO.SCHLIB,MJWI30-24S12,"DC-DC Converter, Isolated, 30W, 9~36V IN"
8585,MODULE_DC2DC_ISO.SCHLIB,MJWI20-24S05,"DC-DC Converter, Isolated, 20W"
8586,MODULE_DC2DC_ISO.SCHLIB,MJWI10-48S24,"DC-DC Converter, Isolated, 10W"
8587,MODULE_DC2DC_ISO.SCHLIB,MJWI10-48S15,"DC-DC Converter, Isolated, 10W"
8588,MODULE_DC2DC_ISO.SCHLIB,MJWI10-48S12,"DC-DC Converter, Isolated, 10W"
8589,MODULE_DC2DC_ISO.SCHLIB,MJWI10-48S05,"DC-DC Converter, Isolated, 10W"
8590,MODULE_DC2DC_ISO.SCHLIB,MJWI10-48D15,"DC-DC Converter, Isolated, 10W"
8591,MODULE_DC2DC_ISO.SCHLIB,MJWI10-48D12,"DC-DC Converter, Isolated, 10W"
8592,MODULE_DC2DC_ISO.SCHLIB,MJWI10-48D05,"DC-DC Converter, Isolated, 10W"
8593,MODULE_DC2DC_ISO.SCHLIB,MJWI10-24S24,"DC-DC Converter, Isolated, 10W"
8594,MODULE_DC2DC_ISO.SCHLIB,MJWI10-24S15,"DC-DC Converter, Isolated, 10W"
8595,MODULE_DC2DC_ISO.SCHLIB,MJWI10-24S12,"DC-DC Converter, Isolated, 10W"
8596,MODULE_DC2DC_ISO.SCHLIB,MJWI10-24S05,"DC-DC Converter, Isolated, 10W"
8597,MODULE_DC2DC_ISO.SCHLIB,MJWI10-24D15,"DC-DC Converter, Isolated, 10W"
8598,MODULE_DC2DC_ISO.SCHLIB,MJWI10-24D12,"DC-DC Converter, Isolated, 10W"
8599,MODULE_DC2DC_ISO.SCHLIB,MJWI10-24D05,"DC-DC Converter, Isolated, 10W"
8600,MODULE_DC2DC_ISO.SCHLIB,MIWI10-48S05,"DC-DC Converter, Isolated, 10W"
8601,MODULE_DC2DC_ISO.SCHLIB,MIWI10-48D05,"DC-DC Converter, Isolated, 10W"
8602,MODULE_DC2DC_ISO.SCHLIB,MIWI06-48S24,"DC-DC Converter, Isolated, 6W"
8603,MODULE_DC2DC_ISO.SCHLIB,MIWI06-48S15,"DC-DC Converter, Isolated, 6W"
8604,MODULE_DC2DC_ISO.SCHLIB,MIWI06-48S12,"DC-DC Converter, Isolated, 6W"
8605,MODULE_DC2DC_ISO.SCHLIB,MIWI06-48S05,"DC-DC Converter, Isolated, 6W"
8606,MODULE_DC2DC_ISO.SCHLIB,MIWI06-48D15,"DC-DC Converter, Isolated, 6W"
8607,MODULE_DC2DC_ISO.SCHLIB,MIWI06-48D12,"DC-DC Converter, Isolated, 6W"
8608,MODULE_DC2DC_ISO.SCHLIB,MIWI06-48D05,"DC-DC Converter, Isolated, 6W"
8609,MODULE_DC2DC_ISO.SCHLIB,MIWI06-24S24,"DC-DC Converter, Isolated, 6W"
8610,MODULE_DC2DC_ISO.SCHLIB,MIWI06-24S15,"DC-DC Converter, Isolated, 6W"
8611,MODULE_DC2DC_ISO.SCHLIB,MIWI06-24S12,"DC-DC Converter, Isolated, 6W"
8612,MODULE_DC2DC_ISO.SCHLIB,MIWI06-24S05,"DC-DC Converter, Isolated, 6W"
8613,MODULE_DC2DC_ISO.SCHLIB,MIWI06-24D15,"DC-DC Converter, Isolated, 6W"
8614,MODULE_DC2DC_ISO.SCHLIB,MIWI06-24D12,"DC-DC Converter, Isolated, 6W"
8615,MODULE_DC2DC_ISO.SCHLIB,MIWI06-24D05,"DC-DC Converter, Isolated, 6W"
8616,MODULE_DC2DC_ISO.SCHLIB,MDWI10-24S12,"DC-DC Converter, Isolated, 10W"
8617,MODULE_DC2DC_ISO.SCHLIB,MDWI03-48S24,"DC-DC Converter, Isolated, 3W"
8618,MODULE_DC2DC_ISO.SCHLIB,MDWI03-48S15,"DC-DC Converter, Isolated, 3W"
8619,MODULE_DC2DC_ISO.SCHLIB,MDWI03-48S12,"DC-DC Converter, Isolated, 3W"
8620,MODULE_DC2DC_ISO.SCHLIB,MDWI03-48S05,"DC-DC Converter, Isolated, 3W"
8621,MODULE_DC2DC_ISO.SCHLIB,MDWI03-48D15,"DC-DC Converter, Isolated, 3W"
8622,MODULE_DC2DC_ISO.SCHLIB,MDWI03-48D12,"DC-DC Converter, Isolated, 3W"
8623,MODULE_DC2DC_ISO.SCHLIB,MDWI03-48D05,"DC-DC Converter, Isolated, 3W"
8624,MODULE_DC2DC_ISO.SCHLIB,MDWI03-24S24,"DC-DC Converter, Isolated, 3W"
8625,MODULE_DC2DC_ISO.SCHLIB,MDWI03-24S15,"DC-DC Converter, Isolated, 3W"
8626,MODULE_DC2DC_ISO.SCHLIB,MDWI03-24S12,"DC-DC Converter, Isolated, 3W"
8627,MODULE_DC2DC_ISO.SCHLIB,MDWI03-24S05,"DC-DC Converter, Isolated, 3W"
8628,MODULE_DC2DC_ISO.SCHLIB,MDWI03-24D15,"DC-DC Converter, Isolated, 3W"
8629,MODULE_DC2DC_ISO.SCHLIB,MDWI03-24D12,"DC-DC Converter, Isolated, 3W"
8630,MODULE_DC2DC_ISO.SCHLIB,MDWI03-24D05,"DC-DC Converter, Isolated, 3W"
8631,MODULE_DC2DC_ISO.SCHLIB,MCWI05-24S05,"DC-DC Converter, Isolated, 5W"
8632,MODULE_DC2DC_ISO.SCHLIB,MCWI05-12S12,"DC-DC Converter, Isolated, 5W"
8633,MODULE_DC2DC_ISO.SCHLIB,MCWI05-12D12,"DC-DC Converter, Isolated, 5W"
8634,MODULE_DC2DC_ISO.SCHLIB,MCWI03-48S15,"DC-DC Converter, Isolated, 3W"
8635,MODULE_DC2DC_ISO.SCHLIB,MCWI03-48S12,"DC-DC Converter, Isolated, 3W"
8636,MODULE_DC2DC_ISO.SCHLIB,MCWI03-48S05,"DC-DC Converter, Isolated, 3W"
8637,MODULE_DC2DC_ISO.SCHLIB,MCWI03-48D15,"DC-DC Converter, Isolated, 3W"
8638,MODULE_DC2DC_ISO.SCHLIB,MCWI03-48D12,"DC-DC Converter, Isolated, 3W"
8639,MODULE_DC2DC_ISO.SCHLIB,MCWI03-48D05,"DC-DC Converter, Isolated, 3W"
8640,MODULE_DC2DC_ISO.SCHLIB,MCWI03-24S15,"DC-DC Converter, Isolated, 3W"
8641,MODULE_DC2DC_ISO.SCHLIB,MCWI03-24S12,"DC-DC Converter, Isolated, 3W"
8642,MODULE_DC2DC_ISO.SCHLIB,MCWI03-24S05,"DC-DC Converter, Isolated, 3W"
8643,MODULE_DC2DC_ISO.SCHLIB,MCWI03-24D15,"DC-DC Converter, Isolated, 3W"
8644,MODULE_DC2DC_ISO.SCHLIB,MCWI03-24D12,"DC-DC Converter, Isolated, 3W"
8645,MODULE_DC2DC_ISO.SCHLIB,MCWI03-24D05,"DC-DC Converter, Isolated, 3W"
8646,MODULE_DC2DC_ISO.SCHLIB,MCWI03-12S15,"DC-DC Converter, Isolated, 3W"
8647,MODULE_DC2DC_ISO.SCHLIB,MCWI03-12S12,"DC-DC Converter, Isolated, 3W"
8648,MODULE_DC2DC_ISO.SCHLIB,MCWI03-12S05,"DC-DC Converter, Isolated, 3W"
8649,MODULE_DC2DC_ISO.SCHLIB,MCWI03-12D15,"DC-DC Converter, Isolated, 3W"
8650,MODULE_DC2DC_ISO.SCHLIB,MCWI03-12D12,"DC-DC Converter, Isolated, 3W"
8651,MODULE_DC2DC_ISO.SCHLIB,MCWI03-12D05,"DC-DC Converter, Isolated, 3W"
8652,MODULE_DC2DC_ISO.SCHLIB,DCP010505DBP,"DC-DC Converter, Isolated, 1W"
8653,MODULE_DC2DC_ISO.SCHLIB,DCP010505BP,"DC-DC Converter, Isolated, 1W"
8654,MODULE_DC2DC_ISO.SCHLIB,DCH010512S,"DC-DC Converter, Isolated, 1W"
8655,MODULE_DC2DC_ISO.SCHLIB,DCH010505S,"DC-DC Converter, Isolated, 1W"
8656,MODULE_DC2DC_ISO.SCHLIB,DCH010505D,"DC-DC Converter, Isolated, 1W"
8657,MODULE_DC2DC_ISO.SCHLIB,MSDW1047,"DC-DC Converter, Isolated, MSDW1000, 2W"
8658,MODULE_DC2DC_ISO.SCHLIB,MSDW1046,"DC-DC Converter, Isolated, MSDW1000, 2W"
8659,MODULE_DC2DC_ISO.SCHLIB,MSDW1045,"DC-DC Converter, Isolated, MSDW1000, 2W"
8660,MODULE_DC2DC_ISO.SCHLIB,MSDW1044,"DC-DC Converter, Isolated, MSDW1000, 2W"
8661,MODULE_DC2DC_ISO.SCHLIB,MSDW1043,"DC-DC Converter, Isolated, MSDW1000, 2W"
8662,MODULE_DC2DC_ISO.SCHLIB,MSDW1042,"DC-DC Converter, Isolated, MSDW1000, 2W"
8663,MODULE_DC2DC_ISO.SCHLIB,MSDW1041,"DC-DC Converter, Isolated, MSDW1000, 2W"
8664,MODULE_DC2DC_ISO.SCHLIB,MSDW1037,"DC-DC Converter, Isolated, MSDW1000, 2W"
8665,MODULE_DC2DC_ISO.SCHLIB,MSDW1036,"DC-DC Converter, Isolated, MSDW1000, 2W"
8666,MODULE_DC2DC_ISO.SCHLIB,MSDW1035,"DC-DC Converter, Isolated, MSDW1000, 2W"
8667,MODULE_DC2DC_ISO.SCHLIB,MSDW1034,"DC-DC Converter, Isolated, MSDW1000, 2W"
8668,MODULE_DC2DC_ISO.SCHLIB,MSDW1033,"DC-DC Converter, Isolated, MSDW1000, 2W"
8669,MODULE_DC2DC_ISO.SCHLIB,MSDW1032,"DC-DC Converter, Isolated, MSDW1000, 2W"
8670,MODULE_DC2DC_ISO.SCHLIB,MSDW1031,"DC-DC Converter, Isolated, MSDW1000, 2W"
8671,MODULE_DC2DC_ISO.SCHLIB,MSDW1027,"DC-DC Converter, Isolated, MSDW1000, 2W"
8672,MODULE_DC2DC_ISO.SCHLIB,MSDW1026,"DC-DC Converter, Isolated, MSDW1000, 2W"
8673,MODULE_DC2DC_ISO.SCHLIB,MSDW1025,"DC-DC Converter, Isolated, MSDW1000, 2W"
8674,MODULE_DC2DC_ISO.SCHLIB,MSDW1024,"DC-DC Converter, Isolated, MSDW1000, 2W"
8675,MODULE_DC2DC_ISO.SCHLIB,MSDW1023,"DC-DC Converter, Isolated, MSDW1000, 2W"
8676,MODULE_DC2DC_ISO.SCHLIB,MSDW1022,"DC-DC Converter, Isolated, MSDW1000, 2W"
8677,MODULE_DC2DC_ISO.SCHLIB,MSDW1021,"DC-DC Converter, Isolated, MSDW1000, 2W"
8678,MODULE_DC2DC_ISO.SCHLIB,MSDW1017,"DC-DC Converter, Isolated, MSDW1000, 2W"
8679,MODULE_DC2DC_ISO.SCHLIB,MSDW1016,"DC-DC Converter, Isolated, MSDW1000, 2W"
8680,MODULE_DC2DC_ISO.SCHLIB,MSDW1015,"DC-DC Converter, Isolated, 2W, MSDW1000"
8681,MODULE_DC2DC_ISO.SCHLIB,MSDW1014,"DC-DC Converter, Isolated, 2W, MSDW1000"
8682,MODULE_DC2DC_ISO.SCHLIB,MSDW1013,"DC-DC Converter, Isolated, 2W, MSDW1000"
8683,MODULE_DC2DC_ISO.SCHLIB,MSDW1012,"DC-DC Converter, Isolated, 2W, MSDW1000"
8684,MODULE_DC2DC_ISO.SCHLIB,MSDW1011,"DC-DC Converter, Isolated, 2W, MSDW1000"
8685,MODULE_DC2DC_ISO.SCHLIB,MIW5049,"DC-DC Converter, Isolated, 10W"
8686,MODULE_DC2DC_ISO.SCHLIB,MIW5047,"DC-DC Converter, Isolated, 10W"
8687,MODULE_DC2DC_ISO.SCHLIB,MIW5046,"DC-DC Converter, Isolated, 10W"
8688,MODULE_DC2DC_ISO.SCHLIB,MIW5044,"DC-DC Converter, Isolated, 10W"
8689,MODULE_DC2DC_ISO.SCHLIB,MIW5043,"DC-DC Converter, Isolated, 10W"
8690,MODULE_DC2DC_ISO.SCHLIB,MIW5042,"DC-DC Converter, Isolated, 10W"
8691,MODULE_DC2DC_ISO.SCHLIB,MIW5041,"DC-DC Converter, Isolated, 10W"
8692,MODULE_DC2DC_ISO.SCHLIB,MIW5039,"DC-DC Converter, Isolated, 10W"
8693,MODULE_DC2DC_ISO.SCHLIB,MIW5037,"DC-DC Converter, Isolated, 10W"
8694,MODULE_DC2DC_ISO.SCHLIB,MIW5036,"DC-DC Converter, Isolated, 10W"
8695,MODULE_DC2DC_ISO.SCHLIB,MIW5034,"DC-DC Converter, Isolated, 10W"
8696,MODULE_DC2DC_ISO.SCHLIB,MIW5033,"DC-DC Converter, Isolated, 10W"
8697,MODULE_DC2DC_ISO.SCHLIB,MIW5032,"DC-DC Converter, Isolated, 10W"
8698,MODULE_DC2DC_ISO.SCHLIB,MIW5031,"DC-DC Converter, Isolated, 10W"
8699,MODULE_DC2DC_ISO.SCHLIB,MIW5029,"DC-DC Converter, Isolated, 10W"
8700,MODULE_DC2DC_ISO.SCHLIB,MIW5027,"DC-DC Converter, Isolated, 10W"
8701,MODULE_DC2DC_ISO.SCHLIB,MIW5026,"DC-DC Converter, Isolated, 10W"
8702,MODULE_DC2DC_ISO.SCHLIB,MIW5024,"DC-DC Converter, Isolated, 10W"
8703,MODULE_DC2DC_ISO.SCHLIB,MIW5023,"DC-DC Converter, Isolated, 10W"
8704,MODULE_DC2DC_ISO.SCHLIB,MIW5022,"DC-DC Converter, Isolated, 10W"
8705,MODULE_DC2DC_ISO.SCHLIB,MIW5021,"DC-DC Converter, Isolated, 10W"
8706,MODULE_DC2DC_ISO.SCHLIB,MAU229,"DC-DC Converter, Isolated, 1W"
8707,MODULE_DC2DC_ISO.SCHLIB,MAU228,"DC-DC Converter, Isolated, 1W"
8708,MODULE_DC2DC_ISO.SCHLIB,MAU227,"DC-DC Converter, Isolated, 1W"
8709,MODULE_DC2DC_ISO.SCHLIB,MAU226,"DC-DC Converter, Isolated, 1W"
8710,MODULE_DC2DC_ISO.SCHLIB,MAU225,"DC-DC Converter, Isolated, 1W"
8711,MODULE_DC2DC_ISO.SCHLIB,MAU224,"DC-DC Converter, Isolated, 1W"
8712,MODULE_DC2DC_ISO.SCHLIB,MAU223,"DC-DC Converter, Isolated, 1W"
8713,MODULE_DC2DC_ISO.SCHLIB,MAU222,"DC-DC Converter, Isolated, 1W"
8714,MODULE_DC2DC_ISO.SCHLIB,MAU221,"DC-DC Converter, Isolated, 1W"
8715,MODULE_DC2DC_ISO.SCHLIB,MAU219,"DC-DC Converter, Isolated, 1W"
8716,MODULE_DC2DC_ISO.SCHLIB,MAU218,"DC-DC Converter, Isolated, 1W"
8717,MODULE_DC2DC_ISO.SCHLIB,MAU217,"DC-DC Converter, Isolated, 1W"
8718,MODULE_DC2DC_ISO.SCHLIB,MAU216,"DC-DC Converter, Isolated, 1W"
8719,MODULE_DC2DC_ISO.SCHLIB,MAU215,"DC-DC Converter, Isolated, 1W"
8720,MODULE_DC2DC_ISO.SCHLIB,MAU214,"DC-DC Converter, Isolated, 1W"
8721,MODULE_DC2DC_ISO.SCHLIB,MAU213,"DC-DC Converter, Isolated, 1W"
8722,MODULE_DC2DC_ISO.SCHLIB,MAU212,"DC-DC Converter, Isolated, 1W"
8723,MODULE_DC2DC_ISO.SCHLIB,MAU211,"DC-DC Converter, Isolated, 1W"
8724,MODULE_DC2DC_ISO.SCHLIB,MAU209,"DC-DC Converter, Isolated, 1W"
8725,MODULE_DC2DC_ISO.SCHLIB,MAU208,"DC-DC Converter, Isolated, 1W"
8726,MODULE_DC2DC_ISO.SCHLIB,MAU207,"DC-DC Converter, Isolated, 1W"
8727,MODULE_DC2DC_ISO.SCHLIB,MAU206,"DC-DC Converter, Isolated, 1W"
8728,MODULE_DC2DC_ISO.SCHLIB,MAU205,"DC-DC Converter, Isolated, 1W"
8729,MODULE_DC2DC_ISO.SCHLIB,MAU204,"DC-DC Converter, Isolated, 1W"
8730,MODULE_DC2DC_ISO.SCHLIB,MAU203,"DC-DC Converter, Isolated, 1W"
8731,MODULE_DC2DC_ISO.SCHLIB,MAU202,"DC-DC Converter, Isolated, 1W"
8732,MODULE_DC2DC_ISO.SCHLIB,MAU201,"DC-DC Converter, Isolated, 1W"
8733,MODULE_MISC.SCHLIB,DDR3_SO-DIMM_SHIELDED,"Mdoule, SO-DIMM, DDR3"
8734,MODULE_MISC.SCHLIB,PCIE_MIN_CARD_FULL,"CONN, PCIE SLOT, MINI, 2X26, SMT 0.8mm SP 1136H"
8735,MODULE_MISC.SCHLIB,RASPBERRYPI_ZERO,RASPBERRYPI ZERO
8736,MODULE_MISC.SCHLIB,CMP-0001-00005-1,"Golden finger, SODIMM, Dual, Staggered, Pitch 0.5mm, 260-Position"
8737,MODULE_MISC.SCHLIB,M.2_MKEY_TARGET,"Connector M.2 (NGFF) Mini Card, Female, 67 Position"
8738,MODULE_MISC.SCHLIB,M.2_MKEY_SOURCE,"Connector M.2 (NGFF) Mini Card, Female, 67 Position"
8739,MODULE_MISC.SCHLIB,TP4056_MODPROT,"TP4056 module, Charger with Protect"
8740,MODULE_MISC.SCHLIB,USONICM_SRF05,SRF05 - Ultra-Sonic Ranger
8741,MODULE_MISC.SCHLIB,RASPBERRYPI_3,RASPBERRYPI 3
8742,MODULE_MISC.SCHLIB,PCIE_MIN_CARD,"CONN, PCIE SLOT, MINI, 2X26, SMT 0.8mm SP 1136H"
8743,MODULE_MISC.SCHLIB,Butterfly_14P,"Laser module, high-power, 6  35...1550 nm, 14PIN"
8744,MODULE_MISC.SCHLIB,Butterfly_10P,"Laser module, high-power, 6  35...1550 nm, 10PIN"
8745,MODULE_MISC.SCHLIB,USONICM_SR04,SRF05 - Ultra-Sonic Ranger
8746,MODULE_MISC.SCHLIB,KEYPAD4X4_9T,Keypad Module
8747,MODULE_MISC.SCHLIB,KEYPAD4X4_14,Keypad Module + LED
8748,MODULE_MISC.SCHLIB,SO-DIMM_260,"Mdoule, SO-DIMM, 204pin"
8749,MODULE_MISC.SCHLIB,SO-DIMM_204,"Mdoule, SO-DIMM, 204pin"
8750,MODULE_MISC.SCHLIB,KEYPAD4X4_8,Keypad Module
8751,MODULE_MISC.SCHLIB,KEYPAD3X4_7,Keypad Module
8752,MODULE_MISC.SCHLIB,JTAG_SMT3NC,"Module, DIGILENT JTAG-SMT3-NC for Xilinx-FPGAs"
8753,MODULE_MISC.SCHLIB,JTAG_SMT2NC,"Module, DIGILENT JTAG-SMT2-NC for Xilinx-FPGAs"
8754,MODULE_MISC.SCHLIB,HSI_CHILA_M,HSI_HDR_CHILA Module
8755,MODULE_MISC.SCHLIB,HSI_CHILA_C,HSI_HDR_CHILA Carrier
8756,MODULE_MISC.SCHLIB,TP4056_MOD,"TP4056 module, Charger"
8757,MODULE_MISC.SCHLIB,SENS_GY-80,"Sensors Pack Module, Gyro+Accel+Magnet+Baro+Thermometer"
8758,MODULE_MISC.SCHLIB,RFID_RC522,RFID MODULE with MFRC522
8759,MODULE_MISC.SCHLIB,RFID_EM-18,RFID MODULE
8760,MODULE_MISC.SCHLIB,JTAG_SMT1H,"Module, DIGILENT JTAG-SMT1 for Xilinx-FPGAs + Connector header"
8761,MODULE_MISC.SCHLIB,JTAG_SMT2,"Module, DIGILENT JTAG-SMT2 for Xilinx-FPGAs"
8762,MODULE_MISC.SCHLIB,JTAG_SMT1,"Module, DIGILENT JTAG-SMT1 for Xilinx-FPGAs"
8763,MODULE_MISC.SCHLIB,WIZ830MJ,
8764,MODULE_MISC.SCHLIB,GY-9250,"Module, MPU-9250 GYRO"
8765,MODULE_MISC.SCHLIB,BBB_HDR,BeagleBoneBlack Board (2x Header 2.54mm Male 2X23)
8766,MODULE_RF_WIRELESS.SCHLIB,XBEE_SMD_DMESH_XB24CDMPIS,"DigiMesh 2.4, 2.1~3.6V"
8767,MODULE_RF_WIRELESS.SCHLIB,XBEE_ZIGBEE_XB24CZ7WIT,"Zigbee/802.15.4, 250Kbps, 2.1~3.6V"
8768,MODULE_RF_WIRELESS.SCHLIB,XBEE_ZIGBEE_XB24CAPIT,"Zigbee/802.15.4, 250Kbps, 2.1~3.6V"
8769,MODULE_RF_WIRELESS.SCHLIB,XBEE_ZIGBEE_XB24-AWI,"Zigbee/802.15.4, 250Kbps, 2.8~3.4V"
8770,MODULE_RF_WIRELESS.SCHLIB,XBEE_WIFI_WFST,"WIFI/802.11 b/g/n, 65Mbps, 3.3V"
8771,MODULE_RF_WIRELESS.SCHLIB,XBEE_WIFI_WFPT,"WIFI/802.11 b/g/n, 65Mbps, 3.3V"
8772,MODULE_RF_WIRELESS.SCHLIB,NRF24L01_MT,"2.4GHz Transceiver MODULE, THD"
8773,MODULE_RF_WIRELESS.SCHLIB,NRF24L01_MS,"2.4GHz Transceiver MODULE, SMD"
8774,MODULE_RF_WIRELESS.SCHLIB,WL1835SAM,WIFI BLUETOOTH MODULE
8775,MODULE_RF_WIRELESS.SCHLIB,RF01D_ID3,
8776,MODULE_RF_WIRELESS.SCHLIB,HM-T433ND,Modules RF 433MHz
8777,MODULE_RF_WIRELESS.SCHLIB,ET-RXB-22,Modules RF 433MHz
8778,MODULE_RF_WIRELESS.SCHLIB,ET-RXB-12,Modules RF 315MHz
8779,MODULE_RF_WIRELESS.SCHLIB,A2500R24A,"2.4GHz Transceiver, Low-power, 500Kbps"
8780,MODULE_RF_WIRELESS.SCHLIB,A110LR09x,"2.4GHz Transceiver, Low-power, 500Kbps"
8781,MODULE_RF_WIRELESS.SCHLIB,XBEE_SMD,"ZigBee Embedded RF Module, 250Kbps"
8782,MODULE_RF_WIRELESS.SCHLIB,RFM22_S,"ISM FSK Transceiver Module, 128Kbps"
8783,MODULE_RF_WIRELESS.SCHLIB,RFM22_D,"ISM FSK Transceiver Module, 128Kbps"
8784,MODULE_RF_WIRELESS.SCHLIB,RFM12_S,"Universal ISM Band FSK Transceiver Module, 256Kbps"
8785,MODULE_RF_WIRELESS.SCHLIB,RFM12_D,"Universal ISM Band FSK Transceiver Module, 256Kbps"
8786,MODULE_RF_WIRELESS.SCHLIB,RFM12BP,"Universal ISM Band FSK Transceiver Module, 256Kbps"
8787,MODULE_RF_WIRELESS.SCHLIB,HM-R433,Modules RF 433MHz
8788,MODULE_RF_WIRELESS.SCHLIB,DRA808M,Wireless Voice Transceiver
8789,MODULE_RF_WIRELESS.SCHLIB,TX6729,2.4G Audio&Video Transmitter Module
8790,MODULE_RF_WIRELESS.SCHLIB,RX6788,2.4G Audio&Video Receiver Module
8791,MODULE_RF_WIRELESS.SCHLIB,SIM20,"Modules RF, GPSK, 128Kbps"
8792,MODULE_WIFI.SCHLIB,ESP-WROOM-32_NODEMCU-32S,ESP-WROOM-32 Wi-Fi Module
8793,MODULE_WIFI.SCHLIB,ESP32-WROOM-32UE-N4,WiFi with Bluetooth 4.0
8794,MODULE_WIFI.SCHLIB,ESP8266_ESP-12-E,ESP8266 ESP-12 Wi-Fi Module
8795,MODULE_WIFI.SCHLIB,ESP8266_WROOM02,ESP8266 ESP-12 Wi-Fi Module
8796,MODULE_WIFI.SCHLIB,ESP32-WROOM-32E,WiFi with Bluetooth 4.0
8797,MODULE_WIFI.SCHLIB,ESP8266_ESP-12,ESP8266 ESP-12 Wi-Fi Module
8798,MODULE_WIFI.SCHLIB,ESP8266_ESP-11,ESP8266 ESP-11 WiFi Module
8799,MODULE_WIFI.SCHLIB,ESP8266_ESP-10,ESP8266 ESP-10 WiFi Module
8800,MODULE_WIFI.SCHLIB,ESP8266_ESP-09,ESP8266 ESP-09 WiFi Module
8801,MODULE_WIFI.SCHLIB,ESP8266_ESP-08,ESP8266 ESP-07 WiFi Module
8802,MODULE_WIFI.SCHLIB,ESP8266_ESP-07,ESP8266 ESP-07 WiFi Module
8803,MODULE_WIFI.SCHLIB,ESP8266_ESP-06,ESP8266 ESP-06 WiFi Module
8804,MODULE_WIFI.SCHLIB,ESP8266_ESP-05,ESP8266 ESP-05 WiFi Module
8805,MODULE_WIFI.SCHLIB,ESP8266_ESP-04,ESP8266 ESP-04 WiFi Module
8806,MODULE_WIFI.SCHLIB,ESP8266_ESP-03,ESP8266 ESP-03 WiFi Module
8807,MODULE_WIFI.SCHLIB,ESP8266_ESP-02,ESP8266 ESP-02 WiFi Module
8808,MODULE_WIFI.SCHLIB,ESP8266_ESP-01,ESP8266 ESP-01 WiFi Module
8809,MODULE_WIFI.SCHLIB,ESP-32S,WiFi with Bluetooth 4.0
8810,MODULE_WIFI.SCHLIB,AP6398S,"WiFi with Bluetooth 5.0,"
8811,MODULE_WIFI.SCHLIB,AP6330,WiFi with Bluetooth 4.0 + FM RX
8812,MODULE_WIFI.SCHLIB,AP6256,WiFi with Bluetooth 5.0
8813,MODULE_WIFI.SCHLIB,AP6255,WiFi with Bluetooth
8814,MODULE_WIFI.SCHLIB,AP6212,WiFi with Bluetooth 4.0 + FM
8815,OLED.SCHLIB,OLED_SSD1306_64_SPI,"OLED, SSD1306, 0.96"", 128X64, BREAKOUT SPI"
8816,OLED.SCHLIB,OLED_SSD1306_64_I2C,"OLED, SSD1306, 0.96"", 128X64, BREAKOUT I2C"
8817,OLED.SCHLIB,OLED_SSD1306_2864,"OLED, SSD1306, 0.96"", 128X64"
8818,OLED.SCHLIB,OLED_SSD1306_2832,"OLED, SSD1306, 0.91"", 128X64"
8819,OPTOCOUPLER.SCHLIB,OPTC_TR16P_TLP290-4_SMD,"OPTOCOUPLER, TRANSISTOR, QUAD"
8820,OPTOCOUPLER.SCHLIB,OPTC_TR16P_TLP281-4_SMD,"OPTOCOUPLER, TRANSISTOR, QUAD"
8821,OPTOCOUPLER.SCHLIB,OPT_TRIAC6P_MOC3062SMD,"OPTOTRIAC, 600v/1A, 6v In"
8822,OPTOCOUPLER.SCHLIB,OPTC_TR4P_TLP521_SOP4,"OPTOCOUPLER, TRANSISTOR, 4PIN"
8823,OPTOCOUPLER.SCHLIB,OPTC_TR4P_LTV817_SMD,"OPTOCOUPLER, TRANSISTOR, 4PIN"
8824,OPTOCOUPLER.SCHLIB,OPTC_MOS6P_G3VM-61E1,"OPTOCOUPLER, MOS SSR, 6PIN"
8825,OPTOCOUPLER.SCHLIB,OPTC_MOS6P_G3VM-61B1,"OPTOCOUPLER, MOS SSR, 6PIN"
8826,OPTOCOUPLER.SCHLIB,OPTC_GA8P_6N137_SOP8,"OPTOCOUPLER, LOGIC GATE, 10 MBit/s"
8827,OPTOCOUPLER.SCHLIB,OPTC_GA8P_6N137_DIP8,"OPTOCOUPLER, LOGIC GATE, 10 MBit/s"
8828,OPTOCOUPLER.SCHLIB,OPT_TRIAC6P_MOC3081,"OPTOTRIAC, 800v/1A"
8829,OPTOCOUPLER.SCHLIB,OPT_TRIAC6P_MOC3061,"OPTOTRIAC, 600v/1A, 6v In"
8830,OPTOCOUPLER.SCHLIB,OPT_TRIAC6P_MOC3051,"OPTOTRIAC, 600v/1A"
8831,OPTOCOUPLER.SCHLIB,OPT_TRIAC6P_MOC3041,"OPTOTRIAC, 400v/1A, 6v IN"
8832,OPTOCOUPLER.SCHLIB,OPT_TRIAC6P_MOC3021,"OPTOTRIAC, 400v/1A"
8833,OPTOCOUPLER.SCHLIB,OPT_TRIAC6P_MOC3011,"OPTOTRIAC, 250v/1A"
8834,OPTOCOUPLER.SCHLIB,OPTC_TR6P_4N35_SMD6,"OPTOCOUPLER, TRANSISTOR, 6PIN"
8835,OPTOCOUPLER.SCHLIB,OPTC_TR4P_EL817_SMD,"OPTOCOUPLER, TRANSISTOR, 4PIN"
8836,OPTOCOUPLER.SCHLIB,OPTC_TR16P_TLP521-4,"OPTOCOUPLER, TRANSISTOR, QUAD"
8837,OPTOCOUPLER.SCHLIB,OPTC_TR16P_TLP281-4,"OPTOCOUPLER, TRANSISTOR, QUAD"
8838,OPTOCOUPLER.SCHLIB,OPTC_TR16P_ILQ621GB,"OPTOCOUPLER, TRANSISTOR, QUAD"
8839,OPTOCOUPLER.SCHLIB,OPT_TRIAC6P_EL3083,"OPTOTRIAC, 800v/1A"
8840,OPTOCOUPLER.SCHLIB,OPT_SSR8P_AQH3223A,"SSR, 8PIN, 600V/1.2A"
8841,OPTOCOUPLER.SCHLIB,OPT_SSR8P_AQH3213A,"SSR, 8PIN, 600V/1.2A, ZERO CROSS DETECTION"
8842,OPTOCOUPLER.SCHLIB,OPTC_TR8P_TLP521-2,"OPTOCOUPLER, TRANSISTOR, DUAL"
8843,OPTOCOUPLER.SCHLIB,OPTC_TR16P_CNY74-4,"OPTOCOUPLER, TRANSISTOR, QUAD"
8844,OPTOCOUPLER.SCHLIB,OPTC_MOS6P_LCA717S,"OPTOCOUPLER, MOS SSR, 6PIN"
8845,OPTOCOUPLER.SCHLIB,OPTC_MOS6P_CPC1008,"OPTOCOUPLER, MOS SSR, 4PIN"
8846,OPTOCOUPLER.SCHLIB,OPT_SSR8P_AQH3223,"SSR, 8PIN, 600V/1.2A"
8847,OPTOCOUPLER.SCHLIB,OPT_SSR8P_AQH3213,"SSR, 8PIN, 600V/1.2A, ZERO CROSS DETECTION"
8848,OPTOCOUPLER.SCHLIB,OPTC_TR4P_LTV-217,"OPTOCOUPLER, TRANSISTOR, 4PIN"
8849,OPTOCOUPLER.SCHLIB,OPTC_MOS8P_PS7122,"OPTOCOUPLER, MOS SSR, DUAL, 8PIN"
8850,OPTOCOUPLER.SCHLIB,OPTC_MOS8P_EL860A,"OPTOCOUPLER, MOS SSR, DUAL, 8PIN"
8851,OPTOCOUPLER.SCHLIB,OPTC_MOS8P_EL840A,"OPTOCOUPLER, MOS SSR, DUAL, 8PIN"
8852,OPTOCOUPLER.SCHLIB,OPTC_MOS6P_LCA717,"OPTOCOUPLER, MOS SSR, 6PIN"
8853,OPTOCOUPLER.SCHLIB,OPTC_TR4P_TLP521,"OPTOCOUPLER, TRANSISTOR, 4PIN"
8854,OPTOCOUPLER.SCHLIB,OPTC_TR4P_TLP291,"OPTOCOUPLER, TRANSISTOR, 4PIN"
8855,OPTOCOUPLER.SCHLIB,OPTC_TR4P_TLP281,"OPTOCOUPLER, TRANSISTOR, 4PIN"
8856,OPTOCOUPLER.SCHLIB,OPTC_TR4P_TLP181,"OPTOCOUPLER, TRANSISTOR, 4PIN"
8857,OPTOCOUPLER.SCHLIB,OPTC_TR4P_PS2911,"OPTOCOUPLER, TRANSISTOR, 4PIN"
8858,OPTOCOUPLER.SCHLIB,OPTC_TR4P_LTV817,"OPTOCOUPLER, TRANSISTOR, 4PIN"
8859,OPTOCOUPLER.SCHLIB,OPTC_TR4P_FOD817,"OPTOCOUPLER, TRANSISTOR, 4PIN"
8860,OPTOCOUPLER.SCHLIB,OPTC_TR16P_PC847,"OPTOCOUPLER, TRANSISTOR, 4 PARTs"
8861,OPTOCOUPLER.SCHLIB,OPTC_TR12P_PC837,"OPTOCOUPLER, TRANSISTOR, 3 PARTs"
8862,OPTOCOUPLER.SCHLIB,OPTC_TR8P_PC827,"OPTOCOUPLER, TRANSISTOR, 2 PARTs"
8863,OPTOCOUPLER.SCHLIB,OPTC_TR8P_6N135,"OPTOCOUPLER, TRANSISTOR, 8PIN"
8864,OPTOCOUPLER.SCHLIB,OPTC_TR4P_PC817,"OPTOCOUPLER, TRANSISTOR, 4PIN"
8865,OPTOCOUPLER.SCHLIB,OPTC_TR4P_FL817,"OPTOCOUPLER, TRANSISTOR, 4PIN"
8866,OPTOCOUPLER.SCHLIB,OPTC_TR4P_EL817,"OPTOCOUPLER, TRANSISTOR, 4PIN"
8867,OPTOCOUPLER.SCHLIB,OPTC_TR6P_4N35,"OPTOCOUPLER, TRANSISTOR, 6PIN"
8868,OPTOCOUPLER.SCHLIB,OPTC_TR6P_4N26,"OPTOCOUPLER, TRANSISTOR, 6PIN"
8869,OPTOCOUPLER.SCHLIB,OPTC_TLP2355,"OPTOCOUPLER, High-speed, SO-6 5pin"
8870,OPTOCOUPLER_HIGH-LINEARITY.SCHLIB,OPTC_HLIN_LOC110P_FLATPACK,"OPTOCOUPLER, high-Linearity Analog"
8871,OPTOCOUPLER_HIGH-LINEARITY.SCHLIB,OPTC_HLIN_LOC117S_DIPSMD,"OPTOCOUPLER, high-Linearity Analog"
8872,OPTOCOUPLER_HIGH-LINEARITY.SCHLIB,OPTC_HLIN_LOC110S_DIPSMD,"OPTOCOUPLER, high-Linearity Analog"
8873,OPTOCOUPLER_HIGH-LINEARITY.SCHLIB,OPTC_HLIN_HCNR200-500E,"OPTOCOUPLER, high-Linearity Analog"
8874,OPTOCOUPLER_HIGH-LINEARITY.SCHLIB,OPTC_HLIN_LOC110_DIP8,"OPTOCOUPLER, high-Linearity Analog"
8875,OPTOCOUPLER_HIGH-LINEARITY.SCHLIB,OPTC_HLIN_IL300,"OPTOCOUPLER, high-Linearity Analog"
8876,PASSIVE_SMD.SCHLIB,CAP_SMD_FLM_0.68uF_16v_1206,"CAP, FILM,"
8877,PASSIVE_SMD.SCHLIB,CAP_SMD_FLM_1uF_35v_1210,"CAP, FILM,"
8878,PASSIVE_SMD.SCHLIB,CAP_SMD_FLM_1uF_25v_1206,"CAP, FILM,"
8879,PASSIVE_SMD.SCHLIB,CAP_SMD_FLM_1uF_16v_1210,"CAP, FILM,"
8880,PASSIVE_SMD.SCHLIB,CAP_SMD_TAN_470uF_10V,"CAP, SMD, TAN"
8881,PASSIVE_SMD.SCHLIB,CAP_SMD_TAN_220uF_10V,"CAP, SMD, TAN"
8882,PASSIVE_SMD.SCHLIB,CAP_SMD_TAN_10uF_6.3V,"CAP, SMD, TAN"
8883,PASSIVE_SMD.SCHLIB,CAP_SMD_TAN_100uF_16V,"CAP, SMD, TAN"
8884,PASSIVE_SMD.SCHLIB,CAP_SMD_EL_4.7uF_400v,"CAP, SMD, ELEC,"
8885,PASSIVE_SMD.SCHLIB,CAP_SMD_EL_1000uF_16v,"CAP, SMD, ELEC,"
8886,PASSIVE_SMD.SCHLIB,CAP_SMD_TRIMMER_7H15,"CAP, SMD, TRIMMER"
8887,PASSIVE_SMD.SCHLIB,CAP_SMD_TRIMMER_4842,"CAP, SMD, TRIMMER"
8888,PASSIVE_SMD.SCHLIB,CAP_SMD_TRIMMER_4542,"CAP, SMD, TRIMMER"
8889,PASSIVE_SMD.SCHLIB,CAP_SMD_TRIMMER_4532,"CAP, SMD, TRIMMER"
8890,PASSIVE_SMD.SCHLIB,CAP_SMD_TRIMMER_3225,"CAP, SMD, TRIMMER"
8891,PASSIVE_SMD.SCHLIB,CAP_SMD_TRIMMER_3223,"CAP, SMD, TRIMMER"
8892,PASSIVE_SMD.SCHLIB,CAP_SMD_TRIMMER_1715,"CAP, SMD, TRIMMER"
8893,PASSIVE_SMD.SCHLIB,CAP_SMD_TAN_10uF_35V,"CAP, SMD, TAN"
8894,PASSIVE_SMD.SCHLIB,CAP_SMD_TAN_10uF_16V,"CAP, SMD, TAN"
8895,PASSIVE_SMD.SCHLIB,CAP_SMD_TAN_10uF_10V,"CAP, SMD, TAN"
8896,PASSIVE_SMD.SCHLIB,CAP_SMD_PACK_X4_0612,"CAP, SMD, PACKX4"
8897,PASSIVE_SMD.SCHLIB,CAP_SMD_PACK_X4_0508,"CAP, SMD, PACKX4"
8898,PASSIVE_SMD.SCHLIB,CAP_SMD_MLCC_2824_50,"CAP, MLCC"
8899,PASSIVE_SMD.SCHLIB,CAP_SMD_EL_470uF_35v,"CAP, SMD, ELEC,"
8900,PASSIVE_SMD.SCHLIB,CAP_SMD_EL_220uF_35v,"CAP, SMD, ELEC,"
8901,PASSIVE_SMD.SCHLIB,CAP_SMD_EL_10uF_400v,"CAP, SMD, ELEC,"
8902,PASSIVE_SMD.SCHLIB,CAP_SMD_EL_100uF_50v,"CAP, SMD, ELEC,"
8903,PASSIVE_SMD.SCHLIB,CAP_SMD_FLM_1uF_63V,"CAP, FILM"
8904,PASSIVE_SMD.SCHLIB,CAP_SMD_EL_47uF_50v,"CAP, SMD, ELEC,"
8905,PASSIVE_SMD.SCHLIB,CAP_SMD_EL_33uF_50v,"CAP, SMD, ELEC,"
8906,PASSIVE_SMD.SCHLIB,CAP_SMD_EL_22uF_50v,"CAP, SMD, ELEC,"
8907,PASSIVE_SMD.SCHLIB,CAP_SMD_EL_10uF_50v,"CAP, SMD, ELEC,"
8908,PASSIVE_SMD.SCHLIB,CAP_SMD_EL_330u25V,"CAP, SMDD, ELEC, 330uF, 25V"
8909,PASSIVE_SMD.SCHLIB,CAP_SMD_EL_220u10V,"CAP, SMDD, ELEC, 220uF, 10V"
8910,PASSIVE_SMD.SCHLIB,CAP_SMD_EL_180u16V,"CAP, SMD, ELEC,"
8911,PASSIVE_SMD.SCHLIB,CAP_SMD_EL_100u10V,"CAP, SMDD, ELEC, 100uF, 10V"
8912,PASSIVE_SMD.SCHLIB,CAP_SMD_MLCC_6054,"CAP, MLCC"
8913,PASSIVE_SMD.SCHLIB,CAP_SMD_MLCC_5040,"CAP, MLCC"
8914,PASSIVE_SMD.SCHLIB,CAP_SMD_MLCC_4030,"CAP, MLCC"
8915,PASSIVE_SMD.SCHLIB,CAP_SMD_MLCC_2824,"CAP, MLCC"
8916,PASSIVE_SMD.SCHLIB,CAP_SMD_MLCC_2512,"CAP, MLCC"
8917,PASSIVE_SMD.SCHLIB,CAP_SMD_MLCC_2225,"CAP, MLCC"
8918,PASSIVE_SMD.SCHLIB,CAP_SMD_MLCC_2010,"CAP, MLCC"
8919,PASSIVE_SMD.SCHLIB,CAP_SMD_MLCC_1825,"CAP, MLCC"
8920,PASSIVE_SMD.SCHLIB,CAP_SMD_MLCC_1812,"CAP, MLCC"
8921,PASSIVE_SMD.SCHLIB,CAP_SMD_MLCC_1808,"CAP, MLCC"
8922,PASSIVE_SMD.SCHLIB,CAP_SMD_MLCC_1210,"CAP, MLCC"
8923,PASSIVE_SMD.SCHLIB,CAP_SMD_MLCC_1206,"CAP, MLCC"
8924,PASSIVE_SMD.SCHLIB,CAP_SMD_MLCC_1020,"CAP, MLCC"
8925,PASSIVE_SMD.SCHLIB,CAP_SMD_MLCC_0805,"CAP, MLCC"
8926,PASSIVE_SMD.SCHLIB,CAP_SMD_MLCC_0603,"CAP, MLCC"
8927,PASSIVE_SMD.SCHLIB,CAP_SMD_MLCC_0508,"CAP, MLCC"
8928,PASSIVE_SMD.SCHLIB,CAP_SMD_MLCC_0402,"CAP, MLCC"
8929,PASSIVE_SMD.SCHLIB,CAP_SMD_MLCC_0306,"CAP, MLCC"
8930,PASSIVE_SMD.SCHLIB,CAP_SMD_MLCC_0204,"CAP, MLCC"
8931,PASSIVE_SMD.SCHLIB,CAP_SMD_MLCC_0201,"CAP, MLCC"
8932,PASSIVE_SMD.SCHLIB,CAP_SMD_EL_10u25V,"CAP, SMD, ELEC, 10uF, 25V"
8933,PASSIVE_SMD.SCHLIB,CAP_SMD_TAN_7361,"CAP, SMD, TAN,"
8934,PASSIVE_SMD.SCHLIB,CAP_SMD_TAN_7343,"CAP, SMD, TAN,"
8935,PASSIVE_SMD.SCHLIB,CAP_SMD_TAN_6032,"CAP, SMD, TAN,"
8936,PASSIVE_SMD.SCHLIB,CAP_SMD_TAN_3528,"CAP, SMD, TAN,"
8937,PASSIVE_SMD.SCHLIB,CAP_SMD_TAN_3216,"CAP, SMD, TAN,"
8938,PASSIVE_SMD.SCHLIB,CAP_SMD_TAN_2012,"CAP, SMD, TAN,"
8939,PASSIVE_SMD.SCHLIB,RES_SMD_PACK_X4,"RESISTOR, SMD, PACKX4"
8940,PASSIVE_SMD.SCHLIB,RES_SMD_PACK_X2,"RESISTOR, SMD, PACKX4"
8941,PASSIVE_SMD.SCHLIB,RES_SMD_ARRAYX8,"RESISTOR, SMD, ARRAYX8,"
8942,PASSIVE_SMD.SCHLIB,CAP_SMD_TRIMMER,"CAP, SMD, TRIMMER"
8943,PASSIVE_SMD.SCHLIB,R_smallsymbol,
8944,PASSIVE_SMD.SCHLIB,RES_SMD_2512,"RESISTOR, SMD"
8945,PASSIVE_SMD.SCHLIB,RES_SMD_2010,"RESISTOR, SMD"
8946,PASSIVE_SMD.SCHLIB,RES_SMD_1825,"RESISTOR, SMD"
8947,PASSIVE_SMD.SCHLIB,RES_SMD_1210,"RESISTOR, SMD"
8948,PASSIVE_SMD.SCHLIB,RES_SMD_1206,"RESISTOR, SMD"
8949,PASSIVE_SMD.SCHLIB,RES_SMD_0805,"RESISTOR, SMD"
8950,PASSIVE_SMD.SCHLIB,RES_SMD_0612,"RESISTOR, SMD"
8951,PASSIVE_SMD.SCHLIB,RES_SMD_0603,"RESISTOR, SMD"
8952,PASSIVE_SMD.SCHLIB,RES_SMD_0402,"RESISTOR, SMD"
8953,PASSIVE_SMD.SCHLIB,RES_SMD_0201,"RESISTOR, SMD"
8954,PASSIVE_SMD.SCHLIB,CAP_SMD_MLCC,"CAP, MLCC"
8955,PASSIVE_SMD.SCHLIB,RES_SMD_POT,"RESISTOR, SMD, Potentiometer"
8956,PASSIVE_SMD.SCHLIB,CAP_SMD_TAN,"CAP, SMD, TAN"
8957,PASSIVE_SMD.SCHLIB,CAP_SMD_FLM,"CAP, FILM,"
8958,PASSIVE_SMD.SCHLIB,INDPWR_SMD,"INDUCTOR, POWER, SMD"
8959,PASSIVE_SMD.SCHLIB,CAP_SMD_EL,"CAP, SMD, ELEC,"
8960,PASSIVE_SMD.SCHLIB,RES_SMD,"RESISTOR, SMD"
8961,PASSIVE_SMD.SCHLIB,IND_SMD,"INDUCTOR, SMD"
8962,PASSIVE_THD.SCHLIB,CAP_THD_FLM_0.68uF_400v,"CAP, THD, FILM,"
8963,PASSIVE_THD.SCHLIB,CAP_THD_FLM_0.47uF_400v,"CAP, THD, FILM,"
8964,PASSIVE_THD.SCHLIB,CAP_THD_FLM_0.33uF_400v,"CAP, THD, FILM,"
8965,PASSIVE_THD.SCHLIB,CAP_THD_FLM_0.22uF_400v,"CAP, FILM"
8966,PASSIVE_THD.SCHLIB,CAP_THD_FLM_0.01uF_630v,"CAP, FILM"
8967,PASSIVE_THD.SCHLIB,CAP_THD_FLM_4700pF_2KV,"CAP, FILM"
8968,PASSIVE_THD.SCHLIB,CAP_THD_FLM_0.1uF_400v,"CAP, FILM"
8969,PASSIVE_THD.SCHLIB,CAP_THD_CER_4700pF_1KV,"CAP, CER"
8970,PASSIVE_THD.SCHLIB,CAP_THD_CER_0.47uF_50v,"CAP, THD, CER MULTI LAYER,"
8971,PASSIVE_THD.SCHLIB,CAP_THD_CER_0.33uF_50v,"CAP, THD, CER MULTI LAYER,"
8972,PASSIVE_THD.SCHLIB,CAP_THD_CER_0.22uF_50v,"CAP, THD, CER MULTI LAYER,"
8973,PASSIVE_THD.SCHLIB,CAP_THD_EL_4.7uF_400v,"CAP, THD, ELEC,"
8974,PASSIVE_THD.SCHLIB,CAP_THD_EL_1000uF_16v,"CAP, THD, ELEC,"
8975,PASSIVE_THD.SCHLIB,CAP_THD_CER_0.1uF_50v,"CAP, THD, CER MULTI LAYER,"
8976,PASSIVE_THD.SCHLIB,CAP_THD_EL_47uF_400V,"CAP, ELEC"
8977,PASSIVE_THD.SCHLIB,CAP_THD_EL_470uF_35v,"CAP, THD, ELEC,"
8978,PASSIVE_THD.SCHLIB,CAP_THD_EL_330uF_25V,"CAP, THD, ELEC"
8979,PASSIVE_THD.SCHLIB,CAP_THD_EL_220uF_35v,"CAP, THD, ELEC,"
8980,PASSIVE_THD.SCHLIB,CAP_THD_EL_10uF_400v,"CAP, THD, ELEC,"
8981,PASSIVE_THD.SCHLIB,CAP_THD_EL_100uF_50v,"CAP, THD, ELEC,"
8982,PASSIVE_THD.SCHLIB,CAP_THD_FLM_1uF_63v,"CAP, FILM"
8983,PASSIVE_THD.SCHLIB,CAP_THD_EL_47uF_50v,"CAP, THD, ELEC,"
8984,PASSIVE_THD.SCHLIB,CAP_THD_EL_33uF_50v,"CAP, THD, ELEC,"
8985,PASSIVE_THD.SCHLIB,CAP_THD_EL_22uF_50v,"CAP, THD, ELEC,"
8986,PASSIVE_THD.SCHLIB,CAP_THD_EL_10uF_50v,"CAP, THD, ELEC,"
8987,PASSIVE_THD.SCHLIB,CAP_THD_EL_5F_5.5V,"CAP, SMD, ELEC, 5F, 5.5V"
8988,PASSIVE_THD.SCHLIB,CAP_THD_EL_10u25V,"CAP, THD, ELEC, 10uF, 25V"
8989,PASSIVE_THD.SCHLIB,CAP_THD_TRIMMER,"CAP, THD, TRIMMER"
8990,PASSIVE_THD.SCHLIB,R_smallsymbol,
8991,PASSIVE_THD.SCHLIB,RES_THD_ARRAY,"RESISTOR, THD, Array, 8RES"
8992,PASSIVE_THD.SCHLIB,CAP_THD_TAN,"CAP, THD, TANTAL"
8993,PASSIVE_THD.SCHLIB,CAP_THD_FLM,"CAP, THD, FILM,"
8994,PASSIVE_THD.SCHLIB,CAP_THD_CER,"CAP, THD, CER MULTI LAYER,"
8995,PASSIVE_THD.SCHLIB,CAP_THD_EL,"CAP, THD, ELEC,"
8996,PASSIVE_THD.SCHLIB,RES_THD,"RESISTOR, THD"
8997,PASSIVE_THD.SCHLIB,IND_THD,"INDUCTOR, THD"
8998,PROCESSOR_ALLWINNER.SCHLIB,H6_V200_BGA451,"Processor, Cortex-A53 x4"
8999,PROCESSOR_ALLWINNER.SCHLIB,F1C100s_QFN88,"processor, ARM926EJ-S 533MHz w 32MB DDR1"
9000,PROCESSOR_ALLWINNER.SCHLIB,V3s_QFP128,"processor, Cortex-A7 1.2GHz w 512Mb DDR2"
9001,PROCESSOR_ALLWINNER.SCHLIB,D1s_QFP128,"processor, RISC-V 533MHz w 64MB DDR2, eLQFP128"
9002,PROCESSOR_ALLWINNER.SCHLIB,A33_BGA282,"processor, Cortex-A7 x4, Mali400MP2 GPU"
9003,PROCESSOR_ALLWINNER.SCHLIB,H3_BGA347,"processor, Cortex-A7 x4, Mali400MP2 GPU"
9004,PROCESSOR_AMLOGIC.SCHLIB,A311D_BGA454,"Processor, 4x Cortex-A73 + 2 x Cortex-A53"
9005,PROCESSOR_ROCKCHIP.SCHLIB,RK3566_BGA565,"Processor, Cortex-A55 x4"
9006,PROCESSOR_SITARA.SCHLIB,AM5718_BGA760,"IC, Cortex A15 with C66X SOC"
9007,PROCESSOR_SITARA.SCHLIB,AM3358_BGA324,"IC, Cortex A8 Processor, SITARA AM335x FBGA ZCZ"
9008,PROCESSOR_SITARA.SCHLIB,AM3358_BGA298,"IC, Cortex A8 Processor, SITARA AM335x"
9009,PROTECT_TVS_ESD_FUSE.SCHLIB,TVS_X2_CDSOT23-SM712_SOT23,"TVS, ESD PROTECT, 2CH, 400W/17A PP, 7.5VBR, ±8KV ESDmin"
9010,PROTECT_TVS_ESD_FUSE.SCHLIB,VARISTOR_ERZ-V07D180_MOV7,"Varistor, 14VDC/11VAC, MOV7"
9011,PROTECT_TVS_ESD_FUSE.SCHLIB,VARISTOR_ERZ-V05D180_MOV5,"Varistor, 14VDC/11VAC, MOV5"
9012,PROTECT_TVS_ESD_FUSE.SCHLIB,TVS_X4_IP4283CZ10_TSSOP10,"TVS, ESD PROTECT, 4CH"
9013,PROTECT_TVS_ESD_FUSE.SCHLIB,VARISTOR_B72207S011_MOV7,"Varistor, 14VDC/11VAC, MOV7"
9014,PROTECT_TVS_ESD_FUSE.SCHLIB,TVS_X8_TPD8E003DQDR_SON8,"TVS, ESD PROTECT, 8CH, 12KV"
9015,PROTECT_TVS_ESD_FUSE.SCHLIB,TVS_X4_USBLC6-4SC6_SOT23,"TVS, ESD PROTECT, 4CH"
9016,PROTECT_TVS_ESD_FUSE.SCHLIB,TVS_X4_RCLAMP0524P_DFN10,"TVS, ESD PROTECT, 4CH"
9017,PROTECT_TVS_ESD_FUSE.SCHLIB,TVS_X4_RCLAMP0504PA_SON6,"TVS, ESD PROTECT, 4CH"
9018,PROTECT_TVS_ESD_FUSE.SCHLIB,TVS_X3_SP0503BAHT_SOT143,"TVS, ESD PROTECT,  3CH"
9019,PROTECT_TVS_ESD_FUSE.SCHLIB,TVS_X2_DESD1P0RFW_SOT323,"TVS, ESD PROTECT, 2CH, 70VRWM, 0.2W"
9020,PROTECT_TVS_ESD_FUSE.SCHLIB,FUSE_SMD_HOLDER_24101812,Fuse SMD2410 Holder
9021,PROTECT_TVS_ESD_FUSE.SCHLIB,FUSE_SMD_500mA_1206_FAST,"Fuse, SMD"
9022,PROTECT_TVS_ESD_FUSE.SCHLIB,FUSE_SMD_500mA_0805_FAST,"Fuse, SMD"
9023,PROTECT_TVS_ESD_FUSE.SCHLIB,FUSE_SMD_500mA_0603_FAST,"Fuse, SMD"
9024,PROTECT_TVS_ESD_FUSE.SCHLIB,FUSE_SMD_200mA_1206_FAST,"Fuse, SMD"
9025,PROTECT_TVS_ESD_FUSE.SCHLIB,FUSE_PPTC_SMD_2A32V_2920,"Fuse, PPTC, THD"
9026,PROTECT_TVS_ESD_FUSE.SCHLIB,FUSE_PPTC_SMD_0.05A_1206,"Fuse, PPTC, 0.05A, 60v, 1.6Ohm, 1206"
9027,PROTECT_TVS_ESD_FUSE.SCHLIB,TVS_X4_TPD4E05U06_DFN10,"TVS, ESD PROTECT, 4CH,"
9028,PROTECT_TVS_ESD_FUSE.SCHLIB,TVS_X4_PRTR5V0U4D_SOT23,"TVS, ESD PROTECT, 4CH"
9029,PROTECT_TVS_ESD_FUSE.SCHLIB,TVS_X4_IP4283CZ10_DFN10,"TVS, ESD PROTECT, 4CH"
9030,PROTECT_TVS_ESD_FUSE.SCHLIB,TVS_X4_ESDA6V1W5_SOT353,"TVS, ESD PROTECT, 4CH, 6.1V SOT353"
9031,PROTECT_TVS_ESD_FUSE.SCHLIB,TVS_X3_PRTR5V0U2D_SOT23,"TVS, ESD PROTECT, 3CH"
9032,PROTECT_TVS_ESD_FUSE.SCHLIB,TVS_X2_SN65220DBV_SOT23,"TVS, ESD PROTECT, 2CH"
9033,PROTECT_TVS_ESD_FUSE.SCHLIB,TVS_X2_PESD12VS2_SOT323,"TVS, ESD PROTECT, 2CH, 15VBR, 0.2W"
9034,PROTECT_TVS_ESD_FUSE.SCHLIB,FUSE_SMD_1A_250vAC_2410,"Fuse, SMD"
9035,PROTECT_TVS_ESD_FUSE.SCHLIB,FUSE_PPTC_SMD_1A5_2920B,"Fuse, PPTC, 1.5A, 33v, 230mOhm, 2920"
9036,PROTECT_TVS_ESD_FUSE.SCHLIB,FUSE_PPTC_SMD_0.5A_2920,"Fuse, PPTC, 0.5A, 60v, 1.4Ohm, 2920"
9037,PROTECT_TVS_ESD_FUSE.SCHLIB,FUSE_PPTC_SMD_0.1A_1206,"Fuse, PPTC, 0.1A, 60v, 1.6Ohm, 1206"
9038,PROTECT_TVS_ESD_FUSE.SCHLIB,BREAKER_4A5_ETA_1410-L2,Circuit breaker 4.5A PCB mount
9039,PROTECT_TVS_ESD_FUSE.SCHLIB,TVS_X2_USBLC6-2_SOT666,"TVS, ESD PROTECT, 3CH"
9040,PROTECT_TVS_ESD_FUSE.SCHLIB,TVS_X2_TPD2E007_SOT323,"TVS, ESD PROTECT, 2CH, 14VBR, 0.2W"
9041,PROTECT_TVS_ESD_FUSE.SCHLIB,TVS_PTVS6V0S1UR_SOD123,"TVS, ESD PROTECT,"
9042,PROTECT_TVS_ESD_FUSE.SCHLIB,TVS_PESD5V0L1BA_SOD323,"TVS, ESD PROTECT,"
9043,PROTECT_TVS_ESD_FUSE.SCHLIB,FUSE_PPTC_SMD_1A5_2920,"Fuse, PPTC, 1.5A, 33v, 230mOhm, 2920"
9044,PROTECT_TVS_ESD_FUSE.SCHLIB,FUSE_PPTC_SMD_1.1_1812,"Fuse, PPTC, 1.1A, 24v, 0.18Ohm, 1812"
9045,PROTECT_TVS_ESD_FUSE.SCHLIB,FUSEB_HOLDER_KS3522-2A,"Automotive Car Blade Fuse Holder, ATO"
9046,PROTECT_TVS_ESD_FUSE.SCHLIB,VARISTOR_VC120614D300,"Varistor, 14VDC/10VAC, 1206"
9047,PROTECT_TVS_ESD_FUSE.SCHLIB,VARISTOR_V05E11P_MOV5,"Varistor, 14VDC/11VAC, MOV5"
9048,PROTECT_TVS_ESD_FUSE.SCHLIB,TVS_X4_BZA956A_SOT553,"TVS, ESD PROTECT, 4CH, 5.6V SOT665"
9049,PROTECT_TVS_ESD_FUSE.SCHLIB,TVS_X2_USBLC6-2_SOT23,"TVS, ESD PROTECT, 3CH"
9050,PROTECT_TVS_ESD_FUSE.SCHLIB,TVS_X2_PESD1CAN_SOT23,"TVS, ESD PROTECT, 2CH, CAN bus ESD protection diode"
9051,PROTECT_TVS_ESD_FUSE.SCHLIB,TVS_TPSMF4L33A_SOD123,"TVS, ESD PROTECT"
9052,PROTECT_TVS_ESD_FUSE.SCHLIB,TVS_PGB0010603MR_0603,"TVS, ESD PROTECT, 24VDC, Bidirectional"
9053,PROTECT_TVS_ESD_FUSE.SCHLIB,TVS_PESDNC2FD3V3_0402,"TVS, ESD PROTECT, Bidirectional"
9054,PROTECT_TVS_ESD_FUSE.SCHLIB,TVS_PESD1IVN27_SOD323,"TVS, ESD PROTECT,"
9055,PROTECT_TVS_ESD_FUSE.SCHLIB,TVS_PESD1IVN24_SOD323,"TVS, ESD PROTECT,"
9056,PROTECT_TVS_ESD_FUSE.SCHLIB,FUSE_SMD_5A_0603_FAST,"Fuse, SMD"
9057,PROTECT_TVS_ESD_FUSE.SCHLIB,FUSE_SMD_3A_1206_SLOW,"Fuse, SMD"
9058,PROTECT_TVS_ESD_FUSE.SCHLIB,FUSE_SMD_3A_0603_SLOW,"Fuse, SMD"
9059,PROTECT_TVS_ESD_FUSE.SCHLIB,FUSE_PPTC_THD_3A_R300,"Fuse, PPTC"
9060,PROTECT_TVS_ESD_FUSE.SCHLIB,FUSE_PPTC_SMD_3A_2920,"Fuse, PPTC, 3A, 24v, 48mOhm, 2920"
9061,PROTECT_TVS_ESD_FUSE.SCHLIB,FUSE_PPTC_SMD_2A_2920,"Fuse, PPTC, 2A, 24v, 120mOhm, 2920"
9062,PROTECT_TVS_ESD_FUSE.SCHLIB,FUSE_PPTC_SMD_1A_2920,"Fuse, PPTC, 1A, 60v, 410mOhm, 2920"
9063,PROTECT_TVS_ESD_FUSE.SCHLIB,FUSEC_5X20_HOLDER_BOX,Fuse Cylindrical 5X20 Holder
9064,PROTECT_TVS_ESD_FUSE.SCHLIB,FUSEB_HOLDER_KS3557-2,"Automotive Car Blade Fuse Holder, ATO"
9065,PROTECT_TVS_ESD_FUSE.SCHLIB,FUSEB_HOLDER_KS3555-2,"Automotive Car Blade Fuse Holder, MAXI"
9066,PROTECT_TVS_ESD_FUSE.SCHLIB,FUSEB_HOLDER_KS3522-2,"Automotive Car Blade Fuse Holder, ATO"
9067,PROTECT_TVS_ESD_FUSE.SCHLIB,VARISTOR_22V_14D270K,"Varistor 45V, (Voltage-Sensitive Resistor), MOV14"
9068,PROTECT_TVS_ESD_FUSE.SCHLIB,TVS_X5_SMF24C_SOT363,"TVS, ESD PROTECT, 5CH, 24VRWM, 15KV"
9069,PROTECT_TVS_ESD_FUSE.SCHLIB,TVS_X5_SMF15C_SOT363,"TVS, ESD PROTECT, 5CH, 15VRWM, 15KV"
9070,PROTECT_TVS_ESD_FUSE.SCHLIB,TVS_X5_SMF12C_SOT363,"TVS, ESD PROTECT, 5CH, 12VRWM, 15KV"
9071,PROTECT_TVS_ESD_FUSE.SCHLIB,TVS_X5_SMF05C_SOT363,"TVS, ESD PROTECT, 5CH, 5VRWM, 15KV"
9072,PROTECT_TVS_ESD_FUSE.SCHLIB,TVS_X4_TPD4S012_SON6,"TVS, ESD PROTECT, 4CH, USB Interface"
9073,PROTECT_TVS_ESD_FUSE.SCHLIB,TVS_TPD1E01B04_XDFN2,"TVS, ESD PROTECT, Bidirectional"
9074,PROTECT_TVS_ESD_FUSE.SCHLIB,FUSEB_HOLDER_XF-509P,"Automotive Car Blade Fuse Holder, ATO"
9075,PROTECT_TVS_ESD_FUSE.SCHLIB,FUSEB_HOLDER_KS3522A,"Automotive Car Blade Fuse Holder, ATO"
9076,PROTECT_TVS_ESD_FUSE.SCHLIB,FUSEB_HOLDER_FLR6165,"Automotive Car Blade Fuse Holder, ATO"
9077,PROTECT_TVS_ESD_FUSE.SCHLIB,FUSEB_HOLDER_FLR6164,"Automotive Car Blade Fuse Holder, ATO"
9078,PROTECT_TVS_ESD_FUSE.SCHLIB,FUSEB_HOLDER_FLR4265,"Automotive Car Blade Fuse Holder, ATO"
9079,PROTECT_TVS_ESD_FUSE.SCHLIB,VARISTOR_V14MLA1206,"Varistor, 14VDC/10VAC, 1206"
9080,PROTECT_TVS_ESD_FUSE.SCHLIB,VARISTOR_420V_MOV10,"Varistor 420V, (Voltage-Sensitive Resistor), MOV10"
9081,PROTECT_TVS_ESD_FUSE.SCHLIB,TVS_X4_SMF05_SOT353,"TVS, ESD PROTECT, 4CH, 5VRWM, 15KV"
9082,PROTECT_TVS_ESD_FUSE.SCHLIB,TVS_X2_USBUF_SOT363,"TVS, ESD PROTECT, 3CH"
9083,PROTECT_TVS_ESD_FUSE.SCHLIB,TVS_ESD9L3.3_SOD923,"TVS, ESD PROTECT,"
9084,PROTECT_TVS_ESD_FUSE.SCHLIB,TVS_ESD9B5.0_SOD923,"TVS, ESD PROTECT, Bidirectional"
9085,PROTECT_TVS_ESD_FUSE.SCHLIB,TVS_ESD9B3.3_SOD923,"TVS, ESD PROTECT, Bidirectional"
9086,PROTECT_TVS_ESD_FUSE.SCHLIB,FUSE_SMD_160mA_1206,"Fuse, SMD"
9087,PROTECT_TVS_ESD_FUSE.SCHLIB,FUSE_SMD_160mA_0603,"Fuse, SMD"
9088,PROTECT_TVS_ESD_FUSE.SCHLIB,FUSE_PPTC_THD_2A32V,"Fuse, PPTC"
9089,PROTECT_TVS_ESD_FUSE.SCHLIB,FUSE_PPTC_THD_2A16V,"Fuse, PPTC"
9090,PROTECT_TVS_ESD_FUSE.SCHLIB,FUSEB_HOLDER_XF-101,"Automotive Car Blade Fuse Holder, ATO"
9091,PROTECT_TVS_ESD_FUSE.SCHLIB,FUSEB_HOLDER_KS3587,"Automotive Car Blade Fuse Holder, ATO"
9092,PROTECT_TVS_ESD_FUSE.SCHLIB,FUSEB_HOLDER_KS3557,"Automotive Car Blade Fuse Holder, ATO"
9093,PROTECT_TVS_ESD_FUSE.SCHLIB,FUSEB_HOLDER_KS3555,"Automotive Car Blade Fuse Holder, Maxi"
9094,PROTECT_TVS_ESD_FUSE.SCHLIB,FUSEB_HOLDER_KS3522,"Automotive Car Blade Fuse Holder, ATO"
9095,PROTECT_TVS_ESD_FUSE.SCHLIB,VARISTOR_470V_MOV7,"Varistor 470V, (Voltage-Sensitive Resistor), MOV7"
9096,PROTECT_TVS_ESD_FUSE.SCHLIB,VARISTOR_275V_MOV7,"Varistor 275V, (Voltage-Sensitive Resistor), MOV7"
9097,PROTECT_TVS_ESD_FUSE.SCHLIB,TVS_X4_SP724_SOT23,"TVS, ESD PROTECT, 4CH"
9098,PROTECT_TVS_ESD_FUSE.SCHLIB,TVS_X2_SR05_SOT143,"TVS, ESD PROTECT, 2CH, 25A 5V 500W SOT-143"
9099,PROTECT_TVS_ESD_FUSE.SCHLIB,FUSE_PPTC_THD_7.5A,"Fuse, PPTC"
9100,PROTECT_TVS_ESD_FUSE.SCHLIB,FUSE_PPTC_THD_6.5A,"Fuse, PPTC"
9101,PROTECT_TVS_ESD_FUSE.SCHLIB,FUSE_PPTC_THD_5.5A,"Fuse, PPTC"
9102,PROTECT_TVS_ESD_FUSE.SCHLIB,FUSE_PPTC_THD_4.5A,"Fuse, PPTC"
9103,PROTECT_TVS_ESD_FUSE.SCHLIB,FUSE_PPTC_THD_0.5A,"Fuse, PPTC"
9104,PROTECT_TVS_ESD_FUSE.SCHLIB,VARISTOR_45V_MOV7,"Varistor 45V, (Voltage-Sensitive Resistor), MOV7"
9105,PROTECT_TVS_ESD_FUSE.SCHLIB,TVS_SM15T39CA_SMC,"TVS, ESD PROTECT, Bidirectional"
9106,PROTECT_TVS_ESD_FUSE.SCHLIB,TVS_P6KE27CA_AX05,"TVS, ESD PROTECT, Bidirectional"
9107,PROTECT_TVS_ESD_FUSE.SCHLIB,TVS_ESD9L5_SOD923,"TVS, ESD PROTECT,"
9108,PROTECT_TVS_ESD_FUSE.SCHLIB,TVS_ESD7462_XDFN2,"TVS, ESD PROTECT, Bidirectional"
9109,PROTECT_TVS_ESD_FUSE.SCHLIB,TVS_ESD7461_XDFN2,"TVS, ESD PROTECT, Bidirectional"
9110,PROTECT_TVS_ESD_FUSE.SCHLIB,FUSE_PPTC_THD_13A,"Fuse, PPTC"
9111,PROTECT_TVS_ESD_FUSE.SCHLIB,FUSE_PPTC_THD_11A,"Fuse, PPTC"
9112,PROTECT_TVS_ESD_FUSE.SCHLIB,FUSE_PPTC_THD_10A,"Fuse, PPTC"
9113,PROTECT_TVS_ESD_FUSE.SCHLIB,FUSEC_6X32_HOLDER,Fuse Cylindrical 6X32 Holder
9114,PROTECT_TVS_ESD_FUSE.SCHLIB,FUSEC_5X20_HOLDER,Fuse Cylindrical 5X20 Holder
9115,PROTECT_TVS_ESD_FUSE.SCHLIB,CM2020-01_TSSOP38,"TVS, ESD PROTECT, HDMI, ±8kV"
9116,PROTECT_TVS_ESD_FUSE.SCHLIB,CM2020-00_TSSOP38,"TVS, ESD PROTECT, HDMI, 8kV"
9117,PROTECT_TVS_ESD_FUSE.SCHLIB,TVS_TVS3300_SON6,"TVS, ESD PROTECT, 35A 33Vrwm"
9118,PROTECT_TVS_ESD_FUSE.SCHLIB,TVS_TVS1400_SON6,"TVS, ESD PROTECT, 43A 5Vrwm"
9119,PROTECT_TVS_ESD_FUSE.SCHLIB,TVS_TVS0500_SON6,"TVS, ESD PROTECT, 43A 5Vrwm"
9120,PROTECT_TVS_ESD_FUSE.SCHLIB,TVS_SM15T39A_SMC,"TVS, ESD PROTECT"
9121,PROTECT_TVS_ESD_FUSE.SCHLIB,FUSE_SMD_5A_2410,"Fuse, SMD"
9122,PROTECT_TVS_ESD_FUSE.SCHLIB,FUSE_SMD_3A_2410,"Fuse, SMD"
9123,PROTECT_TVS_ESD_FUSE.SCHLIB,FUSE_SMD_2A_2410,"Fuse, SMD"
9124,PROTECT_TVS_ESD_FUSE.SCHLIB,FUSE_SMD_2A_1812,"Fuse, SMD"
9125,PROTECT_TVS_ESD_FUSE.SCHLIB,FUSE_SMD_2A_1206,"Fuse, SMD"
9126,PROTECT_TVS_ESD_FUSE.SCHLIB,FUSE_SMD_2410_2A,"Fuse, Cermaic Nano"
9127,PROTECT_TVS_ESD_FUSE.SCHLIB,FUSE_SMD_2410_1A,"Fuse, Cermaic Nano"
9128,PROTECT_TVS_ESD_FUSE.SCHLIB,FUSE_SMD_1A_2410,"Fuse, SMD"
9129,PROTECT_TVS_ESD_FUSE.SCHLIB,FUSE_PPTC_THD_9A,"Fuse, PPTC"
9130,PROTECT_TVS_ESD_FUSE.SCHLIB,FUSE_PPTC_THD_8A,"Fuse, PPTC"
9131,PROTECT_TVS_ESD_FUSE.SCHLIB,FUSE_PPTC_THD_7A,"Fuse, PPTC"
9132,PROTECT_TVS_ESD_FUSE.SCHLIB,FUSE_PPTC_THD_6A,"Fuse, PPTC"
9133,PROTECT_TVS_ESD_FUSE.SCHLIB,FUSE_PPTC_THD_5A,"Fuse, PPTC"
9134,PROTECT_TVS_ESD_FUSE.SCHLIB,FUSE_PPTC_THD_4A,"Fuse, PPTC"
9135,PROTECT_TVS_ESD_FUSE.SCHLIB,FUSE_PPTC_THD_3A,"Fuse, PPTC"
9136,PROTECT_TVS_ESD_FUSE.SCHLIB,FUSE_PPTC_THD_1A,"Fuse, PPTC"
9137,PROTECT_TVS_ESD_FUSE.SCHLIB,FUSE_BOM_2410_2A,"Fuse, Cermaic Nano"
9138,PROTECT_TVS_ESD_FUSE.SCHLIB,TVS_SD12_SOD323,"TVS, ESD PROTECT, 12VRWM, 30KV"
9139,PROTECT_TVS_ESD_FUSE.SCHLIB,ESD_30VDC_0603,ESD Suppressor 30VDC 0603 SMD
9140,PROTECT_TVS_ESD_FUSE.SCHLIB,FUSE_PCB6W48L,"PCB Fuse, 0.15mm wide, accordion shape, 48mm length, fuse time depends on substrate and current"
9141,PROTECT_TVS_ESD_FUSE.SCHLIB,TVS_SMCJ36CA,"TVS, ESD PROTECT"
9142,PROTECT_TVS_ESD_FUSE.SCHLIB,TVS_SMAJ6.0A,"TVS, ESD PROTECT"
9143,PROTECT_TVS_ESD_FUSE.SCHLIB,TVS_SMAJ12CA,"TVS, ESD PROTECT, Bidirectional"
9144,PROTECT_TVS_ESD_FUSE.SCHLIB,TVS_CDSOD323,"TVS, ESD PROTECT, Bidirectional"
9145,PROTECT_TVS_ESD_FUSE.SCHLIB,TVS_SMBJ48A,"TVS, ESD PROTECT"
9146,PROTECT_TVS_ESD_FUSE.SCHLIB,TVS_SMBJ28A,"TVS, ESD PROTECT"
9147,PROTECT_TVS_ESD_FUSE.SCHLIB,TVS_SMBJ26A,"TVS, ESD PROTECT"
9148,PROTECT_TVS_ESD_FUSE.SCHLIB,TVS_SMAJ5CA,"TVS, ESD PROTECT, Bidirectional"
9149,PROTECT_TVS_ESD_FUSE.SCHLIB,TVS_SMAJ36A,"TVS, ESD PROTECT"
9150,PROTECT_TVS_ESD_FUSE.SCHLIB,FUSEC_6X32,Fuse Cylindrical 6X32
9151,PROTECT_TVS_ESD_FUSE.SCHLIB,FUSEC_5X20,Fuse Cylindrical 5X20
9152,PROTECT_TVS_ESD_FUSE.SCHLIB,TCO_Axial,Thermal cutoff axial 2 Amp 130 deg C
9153,PROTECT_TVS_ESD_FUSE.SCHLIB,VARISTOR,Varistor (Metal Oxiade Varistor)
9154,PROTECT_TVS_ESD_FUSE.SCHLIB,ESD-PCB,"ESD, PCB"
9155,PWR_CHARGEFAST.SCHLIB,CHY103_SOP8,Quick Charge 3.0
9156,PWR_CHARGER.SCHLIB,MCP73831_SOT23-5,"PWR, CHARGER, Linear, Li-Ion/Li-Po, 0.5A, 4.2v"
9157,PWR_CHARGER.SCHLIB,STC4054_SOT23-5,"PWR, CHARGER, Linear, Li-Ion, 0.8A, 4.2v"
9158,PWR_CHARGER.SCHLIB,LTC4054_SOT23-5,"PWR, CHARGER, Linear, Li-Ion, 0.8A, 4.2v"
9159,PWR_CHARGER.SCHLIB,LTC1733_MSOP10,"PWR, CHARGER, Linear, Li-Ion, 1.6A, 4.2v"
9160,PWR_CHARGER.SCHLIB,MCP73831_DFN8,"PWR, CHARGER, Linear, Li-Ion/Li-Po, 0.5A, 4.2v"
9161,PWR_LINEAR_LED_DRIVER.SCHLIB,LEDDRV_ICNE2521_SOT89,"LED Driver, linear, 100mA max"
9162,PWR_LINEAR_LED_DRIVER.SCHLIB,LEDDRV_KP18001_SOP8,"LED Driver, linear, 60mA max"
9163,PWR_LOAD_SWITCH.SCHLIB,TPS259461L_QFN10,"LOAD SW, 2.7~23V eFuse, 0.5~6A, 28mOhm, OVP+UVLO, autoretry"
9164,PWR_LOAD_SWITCH.SCHLIB,TPS259461A_QFN10,"LOAD SW, 2.7~23V eFuse, 0.5~6A, 28mOhm, OVP+UVLO, autoretry"
9165,PWR_LOAD_SWITCH.SCHLIB,TPS259460L_QFN10,"LOAD SW, 2.7~23V eFuse, 0.5~6A, 28mOhm, OVP+UVLO, autoretry"
9166,PWR_LOAD_SWITCH.SCHLIB,TPS259460A_QFN10,"LOAD SW, 2.7~23V eFuse, 0.5~6A, 28mOhm, OVP+UVLO, autoretry"
9167,PWR_LOAD_SWITCH.SCHLIB,TPS22965-Q1_SON8,"LOAD SW, 6A, 5.7v, 16mOhm"
9168,PWR_LOAD_SWITCH.SCHLIB,TPS259271_SON10,"LOAD SW, eFuse, 5A, 4.5~18V, 28mOhm +BFET"
9169,PWR_LOAD_SWITCH.SCHLIB,TPS259270_SON10,"LOAD SW, eFuse, 5A, 4.5~18V, 28mOhm +BFET"
9170,PWR_LOAD_SWITCH.SCHLIB,TPS259261_SON10,"LOAD SW, 12V eFuse, 5A, 4.3~15V, 30mOhm"
9171,PWR_LOAD_SWITCH.SCHLIB,TPS259260_SON10,"LOAD SW, 12V eFuse, 5A, 4.3~15V, 30mOhm"
9172,PWR_LOAD_SWITCH.SCHLIB,TPS259251_SON10,"LOAD SW, 5V eFuse, 5A, 4.5~5.5V, 30mOhm"
9173,PWR_LOAD_SWITCH.SCHLIB,TPS259250_SON10,"LOAD SW, 5V eFuse, 5A, 4.5~5.5V, 30mOhm"
9174,PWR_LOAD_SWITCH.SCHLIB,TPS259231_SON10,"LOAD SW, 5V eFuse, 5A, 4.5~5.5V, 28mOhm +BFET"
9175,PWR_LOAD_SWITCH.SCHLIB,TPS259230_SON10,"LOAD SW, 5V eFuse, 5A, 4.5~5.5V, 28mOhm +BFET"
9176,PWR_LOAD_SWITCH.SCHLIB,TPS26625_SON10,"LOAD SW, 4.5~60V eFuse, 0.8A, 478mOhm, OVP cut-off & Revp, OVL autoretry"
9177,PWR_LOAD_SWITCH.SCHLIB,TPS26624_SON10,"LOAD SW, 4.5~60V eFuse, 0.8A, 478mOhm, OVP cut-off & Revp, OVL Latch off"
9178,PWR_LOAD_SWITCH.SCHLIB,TPS22918_SOT23,"LOAD SW, 2A, 1~5.5v, 52mOhm, SOT23"
9179,PWR_LOAD_SWITCH.SCHLIB,TPS22917_SOT23,"LOAD SW, 2A, 1~5.5v, 80mOhm, SOT23"
9180,PWR_LOAD_SWITCH.SCHLIB,TPS25200_SON6,"LOAD SW, 5V eFuse, 2.5A, 2.5~6.5V, 60mOhm"
9181,PWR_LOAD_SWITCH.SCHLIB,TPS22913_BGA4,"LOAD SW, 2A, 1.4~5.5v, 60mOhm, 4DSBGA"
9182,PWR_LOAD_SWITCH.SCHLIB,TPS2121_QFN12,"LOAD SW, eFuse, 4.5A, 2.8~22V, 56mOhm, power Mux"
9183,PWR_LOAD_SWITCH.SCHLIB,TPS2061_SSOP8,"LOAD SW, 1A, 2.7~5.5V"
9184,PWR_LOAD_SWITCH.SCHLIB,TPS2051_SOT23,"LOAD SW,"
9185,PWR_LOAD_SWITCH.SCHLIB,FDC6331_SOT23,"LOAD SW, 2.5-8V SSOT6"
9186,PWR_LOAD_SWITCH.SCHLIB,FDC6326_SOT23,"LOAD SW, 3~20VIN, 2.5~8Von, 1.8A, 0.2Vdrop, 0.2Rds"
9187,PWR_LOAD_SWITCH.SCHLIB,TPS2051_SOP8,Power Distribution Switch Current Limited 500mA
9188,PWR_LOAD_SWITCH.SCHLIB,TPS2041_SOP8,"LOAD SW, CURRENT-LIMITED"
9189,PWR_LOAD_SWITCH.SCHLIB,SY6280_SOT23,"LOAD SW,"
9190,PWR_LOAD_SWITCH.SCHLIB,NCP348_SON10,"LOAD SW, 5V eFuse, 2A, 1.2~28V, 28mOhm , WDFN-10"
9191,PWR_LOAD_SWITCH.SCHLIB,NCP347_SON10,"LOAD SW, 5V eFuse, 2A, 1.2~28V, 28mOhm , WDFN-10"
9192,PWR_LOAD_SWITCH.SCHLIB,MIC2026_SOP8,"LOAD SW, DUAL"
9193,PWR_LOAD_SWITCH.SCHLIB,LM3526M_SOP8,"LOAD SW, Dual Port USB, Over-Current Protection"
9194,PWR_LOAD_SWITCH.SCHLIB,AP2191D_SON6,"LOAD SW, 5V USB, 2.1A, 2.7~5.5V, 90mOhm"
9195,PWR_LOAD_SWITCH.SCHLIB,AP2181D_SON6,"LOAD SW, 5V USB, 2.1A, 2.7~5.5V, 90mOhm"
9196,PWR_LOAD_SWITCH.SCHLIB,AP2171D_SON6,"LOAD SW, 5V USB, 1.5A, 2.7~5.5V, 90mOhm"
9197,PWR_LOAD_SWITCH.SCHLIB,AP2161D_SON6,"LOAD SW, 5V USB, 1.5A, 2.7~5.5V, 90mOhm"
9198,PWR_LOAD_SWITCH.SCHLIB,AP2151D_SON6,"LOAD SW, 5V USB, 0.8A, 2.7~5.5V, 90mOhm"
9199,PWR_LOAD_SWITCH.SCHLIB,AP2141D_SON6,"LOAD SW, 5V USB, 0.8A, 2.7~5.5V, 90mOhm"
9200,PWR_LOAD_SWITCH.SCHLIB,NCP349_SON6,"LOAD SW, 5V eFuse, 2A, 1.2~28V, 28mOhm , DFN-6"
9201,PWR_LOAD_SWITCH.SCHLIB,AP2191_SON6,"LOAD SW, 5V USB, 2.1A, 2.7~5.5V, 90mOhm"
9202,PWR_LOAD_SWITCH.SCHLIB,AP2181_SON6,"LOAD SW, 5V USB, 2.1A, 2.7~5.5V, 90mOhm"
9203,PWR_LOAD_SWITCH.SCHLIB,AP2152_SOP8,"LOAD SW, Dual Port USB, Over-Current Protection"
9204,PWR_LOAD_SWITCH.SCHLIB,MIC2025-2B,"LOAD SW,"
9205,PWR_LOAD_SWITCH.SCHLIB,TPS2034D,"LOAD SW, 3.0A"
9206,PWR_MON_SUPERVISOR.SCHLIB,TPS386040_QFN20,"PWR, SUPERVISOR, 4CH, ActiveLow, PushPull"
9207,PWR_MON_SUPERVISOR.SCHLIB,TPS386000_QFN20,"PWR, SUPERVISOR, 4CH, ActiveLow, OpenDrain"
9208,PWR_MON_SUPERVISOR.SCHLIB,MAX16030_QFN24,"PWR, SUPERVISOR, 4CH, ActiveLow, PushPull"
9209,PWR_MON_SUPERVISOR.SCHLIB,MAX16029_QFN24,"PWR, SUPERVISOR, 4CH, ActiveLow, OpenDrain"
9210,PWR_MON_SUPERVISOR.SCHLIB,MAX16026_QFN16,"PWR, SUPERVISOR, 2CH, ActiveLow, PushPull"
9211,PWR_MON_SUPERVISOR.SCHLIB,MAX16025_QFN16,"PWR, SUPERVISOR, 2CH, ActiveLow, OpenDrain"
9212,PWR_MON_SUPERVISOR.SCHLIB,ADM1185_SSOP10,"PWR, SUPERVISOR, 4CH, ActiveHigh, OpenDrain"
9213,PWR_MON_SUPERVISOR_SINGLE.SCHLIB,TPS3808G125_SOT23,PWR SUPERVISOR 1.25V SOT23-6
9214,PWR_MON_SUPERVISOR_SINGLE.SCHLIB,MAX809SQ263_SOT23,"PWR SUPERVISOR, 1.2~4.9V SC70-3"
9215,PWR_MON_SUPERVISOR_SINGLE.SCHLIB,TPS3823-33_SOT23,"PWR SUPERVISOR, SOT23-5"
9216,PWR_MON_SUPERVISOR_SINGLE.SCHLIB,TPS3808G50_SOT23,PWR SUPERVISOR 5.0V SOT23-6
9217,PWR_MON_SUPERVISOR_SINGLE.SCHLIB,TPS3808G33_SOT23,PWR SUPERVISOR 3.3V SOT23-6
9218,PWR_MON_SUPERVISOR_SINGLE.SCHLIB,TPS3808G30_SOT23,PWR SUPERVISOR 3.0V SOT23-6
9219,PWR_MON_SUPERVISOR_SINGLE.SCHLIB,TPS3808G25_SOT23,PWR SUPERVISOR 2.5V SOT23-6
9220,PWR_MON_SUPERVISOR_SINGLE.SCHLIB,TPS3808G19_SOT23,PWR SUPERVISOR 1.9V SOT23-6
9221,PWR_MON_SUPERVISOR_SINGLE.SCHLIB,TPS3808G18_SOT23,PWR SUPERVISOR 1.8V SOT23-6
9222,PWR_MON_SUPERVISOR_SINGLE.SCHLIB,TPS3808G15_SOT23,PWR SUPERVISOR 1.5V SOT23-6
9223,PWR_MON_SUPERVISOR_SINGLE.SCHLIB,TPS3808G12_SOT23,PWR SUPERVISOR 1.2V SOT23-6
9224,PWR_MON_SUPERVISOR_SINGLE.SCHLIB,TPS3808G09_SOT23,PWR SUPERVISOR 0.9V SOT23-6
9225,PWR_MON_SUPERVISOR_SINGLE.SCHLIB,TPS3808G01_SOT23,"PWR SUPERVISOR, Adj, SOT23-6"
9226,PWR_MON_SUPERVISOR_SINGLE.SCHLIB,TPS3808G01_SON6,"PWR SUPERVISOR, Adj, SON-6"
9227,PWR_MON_SUPERVISOR_SINGLE.SCHLIB,TLV809L30_SOT23,"PWR SUPERVISOR, 3.0V, PushPull, SOT23-3"
9228,PWR_MON_SUPERVISOR_SINGLE.SCHLIB,TLV809K33_SOT23,"PWR SUPERVISOR, 3.3V, PushPull, SOT23-3"
9229,PWR_MON_SUPERVISOR_SINGLE.SCHLIB,TLV809J25_SOT23,"PWR SUPERVISOR, 2.5V, PushPull, SOT23-3"
9230,PWR_MON_SUPERVISOR_SINGLE.SCHLIB,TLV809I50_SOT23,"PWR SUPERVISOR, 5.0V, PushPull, SOT23-3"
9231,PWR_MON_SUPERVISOR_SINGLE.SCHLIB,TPS3898P_SON6,"PWR SUPERVISOR, ActiveLow, OpenDrain, Adj"
9232,PWR_MON_SUPERVISOR_SINGLE.SCHLIB,TPS3898A_SON6,"PWR SUPERVISOR, ActiveLow, OpenDrain, Adj"
9233,PWR_MON_SUPERVISOR_SINGLE.SCHLIB,TPS3897P_SON6,"PWR SUPERVISOR, ActiveHigh, OpenDrain, Adj"
9234,PWR_MON_SUPERVISOR_SINGLE.SCHLIB,TPS3897A_SON6,"PWR SUPERVISOR, ActiveHigh, OpenDrain, Adj"
9235,PWR_MON_SUPERVISOR_SINGLE.SCHLIB,TPS3896P_SON6,"PWR SUPERVISOR, ActiveLow, Push-pull, Adj"
9236,PWR_MON_SUPERVISOR_SINGLE.SCHLIB,TPS3896A_SON6,"PWR SUPERVISOR, ActiveLow, Push-pull, Adj"
9237,PWR_MON_SUPERVISOR_SINGLE.SCHLIB,TPS3895P_SON6,"PWR SUPERVISOR, ActiveHigh, Push-pull, Adj"
9238,PWR_MON_SUPERVISOR_SINGLE.SCHLIB,TPS3895A_SON6,"PWR SUPERVISOR, ActiveHigh, Push-pull, Adj"
9239,PWR_MON_SUPERVISOR_SINGLE.SCHLIB,TLV810Z_SOT23,"PWR SUPERVISOR, 2.5V, PushPull, SOT23-3"
9240,PWR_MON_SUPERVISOR_SINGLE.SCHLIB,TLV810S_SOT23,"PWR SUPERVISOR, 3.3V, PushPull, SOT23-3"
9241,PWR_MON_SUPERVISOR_SINGLE.SCHLIB,TLV810R_SOT23,"PWR SUPERVISOR, 3.0V, PushPull, SOT23-3"
9242,PWR_MON_SUPERVISOR_SINGLE.SCHLIB,TLV810M_SOT23,"PWR SUPERVISOR, 5.0V, PushPull, SOT23-3"
9243,PWR_MON_SUPERVISOR_SINGLE.SCHLIB,TLV803Z_SOT23,"PWR SUPERVISOR, 2.5V SOT23-3"
9244,PWR_MON_SUPERVISOR_SINGLE.SCHLIB,TLV803S_SOT23,"PWR SUPERVISOR, 3.3V SOT23-3"
9245,PWR_MON_SUPERVISOR_SINGLE.SCHLIB,TLV803R_SOT23,"PWR SUPERVISOR, 3.0V SOT23-3"
9246,PWR_MON_SUPERVISOR_SINGLE.SCHLIB,TLV803M_SOT23,"PWR SUPERVISOR, 5.0V SOT23-3"
9247,PWR_MON_SUPERVISOR_SINGLE.SCHLIB,MAX6899_SOT23,"PWR SUPERVISOR, ActiveLow, PushPull, Adj"
9248,PWR_MON_SUPERVISOR_SINGLE.SCHLIB,MAX6898_SOT23,"PWR SUPERVISOR, ActiveLow, OpenDrain, Adj"
9249,PWR_MON_SUPERVISOR_SINGLE.SCHLIB,MAX6897_SOT23,"PWR SUPERVISOR, ActiveHigh, OpenDrain, Adj"
9250,PWR_MON_SUPERVISOR_SINGLE.SCHLIB,MAX6896_SOT23,"PWR SUPERVISOR, ActiveLow, Push-pull, Adj"
9251,PWR_MON_SUPERVISOR_SINGLE.SCHLIB,MAX6895_SOT23,"PWR SUPERVISOR, ActiveHigh, Push-pull, Adj"
9252,PWR_MON_SUPERVISOR_SINGLE.SCHLIB,TLC7701_SOP8,"PWR SUPERVISOR, LinCMOS"
9253,PWR_MON_SUPERVISOR_SINGLE.SCHLIB,MAX6899_SON6,"PWR SUPERVISOR, ActiveLow, PushPull, Adj"
9254,PWR_MON_SUPERVISOR_SINGLE.SCHLIB,MAX6898_SON6,"PWR SUPERVISOR, ActiveLow, OpenDrain, Adj"
9255,PWR_MON_SUPERVISOR_SINGLE.SCHLIB,MAX6897_SON6,"PWR SUPERVISOR, ActiveHigh, OpenDrain, Adj"
9256,PWR_MON_SUPERVISOR_SINGLE.SCHLIB,MAX6896_SON6,"PWR SUPERVISOR, ActiveLow, Push-pull, Adj"
9257,PWR_MON_SUPERVISOR_SINGLE.SCHLIB,MAX6895_SON6,"PWR SUPERVISOR, ActiveHigh, Push-pull, Adj"
9258,,LTC2955-2_SOT23,Pushbutton On/Off
9259,16,Controller,
9260,,LTC2955-1_SOT23,Pushbutton On/Off
9261,16,Controller,
9262,,LTC2954-2_SOT23,Pushbutton On/Off
9263,16,Controller,
9264,,LTC2954-1_SOT23,Pushbutton On/Off
9265,16,Controller,
9266,,LTC2951-2_SOT23,Pushbutton On/Off
9267,16,Controller,
9268,,LTC2951-1_SOT23,Pushbutton On/Off
9269,16,Controller,
9270,,MAX16054_SOT23,Pushbutton On/Off
9271,16,Controller,
9272,PWR_REG_DDR.SCHLIB,VREG_TPS51206_SON10,"REG, Linear, LDO, 2A Sink/Source DDR Termination, SON-10"
9273,PWR_REG_DDR.SCHLIB,VREG_TPS51200_SON10,"REG, Linear, LDO, 3A Sink/Source DDR Termination, SON-10"
9274,PWR_REG_LINEAR.SCHLIB,VREG_AP7365-10E_SOT223,"REG, Linear, LDO0.37V, 0.6A, SOT-223"
9275,PWR_REG_LINEAR.SCHLIB,VREG_AP7363-10_TO252,"REG, Linear, LDO0.19V, 1.5A, TO-252"
9276,PWR_REG_LINEAR.SCHLIB,VREG_ZXTR2012_SOT23,"REG, Linear, 100VIN, 0.03A, SOT-23"
9277,PWR_REG_LINEAR.SCHLIB,VREG_AP7381-5_SOT89,"REG, Linear, LDO1V, 0.15A, SOT-89"
9278,PWR_REG_LINEAR.SCHLIB,VREG_ADP3338_SOT223,"REG, Linear, LDO0.18V, 1A, SOT-223"
9279,PWR_REG_LINEAR.SCHLIB,VREG_TL1963_SOT223,"REG, Linear, LDO0.34V, 1.5A, SOT223"
9280,PWR_REG_LINEAR.SCHLIB,VREG_LM2940_SOT223,"REG, Linear, LDO0.5V, 0.5A, SOT-223"
9281,PWR_REG_LINEAR.SCHLIB,VREG_LD29150_DPAK5,"REG, Linear, LDO0.4V, ADJ, 1.5A,"
9282,PWR_REG_LINEAR.SCHLIB,VREG_LM2940_TO263,"REG, Linear, LDO0.5V, 1A, TO-263"
9283,PWR_REG_LINEAR.SCHLIB,VREG_LM2940_TO220,"REG, Linear, LDO0.5V, 1A, TO-220"
9284,PWR_REG_LINEAR.SCHLIB,VREG_LD6805K_DFN4,"REG, Linear, LDO0.25V, Fixed, 150mA, VIN2.3~5.25V, VOUT1.2~3.6V,DFN4 1X1mm"
9285,PWR_REG_LINEAR.SCHLIB,VREG_LDO_SOT23_5,"REG, Linear, LDO, SOT-23-5"
9286,PWR_REG_LINEAR.SCHLIB,VREG_L4941_TO252,"REG, Linear, LDO0.45V, 5V, 1A, TO-252"
9287,PWR_REG_LINEAR.SCHLIB,VREG_L4941_TO220,"REG, Linear, LDO0.45V, 5V, 1A, TO-220"
9288,PWR_REG_LINEAR.SCHLIB,VREG_LFXX_TO252,"REG, Linear, LDO0.45V, 0.5A, TO-252"
9289,PWR_REG_LINEAR.SCHLIB,VREG_LFXX_TO220,"REG, Linear, LDO0.45V, 0.5A, TO-220"
9290,PWR_REG_LINEAR_108X.SCHLIB,VREG_1086_SON8ST,"REG, Linear, LDO1.3, Adj, 1A, SON-8"
9291,PWR_REG_LINEAR_108X.SCHLIB,VREG_1086_TO263,"REG, Linear, LDO1.3, Adj, 1.5A, TO-263"
9292,PWR_REG_LINEAR_108X.SCHLIB,VREG_1086_TO252,"REG, Linear, LDO1.3, Adj, 1A, TO-252"
9293,PWR_REG_LINEAR_108X.SCHLIB,VREG_1086_TO220,"REG, Linear, LDO1.3, Adj, 1.5A, TO-220"
9294,PWR_REG_LINEAR_108X.SCHLIB,VREG_1085_TO263,"REG, Linear, LDO1.3, Adj, 3A, TO-263"
9295,PWR_REG_LINEAR_108X.SCHLIB,VREG_1085_TO252,"REG, Linear, LDO1.3, Adj, 1A, TO-252"
9296,PWR_REG_LINEAR_108X.SCHLIB,VREG_1085_TO220,"REG, Linear, LDO1.3, Adj, 3A, TO-220"
9297,PWR_REG_LINEAR_108X.SCHLIB,VREG_1084_TO263,"REG, Linear, LDO1.3, Adj, 5A, TO-263"
9298,PWR_REG_LINEAR_108X.SCHLIB,VREG_1084_TO252,"REG, Linear, LDO1.3, Adj, 1A, TO-252"
9299,PWR_REG_LINEAR_108X.SCHLIB,VREG_1084_TO220,"REG, Linear, LDO1.3, Adj, 5A, TO-220"
9300,PWR_REG_LINEAR_108X.SCHLIB,VREG_1086_SON8,"REG, Linear, LDO1.3, Adj, 1A, SON-8"
9301,PWR_REG_LINEAR_1117.SCHLIB,VREG_1117_SOT223,"REG, Linear, LDO1V, 0.8A, SOT-223"
9302,PWR_REG_LINEAR_1117.SCHLIB,VREG_1117_TO252,"REG, Linear, LDO1V, 0.8A, TO-252"
9303,PWR_REG_LINEAR_1117.SCHLIB,VREG_1117_TO220,"REG, Linear, LDO1V, 0.8A, TO-220"
9304,PWR_REG_LINEAR_1117.SCHLIB,VREG_1117_SOT89,"REG, Linear, LDO1V, 0.8A, SOT-89"
9305,PWR_REG_LINEAR_78XX79XX.SCHLIB,VREG_L7918C_TO263,"REG, Linear, Fixed, -18v, 0.5A, TO-220 as TO-263"
9306,PWR_REG_LINEAR_78XX79XX.SCHLIB,VREG_L7918C_TO220,"REG, Linear, Fixed, -18v, 0.5A, TO-220"
9307,PWR_REG_LINEAR_78XX79XX.SCHLIB,VREG_L7915C_TO263,"REG, Linear, Fixed, -15v, 0.5A, TO-220 as TO-263"
9308,PWR_REG_LINEAR_78XX79XX.SCHLIB,VREG_L7915C_TO220,"REG, Linear, Fixed, -15v, 0.5A, TO-220 as TO-263"
9309,PWR_REG_LINEAR_78XX79XX.SCHLIB,VREG_L7824C_TO263,"REG, Linear, Fixed, 24v, 0.5A, TO-263"
9310,PWR_REG_LINEAR_78XX79XX.SCHLIB,VREG_L7824A_TO263,"REG, Linear, Fixed, 24v, 1A, TO-263"
9311,PWR_REG_LINEAR_78XX79XX.SCHLIB,VREG_L7818C_TO263,"REG, Linear, Fixed, 18v, 0.5A, TO-263"
9312,PWR_REG_LINEAR_78XX79XX.SCHLIB,VREG_L7815C_TO263,"REG, Linear, Fixed, 15v, 0.5A, TO-263"
9313,PWR_REG_LINEAR_78XX79XX.SCHLIB,VREG_L7815A_TO263,"REG, Linear, Fixed, 15v, 1A, TO-263"
9314,PWR_REG_LINEAR_78XX79XX.SCHLIB,VREG_L7812C_TO263,"REG, Linear, Fixed, 12v, 0.5A, TO-263"
9315,PWR_REG_LINEAR_78XX79XX.SCHLIB,VREG_L7812A_TO263,"REG, Linear, Fixed, 12v, 1A, TO-263"
9316,PWR_REG_LINEAR_78XX79XX.SCHLIB,VREG_L7809C_TO263,"REG, Linear, Fixed, 9v, 0.5A, TO-263"
9317,PWR_REG_LINEAR_78XX79XX.SCHLIB,VREG_L7809A_TO263,"REG, Linear, Fixed, 9v, 1A, TO-263"
9318,PWR_REG_LINEAR_78XX79XX.SCHLIB,VREG_L7808C_TO263,"REG, Linear, Fixed, 8v, 0.5A, TO-263"
9319,PWR_REG_LINEAR_78XX79XX.SCHLIB,VREG_L7808A_TO263,"REG, Linear, Fixed, 8v, 1A, TO-263"
9320,PWR_REG_LINEAR_78XX79XX.SCHLIB,VREG_L7806A_TO263,"REG, Linear, Fixed, 6v, 1A, TO-263"
9321,PWR_REG_LINEAR_78XX79XX.SCHLIB,VREG_L7805C_TO263,"REG, Linear, Fixed, 5v, 0.5A, TO-263"
9322,PWR_REG_LINEAR_78XX79XX.SCHLIB,VREG_L7805A_TO263,"REG, Linear, Fixed, 5v, 1A, TO-263"
9323,PWR_REG_LINEAR_78XX79XX.SCHLIB,VREG_78M05_SOT223,"REG, Linear, Fixed, 5v, 0.5A, SOT-223"
9324,PWR_REG_LINEAR_78XX79XX.SCHLIB,VREG_79M05_TO220,"REG, Linear, Negative,Fixed, -5v, 1.5A, TO-220"
9325,PWR_REG_LINEAR_78XX79XX.SCHLIB,VREG_78M18_TO252,"REG, Linear, Fixed, 18v, 0.5A, TO-252"
9326,PWR_REG_LINEAR_78XX79XX.SCHLIB,VREG_78M18_TO220,"REG, Linear, Fixed, 18v, 1.5A, TO-220"
9327,PWR_REG_LINEAR_78XX79XX.SCHLIB,VREG_78M15_TO252,"REG, Linear, Fixed, 15v, 0.5A, TO-252"
9328,PWR_REG_LINEAR_78XX79XX.SCHLIB,VREG_78M15_TO220,"REG, Linear, Fixed, 15v, 1.5A, TO220"
9329,PWR_REG_LINEAR_78XX79XX.SCHLIB,VREG_78M12_TO252,"REG, Linear, Fixed, 12v, 0.5A, TO-252"
9330,PWR_REG_LINEAR_78XX79XX.SCHLIB,VREG_78M12_TO220,"REG, Linear, Fixed, 12v, 1.5A, TO220"
9331,PWR_REG_LINEAR_78XX79XX.SCHLIB,VREG_78M09_TO252,"REG, Linear, Fixed, 9v, 0.5A, TO-252"
9332,PWR_REG_LINEAR_78XX79XX.SCHLIB,VREG_78M09_TO220,"REG, Linear, Fixed, 9v, 1.5A, TO-220"
9333,PWR_REG_LINEAR_78XX79XX.SCHLIB,VREG_78M08_TO252,"REG, Linear, Fixed, 8v, 0.5A, TO-252"
9334,PWR_REG_LINEAR_78XX79XX.SCHLIB,VREG_78M08_TO220,"REG, Linear, Fixed, 8v, 1.5A, TO220"
9335,PWR_REG_LINEAR_78XX79XX.SCHLIB,VREG_78M06_TO252,"REG, Linear, Fixed, 6v, 0.5A, TO-252"
9336,PWR_REG_LINEAR_78XX79XX.SCHLIB,VREG_78M06_TO220,"REG, Linear, Fixed, 6v, 1.5A, TO220"
9337,PWR_REG_LINEAR_78XX79XX.SCHLIB,VREG_78M05_TO252,"REG, Linear, Fixed, 5v, 0.5A, TO-252"
9338,PWR_REG_LINEAR_78XX79XX.SCHLIB,VREG_78M05_TO220,"REG, Linear, Fixed, 5v, 1.5A, TO-220"
9339,PWR_REG_LINEAR_78XX79XX.SCHLIB,VREG_78L18_SOT89,"REG, Linear, Fixed, 18v, 0.1A, SOT-89"
9340,PWR_REG_LINEAR_78XX79XX.SCHLIB,VREG_78L15_SOT89,"REG, Linear, Fixed, 15v, 0.1A, SOT-89"
9341,PWR_REG_LINEAR_78XX79XX.SCHLIB,VREG_78L12_SOT89,"REG, Linear, Fixed, 12v, 0.1A, SOT-89"
9342,PWR_REG_LINEAR_78XX79XX.SCHLIB,VREG_78L09_SOT89,"REG, Linear, Fixed, 9v, 0.1A, SOT-89"
9343,PWR_REG_LINEAR_78XX79XX.SCHLIB,VREG_78L08_SOT89,"REG, Linear, Fixed, 8v, 0.1A, SOT-89"
9344,PWR_REG_LINEAR_78XX79XX.SCHLIB,VREG_78L06_SOT89,"REG, Linear, Fixed, 6v, 0.1A, SOT-89"
9345,PWR_REG_LINEAR_78XX79XX.SCHLIB,VREG_78L05_SOT89,"REG, Linear, Fixed, 5v, 0.1A, SOT-89"
9346,PWR_REG_LINEAR_78XX79XX.SCHLIB,VREG_78L05_SOT23,"REG, Linear, Fixed, 5v, 0.1A, SOT-23"
9347,PWR_REG_LINEAR_78XX79XX.SCHLIB,VREG_78L05_DSBGA,"REG, Linear, Fixed, 5v, 0.1A, BGA"
9348,PWR_REG_LINEAR_78XX79XX.SCHLIB,VREG_78L18_TO92,"REG, Linear, Fixed, 18v, 0.1A, TO-92"
9349,PWR_REG_LINEAR_78XX79XX.SCHLIB,VREG_78L15_TO92,"REG, Linear, Fixed, 15v, 0.1A, TO-92"
9350,PWR_REG_LINEAR_78XX79XX.SCHLIB,VREG_78L12_TO92,"REG, Linear, Fixed, 12v, 0.1A, TO-92"
9351,PWR_REG_LINEAR_78XX79XX.SCHLIB,VREG_78L09_TO92,"REG, Linear, Fixed, 9v, 0.1A, TO-92"
9352,PWR_REG_LINEAR_78XX79XX.SCHLIB,VREG_78L08_TO92,"REG, Linear, Fixed, 8v, 0.1A, TO-92"
9353,PWR_REG_LINEAR_78XX79XX.SCHLIB,VREG_78L06_TO92,"REG, Linear, Fixed, 6v, 0.1A, TO-92"
9354,PWR_REG_LINEAR_78XX79XX.SCHLIB,VREG_78L05_TO92,"REG, Linear, Fixed, 5v, 0.1A, TO-92"
9355,PWR_REG_LINEAR_78XX79XX.SCHLIB,VREG_78L15_SO8,"REG, Linear, Fixed, 15v, 0.1A, SO-8"
9356,PWR_REG_LINEAR_78XX79XX.SCHLIB,VREG_78L08_SO8,"REG, Linear, Fixed, 8v, 0.1A, SO-8"
9357,PWR_REG_LINEAR_78XX79XX.SCHLIB,VREG_78L06_SO8,"REG, Linear, Fixed, 6v, 0.1A, SO-8"
9358,PWR_REG_LINEAR_78XX79XX.SCHLIB,VREG_78L05_SO8,"REG, Linear, Fixed, 5v, 0.1A, SO-8"
9359,PWR_REG_LINEAR_78XX79XX.SCHLIB,VREG_78K12_TO3,"REG, Linear, Fixed, 12v, 1A, TO-3"
9360,PWR_REG_LINEAR_78XX79XX.SCHLIB,VREG_78K5_TO3,"REG, Linear, Fixed, 12v, 1A, TO-3"
9361,PWR_REG_LINEAR_HIGHINPUT.SCHLIB,VREG_NCP786AMNADJTBG_DFN6,"REG, Linear, Adj, 55~450v, 10mA"
9362,PWR_REG_LINEAR_HIGHINPUT.SCHLIB,VREG_NCP781BMNADJ_DFN6,"REG, Linear, Fixed, 6~150v, 100mA"
9363,PWR_REG_LINEAR_HIGHINPUT.SCHLIB,VREG_NCP785AH50_SOT89,"REG, Linear, Fixed, High Voltage, 10mA, SOT-89"
9364,PWR_REG_LINEAR_HIGHINPUT.SCHLIB,VREG_NCP785AH33_SOT89,"REG, Linear, Fixed, High Voltage, 10mA, SOT-89"
9365,PWR_REG_LINEAR_HIGHINPUT.SCHLIB,VREG_NCP785AH15_SOT89,"REG, Linear, Fixed, High Voltage, 10mA, SOT-89"
9366,PWR_REG_LINEAR_HIGHINPUT.SCHLIB,VREG_NCP785AH12_SOT89,"REG, Linear, Fixed, High Voltage, 10mA, SOT-89"
9367,PWR_REG_LINEAR_HIGHINPUT.SCHLIB,VREG_NCP781BMN05_DFN6,"REG, Linear, Fixed, 6~150v, 100mA"
9368,PWR_REG_LINEAR_HIGHINPUT.SCHLIB,VREG_ZXTR2012_SOT23,"REG, Linear, ADJ, High Voltage, 36mA, SOT-23"
9369,PWR_REG_LINEAR_HIGHINPUT.SCHLIB,VREG_VB408_TO220ISO,"REG, Linear, ADJ, HV, 60mA, ISOWATT220"
9370,PWR_REG_LINEAR_HIGHINPUT.SCHLIB,VREG_SE8650X2_SOT23,"REG, Linear, ADJ, High Voltage, 100mA, SOT-23"
9371,PWR_REG_LINEAR_HIGHINPUT.SCHLIB,VREG_SE8633X2_SOT23,"REG, Linear, ADJ, High Voltage, 100mA, SOT-23"
9372,PWR_REG_LINEAR_HIGHINPUT.SCHLIB,VREG_NCP786L_SOT223,"REG, Linear, Fixed, High Voltage, 5mA, SOT-223"
9373,PWR_REG_LINEAR_HIGHINPUT.SCHLIB,VREG_VB408_TO220,"REG, Linear, ADJ, HV, 60mA, TO220"
9374,PWR_REG_LINEAR_HIGHINPUT.SCHLIB,VREG_LR645_TO220,"REG, Linear, Fixed, 6v, 1.5A, TO220"
9375,PWR_REG_LINEAR_HIGHINPUT.SCHLIB,VREG_LR645_SOT89,"REG, Linear, Fixed, High Voltage, 0.4A, SOT-89"
9376,PWR_REG_LINEAR_HIGHINPUT.SCHLIB,VREG_VB408_DPAK,"REG, Linear, ADJ, HV, 60mA, DPAK"
9377,PWR_REG_LINEAR_HIGHINPUT.SCHLIB,VREG_MP163_SOP8,"REG, Linear+SW, 700Vin, 250mA"
9378,PWR_REG_LINEAR_HIGHINPUT.SCHLIB,VREG_MP103_SOP8,"REG, Linear, Fixed, 85~305Vin, 50mA"
9379,PWR_REG_LINEAR_HIGHINPUT.SCHLIB,VREG_LR645_TO92,"REG, Linear, ADJ, High Voltage, 30 mA, SOT-89"
9380,PWR_REG_LINEAR_HIGHINPUT.SCHLIB,VREG_LR12_TO252,"REG, Linear, Fixed, High Voltage, 0.1A, SOT-89"
9381,PWR_REG_LINEAR_HIGHINPUT.SCHLIB,VREG_LR8_TO252,"REG, Linear, ADJ, High Voltage, 30 mA, SOT-89"
9382,PWR_REG_LINEAR_HIGHINPUT.SCHLIB,VREG_LR8_SOT89,"REG, Linear, ADJ, High Voltage, 30 mA, SOT-89"
9383,PWR_REG_LINEAR_HIGHINPUT.SCHLIB,VREG_LR645_SO8,"REG, Linear, Fixed, High Voltage, SOP-8"
9384,PWR_REG_LINEAR_HIGHINPUT.SCHLIB,VREG_LR12_TO92,"REG, Linear, ADJ, High Voltage,0.1A, SOT-89"
9385,PWR_REG_LINEAR_HIGHINPUT.SCHLIB,VREG_LR8_TO92,"REG, Linear, ADJ, High Voltage, 30 mA, SOT-89"
9386,PWR_REG_LINEAR_HIGHINPUT.SCHLIB,VREG_LR12_SO8,"REG, Linear, ADJ, High Voltage,0.1A, SOP8"
9387,PWR_REG_LINEAR_LDO_HIGHPSRR.SCHLIB,VREG_TPS7A8500A_QFN20_3535,"REG, Linear, LDO0.12V, 4A, 0.8~3.95Vout, QFN-20"
9388,PWR_REG_LINEAR_LDO_HIGHPSRR.SCHLIB,VREG_TPS7A8401A_QFN20_3535,"REG, Linear, LDO0.12V, 3A, 0.5~2.07Vout, QFN-20"
9389,PWR_REG_LINEAR_LDO_HIGHPSRR.SCHLIB,VREG_TPS7A8400A_QFN20_3535,"REG, Linear, LDO0.12V, 3A, 0.8~3.95Vout, QFN-20"
9390,PWR_REG_LINEAR_LDO_HIGHPSRR.SCHLIB,VREG_TPS7A8301A_QFN20_3535,"REG, Linear, LDO0.12V, 2A, 0.5~2.07Vout, QFN-20"
9391,PWR_REG_LINEAR_LDO_HIGHPSRR.SCHLIB,VREG_TPS7A8300A_QFN20_3535,"REG, Linear, LDO0.12V, 2A, 0.8~3.95Vout, QFN-20"
9392,PWR_REG_LINEAR_LDO_HIGHPSRR.SCHLIB,VREG_TPS7A8500_QFN20_3535,"REG, Linear, LDO0.12V, 4A, 0.8~3.95Vout, QFN-20"
9393,PWR_REG_LINEAR_LDO_HIGHPSRR.SCHLIB,VREG_TPS7A8400_QFN20_3535,"REG, Linear, LDO0.12V, 3A, 0.8~3.95Vout, QFN-20"
9394,PWR_REG_LINEAR_LDO_HIGHPSRR.SCHLIB,VREG_TPS7A8300_QFN20_3535,"REG, Linear, LDO0.12V, 2A, 0.8~3.95Vout, QFN-20"
9395,PWR_REG_LINEAR_LDO_HIGHPSRR.SCHLIB,VREG_VRH3001NVX_X2SON4,"REG, Linear, LDO0.12V, Fixed, 250mA, VIN1.6~6V, VOUT0.9~5V,X2SON4 1X1mm"
9396,PWR_REG_LINEAR_LDO_HIGHPSRR.SCHLIB,VREG_TPS7A8301A_QFN20,"REG, Linear, LDO0.12V, 2A, 0.5~2.07Vout, QFN-20"
9397,PWR_REG_LINEAR_LDO_HIGHPSRR.SCHLIB,VREG_TPS7A8300A_QFN20,"REG, Linear, LDO0.12V, 2A, 0.8~3.95Vout, QFN-20"
9398,PWR_REG_LINEAR_LDO_HIGHPSRR.SCHLIB,VREG_SSP6206-33_SOT23,"REG, Linear"
9399,PWR_REG_LINEAR_LDO_HIGHPSRR.SCHLIB,VREG_RT9001-33_SOT223,"REG, Linear, LDO0.58V, 0.6A, 3.3V FIXED, SOT223"
9400,PWR_REG_LINEAR_LDO_HIGHPSRR.SCHLIB,VREG_ADP1707-1.8_SOP8,"REG, Linear, 1A, 70dB PSRR, 125µV Noise, SOP-8"
9401,PWR_REG_LINEAR_LDO_HIGHPSRR.SCHLIB,VREG_ADP1707-1.8_SON8,"REG, Linear, 1A, 70dB PSRR, 125µV Noise, SON-8"
9402,PWR_REG_LINEAR_LDO_HIGHPSRR.SCHLIB,VREG_ADP1706-1.8_SOP8,"REG, Linear, 1A, 70dB PSRR, 125µV Noise, SOP-8"
9403,PWR_REG_LINEAR_LDO_HIGHPSRR.SCHLIB,VREG_ADP1706-1.8_SON8,"REG, Linear, 1A, 70dB PSRR, 125µV Noise, SON-8"
9404,PWR_REG_LINEAR_LDO_HIGHPSRR.SCHLIB,VREG_ADP151-1.8_SOT23,"REG, Linear, LDO0.135V, 0.2A, SOT23-5 SMD"
9405,PWR_REG_LINEAR_LDO_HIGHPSRR.SCHLIB,VREG_TPS7B6933_SOT23,"REG, Linear, LDO0.45V, Adj, 150mA, VIN4~40V, DBV"
9406,PWR_REG_LINEAR_LDO_HIGHPSRR.SCHLIB,VREG_TPS7A9201_SON10,"REG, Linear, LDO0.2V, 2A, 1.4~6.5Vin, 4.6uV noise, SON-10"
9407,PWR_REG_LINEAR_LDO_HIGHPSRR.SCHLIB,VREG_TPS7A9101_SON10,"REG, Linear, LDO0.2V, 1A, 1.4~6.5Vin, 4.6uV noise, SON-10"
9408,PWR_REG_LINEAR_LDO_HIGHPSRR.SCHLIB,VREG_TPS7A8300_QFN20,"REG, Linear, LDO0.12V, 2A, 0.8~3.95Vout, QFN-20"
9409,PWR_REG_LINEAR_LDO_HIGHPSRR.SCHLIB,VREG_TPS7A4901_MSOP8,"REG, Linear, LDO0.3V, 0.15A, 3~36VIN, MSOP-8"
9410,PWR_REG_LINEAR_LDO_HIGHPSRR.SCHLIB,VREG_TPS7A4700_QFN20,"REG, Linear, LDO0.3V RF, 1A, QFN-20"
9411,PWR_REG_LINEAR_LDO_HIGHPSRR.SCHLIB,VREG_TPS7A4101_MSOP8,"REG, Linear, LDO0.3V, 0.05A, 7~50VIN, MSOP-8"
9412,PWR_REG_LINEAR_LDO_HIGHPSRR.SCHLIB,VREG_TPS7A3301_QFN20,"REG, Linear, Negative LDO0.3V RF, 1A, -3~-36VIN, QFN-20"
9413,PWR_REG_LINEAR_LDO_HIGHPSRR.SCHLIB,VREG_TPS7A3001_MSOP8,"REG, Linear, Negative LDO0.21V, 0.2A, -3~-35VIN, HVSSOP-8"
9414,PWR_REG_LINEAR_LDO_HIGHPSRR.SCHLIB,VREG_TPS7A0518_SOT23,"REG, Linear, LDO0.23V, 0.2A, 1.4~-5.5VIN, SOT23-5"
9415,PWR_REG_LINEAR_LDO_HIGHPSRR.SCHLIB,VREG_TPS7A0318_SOT23,"REG, Linear, LDO0.27V, 0.2A, 1.5~-6VIN, SOT23-5"
9416,PWR_REG_LINEAR_LDO_HIGHPSRR.SCHLIB,VREG_TPS7A0312_SOT23,"REG, Linear, LDO0.27V, 0.2A, 1.5~-6VIN, SOT23-5"
9417,PWR_REG_LINEAR_LDO_HIGHPSRR.SCHLIB,VREG_TPS79433_SOT223,"REG, Linear, LDO0.15V, 0.25A, 3.3V FIXED, SOT223"
9418,PWR_REG_LINEAR_LDO_HIGHPSRR.SCHLIB,VREG_TPS79401_SOT223,"REG, Linear, LDO0.15V, 0.25A, 3.3V FIXED, SOT223"
9419,PWR_REG_LINEAR_LDO_HIGHPSRR.SCHLIB,VREG_TPS71718_WSON6S,"REG, Linear, LDO0.17V, Fixed, 150mA, VIN2.5~6.5V, VOUT0.9~6.5V, DSE"
9420,PWR_REG_LINEAR_LDO_HIGHPSRR.SCHLIB,VREG_TPS71718_SOT353,"REG, Linear, LDO0.17V, Fixed, 150mA, VIN2.5~6.5V, DCK"
9421,PWR_REG_LINEAR_LDO_HIGHPSRR.SCHLIB,VREG_TPS71701_WSON6S,"REG, Linear, LDO0.17V, Fixed, 150mA, VIN2.5~6.5V, VOUT0.9~6.5V, DSE"
9422,PWR_REG_LINEAR_LDO_HIGHPSRR.SCHLIB,VREG_TPS71701_SOT353,"REG, Linear, LDO0.17V, Fixed, 150mA, VIN2.5~6.5V, VOUT0.9~6.5V, DCK"
9423,PWR_REG_LINEAR_LDO_HIGHPSRR.SCHLIB,VREG_TLV74333_X2SON4,"REG, Linear, LDO0.12V, Fixed, 300mA, VIN1.4~5.5V, VOUT1~5.5V,X2SON4 1X1mm"
9424,PWR_REG_LINEAR_LDO_HIGHPSRR.SCHLIB,VREG_TLV74330_X2SON4,"REG, Linear, LDO0.12V, Fixed, 300mA, VIN1.4~5.5V, VOUT1~5.5V,X2SON4 1X1mm"
9425,PWR_REG_LINEAR_LDO_HIGHPSRR.SCHLIB,VREG_TLV74311_X2SON4,"REG, Linear, LDO0.12V, Fixed, 300mA, VIN1.4~5.5V, VOUT1~5.5V,X2SON4 1X1mm"
9426,PWR_REG_LINEAR_LDO_HIGHPSRR.SCHLIB,VREG_TLV73333_X2SON4,"REG, Linear, LDO0.12V, Fixed, 300mA, VIN1.4~5.5V, VOUT1~5.5V,X2SON4 1X1mm"
9427,PWR_REG_LINEAR_LDO_HIGHPSRR.SCHLIB,VREG_TLV73325_X2SON4,"REG, Linear, LDO0.12V, Fixed, 300mA, VIN1.4~5.5V, VOUT1~5.5V,X2SON4 1X1mm"
9428,PWR_REG_LINEAR_LDO_HIGHPSRR.SCHLIB,VREG_TLV73318_X2SON4,"REG, Linear, LDO0.12V, Fixed, 300mA, VIN1.4~5.5V, VOUT1~5.5V,X2SON4 1X1mm"
9429,PWR_REG_LINEAR_LDO_HIGHPSRR.SCHLIB,VREG_ME6210A33_SOT89,"REG, Linear, LDO0.1V, Fixed, 500mA, VIN2~18V, VOUT3.3V FIXED, SOT-89"
9430,PWR_REG_LINEAR_LDO_HIGHPSRR.SCHLIB,VREG_ADP151-1.8_SON6,"REG, Linear, LDO0.135V, 0.2A, LFCSP"
9431,PWR_REG_LINEAR_LDO_HIGHPSRR.SCHLIB,VREG_VRH2801_SOT353,"REG, Linear, LDO0.12V, Fixed, 250mA, VIN1.6~6V, VOUT0.9~5V, SSOT-25"
9432,PWR_REG_LINEAR_LDO_HIGHPSRR.SCHLIB,VREG_VRH1202_SOT353,"REG, Linear, LDO0.12V, Fixed, 250mA, VIN1.6~6V, VOUT0.9~5V, SSOT-25"
9433,PWR_REG_LINEAR_LDO_HIGHPSRR.SCHLIB,VREG_TPS7A8101_SON8,"REG, Linear, LDO0.17V, 1A, SON-8"
9434,PWR_REG_LINEAR_LDO_HIGHPSRR.SCHLIB,VREG_TPS7A8001_SON8,"REG, Linear, LDO0.17V, 1A, SON-8"
9435,PWR_REG_LINEAR_LDO_HIGHPSRR.SCHLIB,VREG_TPS7A4901_SON8,"REG, Linear, LDO0.3V, 0.15A, 3~36VIN, MSOP-8"
9436,PWR_REG_LINEAR_LDO_HIGHPSRR.SCHLIB,VREG_TPS7A3001_SON8,"REG, Linear, Negative LDO0.21V, 0.2A, -3~-35VIN, SON-8"
9437,PWR_REG_LINEAR_LDO_HIGHPSRR.SCHLIB,VREG_TPS79101_SOT23,"REG, Linear, LDO0.09V, Adj, 100mA, VIN1.2~5.5V, 15uV noise, DCK"
9438,PWR_REG_LINEAR_LDO_HIGHPSRR.SCHLIB,VREG_TPS78225_SOT23,"REG, Linear, LDO0.13V, 0.15A, 2.2~-5.5VIN, SOT23-5"
9439,PWR_REG_LINEAR_LDO_HIGHPSRR.SCHLIB,VREG_TPS74901_QFN20,"REG, Linear, LDO0.12V, 3A, VQFN-20"
9440,PWR_REG_LINEAR_LDO_HIGHPSRR.SCHLIB,VREG_TPS74801_SON10,"REG, Linear, LDO0.06V, 1.5A, SON-10"
9441,PWR_REG_LINEAR_LDO_HIGHPSRR.SCHLIB,VREG_TPS74550_WSON6,"REG, Linear, LDO0.16V, Fixed, 500mA, VIN1.5~6V, VOUT1~5.5V, WSON6"
9442,PWR_REG_LINEAR_LDO_HIGHPSRR.SCHLIB,VREG_TPS73633_SOT23,"REG, Linear, LDO0.075V, 0.4A, 3.3V, SOT23-5 SMD"
9443,PWR_REG_LINEAR_LDO_HIGHPSRR.SCHLIB,VREG_TPS72301_SOT23,"REG, Linear, Negative LDO0.28V, 0.2A, -2.7~-10VIN, SOT23-5"
9444,PWR_REG_LINEAR_LDO_HIGHPSRR.SCHLIB,VREG_TPS71718_WSON6,"REG, Linear, LDO0.17V, Fixed, 150mA, VIN2.5~6.5V, DRV"
9445,PWR_REG_LINEAR_LDO_HIGHPSRR.SCHLIB,VREG_TPS71701_WSON6,"REG, Linear, LDO0.17V, Fixed, 150mA, VIN2.5~6.5V, VOUT0.9~6.5V, DRV"
9446,PWR_REG_LINEAR_LDO_HIGHPSRR.SCHLIB,VREG_TLV74333_SOT23,"REG, Linear, LDO0.12V, Fixed, 300mA, VIN1.4~5.5V, VOUT1~5.5V, SOT-23-5"
9447,PWR_REG_LINEAR_LDO_HIGHPSRR.SCHLIB,VREG_TLV74318_SOT23,"REG, Linear, LDO0.12V, Fixed, 300mA, VIN1.4~5.5V, VOUT1~5.5V, SOT-23-5"
9448,PWR_REG_LINEAR_LDO_HIGHPSRR.SCHLIB,VREG_TLV74033_SOT23,"REG, Linear, LDO0.46V, Fixed, 300mA, VIN1.4~5.5V, VOUT1~5.5V, SOT-23-5"
9449,PWR_REG_LINEAR_LDO_HIGHPSRR.SCHLIB,VREG_TLV71325_SOT23,"REG, Linear, LDO0.23V, 0.15A, 1.4~-5.5VIN, SOT23-5"
9450,PWR_REG_LINEAR_LDO_HIGHPSRR.SCHLIB,VREG_TLV71318_SOT23,"REG, Linear, LDO0.23V, 0.15A, 1.4~-5.5VIN, SOT23-5"
9451,PWR_REG_LINEAR_LDO_HIGHPSRR.SCHLIB,VREG_TCR3DM105_DFN4,"REG, Linear, LDO0.3V, Fixed, 300mA, VIN2~5.25V, VOUT1~4.5V,DFN4 1X1mm"
9452,PWR_REG_LINEAR_LDO_HIGHPSRR.SCHLIB,VREG_RP101N12_SOT23,"REG, Linear, LDO0.13V, Fixed, 300mA, VIN1.7~5.25V, VOUT1.2~3.3V,DFN(PLP)1612-4"
9453,PWR_REG_LINEAR_LDO_HIGHPSRR.SCHLIB,VREG_TPS78225_SON6,"REG, Linear, LDO0.13V, 0.15A, 2.2~-5.5VIN"
9454,PWR_REG_LINEAR_LDO_HIGHPSRR.SCHLIB,VREG_TPS73615_SON8,"REG, Linear, LDO0.075V, 0.4A, 1.5V, SON-8 SMD"
9455,PWR_REG_LINEAR_LDO_HIGHPSRR.SCHLIB,VREG_TPS72010_SON6,"REG, Linear, LDO0.17V, 0.35A, SON-6"
9456,PWR_REG_LINEAR_LDO_HIGHPSRR.SCHLIB,VREG_TCR3DM33_DFN4,"REG, Linear, LDO0.3V, Fixed, 300mA, VIN2~5.25V, VOUT1~4.5V,DFN4 1X1mm"
9457,PWR_REG_LINEAR_LDO_HIGHPSRR.SCHLIB,VREG_TCR3DM25_DFN4,"REG, Linear, LDO0.3V, Fixed, 300mA, VIN2~5.25V, VOUT1~4.5V,DFN4 1X1mm"
9458,PWR_REG_LINEAR_LDO_HIGHPSRR.SCHLIB,VREG_TCR3DM18_DFN4,"REG, Linear, LDO0.3V, Fixed, 300mA, VIN2~5.25V, VOUT1.8V,DFN4 1X1mm"
9459,PWR_REG_LINEAR_LDO_HIGHPSRR.SCHLIB,VREG_TCR3DM11_DFN4,"REG, Linear, LDO0.3V, Fixed, 300mA, VIN2~5.25V, VOUT1~4.5V,DFN4 1X1mm"
9460,PWR_REG_LINEAR_LDO_HIGHPSRR.SCHLIB,VREG_RP101K33_DFN4,"REG, Linear, LDO0.13V, Fixed, 300mA, VIN1.7~5.25V, VOUT1.8V,DFN(PLP)1612-4"
9461,PWR_REG_LINEAR_LDO_HIGHPSRR.SCHLIB,VREG_RP101K25_DFN4,"REG, Linear, LDO0.13V, Fixed, 300mA, VIN1.7~5.25V, VOUT1.8V,DFN(PLP)1612-4"
9462,PWR_REG_LINEAR_LDO_HIGHPSRR.SCHLIB,VREG_RP101K18_DFN4,"REG, Linear, LDO0.13V, Fixed, 300mA, VIN1.7~5.25V, VOUT1.8V,DFN(PLP)1612-4"
9463,PWR_REG_LINEAR_LDO_HIGHPSRR.SCHLIB,VREG_RP101K12_DFN4,"REG, Linear, LDO0.13V, Fixed, 300mA, VIN1.7~5.25V, VOUT1.2V,DFN(PLP)1612-4"
9464,PWR_REG_LINEAR_LDO_HIGHPSRR.SCHLIB,VREG_NCP59771_BGA6,"REG, Linear, LDO0.05V, 1A"
9465,PWR_REG_LINEAR_LDO_HIGHPSRR.SCHLIB,VREG_ADP7159_SON10,"REG, Linear, 2A, LDO0.2V, 68dB PSRR, 1µV Noise, LFCSP-10"
9466,PWR_REG_LINEAR_LDO_HIGHPSRR.SCHLIB,VREG_ADP7157_SON10,"REG, Linear, 1.2A, 80dB PSRR, 1µV Noise, LFCSP-10"
9467,PWR_REG_LINEAR_LDO_HIGHPSRR.SCHLIB,VREG_ADP7156_SON10,"REG, Linear, 1.2A, 80dB PSRR, 1µV Noise, LFCSP-10"
9468,PWR_REG_LINEAR_LDO_HIGHPSRR.SCHLIB,VREG_ADP1763_QFN16,"REG, Linear, 3A, 60dB PSRR, 2µV Noise, LFCSP-16"
9469,PWR_REG_LINEAR_LDO_HIGHPSRR.SCHLIB,VREG_ADP1755_QFN16,"REG, Linear, 1.2A, 65dB PSRR, 23µV Noise, LFCSP-16"
9470,PWR_REG_LINEAR_LDO_HIGHPSRR.SCHLIB,VREG_ADM7160_SOT23,"REG, Linear, 0.2A, 54dB PSRR, 9µV Noise, SOT-23-5"
9471,PWR_REG_LINEAR_LDO_HIGHPSRR.SCHLIB,VREG_RP101X_SOT23,"REG, Linear, LDO0.13V, Fixed, 300mA, VIN1.7~5.25V, VOUT1.2~3.3V,DFN(PLP)1612-4"
9472,PWR_REG_LINEAR_LDO_HIGHPSRR.SCHLIB,VREG_LP2980_SOT23,"REG, Linear, LDO0.12V, Adj, 50mA, VIN2.5~16V"
9473,PWR_REG_LINEAR_LDO_HIGHPSRR.SCHLIB,VREG_HT7533_SOT89,"REG, Linear, LDO0.1V, Fixed, 100mA, VIN4~24V, VOUT3.3V FIXED, SOT-89"
9474,PWR_REG_LINEAR_LDO_HIGHPSRR.SCHLIB,VREG_HMC976_QFN16,"REG, Linear, 0.4A, 60dB PSRR, 23µV Noise, QFN-16"
9475,PWR_REG_LINEAR_LDO_HIGHPSRR.SCHLIB,VREG_AP2210_SOT23,"REG, Linear, LDO0.25V, 0.3A, SOT23-5 SMD"
9476,PWR_REG_LINEAR_LDO_HIGHPSRR.SCHLIB,VREG_ADP7159_SOP8,"REG, Linear, 2A, LDO0.2V, 68dB PSRR, 1µV Noise, SOP-8"
9477,PWR_REG_LINEAR_LDO_HIGHPSRR.SCHLIB,VREG_ADP7157_SOP8,"REG, Linear, 1.2A, 80dB PSRR, 1µV Noise, SOP-8"
9478,PWR_REG_LINEAR_LDO_HIGHPSRR.SCHLIB,VREG_ADP7156_SOP8,"REG, Linear, 1.2A, 80dB PSRR, 1µV Noise, SOP-8"
9479,PWR_REG_LINEAR_LDO_HIGHPSRR.SCHLIB,VREG_ADP1708_SON8,"REG, Linear, 1A, 70dB PSRR, 125µV Noise, SON-8"
9480,PWR_REG_LINEAR_LDO_HIGHPSRR.SCHLIB,VREG_ADP123_SOT23,"REG, Linear, LDO0.085V, 0.3A, SOT23-5 SMD"
9481,PWR_REG_LINEAR_LDO_HIGHPSRR.SCHLIB,VREG_ADM7155_SOP8,"REG, Linear, 0.6A, 90dB PSRR, 1µV Noise, SOP-8"
9482,PWR_REG_LINEAR_LDO_HIGHPSRR.SCHLIB,VREG_ADM7155_SON8,"REG, Linear, 0.6A, 90dB PSRR, 1µV Noise, LFCSP-8"
9483,PWR_REG_LINEAR_LDO_HIGHPSRR.SCHLIB,VREG_ADM7154_SOP8,"REG, Linear, 0.6A, 90dB PSRR, 1µV Noise, SOP-8"
9484,PWR_REG_LINEAR_LDO_HIGHPSRR.SCHLIB,VREG_ADM7154_SON8,"REG, Linear, 0.6A, 90dB PSRR, 1µV Noise, LFCSP-8"
9485,PWR_REG_LINEAR_LDO_HIGHPSRR.SCHLIB,VREG_ADM7151_SOP8,"REG, Linear, 0.8A, 90dB PSRR, 1µV Noise, SOP-8"
9486,PWR_REG_LINEAR_LDO_HIGHPSRR.SCHLIB,VREG_ADM7151_SON8,"REG, Linear, 0.8A, 90dB PSRR, 1µV Noise, LFCSP-8"
9487,PWR_REG_LINEAR_LDO_HIGHPSRR.SCHLIB,VREG_ADM7150_SOP8,"REG, Linear, 0.8A, 90dB PSRR, 1µV Noise, SOP-8"
9488,PWR_REG_LINEAR_LDO_HIGHPSRR.SCHLIB,VREG_ADM7150_SON8,"REG, Linear, 0.8A, 90dB PSRR, 1µV Noise, LFCSP-8"
9489,PWR_REG_LINEAR_LDO_HIGHPSRR.SCHLIB,VREG_TCR2LN_DFN4,"REG, Linear, LDO0.25V, Fixed, 150mA, VIN2~5.25V, VOUT0.8~3.6V,DFN4 0.8X0.8mm"
9490,PWR_REG_LINEAR_LDO_HIGHPSRR.SCHLIB,VREG_RP101X_DFN4,"REG, Linear, LDO0.13V, Fixed, 300mA, VIN1.7~5.25V, VOUT1.2~3.3V,DFN(PLP)1612-4"
9491,PWR_REG_LINEAR_LDO_HIGHPSRR.SCHLIB,VREG_TCR3D_DFN4,"REG, Linear, LDO0.3V, Fixed, 300mA, VIN2~5.25V, VOUT1~4.5V,DFN4 1X1mm"
9492,PWR_REG_LINEAR_LM317-337.SCHLIB,VREG_LM317_TSSOP8,"REG, Linear, Adjustable, 0.1A, TSSOP-8"
9493,PWR_REG_LINEAR_LM317-337.SCHLIB,VREG_LM317_SOT223,"REG, Linear, Adjustable, 0.5A, SOT-223"
9494,PWR_REG_LINEAR_LM317-337.SCHLIB,VREG_LM337_TO220,"REG, Linear, Negative, Adjustable, 1.5A, TO-220"
9495,PWR_REG_LINEAR_LM317-337.SCHLIB,VREG_LM317_TO263,"REG, Linear, Adjustable, 1.5A, TO-263"
9496,PWR_REG_LINEAR_LM317-337.SCHLIB,VREG_LM317_TO252,"REG, Linear, Adjustable, 0.5A, TO-252"
9497,PWR_REG_LINEAR_LM317-337.SCHLIB,VREG_LM317_TO220,"REG, Linear, Adjustable, 1.5A, TO-220"
9498,PWR_REG_LINEAR_LM317-337.SCHLIB,VREG_LM317_SOT89,"REG, Linear, Adjustable, 0.1A, SOT-89"
9499,PWR_REG_LINEAR_LM317-337.SCHLIB,VREG_LM317_TO92,"REG, Linear, Adjustable, 0.1A, TO-92"
9500,PWR_REG_LINEAR_LM317-337.SCHLIB,VREG_LM317_TO3,"REG, Linear, Adjustable, 1.5A, TO-3"
9501,PWR_REG_LINEAR_LM317-337.SCHLIB,VREG_LM317_SO8,"REG, Linear, Adjustable, 0.1A, SO-8"
9502,PWR_REG_PMIC.SCHLIB,TPS65910A31A1_QFN48,"IC, Regulator PMIC, DDR3, Full power RTC"
9503,PWR_REG_PMIC.SCHLIB,TPS65910A3A1_QFN48,"IC, Regulator PMIC, DDR3"
9504,PWR_REG_PMIC.SCHLIB,TPS65910AA1_QFN48,"IC, Regulator PMIC, DDR2"
9505,PWR_REG_PMIC.SCHLIB,TPS6590379_BGA169,"IC, Regulator PMIC,"
9506,PWR_REG_PMIC.SCHLIB,TPS6590377_BGA169,"IC, Regulator PMIC,"
9507,PWR_REG_PMIC.SCHLIB,TPS65295_VQFN18,"PMIC for DDR4, VQFN-18"
9508,PWR_REG_PMIC.SCHLIB,TPS652170_QFN48,"IC, Regulator PMIC,"
9509,PWR_REG_PMIC.SCHLIB,MAX17085B_QFN40,"IC, Regulator PMIC, CHARGER, 2 LDO 3.3/5V + 2 buck, TQFN40"
9510,PWR_REG_PMIC.SCHLIB,TPS65265_QFN32,"PMIC, 3 buck, QFN-32"
9511,PWR_REG_PMIC.SCHLIB,TPS65217_QFN48,"IC, Regulator PMIC,"
9512,PWR_REG_PMIC.SCHLIB,RK817-5_QFN68,"IC, Regulator PMIC, for RK3566"
9513,PWR_REG_PMIC.SCHLIB,RK809-5_QFN68,"IC, Regulator PMIC, for RK3566"
9514,PWR_REG_PMIC.SCHLIB,RK808-D_QFN68,"IC, Regulator PMIC, RK3399"
9515,PWR_REG_PMIC.SCHLIB,RK808-C_QFN68,"IC, Regulator PMIC, 3288C"
9516,PWR_REG_PMIC.SCHLIB,RK808-B_QFN68,"IC, Regulator PMIC, RK3288/RK3368"
9517,PWR_REG_PMIC.SCHLIB,RK805-2_QFN32,"IC, Regulator PMIC, for RK1108"
9518,PWR_REG_PMIC.SCHLIB,RK805-1_QFN32,"IC, Regulator PMIC, for RK3228"
9519,PWR_REG_PMIC.SCHLIB,ISL6236_QFN32,"IC, Regulator PMIC, 4 output"
9520,PWR_REG_PMIC.SCHLIB,EA3036C_QFN20,"IC, Regulator PMIC, 3DCDC 1.5MHz, total must be under 6W"
9521,PWR_REG_PMIC.SCHLIB,DA9053_BGA169,"IC, Regulator PMIC, sw USB PWR MANAGER 5.5V VFBGA169"
9522,PWR_REG_PMIC.SCHLIB,BQ24259_QFN24,"IC, CHARGER and Boost for USB mobile"
9523,PWR_REG_PMIC.SCHLIB,ADP5054_QFN48,"IC, Regulator PMIC, 4buck, 2x 6A, 2x 2.5A"
9524,PWR_REG_PMIC.SCHLIB,TP4552B_SOP8,"IC, CHARGER and Boost for USB mobile"
9525,PWR_REG_PMIC.SCHLIB,SM5307_SOP10,"IC, CHARGER and Boost for USB mobile"
9526,PWR_REG_PMIC.SCHLIB,IP5108_SOP16,"IC, CHARGER and Boost for USB mobile"
9527,PWR_REG_PMIC.SCHLIB,HT4928S_SOP8,"IC, CHARGER and Boost for USB mobile"
9528,PWR_REG_PMIC.SCHLIB,AXP805_QFN56,"IC, Regulator PMIC, 5DCDC, 10LDO"
9529,PWR_REG_PMIC.SCHLIB,AXP223_QFN68,"IC, Regulator PMIC, 5DCDC + 10LDO"
9530,PWR_REG_PMIC.SCHLIB,AXP203_QFN48,"IC, Regulator PMIC, 3DCDC + 5LDO"
9531,PWR_REG_PMIC.SCHLIB,IP5306_SOP8,"IC, CHARGER and Boost for USB mobile"
9532,PWR_SW_SYNCRECT_CTRL.SCHLIB,UCC24612_SOT23,"syncRect ctrl,"
9533,PWR_SW_SYNCRECT_CTRL.SCHLIB,NCP43080D_SOP8,"syncRect ctrl,"
9534,PWR_SWITCHING_BOOST.SCHLIB,VREG_TLV61220DBV_SOT23,"REG, Switching, Boost, 0.4A, ADJ, 1MHz, SOT-23-6"
9535,PWR_SWITCHING_BOOST.SCHLIB,VREG_LM2577S-ADJ_D2PAK,"REG, Switching, Boost, 3A, ADJ, 52KHz, TO-220"
9536,PWR_SWITCHING_BOOST.SCHLIB,VREG_TPS61089_VQFN11,"REG, Switching, Boost7, 7A, ADJ, 0.2~2.2MHz, VQFN11"
9537,PWR_SWITCHING_BOOST.SCHLIB,VREG_TPS61081_SON10,"REG, Switching, Boost WLED driver, 1.3A, ADJ, 1.2MHz, SON-10"
9538,PWR_SWITCHING_BOOST.SCHLIB,VREG_TPS61040_SOT23,"REG, Switching, Boost, 0.4A, ADJ, 1MHz, SOT-23-5"
9539,PWR_SWITCHING_BOOST.SCHLIB,VREG_REG71055_SOT23,"REG, Switching, Boost, 0.03A, ADJ, 1MHz, SOT-23-5"
9540,PWR_SWITCHING_BOOST.SCHLIB,VREG_LMR64010_SOT23,"REG, Switching, Boost, 1A, ADJ, 1.6MHz, SOT-23-5"
9541,PWR_SWITCHING_BOOST.SCHLIB,VREG_TPS61291_SON6,"REG, Switching, Boost, 1A, ADJ, 2.3MHz, SON-6"
9542,PWR_SWITCHING_BOOST.SCHLIB,VREG_TPS61240_SON6,"REG, Switching, Boost, 0.4A, ADJ, 4MHz, SON-6"
9543,PWR_SWITCHING_BOOST.SCHLIB,VREG_TPS61240_BGA6,"REG, Switching, Boost, 0.3A, ADJ, 1MHz, SOT-23-5"
9544,PWR_SWITCHING_BOOST.SCHLIB,VREG_TPS61170_SON6,"REG, Switching, Boost, 1.2A, ADJ, 1.2MHz, SON-6"
9545,PWR_SWITCHING_BOOST.SCHLIB,VREG_TPS61062_SON8,"REG, Switching, Boost, 0.4A, ADJ, 1MHz"
9546,PWR_SWITCHING_BOOST.SCHLIB,VREG_TPS61042_SON8,"REG, Switching, Boost, 0.5A, ADJ, 1MHz"
9547,PWR_SWITCHING_BOOST.SCHLIB,VREG_TPS61040_SON6,"REG, Switching, Boost, 0.4A, ADJ, 1MHz"
9548,PWR_SWITCHING_BOOST.SCHLIB,VREG_LM27313_SOT23,"REG, Switching, Boost, 0.8A, ADJ, 1.6MHz, SOT-23-5"
9549,PWR_SWITCHING_BOOST.SCHLIB,VREG_FAN5333_SOT23,"REG, Switching, Boost, 1A, ADJ, 1.8MHz, SOT-23-5"
9550,PWR_SWITCHING_BOOST.SCHLIB,VREG_CAT4238_SOT23,"REG, Switching, Boost, 0.04A, ADJ, 1MHz, SOT-23-5"
9551,PWR_SWITCHING_BOOST.SCHLIB,VREG_S-8363_SOT23,"REG, Switching, Boost, 0.3A, ADJ, 1.2MHz, SOT-23-6"
9552,PWR_SWITCHING_BOOST.SCHLIB,VREG_RT9266_SOT23,"REG, Switching, Boost, 0.1A, 450kHz, 2~6v, SOT-23-6"
9553,PWR_SWITCHING_BOOST.SCHLIB,VREG_MT3540_SOT23,"REG, Switching, Boost, 1.5A, ADJ, 1.2MHz, SOT-23-5"
9554,PWR_SWITCHING_BOOST.SCHLIB,VREG_MP3202_SOT23,"REG, Switching, Boost, 1.3A, ADJ, 1MHz, SOT-23-6"
9555,PWR_SWITCHING_BOOST.SCHLIB,VREG_LM2735_SOT23,"REG, Switching, Boost, 2.1A, ADJ, 1.6MHz, SOT-23-5"
9556,PWR_SWITCHING_BOOST.SCHLIB,VREG_LM2733_SOT23,"REG, Switching, Boost, 1A, ADJ, 1.6MHz, SOT-23-5"
9557,PWR_SWITCHING_BOOST.SCHLIB,VREG_LM2731_SOT23,"REG, Switching, Boost, 1.8A, ADJ, 1.6MHz, SOT-23-5"
9558,PWR_SWITCHING_BOOST.SCHLIB,VREG_FP5202_SOT23,"REG, Switching, Boost, 550kHz, 2.4~5.5v, SOT-23-6"
9559,PWR_SWITCHING_BOOST.SCHLIB,VREG_AP3036_SOT23,"REG, Switching, Boost, 0.55A, ADJ, 1MHz, SOT-23-6"
9560,PWR_SWITCHING_BOOST.SCHLIB,VREG_AP3032_SOT23,"REG, Switching, Boost, 1.4A, ADJ, 1MHz, SOT-23-6"
9561,PWR_SWITCHING_BOOST.SCHLIB,VREG_AP3031_SOT23,"REG, Switching, Boost, 1.4A, ADJ, 1MHz, SOT-23-6"
9562,PWR_SWITCHING_BOOST.SCHLIB,VREG_MP3202_SON8,"REG, Switching, Boost, 1.3A, ADJ, 1MHz, SON-8"
9563,PWR_SWITCHING_BUCK.SCHLIB,VREG_TLV62585PDRL_SOT563,"REG, Switching, Buck, 3A, ADJ, 1.5MHz, 2.5~5.5VIN, SOT-563"
9564,PWR_SWITCHING_BUCK.SCHLIB,VREG_TPS65270_TSSOP24,"REG, Switching, Buck, Dual 2A/3A, ADJ, 1.4MHz, 4.5~18VIN, TSSOP-24"
9565,PWR_SWITCHING_BUCK.SCHLIB,VREG_TPS6281320_VQFN9,"REG, Switching, Buck, 3A, ADJ, 4MHz, 2.75~6VIN, VQFN-9"
9566,PWR_SWITCHING_BUCK.SCHLIB,VREG_TPS548A20_VQFN28,"REG, Switching, Buck, 1.5~20V, 15A, VQFN-CLIP28"
9567,PWR_SWITCHING_BUCK.SCHLIB,VREG_ZTP7193MA_SOT23,"REG, Switching, Buck, 3A, ADJ, 0.5MHz, 4.5~18Vin, SOT23-8"
9568,PWR_SWITCHING_BUCK.SCHLIB,VREG_TPS62933_SOT583,"REG, Switching, Buck, 3A, ADJ, 2.2MHz, 3.8~30VIN, SOT-583"
9569,PWR_SWITCHING_BUCK.SCHLIB,VREG_TPS62827_SONHR6,"REG, Switching, Buck, 4A, ADJ, 2.2MHz, 2.4~5.5VIN, SONHR6"
9570,PWR_SWITCHING_BUCK.SCHLIB,VREG_TPS62826_SONHR6,"REG, Switching, Buck, 3A, ADJ, 2.2MHz, 2.4~5.5VIN, SONHR6"
9571,PWR_SWITCHING_BUCK.SCHLIB,VREG_TPS62825_SONHR6,"REG, Switching, Buck, 2A, ADJ, 2.2MHz, 2.4~5.5VIN, SONHR6"
9572,PWR_SWITCHING_BUCK.SCHLIB,VREG_TPS62130A_QFN16,"REG, Switching, Buck, 3A, ADJ, 2.5MHz, 3~17VIN, QFN-16"
9573,PWR_SWITCHING_BUCK.SCHLIB,VREG_TPS563219_SOT23,"REG, Switching, Buck, 3A, ADJ, 0.65MHz, 4.5~17VIN, SOT-23-8"
9574,PWR_SWITCHING_BUCK.SCHLIB,VREG_TPS563210_SOT23,"REG, Switching, Buck, 3A, ADJ, 0.65MHz, 4.5~17VIN, SOT-23-8"
9575,PWR_SWITCHING_BUCK.SCHLIB,VREG_TPS563208_SOT23,"REG, Switching, Buck, 3A, ADJ, 0.58MHz, 4.5~17VIN, SOT-23-6"
9576,PWR_SWITCHING_BUCK.SCHLIB,VREG_TPS563201_SOT23,"REG, Switching, Buck, 3A, ADJ, 0.58MHz, 4.5~17VIN, SOT-23-6"
9577,PWR_SWITCHING_BUCK.SCHLIB,VREG_TPS563200_SOT23,"REG, Switching, Buck, 3A, ADJ, 650KHz, 4.5~17VIN, SOT23-6"
9578,PWR_SWITCHING_BUCK.SCHLIB,VREG_TPS54821_VQFN14,"REG, Switching, Buck, 4.5~17V, 8A, 1.6MHz, S-PVQFN-N14"
9579,PWR_SWITCHING_BUCK.SCHLIB,VREG_TPS54623_VQFN14,"REG, Switching, Buck, 6A, ADJ, 1.6MHz, 4.5~17Vin, VQFN-14"
9580,PWR_SWITCHING_BUCK.SCHLIB,VREG_TPS543C20_QFN40,"REG, Switching, Buck, 4~16V, 40A, 0.3~2MHz"
9581,PWR_SWITCHING_BUCK.SCHLIB,VREG_TPS543B20_QFN40,"REG, Switching, Buck, 4~19V, 25A, 0.3~2MHz"
9582,PWR_SWITCHING_BUCK.SCHLIB,VREG_M3406-ADJ_SOT23,"REG, Switching, Buck, 0.8A, ADJ, 1.5MHz, 2~6VIN, SOT23-5"
9583,PWR_SWITCHING_BUCK.SCHLIB,VREG_BD9D321EFJ_SOP8,"REG, Switching, Buck, 3A, ADJ, 700KHz, 4.5~18VIN, SO-8"
9584,PWR_SWITCHING_BUCK.SCHLIB,VREG_TPS65270_QFN24,"REG, Switching, Buck, Dual 2A/3A, ADJ, 1.4MHz, 4.5~18VIN, QFN-24"
9585,PWR_SWITCHING_BUCK.SCHLIB,VREG_TPS62184_BGA24,"REG, Switching, Buck, 6A, ADJ, 2MHz, 4~17VIN, DSBGA24"
9586,PWR_SWITCHING_BUCK.SCHLIB,VREG_TPS62180_BGA24,"REG, Switching, Buck, 6A, ADJ, 2MHz, 4~15VIN, DSBGA24"
9587,PWR_SWITCHING_BUCK.SCHLIB,VREG_TPS62170Q_SON8,"REG, Switching, Buck, 0.5A, ADJ, 2.25MHz, 3~17VIN, SON-8"
9588,PWR_SWITCHING_BUCK.SCHLIB,VREG_TPS62160_SSOP8,"REG, Switching, Buck, 1A, ADJ, 2.25MHz, 3~17VIN, SSOP-8"
9589,PWR_SWITCHING_BUCK.SCHLIB,VREG_TPS62160Q_SON8,"REG, Switching, Buck, 1A, ADJ, 2.25MHz, 3~17VIN, SON-8"
9590,PWR_SWITCHING_BUCK.SCHLIB,VREG_TPS62140_QFN16,"REG, Switching, Buck, 2A, ADJ, 2.5MHz, 3~17VIN, QFN-16"
9591,PWR_SWITCHING_BUCK.SCHLIB,VREG_TPS62136_QFN11,"REG, Switching, Buck, 4A, ADJ, 1MHz, 3~17VIN, QFN-11"
9592,PWR_SWITCHING_BUCK.SCHLIB,VREG_TPS62135_QFN11,"REG, Switching, Buck, 4A, ADJ, 2.5MHz, 3~17VIN, QFN-11"
9593,PWR_SWITCHING_BUCK.SCHLIB,VREG_TPS62130_QFN16,"REG, Switching, Buck, 3A, ADJ, 2.5MHz, 3~17VIN, QFN-16"
9594,PWR_SWITCHING_BUCK.SCHLIB,VREG_TPS56221_SON22,"REG, Switching, Buck, 4.5~14V, 25A, 0.25~1MHz"
9595,PWR_SWITCHING_BUCK.SCHLIB,VREG_TPS53355_SON22,"REG, Switching, Buck, 1.5~15V, 30A, 0.25~1MHz"
9596,PWR_SWITCHING_BUCK.SCHLIB,VREG_TPS53353_SON22,"REG, Switching, Buck, 1.5~15V, 20A, 0.25~1MHz"
9597,PWR_SWITCHING_BUCK.SCHLIB,VREG_TLV62568_SOT23,"REG, Switching, Buck, 1A, ADJ, 1.5MHz, 2.5~5.5VIN, SOT-23-5"
9598,PWR_SWITCHING_BUCK.SCHLIB,VREG_MT3410LB_SOT23,"REG, Switching, Buck, 1.3A, ADJ, 1.5MHz, 2.3~7VIN, SOT23-5"
9599,PWR_SWITCHING_BUCK.SCHLIB,VREG_LMR16006_SOT23,"REG, Switching, Buck, 0.6A, ADJ, 2.1MHz, SOT-23-6"
9600,PWR_SWITCHING_BUCK.SCHLIB,VREG_LMR12010_SOT23,"REG, Switching, Buck, 1A, ADJ, 3MHz, SOT-23-6"
9601,PWR_SWITCHING_BUCK.SCHLIB,VREG_AP62300_SOT563,"REG, Switching, Buck, 3A, ADJ, 0.75MHz, 4.2~18VIN, SOT-23-6"
9602,PWR_SWITCHING_BUCK.SCHLIB,VREG_AOZ1021AI_SOP8,"REG, Switching, Buck, 3A, ADJ, 500KHz, 4.5~16VIN, SO-8"
9603,PWR_SWITCHING_BUCK.SCHLIB,VREG_TPS62823_SON8,"REG, Switching, Buck, 3A, ADJ, 2.2MHz, 2.4~5.5VIN, SON-8"
9604,PWR_SWITCHING_BUCK.SCHLIB,VREG_TPS62822_SON8,"REG, Switching, Buck, 2A, ADJ, 2.2MHz, 2.4~5.5VIN, SON-8"
9605,PWR_SWITCHING_BUCK.SCHLIB,VREG_TPS62821_SON8,"REG, Switching, Buck, 1A, ADJ, 2.2MHz, 2.4~5.5VIN, SON-8"
9606,PWR_SWITCHING_BUCK.SCHLIB,VREG_TPS62160_SON8,"REG, Switching, Buck, 1A, ADJ, 2.25MHz, 3~17VIN, SON-8"
9607,PWR_SWITCHING_BUCK.SCHLIB,VREG_TPS62067_SON8,"REG, Switching, Buck, 2A, ADJ, 3MHz, 2.9~6VIN, SON-8"
9608,PWR_SWITCHING_BUCK.SCHLIB,VREG_TPS62065_SON8,"REG, Switching, Buck, 2A, ADJ, 3MHz, 2.9~6VIN, SON-8"
9609,PWR_SWITCHING_BUCK.SCHLIB,VREG_TLV62065_SON8,"REG, Switching, Buck, 2A, ADJ, 3MHz, 2.9~5.5VIN, SON-8"
9610,PWR_SWITCHING_BUCK.SCHLIB,VREG_SY8120B_SOT23,"REG, Switching, Buck, 2A, ADJ, 500KHz, 4.2~18VIN, SOT23-6"
9611,PWR_SWITCHING_BUCK.SCHLIB,VREG_PAM2312_SOT23,"REG, Switching, Buck, 1A, ADJ, 1.5MHz, 2.5~5.5VIN, SOT23-5"
9612,PWR_SWITCHING_BUCK.SCHLIB,VREG_MAX8654_QFN36,"REG, Switching, Buck, 8A, ADJ, 1.2MHz, QFN-36"
9613,PWR_SWITCHING_BUCK.SCHLIB,VREG_AP62301_SOT23,"REG, Switching, Buck, 3A, ADJ, 0.75MHz, 4.2~18VIN, SOT-23-6"
9614,PWR_SWITCHING_BUCK.SCHLIB,VREG_MT2492_SOT23,"REG, Switching, Buck, 2A, ADJ, 0.6MHz, 4.5~16VIN, SOT23-5"
9615,PWR_SWITCHING_BUCK.SCHLIB,VREG_AP65453_SOP8,"REG, Switching, Buck, 4A, ADJ, 0.65MHz, 4.5~18VIN, SOP-8"
9616,PWR_SWITCHING_BUCK.SCHLIB,VREG_AP65450_SOP8,"REG, Switching, Buck, 4A, ADJ, 0.65MHz, 4.5~18VIN, SOP-8"
9617,PWR_SWITCHING_BUCK.SCHLIB,VREG_AP65353_SOP8,"REG, Switching, Buck, 3A, ADJ, 0.65MHz, 4.5~18VIN, SOP-8"
9618,PWR_SWITCHING_BUCK.SCHLIB,VREG_AOZ1037_SOP8,"REG, Switching, Buck, 5A, ADJ, 0.5MHz, 4.5~18VIN, SOP8"
9619,PWR_SWITCHING_BUCK.SCHLIB,VREG_ADP2303_SOP8,"REG, Switching, Buck, 3A, ADJ, 0.7MHz, 3~20VIN, SOP-8"
9620,PWR_SWITCHING_BUCK.SCHLIB,VREG_TPS54A20RNJ,"REG, Switching, Buck, 8~14V, 2 phase 10A, RNJ20"
9621,PWR_SWITCHING_BUCK.SCHLIB,VREG_RT5715_SON8,"REG, Switching, Buck, 2A, ADJ, 2.7MHz, 2.5~5.5VIN, SON-8"
9622,PWR_SWITCHING_BUCK.SCHLIB,VREG__SAMPLE,"REG, Switching, Buck, 3A, ADJ, 0.7MHz, 3~20VIN, SOP-8"
9623,PWR_SWITCHING_BUCK_ACDC.SCHLIB,VREG_OB2222E_SOP8,"REG, Switching, Buck, Offline"
9624,PWR_SWITCHING_BUCK_ACDC.SCHLIB,VREG_LNK306_DIP7S,"REG, Switching, Buck, Offline"
9625,PWR_SWITCHING_BUCK_ACDC.SCHLIB,VREG_LNK305_DIP7S,"REG, Switching, Buck, Offline"
9626,PWR_SWITCHING_BUCK_ACDC.SCHLIB,VREG_LNK304_DIP7S,"REG, Switching, Buck, Offline"
9627,PWR_SWITCHING_BUCK_ACDC.SCHLIB,VREG_LNK302_DIP7S,"REG, Switching, Buck, Offline"
9628,PWR_SWITCHING_BUCK_ACDC.SCHLIB,VREG_LNK306_SOP7,"REG, Switching, Buck, Offline"
9629,PWR_SWITCHING_BUCK_ACDC.SCHLIB,VREG_LNK302_SOP7,"REG, Switching, Buck, Offline"
9630,PWR_SWITCHING_BUCK_ACDC.SCHLIB,VREG_LNK302_DIP7,"REG, Switching, Buck, Offline"
9631,PWR_SWITCHING_BUCK_HV.SCHLIB,VREG_LM2591HVS-ADJ_D2PAK,"REG, Switching, Buck, 1A, ADJ, 150KHz, TO-263"
9632,PWR_SWITCHING_BUCK_HV.SCHLIB,VREG_LM2576HVS-ADJ_D2PAK,"REG, Switching, Buck, 3A, ADJ, 50KHz, TO-263"
9633,PWR_SWITCHING_BUCK_HV.SCHLIB,VREG_LMS3655MQ_VQFNHR22,"REG, Switching, Buck, 5.5A, ADJ, 0.40MHz, 3.9~36VIN, VQFN-HR-22"
9634,PWR_SWITCHING_BUCK_HV.SCHLIB,VREG_LMS3655AQ_VQFNHR22,"REG, Switching, Buck, 5.5A, ADJ, 0.40MHz, 3.9~36VIN, VQFN-HR-22"
9635,PWR_SWITCHING_BUCK_HV.SCHLIB,VREG_LMR33630C_VQFNHR12,"REG, Switching, Buck, 3A, ADJ, 2.1MHz, 3.8~36VIN, QFN12"
9636,PWR_SWITCHING_BUCK_HV.SCHLIB,VREG_LMR33630B_VQFNHR12,"REG, Switching, Buck, 3A, ADJ, 1.4MHz, 3.8~36VIN, QFN12"
9637,PWR_SWITCHING_BUCK_HV.SCHLIB,VREG_LMR33630A_VQFNHR12,"REG, Switching, Buck, 3A, ADJ, 0.4MHz, 3.8~36VIN, QFN12"
9638,PWR_SWITCHING_BUCK_HV.SCHLIB,VREG_LM2576HVT-ADJTO220,"REG, Switching, Buck, 3A, ADJ, 50KHz, HV, TO-220"
9639,PWR_SWITCHING_BUCK_HV.SCHLIB,VREG_AOZ2369QI-11_QFN28,"REG, Switching, Buck, 30A, ADJ, 1MHz, 4.5~24VIN, QFN28"
9640,PWR_SWITCHING_BUCK_HV.SCHLIB,VREG_MAX20410_FC2QFN17,"REG, Switching, Buck, 10A, ADJ, 2.1MHz, 3~36VIN, FC2QFN-17"
9641,PWR_SWITCHING_BUCK_HV.SCHLIB,VREG_MAX20408_FC2QFN17,"REG, Switching, Buck, 8A, ADJ, 2.1MHz, 3~36VIN, FC2QFN-17"
9642,PWR_SWITCHING_BUCK_HV.SCHLIB,VREG_MAX20406_FC2QFN17,"REG, Switching, Buck, 6A, ADJ, 2.1MHz, 3~36VIN, FC2QFN-17"
9643,PWR_SWITCHING_BUCK_HV.SCHLIB,VREG_MAX20405_FC2QFN17,"REG, Switching, Buck, 5A, ADJ, 2.1MHz, 3~36VIN, FC2QFN-17"
9644,PWR_SWITCHING_BUCK_HV.SCHLIB,VREG_MAX20404_FC2QFN17,"REG, Switching, Buck, 4A, ADJ, 2.1MHz, 3~36VIN, FC2QFN-17"
9645,PWR_SWITCHING_BUCK_HV.SCHLIB,VREG_LMS3655M_VQFNHR22,"REG, Switching, Buck, 5.5A, ADJ, 0.40MHz, 3.9~36VIN, VQFN-HR-22"
9646,PWR_SWITCHING_BUCK_HV.SCHLIB,VREG_LMS3655A_VQFNHR22,"REG, Switching, Buck, 5.5A, ADJ, 0.40MHz, 3.9~36VIN, VQFN-HR-22"
9647,PWR_SWITCHING_BUCK_HV.SCHLIB,VREG_LMS3635M_VQFNHR22,"REG, Switching, Buck, 3.5A, ADJ, 0.40MHz, 3.9~36VIN, VQFN-HR-22"
9648,PWR_SWITCHING_BUCK_HV.SCHLIB,VREG_LMS3635A_VQFNHR22,"REG, Switching, Buck, 3.5A, ADJ, 0.40MHz, 3.9~36VIN, VQFN-HR-22"
9649,PWR_SWITCHING_BUCK_HV.SCHLIB,VREG_LMR23630AP_WSON12,"REG, Switching, Buck, 3A, ADJ, 0.2~2.2MHz, 4.0~36VIN, WSON12"
9650,PWR_SWITCHING_BUCK_HV.SCHLIB,VREG_LM2596T-ADJ_TO220,"REG, Switching, Buck, 3A, ADJ, 150KHz, TO-220"
9651,PWR_SWITCHING_BUCK_HV.SCHLIB,VREG_LM2596S-ADJ_D2PAK,"REG, Switching, Buck, 3A, ADJ, 150KHz, TO-263"
9652,PWR_SWITCHING_BUCK_HV.SCHLIB,VREG_LM2596S-5.0_D2PAK,"REG, Switching, Buck, 3A, 5V, 150KHz, TO-220"
9653,PWR_SWITCHING_BUCK_HV.SCHLIB,VREG_LM2577T-ADJ_TO220,"REG, Switching, Buck, 3A, ADJ, 52KHz, TO-220"
9654,PWR_SWITCHING_BUCK_HV.SCHLIB,VREG_LM2576T-ADJ_TO220,"REG, Switching, Buck, 3A, ADJ, 50KHz, TO-220"
9655,PWR_SWITCHING_BUCK_HV.SCHLIB,VREG_LM2576S-ADJ_D2PAK,"REG, Switching, Buck, 3A, ADJ, 50KHz, TO-220"
9656,PWR_SWITCHING_BUCK_HV.SCHLIB,VREG_LM2576S-5.0_D2PAK,"REG, Switching, Buck, 3A, 5V, 50KHz, TO-220"
9657,PWR_SWITCHING_BUCK_HV.SCHLIB,VREG_LM2576HVT-5_TO220,"REG, Switching, Buck, 3A, 5V, 50KHz, HV, TO-220"
9658,PWR_SWITCHING_BUCK_HV.SCHLIB,VREG_LM2576HVS-5_D2PAK,"REG, Switching, Buck, 3A, 5V, 50KHz, HV, TO-263"
9659,PWR_SWITCHING_BUCK_HV.SCHLIB,VREG_TPS54202_SOT23-6,"REG, Switching, Buck, 2A, ADJ, 0.5MHz, 4.5~28VIN, SOT23-6"
9660,PWR_SWITCHING_BUCK_HV.SCHLIB,VREG_TPS54160A_MSOP10,"REG, Switching, Buck, 1.5A, ADJ, 0.1~2.5MHz, 3.5~60VIN, MSOP-8"
9661,PWR_SWITCHING_BUCK_HV.SCHLIB,VREG_LMR23630F_WSON12,"REG, Switching, Buck, 3A, ADJ, 0.2~2.2MHz, 4.0~36VIN, WSON12"
9662,PWR_SWITCHING_BUCK_HV.SCHLIB,VREG_LM61495_VQFNHR16,"REG, Switching, Buck, 10A, ADJ, 2.2MHz, 3~36VIN, VQFN-HR-16"
9663,PWR_SWITCHING_BUCK_HV.SCHLIB,VREG_LM61480_VQFNHR16,"REG, Switching, Buck, 8A, ADJ, 2.2MHz, 3~36VIN, VQFN-HR-16"
9664,PWR_SWITCHING_BUCK_HV.SCHLIB,VREG_LM61460_VQFNHR16,"REG, Switching, Buck, 6A, ADJ, 2.2MHz, 3~36VIN, VQFN-HR-16"
9665,PWR_SWITCHING_BUCK_HV.SCHLIB,VREG_TPS54561_WSON10,"REG, Switching, Buck, 5A, ADJ, 0.1~2.5MHz, 4.5~60VIN, WSON-10"
9666,PWR_SWITCHING_BUCK_HV.SCHLIB,VREG_TPS54541_WSON10,"REG, Switching, Buck, 5A, ADJ, 0.1~2.5MHz, 4.5~42VIN, WSON-10"
9667,PWR_SWITCHING_BUCK_HV.SCHLIB,VREG_TPS54361_WSON10,"REG, Switching, Buck, 3.5A, ADJ, 0.1~2.5MHz, 4.5~60VIN, WSON-10"
9668,PWR_SWITCHING_BUCK_HV.SCHLIB,VREG_TPS54341_WSON10,"REG, Switching, Buck, 3.5A, ADJ, 0.1~2.5MHz, 4.5~42VIN, WSON-10"
9669,PWR_SWITCHING_BUCK_HV.SCHLIB,VREG_TPS54260_VSON10,"REG, Switching, Buck, 2.5A, ADJ, 0.1~2.5MHz, 3.5~60VIN, HVSSOP-10"
9670,PWR_SWITCHING_BUCK_HV.SCHLIB,VREG_TPS54260_SSOP10,"REG, Switching, Buck, 2.5A, ADJ, 0.1~2.5MHz, 3.5~60VIN, HVSSOP-10"
9671,PWR_SWITCHING_BUCK_HV.SCHLIB,VREG_TPS54240_VSON10,"REG, Switching, Buck, 2.5A, ADJ, 0.1~2.5MHz, 3.5~42VIN, SSOP-10"
9672,PWR_SWITCHING_BUCK_HV.SCHLIB,VREG_TPS54240_SSOP10,"REG, Switching, Buck, 2.5A, ADJ, 0.1~2.5MHz, 3.5~42VIN, SSOP-10"
9673,PWR_SWITCHING_BUCK_HV.SCHLIB,VREG_TPS54160_VSON10,"REG, Switching, Buck, 1.5A, ADJ, 0.1~2.5MHz, 3.5~60VIN, VSON10"
9674,PWR_SWITCHING_BUCK_HV.SCHLIB,VREG_TPS54160_MSOP10,"REG, Switching, Buck, 1.5A, ADJ, 0.1~2.5MHz, 3.5~60VIN, MSOP-8"
9675,PWR_SWITCHING_BUCK_HV.SCHLIB,VREG_LMR23630_WSON12,"REG, Switching, Buck, 3A, ADJ, 0.2~2.2MHz, 4.0~36VIN, WSON12"
9676,PWR_SWITCHING_BUCK_HV.SCHLIB,VREG_LMR23630AF_SOP8,"REG, Switching, Buck, 3A, ADJ, 0.2~2.2MHz, 4.0~36VIN, SOP8"
9677,PWR_SWITCHING_BUCK_HV.SCHLIB,VREG_LMR23625_WSON12,"REG, Switching, Buck, 2.5A, ADJ, 2.1MHz, 4.0~36VIN, WSON12"
9678,PWR_SWITCHING_BUCK_HV.SCHLIB,VREG_LMR23615_WSON12,"REG, Switching, Buck, 1.5A, ADJ, 2.1MHz, 4.0~36VIN, WSON12"
9679,PWR_SWITCHING_BUCK_HV.SCHLIB,VREG_LM5010A_TSSOP14,"REG, Switching, Buck, 1A, ADJ, 1MHz, 8~75VIN, TSSOP14"
9680,PWR_SWITCHING_BUCK_HV.SCHLIB,VREG_LM2596T-5_TO220,"REG, Switching, Buck, 3A, 5.0V, 150KHz, TO-220"
9681,PWR_SWITCHING_BUCK_HV.SCHLIB,VREG_LM2576T-5_TO220,"REG, Switching, Buck, 3A, 5.0V, 50KHz, TO-220"
9682,PWR_SWITCHING_BUCK_HV.SCHLIB,VREG_AP63201_SOT23-6,"REG, Switching, Buck, 2A, ADJ, 0.5MHz, 3.8~32VIN, SOT23-6"
9683,PWR_SWITCHING_BUCK_HV.SCHLIB,VREG_AP63200_SOT23-6,"REG, Switching, Buck, 2A, ADJ, 0.5MHz, 3.8~32VIN, SOT23-6"
9684,PWR_SWITCHING_BUCK_HV.SCHLIB,VREG_R1240B_SOT23-6,"REG, Switching, Buck, 1.2A, ADJ, 0.31MHz, 4.5~30VIN, SOT23-6"
9685,PWR_SWITCHING_BUCK_HV.SCHLIB,VREG_R1240A_SOT23-6,"REG, Switching, Buck, 1.2A, ADJ, 1.25MHz, 4.5~30VIN, SOT23-6"
9686,PWR_SWITCHING_BUCK_HV.SCHLIB,VREG_MAX17524_QFN32,"REG, Switching, Buck, Dual 3A, ADJ, 0.1~1.1MHz, 4.5~60VIN, QFN32"
9687,PWR_SWITCHING_BUCK_HV.SCHLIB,VREG_LMR33630A_SOP8,"REG, Switching, Buck, 3A, ADJ, 0.4MHz, 3.8~36VIN, SOP-8"
9688,PWR_SWITCHING_BUCK_HV.SCHLIB,VREG_LMR23630A_SOP8,"REG, Switching, Buck, 3A, ADJ, 0.2~2.2MHz, 4.0~36VIN, SOP8"
9689,PWR_SWITCHING_BUCK_HV.SCHLIB,VREG_LM5010A_WSON10,"REG, Switching, Buck, 1A, ADJ, 1MHz, 8~75VIN, WSON10"
9690,PWR_SWITCHING_BUCK_HV.SCHLIB,VREG_LM22670Q_D2PAK,"REG, Switching, Buck, 3A, ADJ, 0.40~0.60MHz, 4.5~42VIN, TO-263-7"
9691,PWR_SWITCHING_BUCK_HV.SCHLIB,VREG_TPS54560_SOP8,"REG, Switching, Buck, 5A, ADJ, 0.1~2.5MHz, 4.5~60VIN, HSOP-8"
9692,PWR_SWITCHING_BUCK_HV.SCHLIB,VREG_TPS54540_SOP8,"REG, Switching, Buck, 5A, ADJ, 0.1~2.5MHz, 4.5~42VIN, HSOP-8"
9693,PWR_SWITCHING_BUCK_HV.SCHLIB,VREG_TPS54360_SOP8,"REG, Switching, Buck, 3.5A, ADJ, 0.1~2.5MHz, 4.5~60VIN, HSOP-8"
9694,PWR_SWITCHING_BUCK_HV.SCHLIB,VREG_TPS54340_SOP8,"REG, Switching, Buck, 3.5A, ADJ, 0.1~2.5MHz, 4.5~42VIN, HSOP-8"
9695,PWR_SWITCHING_BUCK_HV.SCHLIB,VREG_TPS54339_SOP8,"REG, Switching, Buck, 3A, ADJ, 0.6MHz, 4.5~23VIN, SOP-8"
9696,PWR_SWITCHING_BUCK_HV.SCHLIB,VREG_TPS54332_SOP8,"REG, Switching, Buck, 3.5A, ADJ, 1MHz, 3.5~28Vin, SOP-8"
9697,PWR_SWITCHING_BUCK_HV.SCHLIB,VREG_LMR23625_SOP8,"REG, Switching, Buck, 2.5A, ADJ, 2.1MHz, 4.0~36VIN, SOP8"
9698,PWR_SWITCHING_BUCK_HV.SCHLIB,VREG_LMR16010_SOP8,"REG, Switching, Buck, 1A, ADJ, 0.20~2.5MHz, 4.3~60VIN, SOP-8"
9699,PWR_SWITCHING_BUCK_HV.SCHLIB,VREG_LMR14030_SOP8,"REG, Switching, Buck, 3.5A, ADJ, 0.20~2.5MHz, 4.0~40VIN, SOP8"
9700,PWR_SWITCHING_BUCK_HV.SCHLIB,VREG_LM22676_D2PAK,"REG, Switching, Buck, 3A, ADJ, 0.40~0.60MHz, 4.5~42VIN, TO-263"
9701,PWR_SWITCHING_BUCK_HV.SCHLIB,VREG_LM22673_D2PAK,"REG, Switching, Buck, 3A, ADJ, 0.40~0.60MHz, 4.5~42VIN, TO-263"
9702,PWR_SWITCHING_BUCK_HV.SCHLIB,VREG_LM22670_D2PAK,"REG, Switching, Buck, 3A, ADJ, 0.40~0.60MHz, 4.5~42VIN, TO-263-7"
9703,PWR_SWITCHING_BUCK_HV.SCHLIB,VREG_LM22670Q_SOP8,"REG, Switching, Buck, 3A, ADJ, 0.40~0.60MHz, 4.5~42VIN, HSOP-8"
9704,PWR_SWITCHING_BUCK_HV.SCHLIB,VREG_HT7463B_SOT23,"REG, Switching, Buck, 0.6A, ADJ, 0.55MHz, 4.5~52VIN, SOT23-6"
9705,PWR_SWITCHING_BUCK_HV.SCHLIB,VREG_HT7463A_SOT23,"REG, Switching, Buck, 0.6A, ADJ, 1.25MHz, 4.5~52VIN, SOT23-6"
9706,PWR_SWITCHING_BUCK_HV.SCHLIB,VREG_BD9G341A_SOP8,"REG, Switching, Buck, 3A, ADJ, 0.75MHz, 12~76VIN, SOP8"
9707,PWR_SWITCHING_BUCK_HV.SCHLIB,VREG_TPS5431_SOP8,"REG, Switching, Buck, 3A, ADJ, 0.5MHz, 5.5~23VIN, SOP-8"
9708,PWR_SWITCHING_BUCK_HV.SCHLIB,VREG_TPS5430_SOP8,"REG, Switching, Buck, 3A, ADJ, 0.5MHz, 5.5~36VIN, SOP-8"
9709,PWR_SWITCHING_BUCK_HV.SCHLIB,VREG_MP4559_SON10,"REG, Switching, Buck, 1.5A, ADJ, 2MHz, 3.8~55VIN, SON10"
9710,PWR_SWITCHING_BUCK_HV.SCHLIB,VREG_MP4462_SON10,"REG, Switching, Buck, 3.5A, ADJ, 4MHz, 3.8~36VIN, SON10"
9711,PWR_SWITCHING_BUCK_HV.SCHLIB,VREG_MP4458_SON10,"REG, Switching, Buck, 1A, ADJ, 4MHz, 3.8~36VIN, SON10"
9712,PWR_SWITCHING_BUCK_HV.SCHLIB,VREG_LM2678_TO220,"REG, Switching, Buck, 0.10~5A, ADJ, 0.26MHz, 8~40VIN, TO-220-7"
9713,PWR_SWITCHING_BUCK_HV.SCHLIB,VREG_LM2678_SON14,"REG, Switching, Buck, 0.10~5A, ADJ, 0.26MHz, 8~40VIN, VSON-14"
9714,PWR_SWITCHING_BUCK_HV.SCHLIB,VREG_LM2678_D2PAK,"REG, Switching, Buck, 0.10~5A, ADJ, 0.26MHz, 8~40VIN, TO-263-7"
9715,PWR_SWITCHING_BUCK_HV.SCHLIB,VREG_LM2677_TO220,"REG, Switching, Buck, 0.10~5A, ADJ, 0.28~0.40MHz, 8~40VIN, TO-220-7"
9716,PWR_SWITCHING_BUCK_HV.SCHLIB,VREG_LM2677_SON14,"REG, Switching, Buck, 0.10~5A, ADJ, 0.28~0.40MHz, 8~40VIN, VSON-14"
9717,PWR_SWITCHING_BUCK_HV.SCHLIB,VREG_LM2677_D2PAK,"REG, Switching, Buck, 0.10~5A, ADJ, 0.28~0.40MHz, 8~40VIN, TO-263-7"
9718,PWR_SWITCHING_BUCK_HV.SCHLIB,VREG_LM22676_SOP8,"REG, Switching, Buck, 3A, ADJ, 0.40~0.60MHz, 4.5~42VIN, SOP-8"
9719,PWR_SWITCHING_BUCK_HV.SCHLIB,VREG_LM22675_SOP8,"REG, Switching, Buck, 1A, ADJ, 0.5MHz, 4.5~42VIN, HSOP-8"
9720,PWR_SWITCHING_BUCK_HV.SCHLIB,VREG_LM22673_SOP8,"REG, Switching, Buck, 3A, ADJ, 0.40~0.60MHz, 4.5~42VIN, SOP-8"
9721,PWR_SWITCHING_BUCK_HV.SCHLIB,VREG_LM22670_SOP8,"REG, Switching, Buck, 3A, ADJ, 0.40~0.60MHz, 4.5~42VIN, HSOP-8"
9722,PWR_SWITCHING_BUCK_HV.SCHLIB,VREG_L6983N_QFN16,"REG, Switching, Buck, 3A, ADJ, 0.2~2.2MHz, 3.5~38VIN, QFN16"
9723,PWR_SWITCHING_BUCK_HV.SCHLIB,VREG_L6983C_QFN16,"REG, Switching, Buck, 3A, ADJ, 0.2~2.2MHz, 3.5~38VIN, QFN16"
9724,PWR_SWITCHING_BUCK_HV.SCHLIB,VREG_L5973AD_SOP8,"REG, Switching, Buck, 2A, ADJ, 0.5MHz, 4~36VIN, SOP8"
9725,PWR_SWITCHING_BUCK_HV.SCHLIB,VREG_BD9E302_SOP8,"REG, Switching, Buck, 3A, ADJ, 0.55MHz, 7.0~28VIN, SOP8"
9726,PWR_SWITCHING_BUCK_HV.SCHLIB,VREG_BD93291_SOP8,"REG, Switching, Buck, Dual 2.5A/1.5A, ADJ, 0.3~0.6MHz, 8~26VIN, SOP8"
9727,PWR_SWITCHING_BUCK_HV.SCHLIB,VREG_BD90640_SOP8,"REG, Switching, Buck, 4A, ADJ, 0.6MHz, 3.5~36VIN, SOP8"
9728,PWR_SWITCHING_BUCK_HV.SCHLIB,VREG_BD90640_HRP7,"REG, Switching, Buck, 4A, ADJ, 0.6MHz, 3.5~36VIN, HRP7"
9729,PWR_SWITCHING_BUCK_HV.SCHLIB,VREG_BD90620_SOP8,"REG, Switching, Buck, 2.5A, ADJ, 0.6MHz, 3.5~36VIN, SOP8"
9730,PWR_SWITCHING_BUCK_HV.SCHLIB,VREG_BD90620_HRP7,"REG, Switching, Buck, 2.5A, ADJ, 0.6MHz, 3.5~36VIN, SOP8"
9731,PWR_SWITCHING_BUCK_HV.SCHLIB,VREG_BD90610_SOP8,"REG, Switching, Buck, 1.25A, ADJ, 0.6MHz, 3.5~36VIN, SOP8"
9732,PWR_SWITCHING_BUCK_HV.SCHLIB,VREG_AOZ1212_SOP8,"REG, Switching, Buck, 3A, ADJ, 0.37MHz, 4.5~27VIN, SOP8"
9733,PWR_SWITCHING_BUCK_HV.SCHLIB,VREG_AOZ1212_DFN8,"REG, Switching, Buck, 3A, ADJ, 0.37MHz, 4.5~27VIN, DFN8"
9734,PWR_SWITCHING_BUCK_HV.SCHLIB,VREG_AOZ1210_SOP8,"REG, Switching, Buck, 2A, ADJ, 0.37MHz, 4.5~27VIN, SOP8"
9735,PWR_SWITCHING_BUCK_HV.SCHLIB,VREG_AOZ1084_DFN8,"REG, Switching, Buck LED driv, 1.2A, ADJ, 0.45MHz, 4.5~36VIN, DFN8"
9736,PWR_SWITCHING_BUCK_HV.SCHLIB,VREG_XL4201_SOP8,"REG, Switching, Buck, 3A, ADJ, 0.15MHz, 8~40VIN, SOP-8"
9737,PWR_SWITCHING_BUCK_HV.SCHLIB,VREG_MP4559_SOP8,"REG, Switching, Buck, 1.5A, ADJ, 2MHz, 3.8~55VIN, SOP8"
9738,PWR_SWITCHING_BUCK_HV.SCHLIB,VREG_MP4462_SOP8,"REG, Switching, Buck, 3.5A, ADJ, 4MHz, 3.8~36VIN, SOP8"
9739,PWR_SWITCHING_BUCK_HV.SCHLIB,VREG_MP2452_SON8,"REG, Switching, Buck, 1A, ADJ, 1MHz, 3.3~36VIN, SON8"
9740,PWR_SWITCHING_BUCK_HV.SCHLIB,VREG_L7985_SON10,"REG, Switching, Buck, 2A, ADJ, 0.25~1MHz, 4.5~28VIN, SON10"
9741,PWR_SWITCHING_BUCK_HV.SCHLIB,VREG_L5973D_SOP8,"REG, Switching, Buck, 2.5A, ADJ, 0.25MHz, 4~36VIN, SOP8"
9742,PWR_SWITCHING_BUCK_HV.SCHLIB,VREG_HT7465_SOP8,"REG, Switching, Buck, 2A, ADJ, 0.38MHz, 4.75~24VIN, SOP-A8"
9743,PWR_SWITCHING_BUCK_HV.SCHLIB,VREG_FR9886_SOP8,"REG, Switching, Buck, 2.5A, ADJ, 0.34MHz, 4.5~23VIN, SOP8"
9744,PWR_SWITCHING_BUCK_HV.SCHLIB,VREG_L7985_SOP8,"REG, Switching, Buck, 2A, ADJ, 0.25~1MHz, 4.5~28VIN, SOP8"
9745,PWR_SWITCHING_BUCK_HV.SCHLIB,VREG_L7980_SOP8,"REG, Switching, Buck, 2A, ADJ, 0.25~1MHz, 4.5~28VIN, SOP8"
9746,PWR_SWITCHING_BUCK_HV.SCHLIB,VREG_L7980_SON8,"REG, Switching, Buck, 2A, ADJ, 0.25~1MHz, 4.5~28VIN, SON8"
9747,PWR_SWITCHING_BUCK_LOWEMI.SCHLIB,VREG_LMS3635MQRNL_QFN22,"REG, Switching, Buck, 3.9~36Vin, 3.5A, RNL-22"
9748,PWR_SWITCHING_BUCK_LOWEMI.SCHLIB,VREG_LMQ66430MC3_QFN15,"REG, Switching, Buck, 3.6~36Vin, 3A, RXB-15"
9749,PWR_SWITCHING_BUCK_LOWEMI.SCHLIB,VREG_TPS62933F_SOT583,"REG, Switching, Buck, 3.8~30Vin, 3A, SOT-583, FCCM"
9750,PWR_SWITCHING_BUCK_LOWEMI.SCHLIB,VREG_LMQ66430R5_QFN15,"REG, Switching, Buck, 3.6~36Vin, 3A, RXB-15"
9751,PWR_SWITCHING_BUCK_LOWEMI.SCHLIB,VREG_TPS62933_SOT583,"REG, Switching, Buck, 3.8~30Vin, 3A, SOT-583"
9752,PWR_SWITCHING_BUCK_LOWEMI.SCHLIB,VREG_TPS62932_SOT583,"REG, Switching, Buck, 3.8~30Vin, 2A, SOT-583"
9753,PWR_SWITCHING_BUCK_LOWEMI.SCHLIB,VREG_TPS62913_QFN10,"REG, Switching, Buck, 3~17Vin, 3A, QFN-10"
9754,PWR_SWITCHING_BUCK_LOWEMI.SCHLIB,VREG_TPS62912_QFN10,"REG, Switching, Buck, 3~17Vin, 2A, QFN-10"
9755,PWR_SWITCHING_BUCK_LOWEMI.SCHLIB,VREG_LMR14050_SON10,"REG, Switching, Buck, 4~40Vin, 5A, WSON-8"
9756,PWR_SWITCHING_BUCK_LOWEMI.SCHLIB,VREG_LMR14030_SON10,"REG, Switching, Buck, 4~40Vin, 3.5A, WSON-8"
9757,PWR_SWITCHING_BUCK_LOWEMI.SCHLIB,VREG_LT8609_MSOP10,"REG, Switching, Buck, 3~42Vin, 3A, MSOP-10"
9758,PWR_SWITCHING_BUCK_LOWEMI.SCHLIB,VREG_LMR14050_SOP8,"REG, Switching, Buck, 4~40Vin, 5A, HSOIC-8"
9759,PWR_SWITCHING_BUCK_LOWEMI.SCHLIB,VREG_LMR14030_SOP8,"REG, Switching, Buck, 4~40Vin, 3.5A, HSOIC-8"
9760,PWR_SWITCHING_BUCK_LOWEMI.SCHLIB,VREG_LT8609_DFN10,"REG, Switching, Buck, 3~42Vin, 3A, DFN-10"
9761,PWR_SWITCHING_CTRL.SCHLIB,SWC_UCC38084_TSSOP8,"PWM Controller, Switching, Push-Pull, 15VDD, 1A/0.5A"
9762,PWR_SWITCHING_CTRL.SCHLIB,SWC_UCC2895_TSSOP20,"PWM Controller, Switching, Phase-Shift, TSSOP-20"
9763,PWR_SWITCHING_CTRL.SCHLIB,SWC_UCC28084_TSSOP8,"PWM Controller, Switching, Push-Pull, 15VDD, 1A/0.5A"
9764,PWR_SWITCHING_CTRL.SCHLIB,SWC_UCC38084_SOP8,"PWM Controller, Switching, Push-Pull, 15VDD, 1A/0.5A"
9765,PWR_SWITCHING_CTRL.SCHLIB,SWC_UCC38084_DIP8,"PWM Controller, Switching, Push-Pull, 15VDD, 1A/0.5A"
9766,PWR_SWITCHING_CTRL.SCHLIB,SWC_UCC2895_SOP20,"PWM Controller, Switching, Phase-Shift, SOP-20"
9767,PWR_SWITCHING_CTRL.SCHLIB,SWC_UCC2895_DIP20,"PWM Controller, Switching, Phase-Shift, DIP20"
9768,PWR_SWITCHING_CTRL.SCHLIB,SWC_UCC28084_SOP8,"PWM Controller, Switching, Push-Pull, 15VDD, 1A/0.5A"
9769,PWR_SWITCHING_CTRL.SCHLIB,SWC_UCC28084_DIP8,"PWM Controller, Switching, Push-Pull, 15VDD, 1A/0.5A"
9770,PWR_SWITCHING_CTRL.SCHLIB,SWC_UC3843BN_DIP8,"PWM Controller, Switching, 8.4~28V Vin"
9771,PWR_SWITCHING_CTRL.SCHLIB,SWC_UC3843BD_SOP8,"PWM Controller, Switching, 8.4~28V Vin"
9772,PWR_SWITCHING_CTRL.SCHLIB,SWC_LM5046_SSOP28,"PWM Controller, Switching, Phase-Shifted Full-Bridge"
9773,PWR_SWITCHING_CTRL.SCHLIB,SWC_LM5026_SSOP16,"PWM Controller, Switching, Active Clamp, SSOP16"
9774,PWR_SWITCHING_CTRL.SCHLIB,SWC_LM5025_WSON16,"PWM Controller, Switching, Active Clamp, WSON"
9775,PWR_SWITCHING_CTRL.SCHLIB,SWC_LM5025_SSOP16,"PWM Controller, Switching, Active Clamp, SSOP16"
9776,PWR_SWITCHING_CTRL.SCHLIB,SWC_LM5020_WSON10,"PWM Controller, Switching, Boost, 13-100V Vin, 1A ,WSON"
9777,PWR_SWITCHING_CTRL.SCHLIB,SWC_LM5020_SSOP10,"PWM Controller, Switching, Boost, 13-100V Vin, 1A ,SSOP"
9778,PWR_SWITCHING_CTRL.SCHLIB,SWC_UC3845D_SOP8,"PWM Controller, Switching, 8.4~28V Vin"
9779,PWR_SWITCHING_CTRL.SCHLIB,UC3844AD8,Integrated Circuit
9780,PWR_SWITCHING_FLYBACK.SCHLIB,VREG_UCC28700_SOT23,"REG, Switching, FlyBack, Low Power, Offline, Primary"
9781,PWR_SWITCHING_FLYBACK.SCHLIB,VREG_VIPER22A_SOP8,"REG, Switching, FlyBack, Low Power, Offline, Primary"
9782,PWR_SWITCHING_FLYBACK.SCHLIB,VREG_VIPER22A_DIP8,"REG, Switching, FlyBack, Low Power, Offline, Primary"
9783,PWR_SWITCHING_FLYBACK.SCHLIB,VREG_VIPER12A_SOP8,"REG, Switching, FlyBack, Low Power, Offline, Primary"
9784,PWR_SWITCHING_FLYBACK.SCHLIB,VREG_VIPER12A_DIP8,"REG, Switching, FlyBack, Low Power, Offline, Primary"
9785,PWR_SWITCHING_FLYBACK.SCHLIB,VREG_TOP268E_eSIP7,"REG, Switching, FlyBack, Low Power, Offline, Primary"
9786,PWR_SWITCHING_FLYBACK.SCHLIB,VREG_OB2550Q_SOT23,"REG, Switching, FlyBack, Low Power, Offline, Primary"
9787,PWR_SWITCHING_FLYBACK.SCHLIB,VREG_OB2510R_SOT23,"REG, Switching, FlyBack, Low Power, Offline, Primary"
9788,PWR_SWITCHING_FLYBACK.SCHLIB,VREG_OB2263N_SOT23,"REG, Switching, FlyBack, Low Power, Offline, Primary"
9789,PWR_SWITCHING_FLYBACK.SCHLIB,VREG_HT7A6322_SOP8,"REG, Switching, FlyBack, Low Power, Offline, Primary"
9790,PWR_SWITCHING_FLYBACK.SCHLIB,VREG_HT7A6322_DIP8,"REG, Switching, FlyBack, Low Power, Offline, Primary"
9791,PWR_SWITCHING_FLYBACK.SCHLIB,VREG_OB2540_SOT23,"REG, Switching, FlyBack, Low Power, Offline, Primary"
9792,PWR_SWITCHING_FLYBACK.SCHLIB,VREG_OB25136_SOP8,"REG, Switching, FlyBack, Low Power, Offline, Primary"
9793,PWR_SWITCHING_FLYBACK_NOOPTO.SCHLIB,LT8303_SOT23,"REG, Switching, FlyBack, No-Opto, 5.5~100Vin, 0.45A"
9794,PWR_SWITCHING_FLYBACK_NOOPTO.SCHLIB,LT8301_SOT23,"REG, Switching, FlyBack, No-Opto, 2.7~42Vin, 1.2A"
9795,PWR_SWITCHING_FLYBACK_NOOPTO.SCHLIB,LT8304_SOP8,"REG, Switching, FlyBack, No-Opto, 3~100Vin, 2A"
9796,PWR_SWITCHING_FLYBACK_NOOPTO.SCHLIB,LT8302_SOP8,"REG, Switching, FlyBack, No-Opto, 2.8~42Vin, 3.6A"
9797,PWR_SWITCHING_INVERTING.SCHLIB,VREG_TPS63700_SON10,"REG, Switching, Inverting, 0.36A, ADJ, 1.4MHz, SON-10"
9798,PWR_SWITCHING_INVERTING.SCHLIB,VREG_TPS6735_SOP8,"REG, Switching, Inverting, 0.2A, FIXED-5V, 160KHz, SOP-8"
9799,PWR_SWITCHING_INVERTING.SCHLIB,VREG_ICL7660_SOP8,Voltage Converter +5V to ±5V Supplies
9800,PWR_SWITCHING_INVERTING.SCHLIB,VREG_ICL7660_DIP8,Voltage Converter +5V to ±5V Supplies
9801,PWR_SWITCHING_LED_DRIVER.SCHLIB,VREG_TPS61500_TSSOP14,"REG, Switching, LED driver, Boost, up to 24W"
9802,PWR_SWITCHING_LED_DRIVER.SCHLIB,VREG_TPS61165_SOT23,"REG, Switching, LED driver, Boost"
9803,PWR_SWITCHING_LED_DRIVER.SCHLIB,VREG_BP9833A_SOP8,"REG, Switching, LED driver, Buck, offline"
9804,PWR_SWITCHING_MISC.SCHLIB,VREG_MC34063,"REG, Switching, Buck/Boost/Inv, 1.5A, ADJ, 100KHz,3~40VIN, SO-8"
9805,PWR_SWITCHING_MISC.SCHLIB,VREG_MC33063,"REG, Switching, Buck/Boost/Inv, 1.5A, ADJ, 100KHz,3~40VIN, SO-8"
9806,PWR_SWITCHING_MODULE.SCHLIB,VREG_TPS8268180_BGA9,"DC2DC Switching MODULE, Buck, 1.6A, Fixed, 2.5MHz, integrated Inductor"
9807,PWR_SWITCHING_MODULE.SCHLIB,VREG_LMZ12002_D2PAK7,"DC2DC Switching MODULE, Buck, 2A, ADJ, 1MHz, DPAK-7"
9808,PWR_SWITCHING_MODULE.SCHLIB,VREG_LMZ31710_QFN40,"DC2DC Switching MODULE, Buck, 10A, ADJ, 1.2MHz, 3~17VIN, QFN40"
9809,PWR_SWITCHING_MODULE.SCHLIB,VREG_LMZ31530_QFN72,"DC2DC Switching MODULE, Buck, 30A, ADJ, 0.3~0.85MHz, 3~14.5VIN, RLG-72, integrated Inductor"
9810,PWR_SWITCHING_MODULE.SCHLIB,VREG_LMZ31520_QFN72,"DC2DC Switching MODULE, Buck, 20A, ADJ, 0.3~0.85MHz, 3~14.5VIN, RLG-72, integrated Inductor"
9811,PWR_SWITCHING_MODULE.SCHLIB,VREG_LMZ23610_TZA11,"DC2DC Switching MODULE, Buck, 10A, ADJ, 0.6MHz, 6~36VIN, TZA11, integrated Inductor"
9812,PWR_SWITCHING_MODULE.SCHLIB,VREG_LMZ13610_TZA11,"DC2DC Switching MODULE, Buck, 10A, ADJ, 0.35MHz, 6~36VIN, TZA11, integrated Inductor"
9813,PWR_SWITCHING_MODULE.SCHLIB,VREG_TPS82085_SON8,"DC2DC Switching MODULE, Buck, 3A, ADJ, 2.5MHz, integrated Inductor"
9814,PWR_SWITCHING_MODULE.SCHLIB,LTM4644-1_BGA77,"DC2DC Switching MODULE, QUAD, 4A"
9815,PWR_SWITCHING_MODULE.SCHLIB,PTH08T231W_THD,"DC2DC Switching MODULE, 6A, Ceramic Cap, SMD"
9816,PWR_SWITCHING_MODULE.SCHLIB,PTH08T231W_SMD,"DC2DC Switching MODULE, 6A, Ceramic Cap, SMD"
9817,PWR_SWITCHING_MODULE.SCHLIB,PTH08T230W_THD,"DC2DC Switching MODULE, 6A, SMD"
9818,PWR_SWITCHING_MODULE.SCHLIB,PTH08T230W_SMD,"DC2DC Switching MODULE, 6A, SMD"
9819,PWR_SWITCHING_MODULE.SCHLIB,PTH08T221W_THD,"DC2DC Switching MODULE, 16A, Ceramic Cap, THD"
9820,PWR_SWITCHING_MODULE.SCHLIB,PTH08T221W_SMD,"DC2DC Switching MODULE, 16A, Ceramic Cap, SMD"
9821,PWR_SWITCHING_MODULE.SCHLIB,PTH08T220W_THD,"DC2DC Switching MODULE, 16A, THD"
9822,PWR_SWITCHING_MODULE.SCHLIB,PTH08T220W_SMD,"DC2DC Switching MODULE, 16A, SMD"
9823,PWR_SWITCHING_MODULE.SCHLIB,LTM8026M_LGA81,"DC2DC Switching MODULE, 5A"
9824,PWR_SWITCHING_MODULE.SCHLIB,LTM8026M_BGA81,"DC2DC Switching MODULE, 5A"
9825,PWR_SWITCHING_MODULE.SCHLIB,LTM4650_BGA144,"DC2DC Switching MODULE, Dual 25A"
9826,PWR_SWITCHING_MODULE.SCHLIB,LTM4644M_BGA77,"DC2DC Switching MODULE, QUAD, 4A"
9827,PWR_SWITCHING_MODULE.SCHLIB,LTM4633_BGA144,"DC2DC Switching MODULE, Triple 10A"
9828,PWR_SWITCHING_MODULE.SCHLIB,PTN78020W_THD,"DC2DC Switching MODULE, 6A, THD"
9829,PWR_SWITCHING_MODULE.SCHLIB,PTN78020W_SMD,"DC2DC Switching MODULE, 6A, SMD"
9830,PWR_SWITCHING_MODULE.SCHLIB,PTN78020H_THD,"DC2DC Switching MODULE, 6A, THD"
9831,PWR_SWITCHING_MODULE.SCHLIB,PTN78020H_SMD,"DC2DC Switching MODULE, 6A, SMD"
9832,PWR_SWITCHING_MODULE.SCHLIB,PTH08000W_THD,"DC2DC Switching MODULE, 2.2A, SMD"
9833,PWR_SWITCHING_MODULE.SCHLIB,PTH08000W_SMD,"DC2DC Switching MODULE, 2.2A, SMD"
9834,PWR_SWITCHING_MODULE.SCHLIB,LTM8026_LGA81,"DC2DC Switching MODULE, 5A"
9835,PWR_SWITCHING_MODULE.SCHLIB,LTM8026_BGA81,"DC2DC Switching MODULE, 5A"
9836,PWR_SWITCHING_MODULE.SCHLIB,LTM4644_BGA77,"DC2DC Switching MODULE, QUAD, 4A"
9837,PWR_SWITCHING_MODULE.SCHLIB,LTM4642_BGA56,"DC2DC Switching MODULE, DUAL, 4A"
9838,PWR_SWITCHING_MODULE.SCHLIB,LTM4632_BGA25,"DC2DC Switching MODULE, dual 3A"
9839,PWR_SWITCHING_MODULE.SCHLIB,LTM4623_BGA25,"DC2DC Switching MODULE, 3A"
9840,PWR_SWITCHING_MODULE.SCHLIB,LTM4622_BGA25,"DC2DC Switching MODULE, Dual, 2.5A"
9841,PWR_SWITCHING_MODULE.SCHLIB,PTD08D210WAC,"DC2DC Switching MODULE, Dual, 10A, Digital"
9842,RELAY.SCHLIB,RELAY_DPDT_8_2010_G5V-2-DC12,"Relay, DPDT, 8P, 20.5X10.2mm, G5V-2 125VAC/0.5A"
9843,RELAY.SCHLIB,RELAY_DPDT_8_1006NS_G6K-2F-Y,"Relay, DPDT, 8P, 10X6mm, G6K 30VDC/2A SMD"
9844,RELAY.SCHLIB,RELAY_DPDT_8_1006NS_B4SA012Z,"Relay, DPDT, 8P, 10X6mm, G6K 30VDC/2A SMD"
9845,RELAY.SCHLIB,RELAY_SPDT_6_1207_G5V-1-DC5,"Relay, SPDT, 5P, 12.5X7.5mm, G5V-1 125VAC/0.5A"
9846,RELAY.SCHLIB,RELAY_DPDT_8_2010_G5V-2-DC5,"Relay, DPDT, 8P, 20.5X10.2mm, G5V-2 125VAC/0.5A"
9847,RELAY.SCHLIB,RELAY_DPDT_8_1006N_G6K-2P-Y,"Relay, DPDT, 8P, 10X6mm, G6K-2P-Y 30VDC/1A"
9848,RELAY.SCHLIB,RELAY_DPDT_8_1006ES_G6K-2F,"Relay, DPDT, LATCHING, 8P, 10X6mm, G6K 30VDC/1A"
9849,RELAY.SCHLIB,RELAY_SPDT_5_2216_HJR-3FF,"Relay, SPDT, 5P, 19X15mm, 240VAC/7A"
9850,RELAY.SCHLIB,RELAY_DPDT_8_1507S_V23079,"Relay, DPDT, 8P, 15X7mm, P2 250VAC/2A SMD"
9851,RELAY.SCHLIB,RELAY_DPDT_8_1006E_G6K-2P,"Relay, DPDT, 8P, 10X6mm, G6K-2P-Y 30VDC/1A"
9852,RELAY.SCHLIB,RELAY_DPDT_10_1409S_TQ2SS,"Relay, SPDT, 10P, 14X9mm, TQ2SS 220VAC/2A"
9853,RELAY.SCHLIB,RELAY_DPDT_10_1409S_TQ2SA,"Relay, SPDT, 10P, 14X9mm, TQ2SA 220VAC/2A"
9854,RELAY.SCHLIB,RELAY_DPDT_8_2010_V23105,"Relay, DPDT, 8P, 20.5X10.2mm, V23105 250VAC/3A"
9855,RELAY.SCHLIB,RELAY_DPDT_8_1507_V23079,"Relay, DPDT, 8P, 15X7mm, P2 30VDC/2A"
9856,RELAY.SCHLIB,RELAY_SPST_5_2216_G5LE,"Relay, SPDT, 5P, 22X16mm, 120V/10A"
9857,RELAY.SCHLIB,RELAY_SPST_5_1512_G8QN,"Relay, SPDT, 5P, 15.4X12.1mm, 16V/30A"
9858,RELAY.SCHLIB,RELAY_SPDT_5_2216_G5LE,"Relay, SPDT, 5P, 22X16mm, 120V/10A"
9859,RELAY.SCHLIB,RELAY_SPDT_5_1611_TRBS,"Relay, SPDT, 5P, 15.5X11mm, TRB 125VAC/1A"
9860,RELAY.SCHLIB,RELAY_SPDT_5_1512_G8QN,"Relay, SPDT, 5P, 15.4X12.1mm, 16V/30A"
9861,RELAY.SCHLIB,RELAY_DPDT_8_1006NS_IM,"Relay, DPDT, LATCHING, 8P, 10X6mm, IM 30VDC/2A"
9862,RELAY.SCHLIB,RELAY_DPDT_10_1409_FP2,"Relay, SPDT, 10P, 14X9mm, FP2 250VAC/2A"
9863,RELAY.SCHLIB,RELAY_SPDT_6_1611_TRB,"Relay, SPDT, 5P, 15.5X11mm, TRB 125VAC/1A"
9864,RELAY.SCHLIB,RELAY_SPDT_6_1207_HRB,"Relay, SPDT, 5P, 12.5X7.5mm, HRB1-(S)"
9865,RELAY.SCHLIB,RELAY_SPDT_5_2913_G2R,"Relay, SPDT, 5P, 28.8X12.7mm, 250V/16A"
9866,RELAY.SCHLIB,RELAY_SPDT_5_1512_RAM,"Relay, SPDT, 5P, 15.4X12.1mm, 14V/20A"
9867,RELAY.SCHLIB,RELAY_DPST_6_2913_RT2,"Relay, DPDT, 8P, 29X13mm, RT2, 400VAC/8A"
9868,RELAY.SCHLIB,RELAY_DPDT_8_2913_RT2,"Relay, DPDT, 8P, 29X13mm, RT2, 400VAC/8A"
9869,RELAY.SCHLIB,RELAY_DPDT_8_2913_G2R,"Relay, DPDT, 8P, 29X13mm, G2R 240VAC/5A"
9870,RELAY.SCHLIB,RELAY_SPDT_6_1611_H,"Relay, SPDT, 5P, 15.7X11mm, HFD41 240VAC/1A"
9871,RELAY.SCHLIB,RELAY_SPST_4_S1A05,"Relay, SPST, 5P, 19X5mm, 200VDC/1A"
9872,RELAY.SCHLIB,RELAY_DPDT_8_1507S,"Relay, DPDT, 8P, 15X7mm, 250VAC/2A SMD"
9873,RELAY.SCHLIB,RELAY_4PDT_14_2127,"Relay, 4PDT, 14P, 21X27mm"
9874,RELAY.SCHLIB,RELAY_SPST_4_2007,"Relay, SPST, 5P, 20.5X7.2mm, 250VAC/5A"
9875,RELAY.SCHLIB,RELAY_SPDT_7_4119,"Relay, SPDT, 5P+2, 24X19mm, 12VDC/40A"
9876,RELAY.SCHLIB,RELAY_DPDT_8_1507,"Relay, DPDT, 8P, 15X7mm, FX2 250VAC/2A"
9877,RELAY.SCHLIB,RELAY_SPST_T90,"Relay, SPDT, 5P, T90, 250VAC/30A"
9878,RELAY.SCHLIB,RELAY_SPDT_T91,"Relay, SPDT, 5P, T90, 250VAC/30A"
9879,RELAY.SCHLIB,RELAY_SPDT_T90,"Relay, SPDT, 5P, T90, 250VAC/30A"
9880,RESISTOR_POT_TRIMMER.SCHLIB,RES_THD_POT_MULTITURN,"RESISTOR, THD, Potentiometer Multiturn, most Popular"
9881,RESISTOR_POT_TRIMMER.SCHLIB,RES_SMD_POT_3214W_10K,"RESISTOR, SMD, Potentiometer"
9882,RESISTOR_POT_TRIMMER.SCHLIB,RES_THD_POT_VOLUME,"RESISTOR, THD, Potentiometer Volume"
9883,RESISTOR_POT_TRIMMER.SCHLIB,RES_THD_POT_CA9MTV,"RESISTOR, THD, Potentiometer"
9884,RESISTOR_POT_TRIMMER.SCHLIB,RES_THD_POT_VOLX2,"RESISTOR, THD, Potentiometer Volume DUAL"
9885,RESISTOR_POT_TRIMMER.SCHLIB,RES_THD_POT_3362S,"RESISTOR, THD, Potentiometer"
9886,RESISTOR_POT_TRIMMER.SCHLIB,RES_THD_POT_3362H,"RESISTOR, THD, Potentiometer"
9887,RESISTOR_POT_TRIMMER.SCHLIB,RES_THD_POT_3306W,"RESISTOR, THD, Potentiometer"
9888,RESISTOR_POT_TRIMMER.SCHLIB,RES_THD_POT_3296Z,"RESISTOR, THD, Potentiometer"
9889,RESISTOR_POT_TRIMMER.SCHLIB,RES_THD_POT_3296Y,"RESISTOR, THD, Potentiometer"
9890,RESISTOR_POT_TRIMMER.SCHLIB,RES_THD_POT_3296X,"RESISTOR, THD, Potentiometer"
9891,RESISTOR_POT_TRIMMER.SCHLIB,RES_THD_POT_3296W,"RESISTOR, THD, Potentiometer"
9892,RESISTOR_POT_TRIMMER.SCHLIB,RES_THD_POT_3296P,"RESISTOR, THD, Potentiometer"
9893,RESISTOR_POT_TRIMMER.SCHLIB,RES_THD_POT_3262W,"RESISTOR, THD, Potentiometer"
9894,RESISTOR_POT_TRIMMER.SCHLIB,RES_THD_POT_3260H,"RESISTOR, THD, Potentiometer"
9895,RESISTOR_POT_TRIMMER.SCHLIB,RES_THD_POT_3006P,"RESISTOR, THD, Potentiometer"
9896,RESISTOR_POT_TRIMMER.SCHLIB,RES_SMD_POT_3314G,"RESISTOR, SMD, Potentiometer"
9897,RESISTOR_POT_TRIMMER.SCHLIB,RES_SMD_POT_3214W,"RESISTOR, SMD, Potentiometer"
9898,RESISTOR_POT_TRIMMER.SCHLIB,RES_THD_POT_PT15,"RESISTOR, THD, Potentiometer, PT-15 15mm"
9899,RESISTOR_POT_TRIMMER.SCHLIB,RES_THD_POT_PT10,"RESISTOR, THD, Potentiometer, PT-10 10mm"
9900,RESISTOR_POT_TRIMMER.SCHLIB,RES_THD_POT_VOL,"RESISTOR, THD, Potentiometer Volume"
9901,RESISTOR_POT_TRIMMER.SCHLIB,RES_THD_POT_V10,"RESISTOR, THD, Potentiometer, V10 10mm"
9902,RESISTOR_POT_TRIMMER.SCHLIB,RES_THD_POT_7X5,"RESISTOR, THD, Potentiometer"
9903,RESISTOR_POT_TRIMMER.SCHLIB,RES_SMD_POT_V10,"RESISTOR, SMD, Potentiometer, 10mm"
9904,RESISTOR_POT_TRIMMER.SCHLIB,RES_SMD_POT_5MM,"RESISTOR, SMD, Potentiometer, 5mm"
9905,RESISTOR_POT_TRIMMER.SCHLIB,RES_SMD_POT_3MM,"RESISTOR, SMD, Potentiometer, 3mm"
9906,RF_TRANSCEIVER.SCHLIB,ADF7020-1_QFN48,"RF Transceiver, 200Kbps, 2.3~3.6VCC"
9907,RF_TRANSCEIVER.SCHLIB,AD9361_BGA144,"RF Transceiver, 12-bit DAC&ADC, 47M~6GHz, BGA144"
9908,RF_TRANSCEIVER.SCHLIB,AD6688_BGA196,"RF Receiver, 1.2GHz Bandwidth, JESD204B"
9909,RS232.SCHLIB,TRS3232E_SSOP16,"RS-232, DUAL, +3~5V, Driver/Receiver, 250kbps"
9910,RS232.SCHLIB,MAX3223_SSOP20W,"RS-232, DUAL, +3~5V, Driver/Receiver, Low-Power, up to 1Mbps, Using Four 0.1µF External Capacitor"
9911,RS232.SCHLIB,MAX3221_SSOP16W,"RS-232, SINGLE CH, +3~5V, Driver/Receiver,"
9912,RS232.SCHLIB,TRS3232_SSOP16,"RS-232, DUAL, +3~5V, Driver/Receiver, 250kbps"
9913,RS232.SCHLIB,MAX3311_SSOP10,"RS-232, SINGLE, +5V, Driver/Receiver"
9914,RS232.SCHLIB,MAX3232_SSOP16,"RS-232, DUAL, +3~5V, Driver/Receiver, Low-Power, up to 1Mbps, Using Four 0.1µF External Capacitor"
9915,RS232.SCHLIB,MAX3232_SOP16W,"RS-232, DUAL, +3~5V, Driver/Receiver, Low-Power, up to 1Mbps, Using Four 0.1µF External Capacitor"
9916,RS232.SCHLIB,MAX3221_SSOP16,"RS-232, SINGLE CH, +3~5V, Driver/Receiver,"
9917,RS232.SCHLIB,TRS3122_QFN24,"RS-232, DUAL, 1.8/3.3/5V, Driver/Receiver"
9918,RS232.SCHLIB,ST3232_SSOP16,"RS-232, DUAL, +3~5V, Driver/Receiver"
9919,RS232.SCHLIB,SP3232_SSOP16,"RS-232, DUAL, +3~5V, Driver/Receiver"
9920,RS232.SCHLIB,MAX3232_SOP16,"RS-232, DUAL, +3~5V, Driver/Receiver, Low-Power, up to 1Mbps, Using Four 0.1µF External Capacitor"
9921,RS232.SCHLIB,MAX232_SOP16W,"RS-232, DUAL, +5V, Driver/Receiver"
9922,RS232.SCHLIB,ISL4245_QFN32,"RS-232, MULTIPLE, +3V, Driver/Receiver, 32-QFN"
9923,RS232.SCHLIB,ADM3251_SO16W,"RS-485 Transceiver, Isolated, iIntegrated Transformer Driver, 460kbps"
9924,RS232.SCHLIB,SP3232_DIP16,"RS-232, DUAL, +3~5V, Driver/Receiver"
9925,RS232.SCHLIB,MAX232_SOP16,"RS-232, DUAL, +5V, Driver/Receiver"
9926,RS232.SCHLIB,MAX232_DIP16,"RS-232, DUAL, +5V, Driver/Receiver"
9927,RS485-422.SCHLIB,SN65HVD1476_VSSOP10,"RS-485/RS-422 Transceiver, Full-Duplex"
9928,RS485-422.SCHLIB,SN65HVD1477_VSSOP8,"RS-485/RS-422 Transceiver, Full-Duplex"
9929,RS485-422.SCHLIB,SN65HVD1474_VSSOP8,"RS-485/RS-422 Transceiver, Full-Duplex"
9930,RS485-422.SCHLIB,SN65HVD1476_SOP14,"RS-485/RS-422 Transceiver, Full-Duplex"
9931,RS485-422.SCHLIB,THVD1452_VSSOP10,"RS-485/RS-422 Transceiver, Full-Duplex"
9932,RS485-422.SCHLIB,SN65HVD82_VSSOP8,"RS-485 Transceiver, Half-Duplex"
9933,RS485-422.SCHLIB,SN65HVD78_VSSOP8,"RS-485 Transceiver, Half-Duplex, 3.3V"
9934,RS485-422.SCHLIB,SN65HVD77_VSSOP8,"RS-485/RS-422 Transceiver, Full-Duplex"
9935,RS485-422.SCHLIB,SN65HVD75_VSSOP8,"RS-485 Transceiver, Half-Duplex"
9936,RS485-422.SCHLIB,SN65HVD74_VSSOP8,"RS-485/RS-422 Transceiver, Full-Duplex"
9937,RS485-422.SCHLIB,SN65HVD72_VSSOP8,"RS-485 Transceiver, Half-Duplex"
9938,RS485-422.SCHLIB,SN65HVD71_VSSOP8,"RS-485/RS-422 Transceiver, Full-Duplex"
9939,RS485-422.SCHLIB,ISL32173EI_SOP16,"RS-422 Quad Receiver, -7~+12V, 20Mbps"
9940,RS485-422.SCHLIB,THVD2452V_SOP14,"RS-485/RS-422 Transceiver, Full-Duplex, ±70V Fault-Protected"
9941,RS485-422.SCHLIB,THVD1451_VSSOP8,"RS-485/RS-422 Transceiver, Full-Duplex"
9942,RS485-422.SCHLIB,THVD1450_VSSOP8,"RS-485 Transceiver, Half-Duplex"
9943,RS485-422.SCHLIB,THVD1426_SOT583,"RS-485 Transceiver, Half-Duplex"
9944,RS485-422.SCHLIB,THVD1424_VQFN16,"RS-485/RS-422 Transceiver, Full-Half Config"
9945,RS485-422.SCHLIB,THVD1420_SOT583,"RS-485 Transceiver, Half-Duplex"
9946,RS485-422.SCHLIB,THVD1406_SOT583,"RS-485 Transceiver, Half-Duplex"
9947,RS485-422.SCHLIB,THVD1400_SOT583,"RS-485 Transceiver, Half-Duplex"
9948,RS485-422.SCHLIB,ISL3295EI_SOT23,"RS-422 Transmitter, -7~+12V, 20Mbps"
9949,RS485-422.SCHLIB,ISL3295EF_SOT23,"RS-422 Transmitter, -7~+12V, 20Mbps"
9950,RS485-422.SCHLIB,ISL3294EI_SOT23,"RS-422 Transmitter, -7~+12V, 0.5Mbps"
9951,RS485-422.SCHLIB,ISL3294EF_SOT23,"RS-422 Transmitter, -7~+12V, 0.5Mbps"
9952,RS485-422.SCHLIB,ISL3293EI_SOT23,"RS-422 Transmitter, -7~+12V, 0.25Mbps"
9953,RS485-422.SCHLIB,ISL3293EF_SOT23,"RS-422 Transmitter, -7~+12V, 0.25Mbps"
9954,RS485-422.SCHLIB,ISL3280EI_SOT23,"RS-422 Receiver, -7V~+12V"
9955,RS485-422.SCHLIB,ISL3280EF_SOT23,"RS-422 Receiver, -7V~+12V"
9956,RS485-422.SCHLIB,THVD9491_SOP14,"RS-485/RS-422 Transceiver, Full-Duplex, ±70V Fault-Protected"
9957,RS485-422.SCHLIB,THVD1452_SOP14,"RS-485/RS-422 Transceiver, Full-Duplex"
9958,RS485-422.SCHLIB,SN65HVD78_SOP8,"RS-485 Transceiver, Half-Duplex, 3.3V"
9959,RS485-422.SCHLIB,SN65HVD78_SON8,"RS-485 Transceiver, Half-Duplex, 3.3V"
9960,RS485-422.SCHLIB,THVD1400_SOP8,"RS-485 Transceiver, Half-Duplex"
9961,RS485-422.SCHLIB,MAX3094_SOP16,RS-422 Quad Receiver
9962,RS485-422.SCHLIB,MAX3079_SOP14,"RS-485/RS-422 Transceiver, Full-Duplex"
9963,RS485-422.SCHLIB,MAX3030_SOP16,RS-422 Quad Transmitter
9964,RS485-422.SCHLIB,ISL83490_SOP8,"RS-485/RS-422 Transceiver, Full-Duplex"
9965,RS485-422.SCHLIB,ADM3076_SOP14,"RS-485/RS-422 Transceiver, Full-Duplex"
9966,RS485-422.SCHLIB,MAX491_SOP14,"RS-485/RS-422 Transceiver, Full-Duplex"
9967,RS485-422.SCHLIB,ADM3490_SOP8,"RS-485/RS-422 Transceiver, Full-Duplex"
9968,RS485-422.SCHLIB,ADM3488_SOP8,"RS-485/RS-422 Transceiver, Full-Duplex"
9969,RS485-422.SCHLIB,ADM3485_SOP8,"RS-485 Transceiver, Half-Duplex, 3.3V"
9970,RS485-422.SCHLIB,SP3485_SOP8,"RS-485 Transceiver, Half-Duplex, 3.3V"
9971,RS485-422.SCHLIB,MAX488_SOP8,"RS-485/RS-422 Transceiver, Full-Duplex"
9972,RS485-422.SCHLIB,MAX485_SOP8,"RS-485 Transceiver, Half-Duplex, 5V, SOP-8, ±7V Ground Difference Between Devices on the Bus"
9973,RS485-422.SCHLIB,MAX485_DIP8,"RS-485 Transceiver, Half-Duplex, 5V, DIP-8, ±7V Ground Difference Between Devices on the Bus"
9974,RS485-422.SCHLIB,LTC485_SOP8,"RS-485 Transceiver, Half-Duplex, 5V, SOP-8, ±7V Ground Difference Between Devices on the Bus"
9975,RS485-422.SCHLIB,LTC485_DIP8,"RS-485 Transceiver, Half-Duplex, 5V, DIP-8, ±7V Ground Difference Between Devices on the Bus"
9976,RS485-422.SCHLIB,ADM485_SOP8,"RS-485 Transceiver, Half-Duplex, 5V, SOP-8, ±7V Ground Difference Between Devices on the Bus"
9977,RS485-422.SCHLIB,ADM485_DIP8,"RS-485 Transceiver, Half-Duplex, 5V, DIP-8, ±7V Ground Difference Between Devices on the Bus"
9978,RS485-422_ISOLATED.SCHLIB,SIT3491ISO_SO16W,"RS-485 Transceiver, Isolated, 5KVrms, 16Mbps"
9979,RS485-422_ISOLATED.SCHLIB,ISOW1432_SOP20W,"RS-485/RS-422 Transceiver, Isolated, 5KVrms, 12Mbps, power Integ."
9980,RS485-422_ISOLATED.SCHLIB,ISOW1412_SOP20W,"RS-485/RS-422 Transceiver, Isolated, 5KVrms, 500kbps, power Integ."
9981,RS485-422_ISOLATED.SCHLIB,CA-IS3082_SO16W,"RS-485 Transceiver, Isolated, 5KVrms, 0.5Mbps"
9982,RS485-422_ISOLATED.SCHLIB,ISO35TDW_SO16W,"RS-485 Transceiver, Isolated, 2.5KVrms, 1Mbps with transformer driver"
9983,RS485-422_ISOLATED.SCHLIB,ISO1500_SOP16W,"RS-485 Transceiver, Isolated, 3KVrms, 1Mbps"
9984,RS485-422_ISOLATED.SCHLIB,ADM2687_SO16W,"RS-485 Transceiver, Isolated sig, IsoPOWER"
9985,RS485-422_ISOLATED.SCHLIB,ADM2682_SO16W,"RS-485 Transceiver, Isolated sig, IsoPOWER"
9986,RS485-422_ISOLATED.SCHLIB,ADM2485_SO16W,"RS-485 Transceiver, Isolated, iIntegrated Transformer Driver, 16Mbps"
9987,RS485-422_ISOLATED.SCHLIB,ADM2484_SO16W,"RS-485 Transceiver, Isolated, iCoupler, Full-Duplex"
9988,RS485-422_ISOLATED.SCHLIB,ADM2483_SO16W,"RS-485 Transceiver, Isolated, iCoupler, 16Mbps"
9989,RS485-422_ISOLATED.SCHLIB,ADM2482_SO16W,"RS-485 Transceiver, Isolated, iIntegrated Transformer Driver, 500kbps"
9990,RTC.SCHLIB,AB-RTCMC-IBO5_3725,"Real-Time Clock, I2C, +IntCryst, 512B, 22nA@3V timekeeping"
9991,RTC.SCHLIB,AB-RTCMC-EOZ9_3725,"Real-Time Clock, I2C, +IntCryst, 800nA/3V timekeeping"
9992,RTC.SCHLIB,AB-RTCMC-EOA9_3725,"Real-Time Clock, I2C, +IntCryst, 800nA/3V timekeeping"
9993,RTC.SCHLIB,AB-RTCMC-B5ZE_3725,"Real-Time Clock, I2C, +IntCryst, 130nA/3V timekeeping"
9994,RTC.SCHLIB,AB-RTCMC-AIGZ_3215,"Real-Time Clock, I2C, +IntCryst, 350nA/3V timekeeping"
9995,RTC.SCHLIB,PCF85263_VSSOP10,"Real-Time Clock, I2C, Alarm, BATT"
9996,RTC.SCHLIB,DS1338C-33_SOP16,"Real-Time Clock, I2C, 56B, Batt, +IntCryst"
9997,RTC.SCHLIB,DS1338C-18_SOP16,"Real-Time Clock, I2C, 56B, Batt, +IntCryst"
9998,RTC.SCHLIB,DS1338-33_VSSOP8,"Real-Time Clock, I2C, 56B, Batt"
9999,RTC.SCHLIB,DS1338-18_VSSOP8,"Real-Time Clock, I2C, 56B, Batt"
10000,RTC.SCHLIB,PCF85263_VSSOP8,"Real-Time Clock, I2C, Alarm, BATT"
10001,RTC.SCHLIB,PCF85063_VSSOP8,"Real-Time Clock, I2C, Alarm"
10002,RTC.SCHLIB,PCA85063_VSSOP8,"Real-Time Clock, I2C, Alarm"
10003,RTC.SCHLIB,MCP79412_VSSOP8,"Real-Time Clock, I2C, 64B SRAM, 1Kb EEPROM, BATT, alarm"
10004,RTC.SCHLIB,MCP79412_TSSOP8,"Real-Time Clock, I2C, 64B SRAM, 1Kb EEPROM, BATT, alarm"
10005,RTC.SCHLIB,MCP79411_VSSOP8,"Real-Time Clock, I2C, 64B SRAM, 1Kb EEPROM, BATT, alarm"
10006,RTC.SCHLIB,MCP79411_TSSOP8,"Real-Time Clock, I2C, 64B SRAM, 1Kb EEPROM, BATT, alarm"
10007,RTC.SCHLIB,MCP79410_VSSOP8,"Real-Time Clock, I2C, 64B SRAM, 1Kb EEPROM, BATT, alarm"
10008,RTC.SCHLIB,MCP79410_TSSOP8,"Real-Time Clock, I2C, 64B SRAM, 1Kb EEPROM, BATT, alarm"
10009,RTC.SCHLIB,DS1338C-3_SOP16,"Real-Time Clock, I2C, 56B, Batt, +IntCryst"
10010,RTC.SCHLIB,DS1338-3_VSSOP8,"Real-Time Clock, I2C, 56B, Batt"
10011,RTC.SCHLIB,RTC-8564_SON22,"Real-Time Clock, I2C,+IntCryst"
10012,RTC.SCHLIB,RTC-8564_SOJ20,"Real-Time Clock, I2C,+IntCryst"
10013,RTC.SCHLIB,RTC-4543_SOP18,"Real-Time Clock, I2C, +IntCryst"
10014,RTC.SCHLIB,RTC-4543_SOP14,"Real-Time Clock, I2C, +IntCryst"
10015,RTC.SCHLIB,PCF8563_VSSOP8,"Real-Time Clock, I2C, Alarm"
10016,RTC.SCHLIB,PCF85263_DFN10,"Real-Time Clock, I2C, Alarm, BATT"
10017,RTC.SCHLIB,PCF85063_DFN10,"Real-Time Clock, I2C, Alarm"
10018,RTC.SCHLIB,MCP7940_VSSOP8,"Real-Time Clock, I2C, 64B, BATT, alarm"
10019,RTC.SCHLIB,MCP7940_TSSOP8,"Real-Time Clock, I2C, 64B, BATT, alarm"
10020,RTC.SCHLIB,DS1338-33_SOP8,"Real-Time Clock, I2C, 56B, Batt"
10021,RTC.SCHLIB,DS1338-18_SOP8,"Real-Time Clock, I2C, 56B, Batt"
10022,RTC.SCHLIB,RX-8581_SOP14,"Real-Time Clock, I2C, +IntCryst"
10023,RTC.SCHLIB,RX-8581_SON22,"Real-Time Clock, I2C, +IntCryst"
10024,RTC.SCHLIB,RX-8564_SOJ12,"Real-Time Clock, I2C,+IntCryst"
10025,RTC.SCHLIB,RX-8035_SOP14,"Real-Time Clock, I2C,+IntCryst, BATT"
10026,RTC.SCHLIB,RX-8035_SOJ12,"Real-Time Clock, I2C,+IntCryst, BATT"
10027,RTC.SCHLIB,RX-4581_SON22,"Real-Time Clock, SPI, 128B, +IntCryst"
10028,RTC.SCHLIB,PCF8563_SON10,"Real-Time Clock, I2C, Alarm"
10029,RTC.SCHLIB,PCF85263_SOP8,"Real-Time Clock, I2C, Alarm, BATT"
10030,RTC.SCHLIB,PCF85063_SOP8,"Real-Time Clock, I2C, Alarm"
10031,RTC.SCHLIB,PCF85063_SON8,"Real-Time Clock, I2C, Alarm"
10032,RTC.SCHLIB,MCP79412_SOP8,"Real-Time Clock, I2C, 64B SRAM, 1Kb EEPROM, BATT, alarm"
10033,RTC.SCHLIB,MCP79412_DFN8,"Real-Time Clock, I2C, 64B SRAM, 1Kb EEPROM, BATT, alarm"
10034,RTC.SCHLIB,MCP79411_SOP8,"Real-Time Clock, I2C, 64B SRAM, 1Kb EEPROM, BATT, alarm"
10035,RTC.SCHLIB,MCP79411_DFN8,"Real-Time Clock, I2C, 64B SRAM, 1Kb EEPROM, BATT, alarm"
10036,RTC.SCHLIB,MCP79410_SOP8,"Real-Time Clock, I2C, 64B SRAM, 1Kb EEPROM, BATT, alarm"
10037,RTC.SCHLIB,MCP79410_DFN8,"Real-Time Clock, I2C, 64B SRAM, 1Kb EEPROM, BATT, alarm"
10038,RTC.SCHLIB,M41T83Z_SOP16,"Real-Time Clock, I2C, 32B, BATT, alarm, +IntCrystal"
10039,RTC.SCHLIB,M41T83Z_QFN16,"Real-Time Clock, I2C, 32B, BATT, alarm"
10040,RTC.SCHLIB,M41T83S_QFN16,"Real-Time Clock, I2C, 32B, BATT, alarm"
10041,RTC.SCHLIB,M41T83R_QFN16,"Real-Time Clock, I2C, 32B, BATT, alarm"
10042,RTC.SCHLIB,DS3231_SOP16W,"Real-Time Clock, I2C, +IntCryst"
10043,RTC.SCHLIB,DS1338-3_SOP8,"Real-Time Clock, I2C, 56B, Batt"
10044,RTC.SCHLIB,DS1337_VSSOP8,"Real-Time Clock, I2C"
10045,RTC.SCHLIB,DS1337C_SOP16,"Real-Time Clock, I2C, +IntCryst"
10046,RTC.SCHLIB,PCF8563_SOP8,"Real-Time Clock, I2C, Alarm"
10047,RTC.SCHLIB,MCP7940_SOP8,"Real-Time Clock, I2C, 64B, BATT, alarm"
10048,RTC.SCHLIB,MCP7940_DIP8,"Real-Time Clock, I2C, 64B, BATT, alarm"
10049,RTC.SCHLIB,MCP7940_DFN8,"Real-Time Clock, I2C, 64B, BATT, alarm"
10050,RTC.SCHLIB,M41T66_QFN16,"Real-Time Clock, I2C, 16B, Alarm, 525nA@3V timekeeping"
10051,RTC.SCHLIB,M41T65_QFN16,"Real-Time Clock, I2C, 16B, Alarm"
10052,RTC.SCHLIB,M41T64_QFN16,"Real-Time Clock, I2C, 16B, Alarm"
10053,RTC.SCHLIB,M41T62_QFN16,"Real-Time Clock, I2C, 16B, Alarm"
10054,RTC.SCHLIB,DS1307_SOP8C,"Real-Time Clock, 64 X8, I2C, 56B, Batt"
10055,RTC.SCHLIB,DS1307_DIP8C,"Real-Time Clock, 64 X8, I2C, 56B, Batt"
10056,RTC.SCHLIB,BQ32002_SOP8,"Real-Time Clock, I2C, Batt"
10057,RTC.SCHLIB,BQ32000_SOP8,"Real-Time Clock, I2C, Batt"
10058,RTC.SCHLIB,AB1815_QFN16,"Real-Time Clock, SPI, 256B, Batt, 14nA/3V timekeeping"
10059,RTC.SCHLIB,AB1805_QFN16,"Real-Time Clock, I2C, 256B, Batt, 14nA/3V timekeeping"
10060,RTC.SCHLIB,AB0815_QFN16,"Real-Time Clock, SPI, 256B, Batt, 14nA/3V timekeeping"
10061,RTC.SCHLIB,AB0805_QFN16,"Real-Time Clock, I2C, 256B, Batt, 14nA/3V timekeeping"
10062,RTC.SCHLIB,M41T82_SOP8,"Real-Time Clock, I2C, 32B, BATT, alarm"
10063,RTC.SCHLIB,M41T62_3215,"Real-Time Clock, I2C, 16B, Alarm, +IntCryst"
10064,RTC.SCHLIB,DS1682_SOP8,"Real-Time Clock, I2C, 10B-ROM, +IntCryst"
10065,RTC.SCHLIB,DS1347_DFN8,"Real-Time Clock, SPI, 31B-SRAM, 400nA@2V timekeeping"
10066,RTC.SCHLIB,DS1337_SOP8,"Real-Time Clock, I2C"
10067,RTC.SCHLIB,DS1337_DIP8,"Real-Time Clock, I2C"
10068,RTC.SCHLIB,DS1307_SOP8,"Real-Time Clock, 64 X8, I2C, 56B, Batt"
10069,RTC.SCHLIB,DS1307_DIP8,"Real-Time Clock, 64 X8, I2C, 56B, Batt"
10070,RTC.SCHLIB,M41T0_SOP8,"Real-Time Clock, I2C, 8B"
10071,SENSOR.SCHLIB,PSNS_MPXA6115AC6,"Sensor, pressure"
10072,SENSOR.SCHLIB,PSNS_SPD030G,"Sensor, pressure"
10073,SENSOR.SCHLIB,SNS_USONIC,"Sensor, Ultrasonic"
10074,SENSOR.SCHLIB,MQ-XB,"SENSOR, GAS"
10075,SENSOR.SCHLIB,MQ-XA,"SENSOR, GAS"
10076,SENSOR.SCHLIB,MQ-7B,"SENSOR, GAS"
10077,SENSOR.SCHLIB,MQ-7A,"SENSOR, GAS"
10078,SENSOR.SCHLIB,MG812,"SENSOR, GAS, CO2"
10079,SENSOR.SCHLIB,MG811,"SENSOR, GAS, CO2"
10080,SENSOR.SCHLIB,D204S,"Sensor, Pyroelectric Infrared Radial"
10081,SENSOR.SCHLIB,D204B,"Sensor, Pyroelectric Infrared Radial"
10082,SENSOR.SCHLIB,D203S,"Sensor, Pyroelectric Infrared Radial"
10083,SENSOR.SCHLIB,D203B,"Sensor, Pyroelectric Infrared Radial"
10084,SENSOR_ACCEL-GYRO-COMPASS.SCHLIB,KX134ACR-LBZ_LGA12,"Sensor, Accelerometer Digital, I2C, up to ±64g Tri-axis"
10085,SENSOR_ACCEL-GYRO-COMPASS.SCHLIB,LSM6DS3TR-C_LGA14,IMU  3-Axis ACCEL  I2C/SPI LGA
10086,SENSOR_ACCEL-GYRO-COMPASS.SCHLIB,MMA7455LR1_LGA14,"Sensor, Accelerometer Digital, ±2g/±4g/±8g Three Axis Low-g"
10087,SENSOR_ACCEL-GYRO-COMPASS.SCHLIB,KXTJ3-1057_LGA12,"Sensor, Accelerometer Digital, I2C, ±2g/4g/8g/16g Tri-axis"
10088,SENSOR_ACCEL-GYRO-COMPASS.SCHLIB,KX122-1037_LGA12,"Sensor, Accelerometer Digital, SPI/I2C, ±2g/4g/8g Tri-axis"
10089,SENSOR_ACCEL-GYRO-COMPASS.SCHLIB,H3LIS331DL_LGA16,IMU  3-Axis ACCEL  I2C/SPI LGA
10090,SENSOR_ACCEL-GYRO-COMPASS.SCHLIB,IIM-42352_LGA14,IMU  3-Axis ACCEL  I2C/SPI LGA
10091,SENSOR_ACCEL-GYRO-COMPASS.SCHLIB,IIM-42351_LGA14,IMU  3-Axis ACCEL  I2C/SPI LGA
10092,SENSOR_ACCEL-GYRO-COMPASS.SCHLIB,ICM-20601_LGA16,IMU  6-Axis ACCEL/GYRO/TEMP I2C/SPI LGA
10093,SENSOR_ACCEL-GYRO-COMPASS.SCHLIB,ADXL382-2_LGA14,"IMU, 3-Axis ACCEL, I2C, LGA"
10094,SENSOR_ACCEL-GYRO-COMPASS.SCHLIB,ADXL382-1_LGA14,"IMU, 3-Axis ACCEL, SPI, LGA"
10095,SENSOR_ACCEL-GYRO-COMPASS.SCHLIB,ADXL335_LFCSP16,"Sensor, Accelerometer, 3-Axis, +/-3g"
10096,SENSOR_ACCEL-GYRO-COMPASS.SCHLIB,ADXL330_LFCSP16,"Sensor, Accelerometer, 3-Axis, +/-3g"
10097,SENSOR_ACCEL-GYRO-COMPASS.SCHLIB,ADXL321_LFCSP16,"Sensor, Accelerometer, Dual Axis, +/-18g, 3mg-resolution@50Hz"
10098,SENSOR_ACCEL-GYRO-COMPASS.SCHLIB,QMA6100P_LGA12,"Sensor, Accelerometer Digital, I2C, up to ±32g Tri-axis"
10099,SENSOR_ACCEL-GYRO-COMPASS.SCHLIB,MPU-9250_QFN24,IMU ACCEL/GYRO/MAG I2C 24LGA
10100,SENSOR_ACCEL-GYRO-COMPASS.SCHLIB,MPU-9150_QFN24,IMU ACCEL/GYRO/MAG I2C 24LGA
10101,SENSOR_ACCEL-GYRO-COMPASS.SCHLIB,MMA8451Q_QFN16,"Sensor, ACCELEROMETER, 3-AXIS DIG 14/8BIT 1.95-3.6V QFN16"
10102,SENSOR_ACCEL-GYRO-COMPASS.SCHLIB,LIS3DHTR_LGA16,IMU  3-Axis ACCEL  I2C/SPI LGA
10103,SENSOR_ACCEL-GYRO-COMPASS.SCHLIB,LIS2DH12_LGA12,IMU  3-Axis ACCEL  I2C/SPI LGA
10104,SENSOR_ACCEL-GYRO-COMPASS.SCHLIB,ITG-3205_QFN24,"Sensor, 3-Axis GyroSensor"
10105,SENSOR_ACCEL-GYRO-COMPASS.SCHLIB,HMC1052_MSOP10,"SENSOR,  MAGNETIC, 3-AXIS"
10106,SENSOR_ACCEL-GYRO-COMPASS.SCHLIB,STK8321_LGA12,"Sensor, Accelerometer Digital, I2C, up to ±8g Tri-axis"
10107,SENSOR_ACCEL-GYRO-COMPASS.SCHLIB,SC7A20H_LGA12,"Sensor, Accelerometer Digital, I2C, up to ±16g Tri-axis"
10108,SENSOR_ACCEL-GYRO-COMPASS.SCHLIB,MPU6050_QFN24,IMU Accelerometer 3-Axis & Gyro
10109,SENSOR_ACCEL-GYRO-COMPASS.SCHLIB,MAG3110_DFN10,"Sensor, MAGNETOMETER, 3-AXIS, DIGITAL 1.95-3.6V DFN10"
10110,SENSOR_ACCEL-GYRO-COMPASS.SCHLIB,LSM9DS1_LGA24,IMU Accelerometer 3-Axis & Gyro
10111,SENSOR_ACCEL-GYRO-COMPASS.SCHLIB,IIS3DWB_LGA14,IMU  3-Axis ACCEL  I2C/SPI LGA
10112,SENSOR_ACCEL-GYRO-COMPASS.SCHLIB,HMC5883_LCC16,"Sensor, Compass, I2C interface"
10113,SENSOR_ACCEL-GYRO-COMPASS.SCHLIB,ADXL346_LGA16,"Sensor, Accelerometer Digital SPI/I2C Interface, 3-Axis, ±2g/±4g/±8g/±16g"
10114,SENSOR_ACCEL-GYRO-COMPASS.SCHLIB,ADXL345_LGA14,"Sensor, Accelerometer Digital, 3-Axis"
10115,SENSOR_ACCEL-GYRO-COMPASS.SCHLIB,ADXL250_SOW14,"Sensor, Accelerometer, Dual Axis"
10116,SENSOR_ACCEL-GYRO-COMPASS.SCHLIB,ADXL202_SOW14,"Sensor, Accelerometer, Dual Axis"
10117,SENSOR_ACCEL-GYRO-COMPASS.SCHLIB,SC7A20_LGA12,"Sensor, Accelerometer Digital, I2C, up to ±16g Tri-axis"
10118,SENSOR_ACCEL-GYRO-COMPASS.SCHLIB,BMA400_LGA12,IMU  3-Axis ACCEL  I2C/SPI LGA
10119,SENSOR_ACCEL-GYRO-COMPASS.SCHLIB,BMA253_LGA12,IMU  3-Axis ACCEL  I2C/SPI LGA
10120,SENSOR_ACCEL-GYRO-COMPASS.SCHLIB,ADXL203_LCC8,"Sensor, Accelerometer, Dual Axis"
10121,SENSOR_ACCEL-GYRO-COMPASS.SCHLIB,BMA530_BGA6,IMU  3-Axis ACCEL  I2C/SPI LGA
10122,SENSOR_CURRENT.SCHLIB,RES_SMD_SENS_10M_1206_VISHAY,"RESISTOR, SMD, SENS, 0.01Ohm, 0.5W"
10123,SENSOR_CURRENT.SCHLIB,RES_SMD_SENS_10M_1206_OHMITE,"RESISTOR, SMD, SENS, 0.01Ohm, 0.5W"
10124,SENSOR_CURRENT.SCHLIB,RES_SMD_SENS_10M_0805_VISHAY,"RESISTOR, SMD, SENS, 0.01Ohm, 0.5W"
10125,SENSOR_CURRENT.SCHLIB,RES_SMD_SENS_10M_0612_ROHM,"RESISTOR, SMD, SENS, 0.01Ohm, 0.5W"
10126,SENSOR_CURRENT.SCHLIB,RES_SMD_SENS_Y14870R00500,"RESISTOR, SMD, SENS, 0.005 OHM, 1W, 0.1%, 2512"
10127,SENSOR_CURRENT.SCHLIB,RES_SMD_SENS_10M_0612_SUS,"RESISTOR, SMD, SENS, 0.01Ohm, 0.75W"
10128,SENSOR_CURRENT.SCHLIB,RES_SMD_SENS_LVK25R005,"RESISTOR, SMD, SENS, 0.005 OHM, 1W, 0.1%"
10129,SENSOR_CURRENT.SCHLIB,RES_SMD_SENS_WSL3637,"RESISTOR, SMD, SENS, 0.01 OHM, 3W, 0.5%, 3637"
10130,SENSOR_CURRENT.SCHLIB,RES_SMD_SENS_LVK24,"RESISTOR, SMD, SENS, 0.010 OHM, 1W, 0.1%"
10131,SENSOR_CURRENT.SCHLIB,RES_SMD_SENS_LVK20,"RESISTOR, SMD, SENS, 0.020 OHM, 0.75W, 0.1%"
10132,SENSOR_CURRENT.SCHLIB,RES_SMD_SENS_LVK12,"RESISTOR, SMD, SENS, 0.024 OHM, 0.5W, 0.1%"
10133,SENSOR_CURRENT.SCHLIB,ACS758-100_CBPFF,"IC, CURRENT SENSOR, HALL EFFECT Linear, ±100A"
10134,SENSOR_CURRENT.SCHLIB,ACS758-50_CBPFF,"IC, CURRENT SENSOR, HALL EFFECT Linear, ±50A"
10135,SENSOR_CURRENT.SCHLIB,ACS752-50_CBPFF,"IC, CURRENT SENSOR, HALL EFFECT Linear, ±50A"
10136,SENSOR_CURRENT.SCHLIB,DRV411_TSSOP20,"IC, CURRENT SENSOR, HALL EFFECT"
10137,SENSOR_CURRENT.SCHLIB,ACS712-30_SOP8,"IC, CURRENT SENSOR, HALL EFFECT, ±30A"
10138,SENSOR_CURRENT.SCHLIB,ACS712-20_SOP8,"IC, CURRENT SENSOR, HALL EFFECT, ±20A"
10139,SENSOR_CURRENT.SCHLIB,ACS712-05_SOP8,"IC, CURRENT SENSOR, HALL EFFECT, ±5A"
10140,SENSOR_CURRENT.SCHLIB,ACHS-7123_SOP8,"IC, CURRENT SENSOR, HALL EFFECT, ±30A"
10141,SENSOR_CURRENT.SCHLIB,ACHS-7122_SOP8,"IC, CURRENT SENSOR, HALL EFFECT, ±30A"
10142,SENSOR_CURRENT.SCHLIB,ACHS-7121_SOP8,"IC, CURRENT SENSOR, HALL EFFECT, ±10A"
10143,SENSOR_CURRENT.SCHLIB,ACS714-20A,"IC, CURRENT SENSOR, HALL EFFECT Linear, 1.2mO, Isolated"
10144,SENSOR_CURRENT.SCHLIB,UGN3503,"Sensor, Hall Effect, Ratiometric, 5-Volt"
10145,SENSOR_HALL.SCHLIB,HAL2041SO_SOT23,"Sensor, Pyroelectric Infrared Radial"
10146,SENSOR_IMAGE.SCHLIB,EV76C661AC_CLCC48,"CMOS Image sensor, 1.3MP, 5.3 µm square pixels"
10147,SENSOR_IMAGE.SCHLIB,EV76C661AB_CLCC48,"CMOS Image sensor, 1.3MP, 5.3 µm square pixels"
10148,SENSOR_IMAGE.SCHLIB,EV76C660AC_CLCC48,"CMOS Image sensor, 1.3MP, 5.3 µm square pixels"
10149,SENSOR_IMAGE.SCHLIB,EV76C660AB_CLCC48,"CMOS Image sensor, 1.3MP, 5.3 µm square pixels"
10150,SENSOR_IMAGE.SCHLIB,TCD2564_WDIP22,CCD Image sensor
10151,SENSOR_IMAGE.SCHLIB,AR0233AT_BGA80,"CMOS Image sensor, 2.6MP, 1/2.5”"
10152,SENSOR_IMAGE.SCHLIB,IMX390_BGA96,"CMOS Image sensor, 2.1MP"
10153,SENSOR_IMAGE.SCHLIB,AD9945_QFN32,"CCD Processor, 12-Bit, 40MHz"
10154,SENSOR_LIGHT.SCHLIB,PHM_TSOP95438_Heimdall,IR Receiver Modules for Remote Control Systems
10155,SENSOR_LIGHT.SCHLIB,PHDIODE_TX_IR5308C,"LED, Infrared Transmitter"
10156,SENSOR_LIGHT.SCHLIB,PHOTO_NPN_PT5308,NPN Phototransistor
10157,SENSOR_LIGHT.SCHLIB,LIGHT_BH1730FVC,"Sensor, Light, digital I2C, 0.001~100k lx"
10158,SENSOR_LIGHT.SCHLIB,LIGHT_BH1721FVC,"Sensor, Light, digital I2C, 1~65k lx"
10159,SENSOR_LIGHT.SCHLIB,LIGHT_APDS-9960,"Sensor, Light, I2C, RGB+clear+up/down/left/right"
10160,SENSOR_LIGHT.SCHLIB,PHDIODE_BPW34S,"Photodiode, 2nA, 32Vr, 20ns, 60deg, 850nm"
10161,SENSOR_LIGHT.SCHLIB,AFBR-5803-ATQZ,"Fiber Optics, Transceiver Modules"
10162,SENSOR_LIGHT.SCHLIB,PHM_TSOP382XX,IR Receiver Modules for Remote Control Systems
10163,SENSOR_LIGHT.SCHLIB,PHM_TSOP348XX,IR Receiver Modules for Remote Control Systems
10164,SENSOR_LIGHT.SCHLIB,PHDIODE_S1223,"Photodiode,"
10165,SENSOR_LIGHT.SCHLIB,PHDIODE_PH320,"Photodiode, PIN, 4uA, 32Vr, 30ns, 940nm"
10166,SENSOR_LIGHT.SCHLIB,PHDIODE_PD638,"Photodiode, PIN, 5nA, 32Vr, 50ns, 940nm"
10167,SENSOR_LIGHT.SCHLIB,PHDIODE_BPW46,"Photodiode, PIN, 2nA, 60Vr, 100ns, 900nm"
10168,SENSOR_LIGHT.SCHLIB,PHDIODE_BPW41,"Photodiode, PIN, 2nA, 60Vr, 100ns, 950nm"
10169,SENSOR_LIGHT.SCHLIB,PHDIODE_BPW34,"Photodiode, 2nA, 32Vr, 20ns, 60deg, 850nm"
10170,SENSOR_LIGHT.SCHLIB,PHDIODE_BPW21,"Photodiode,"
10171,SENSOR_LIGHT.SCHLIB,LIGHT_OPT3006,"Sensor, Light, I2C, 0.01~83k lx"
10172,SENSOR_LIGHT.SCHLIB,PHTR_PNA2803,"Phototransistor, NPN, Darlington,"
10173,SENSOR_LIGHT.SCHLIB,PHR_TCRT5000,"PHOTO, Reflective Optical Sensor"
10174,SENSOR_LIGHT.SCHLIB,PHM_TSOP41XX,IR Receiver Modules for Remote Control Systems
10175,SENSOR_LIGHT.SCHLIB,PHM_TSOP21XX,IR Receiver Modules for Remote Control Systems
10176,SENSOR_LIGHT.SCHLIB,PHM_TSOP17XX,IR Receiver Modules for Remote Control Systems
10177,SENSOR_LIGHT.SCHLIB,PHM_TSOP12XX,Photo Modules for PCM Remote Control Systems
10178,SENSOR_LIGHT.SCHLIB,PHM_IRM-H638,Photo Modules for PCM Remote Control Systems
10179,SENSOR_LIGHT.SCHLIB,PHM_HS0038A2,Photo Modules for PCM Remote Control Systems
10180,SENSOR_LIGHT.SCHLIB,PHR_ITR8307,"PHOTO, Reflective Optical Sensor"
10181,SENSOR_LIGHT.SCHLIB,PHR_CNB1001,"PHOTO, Reflective Optical Sensor"
10182,SENSOR_LIGHT.SCHLIB,PHM_HS0038B,Photo Modules for PCM Remote Control Systems
10183,SENSOR_LIGHT.SCHLIB,PHTR_PT534,"Phototransistor, NPN,"
10184,SENSOR_LIGHT.SCHLIB,PHR_GP2S07,"PHOTO, Reflective Optical Sensor"
10185,SENSOR_LIGHT.SCHLIB,PHR_GP2S04,"PHOTO, Reflective Optical Sensor"
10186,SENSOR_LIGHT.SCHLIB,PHDT_OP232,"Infrared LED, 100mA, 2V, 890nm"
10187,SENSOR_LIGHT.SCHLIB,PHDIODE_TX,"LED, Infrared Transmitter"
10188,SENSOR_LIGHT.SCHLIB,PHDIODE_RX,"LED, Infrared Receiver"
10189,SENSOR_LIGHT.SCHLIB,PHR_ST188,"PHOTO, Reflective Optical Sensor"
10190,SENSOR_LIGHT.SCHLIB,PHR_CNY70,"PHOTO, Reflective Optical Sensor"
10191,SENSOR_LIGHT.SCHLIB,PHOTO_PNP,PNP Phototransistor
10192,SENSOR_LIGHT.SCHLIB,PHOTO_NPN,NPN Phototransistor
10193,SENSOR_LIGHT.SCHLIB,PHDT_TL85,"Infrared LED, 100mA, 5V, 850nm"
10194,SENSOR_LIGHT.SCHLIB,LAMP_NEON,Neon Bulb
10195,SENSOR_LIGHT.SCHLIB,HFBR-2412,Fiber Optic
10196,SENSOR_LIGHT.SCHLIB,HFBR-1414,Fiber Optic
10197,SENSOR_LIGHT.SCHLIB,LASER,"Laser small bronze head (red), 9mm"
10198,SENSOR_LIGHT.SCHLIB,LAMP,Incandescent Bulb
10199,SENSOR_LIGHT.SCHLIB,LDR,Photo Cell- Variable Resistor With Light
10200,SENSOR_RADAR.SCHLIB,AWR1843_BGA161,"Radar Sensor, mmWave, 77~79GHz"
10201,SENSOR_TEMP&HUMIDITY.SCHLIB,TMP_TMP112AQ_SOT563,"SENSOR, TEMP, DIGITAL, I2C, 12BIT, –40~+125°C, 1°C"
10202,SENSOR_TEMP&HUMIDITY.SCHLIB,TMP_TMP102AQ_SOT563,"SENSOR, TEMP, DIGITAL, I2C, 12BIT, –40~+125°C, 3°C"
10203,SENSOR_TEMP&HUMIDITY.SCHLIB,TMP_RES_THD_THERMAL,"RESISTOR, THD, NTC"
10204,SENSOR_TEMP&HUMIDITY.SCHLIB,TMP_TSYS01-1_QFN16,"SENSOR, TEMP, DIGITAL, SPI/I2C, -5~50oC, ±0.1°C, 16-Bit"
10205,SENSOR_TEMP&HUMIDITY.SCHLIB,TMP_TMP112A_SOT563,"SENSOR, TEMP, DIGITAL, I2C, 12BIT, –40~+125°C, 1°C"
10206,SENSOR_TEMP&HUMIDITY.SCHLIB,TMP_TMP101AQ_SOT23,"SENSOR, TEMP, DIGITAL, I2C, 12BIT, –55~+125°C, ±1°C"
10207,SENSOR_TEMP&HUMIDITY.SCHLIB,TMP_TMP100AQ_SOT23,"SENSOR, TEMP, DIGITAL, I2C, 12BIT, –55~+125°C, ±1°C"
10208,SENSOR_TEMP&HUMIDITY.SCHLIB,TMP_STTS2004_TDFN8,"SENSOR, TEMP, DIGITAL, I2C, VCC2.2~3.6v, -20~125oC, 0.5oC, MEMORY MODULE 4Kb"
10209,SENSOR_TEMP&HUMIDITY.SCHLIB,TMP_MCP9700A_SOT23,"SENSOR, TEMP, ANALOG, -40~150oC, VCC2.3~5.5v, +/-2oC Accuracy"
10210,SENSOR_TEMP&HUMIDITY.SCHLIB,TMP_MAX31723_SSOP8,"SENSOR, TEMP, DIGITAL, SPI, VCC1.7~3.7v, -55~125oC, 0.5oC"
10211,SENSOR_TEMP&HUMIDITY.SCHLIB,TMP_AD7415-1_SOT23,"SENSOR, TEMP, DIGITAL, I2C, 10BIT, -40~125oC, ±0.5°C"
10212,SENSOR_TEMP&HUMIDITY.SCHLIB,TMP_AD7415-0_SOT23,"SENSOR, TEMP, DIGITAL, I2C, 10BIT, -40~125oC, ±0.5°C"
10213,SENSOR_TEMP&HUMIDITY.SCHLIB,TMP_AD7414-3_SOT23,"SENSOR, TEMP, DIGITAL, I2C, 10BIT, -40~125oC, ±0.5°C"
10214,SENSOR_TEMP&HUMIDITY.SCHLIB,TMP_AD7414-2_SOT23,"SENSOR, TEMP, DIGITAL, I2C, 10BIT, -40~125oC, ±0.5°C"
10215,SENSOR_TEMP&HUMIDITY.SCHLIB,TMP_AD7414-1_SOT23,"SENSOR, TEMP, DIGITAL, I2C, 10BIT, -40~125oC, ±0.5°C"
10216,SENSOR_TEMP&HUMIDITY.SCHLIB,TMP_AD7414-0_SOT23,"SENSOR, TEMP, DIGITAL, I2C, 10BIT, -40~125oC, ±0.5°C"
10217,SENSOR_TEMP&HUMIDITY.SCHLIB,TMP_TMP302_SOT563,"SENSOR, TEMP, DIGITAL, -40~125oC, VCC1.4~3.6v, +/-0.2oC Accuracy"
10218,SENSOR_TEMP&HUMIDITY.SCHLIB,TMP_TMP102_SOT563,"SENSOR, TEMP, DIGITAL, I2C, 12BIT, –40~+125°C, 3°C"
10219,SENSOR_TEMP&HUMIDITY.SCHLIB,TMP_MCP9904_DFN10,"SENSOR, TEMP, DIGITAL, I2C, -40~105°C, ±1°C"
10220,SENSOR_TEMP&HUMIDITY.SCHLIB,TMP_MCP9903_DFN10,"SENSOR, TEMP, DIGITAL, I2C, -40~105°C, ±1°C"
10221,SENSOR_TEMP&HUMIDITY.SCHLIB,TMP_MCP9808_MSOP8,"SENSOR, TEMP, DIGITAL, I2C, -40~125°C, ±0.25°C, 16-Bit"
10222,SENSOR_TEMP&HUMIDITY.SCHLIB,TMP_MCP9804_MSOP8,"SENSOR, TEMP, DIGITAL, I2C, -40~125°C, ±0.25°C, 16-Bit"
10223,SENSOR_TEMP&HUMIDITY.SCHLIB,TMP_MCP9700_SOT23,"SENSOR, TEMP, ANALOG, -40~150oC, VCC2.3~5.5v, +/-2oC Accuracy"
10224,SENSOR_TEMP&HUMIDITY.SCHLIB,TMP_MCP9700A_TO92,"SENSOR, TEMP, ANALOG, -40~150oC, VCC2.3~5.5v, +/-4oC Accuracy"
10225,SENSOR_TEMP&HUMIDITY.SCHLIB,TMP_MCP9700A_SC70,"SENSOR, TEMP, ANALOG, -40~150oC, VCC2.3~5.5v, +/-4oC Accuracy"
10226,SENSOR_TEMP&HUMIDITY.SCHLIB,TMP_TSYS01_QFN16,"SENSOR, TEMP, DIGITAL, SPI/I2C, -5~50oC, ±0.1°C, 16-Bit"
10227,SENSOR_TEMP&HUMIDITY.SCHLIB,TMP_TMP708_SOT23,"SENSOR, TEMP, RESISTOR PROGRAMMABLE, 0~125oC, VCC2.7~5.5v, +/-0.5oC Accuracy"
10228,SENSOR_TEMP&HUMIDITY.SCHLIB,TMP_TMP116_WSON6,"SENSOR, TEMP, DIGITAL, I2C, VCC1.9~5.5V, –10~+85°C, ±0.2°C, 64Bits EEPROM"
10229,SENSOR_TEMP&HUMIDITY.SCHLIB,TMP_TMP101_SOT23,"SENSOR, TEMP, DIGITAL, I2C, 12BIT, –55~+125°C, ±1°C"
10230,SENSOR_TEMP&HUMIDITY.SCHLIB,TMP_TMP100_SOT23,"SENSOR, TEMP, DIGITAL, I2C, 12BIT, –55~+125°C, ±1°C"
10231,SENSOR_TEMP&HUMIDITY.SCHLIB,TMP_STLM20_UDFN4,"SENSOR, TEMP, ANALOG, -55~130oC, VCC2.4~5.5v, +/-1.5oC Accuracy"
10232,SENSOR_TEMP&HUMIDITY.SCHLIB,TMP_MCP9902_DFN8,"SENSOR, TEMP, DIGITAL, I2C, -40~105°C, ±1°C"
10233,SENSOR_TEMP&HUMIDITY.SCHLIB,TMP_MCP9808_DFN8,"SENSOR, TEMP, DIGITAL, I2C, -40~125°C, ±0.25°C, 16-Bit"
10234,SENSOR_TEMP&HUMIDITY.SCHLIB,TMP_MCP9804_DFN8,"SENSOR, TEMP, DIGITAL, I2C, -40~125°C, ±0.25°C, 16-Bit"
10235,SENSOR_TEMP&HUMIDITY.SCHLIB,TMP_MAX6613_SC70,"SENSOR, TEMP, ANALOG, -55~130oC, VCC1.8~5.5v, +/-4oC Accuracy"
10236,SENSOR_TEMP&HUMIDITY.SCHLIB,TMP_LM94021_SC70,"SENSOR, TEMP, ANALOG, -50~150oC, VCC1.5~5.5v, +/-1.5oC Accuracy"
10237,SENSOR_TEMP&HUMIDITY.SCHLIB,TMP_DS7505_SSOP8,"SENSOR, TEMP, DIGITAL, I2C, VCC1.7~3.7v, -55~125oC, 0.5oC"
10238,SENSOR_TEMP&HUMIDITY.SCHLIB,TMP_DS18S20_TO92,"SENSOR, TEMP, Digital, 1WIRE, -55~125oC, VCC3~5.5V, +/-0.5oC Accuracy"
10239,SENSOR_TEMP&HUMIDITY.SCHLIB,TMP_DS18S20_SOP8,"SENSOR, TEMP, Digital, 1WIRE, -55~125oC, VCC3~5.5V, +/-0.5oC Accuracy"
10240,SENSOR_TEMP&HUMIDITY.SCHLIB,TMP_ADT7310_SOP8,"SENSOR, TEMP, DIGITAL, SPI, 2.7~3.6v, -55~105oC, 0.5oC"
10241,SENSOR_TEMP&HUMIDITY.SCHLIB,TMP_AD7414_MSOP8,"SENSOR, TEMP, DIGITAL, I2C, 10BIT, -40~125oC, ±0.5°C"
10242,SENSOR_TEMP&HUMIDITY.SCHLIB,TMP_TMP35_SOT23,"SENSOR, TEMP, ANALOG, 10~125oC, VCC2.7~5.5v, Out 0mV + 10mV/oC"
10243,SENSOR_TEMP&HUMIDITY.SCHLIB,TMP_STLM20_SC70,"SENSOR, TEMP, ANALOG, -55~130oC, VCC2.4~5.5v, +/-1.5oC Accuracy"
10244,SENSOR_TEMP&HUMIDITY.SCHLIB,TMP_LMT01_WSON2,"SENSOR, TEMP, DIGITAK, -50~150oC, VCC3~5.5v, Pulse interface"
10245,SENSOR_TEMP&HUMIDITY.SCHLIB,TMP_LM335Z_TO92,"SENSOR, TEMP, ANALOG, 2~150oC, VCC4~20v, 10mV/oC"
10246,SENSOR_TEMP&HUMIDITY.SCHLIB,TMP_LM335D_SOP8,"SENSOR, TEMP, ANALOG, 2~150oC, VCC4~20v, 10mV/oC"
10247,SENSOR_TEMP&HUMIDITY.SCHLIB,TMP_DS620_SSOP8,"SENSOR, TEMP, DIGITAL, I2C, VCC1.7~3.5v, -55~125oC, 0.5oC"
10248,SENSOR_TEMP&HUMIDITY.SCHLIB,TMP_DS1621_SOP8,"SENSOR, TEMP, DIGITAL, I2C, VCC2.7~5.5v, -55~125oC, 0.5oC"
10249,SENSOR_TEMP&HUMIDITY.SCHLIB,TMP_TMP35_TO92,"SENSOR, TEMP, ANALOG, 10~125oC, VCC2.7~5.5v, Out 0mV + 10mV/oC"
10250,SENSOR_TEMP&HUMIDITY.SCHLIB,TMP_TMP35_SOP8,"SENSOR, TEMP, ANALOG, 10~125oC, VCC2.7~5.5v, Out 0mV + 10mV/oC"
10251,SENSOR_TEMP&HUMIDITY.SCHLIB,TMP_STS21_DFN6,"SENSOR, TEMP, DIGITAL, I2C 14-Bit, V2.1~3.6V, –40~+125°C, ±0.2°C"
10252,SENSOR_TEMP&HUMIDITY.SCHLIB,TMP_LMT01_TO92,"SENSOR, TEMP, DIGITAK, -50~150oC, VCC3~5.5v, Pulse interface"
10253,SENSOR_TEMP&HUMIDITY.SCHLIB,TMP_LM75_SSOP8,"SENSOR, TEMP, DIGITAL, I2C, 11BIT, -55~125oC, ±3°C"
10254,SENSOR_TEMP&HUMIDITY.SCHLIB,TMP_LM73_SOT23,"SENSOR, TEMP, DIGITAL, I2C, 14BIT, -40~150oC, ±2°C"
10255,SENSOR_TEMP&HUMIDITY.SCHLIB,TMP_LM75_SOP8,"SENSOR, TEMP, DIGITAL, I2C, 11BIT, -55~125oC, ±3°C"
10256,SENSOR_TEMP&HUMIDITY.SCHLIB,TMP_LM75_DFN8,"SENSOR, TEMP, DIGITAL, I2C, 11BIT, -55~125oC, ±3°C"
10257,SENSOR_TEMP&HUMIDITY.SCHLIB,TMP_LM35_TO92,"SENSOR, TEMP, ANALOG, -55~150oC, 4~20Vcc, Out 0mV + 10mV/oC"
10258,SENSOR_TEMP&HUMIDITY.SCHLIB,TMP_LM20_SC70,"SENSOR, TEMP, ANALOG, -55~130oC, VCC2.4~5.5v, +/-1.5oC Accuracy"
10259,SENSOR_TEMP&HUMIDITY.SCHLIB,HUM_HDC2080,"Sensor, Humidity+Temp, digital I2C interface, -40~125°C, ±0.2°C"
10260,SENSOR_TEMP&HUMIDITY.SCHLIB,HUM_HDC2010,"Sensor, Humidity+Temp, digital I2C interface, -40~125°C, ±0.2°C"
10261,SENSOR_TEMP&HUMIDITY.SCHLIB,HUM_HDC1080,"Sensor, Humidity+Temp, digital I2C interface, -40~125°C, ±0.2°C"
10262,SENSOR_TEMP&HUMIDITY.SCHLIB,HUM_HS1101,"SENSOR, HUMIDITY, RELATIVE"
10263,SENSOR_TEMP&HUMIDITY.SCHLIB,HUM_ENS210,"Sensor, Humidity+Temp, digital I2C interface, -40~100°C, ±0.15°C"
10264,SENSOR_TEMP&HUMIDITY.SCHLIB,HUM_AM2301,"Sensor, Humidity+Temp, Digital, Capacitive"
10265,SENSOR_TEMP&HUMIDITY.SCHLIB,HUM_SHTW2,"Sensor, Humidity+Temp, digital I2C interface, -40~124°C, ±0.5°C"
10266,SENSOR_TEMP&HUMIDITY.SCHLIB,HUM_SHTC3,"Sensor, Humidity+Temp, digital I2C interface, -40~125°C, ±0.2°C"
10267,SENSOR_TEMP&HUMIDITY.SCHLIB,HUM_SHTC1,"Sensor, Humidity+Temp, digital I2C interface, -30~100°C, ±0.3°C"
10268,SENSOR_TEMP&HUMIDITY.SCHLIB,HUM_SHT71,"Sensor, Humidity+Temp, digital I2C interface"
10269,SENSOR_TEMP&HUMIDITY.SCHLIB,HUM_SHT40,"Sensor, Humidity+Temp, digital I2C interface, -40~125°C, ±0.2°C"
10270,SENSOR_TEMP&HUMIDITY.SCHLIB,HUM_SHT30,"Sensor, Humidity+Temp, digital I2C interface, -40~125°C, ±0.2°C"
10271,SENSOR_TEMP&HUMIDITY.SCHLIB,HUM_SHT25,"Sensor, Humidity+Temp, digital I2C interface, -40~125°C, ±0.2°C"
10272,SENSOR_TEMP&HUMIDITY.SCHLIB,HUM_SHT21,"Sensor, Humidity+Temp, digital I2C interface, -40~125°C, ±0.3°C"
10273,SENSOR_TEMP&HUMIDITY.SCHLIB,HUM_SHT20,"Sensor, Humidity+Temp, digital I2C interface, -40~125°C, ±0.3°C"
10274,SENSOR_TEMP&HUMIDITY.SCHLIB,HUM_SHT10,"Sensor, Humidity+Temp, digital I2C interface, -40~124°C, ±0.5°C"
10275,SENSOR_TEMP&HUMIDITY.SCHLIB,HUM_DHT22,"Sensor, Humidity+Temp, Digital, Capacitive"
10276,SENSOR_TEMP&HUMIDITY.SCHLIB,HUM_AHT21,"Sensor, Humidity+Temp, digital I2C interface, -40~120°C, ±0.3°C"
10277,SENSOR_TEMP&HUMIDITY.SCHLIB,HUM_AHT20,"Sensor, Humidity+Temp, digital I2C interface, -40~85°C, ±0.3°C"
10278,SENSOR_TEMP&HUMIDITY.SCHLIB,HUM_AHT10,"Sensor, Humidity+Temp, digital I2C interface, -40~85°C, ±0.3°C"
10279,SENSOR_TEMP&HUMIDITY.SCHLIB,PTC10K,"Thermistor, NTC"
10280,SENSOR_TEMP&HUMIDITY.SCHLIB,NTC10K,"Thermistor, NTC"
10281,SENSOR_TEMP&HUMIDITY.SCHLIB,NTC10,"Thermistor, NTC"
10282,SHIFT_REGISTER.SCHLIB,SN74HC595_SSOP16,"Shift Register, 8-Bit, with 3-State Output Registers"
10283,SHIFT_REGISTER.SCHLIB,SN74HC595_SOP16W,"Shift Register, 8-Bit, with 3-State Output Registers"
10284,SHIFT_REGISTER.SCHLIB,SN74HC595_SOP16,"Shift Register, 8-Bit, with 3-State Output Registers"
10285,SHIFT_REGISTER.SCHLIB,74HCT595_SSOP16,"Shift Register, 8-Bit, with 3-State Output Registers"
10286,SHIFT_REGISTER.SCHLIB,74HCT595_SOP16,"Shift Register, 8-Bit, with 3-State Output Registers"
10287,SHIFT_REGISTER.SCHLIB,74HC595_SSOP16,"Shift Register, 8-Bit, with 3-State Output Registers"
10288,SHIFT_REGISTER.SCHLIB,TLC59731_SOP8,Signal line 256 Gray level 3-ch Constant current LED drive
10289,SHIFT_REGISTER.SCHLIB,SN74595_DIP16,"Shift Register, 8-Bit, with 3-State Output Registers"
10290,SHIFT_REGISTER.SCHLIB,SN74194_DIP16,"Shift Register, 4-Bit, Bidirectional Universal"
10291,SHIFT_REGISTER.SCHLIB,SN74125_SOP14,"Shift Register, 4-Bit"
10292,SHIFT_REGISTER.SCHLIB,74HC595_SOP16,"Shift Register, 8-Bit, with 3-State Output Registers"
10293,SHIFT_REGISTER.SCHLIB,WS2811_SOP8,Signal line 256 Gray level 3-ch Constant current LED drive
10294,SHIFT_REGISTER.SCHLIB,WS2811_DIP8,Signal line 256 Gray level 3-ch Constant current LED drive
10295,SOCKET_CARD.SCHLIB,SOCKET_SDMICRO_MOLEX105162,SD MICRO
10296,SOCKET_CARD.SCHLIB,SOCKET_SDMICRO_MOLEX104031,CONN MICRO SD R/A PUSHin-PULLout SMD
10297,SOCKET_CARD.SCHLIB,SIM_MICRO_6_XKNANO-1308,"SOCKET, SIM MICRO"
10298,SOCKET_CARD.SCHLIB,SOCKET_SDMICRO_DM3CS,CONN MICRO SD R/A HING TYPE SMD
10299,SOCKET_CARD.SCHLIB,SOCKET_SDMICRO_DM3AT,CONN MICRO SD R/A PUSH-PUSH SMD
10300,SOCKET_CARD.SCHLIB,SIM_NANO_GCT_SIM8066,"SOCKET, SIM NANO, PUSH/PUSH"
10301,SOCKET_CARD.SCHLIB,SOCKET_SDMICRO_GCT,"SD MICRO, 3M 29-08-05WB-MG"
10302,SOCKET_CARD.SCHLIB,SOCKET_COMBO_MOLEX,"SOCKET, MICROSIM+SD, MOLEX 104168-1620"
10303,SOCKET_CARD.SCHLIB,SOCKET_SDMICRO_TE,
10304,SOCKET_CARD.SCHLIB,SOCKET_SDMICRO_AT,"SD MICRO exist in Iran, Attend 112J-TDAR-R01"
10305,SOCKET_CARD.SCHLIB,SOCKET_SDMICRO_3M,"SD MICRO, 3M 29-08-05WB-MG"
10306,SOCKET_CARD.SCHLIB,SIM_NANO_XKSIM304,"SOCKET, SIM NANO"
10307,SOCKET_CARD.SCHLIB,SOCKET_SD_MOLEX2,SD MEMORY CARD CONNECTOR RT ANGLE THRU HOLE PUSH-PUSH
10308,SOCKET_CARD.SCHLIB,SOCKET_SD_MOLEX1,
10309,SOCKET_CARD.SCHLIB,SIM_MINI_8_PRCON,"SOCKET, SIM MINI, PUSH-PUSH, exist on Iran"
10310,SOCKET_CARD.SCHLIB,SIM_MINI_8_MOLEX,"SOCKET, SIM MINI, with Ejector, exist on Iran"
10311,SOCKET_CARD.SCHLIB,SIM_MICRO_MOLEX1,"SOCKET, SIM MICRO, PUSH/PULL"
10312,SOCKET_CARD.SCHLIB,SOCKET_MMC_MTA,MMC/SD Card
10313,SOCKET_CARD.SCHLIB,SIM_MINI_8_GCT,"SOCKET, SIM MINI, PUSH-PUSH, exist on Iran"
10314,SOCKET_CARD.SCHLIB,SIM_MINI_6_JAE,"SOCKET, SIM MINI, Hinged Lid, exist on Iran"
10315,SOCKET_CARD.SCHLIB,SOCKET_SD_TE2,SD MEMORY CARD CONNECTOR RT ANGLE THRU HOLE PUSH-PUSH
10316,SOCKET_CARD.SCHLIB,SOCKET_MMC_SD,
10317,SOCKET_CARD.SCHLIB,SIM_MINI_6_JT,"SOCKET, SIM MINI, PUSH-PULL, exist on Iran"
10318,SOCKET_CARD.SCHLIB,SIM_MICRO_MUP,"SOCKET, SIM MICRO, PUSH/PUSH, SIM7100"
10319,SOCKET_CARD.SCHLIB,SIM_MICRO_GCT,"SOCKET, SIM MICRO, PUSH/PUSH"
10320,SOCKET_CARD.SCHLIB,SIM_MICRO_6,"SOCKET, SIM MICRO"
10321,SOCKET_CARD.SCHLIB,SOCKET_MMC,MMC/SD Card
10322,SOCKET_CARD.SCHLIB,SIM_MOLEX2,"SOCKET, SIM MINI, with Locator"
10323,SOCKET_CARD.SCHLIB,SIM_MOLEX1,"SOCKET, SIM MINI, w/o Locator"
10324,SSR.SCHLIB,SSR_SPST_D3805HK,"SSR, SPST, 5A, 24-380VAC, 3~32VDC INPUT"
10325,SWITCH_DIP.SCHLIB,DIPSW254T_12P,"SWITCH, DIP, 12P, THD"
10326,SWITCH_DIP.SCHLIB,DIPSW127S_10P,"SWITCH, DIP, 10P, SMD"
10327,SWITCH_DIP.SCHLIB,DIPSW254T_8P,"SWITCH, DIP, 8P, THD"
10328,SWITCH_DIP.SCHLIB,DIPSW254T_5P,"SWITCH, DIP, 5P, THD"
10329,SWITCH_DIP.SCHLIB,DIPSW254T_4P,"SWITCH, DIP, 4P, THD"
10330,SWITCH_DIP.SCHLIB,DIPSW254T_3P,"SWITCH, DIP, 3P, THD"
10331,SWITCH_DIP.SCHLIB,DIPSW254T_2P,"SWITCH, DIP, 2P, THD"
10332,SWITCH_DIP.SCHLIB,DIPSW254T_1P,"SWITCH, DIP, 1P, THD"
10333,SWITCH_DIP.SCHLIB,DIPSW254S_8P,"SWITCH, DIP, 8P, THD"
10334,SWITCH_DIP.SCHLIB,DIPSW254S_7P,"SWITCH, DIP, 7P, THD"
10335,SWITCH_DIP.SCHLIB,DIPSW254S_6P,"SWITCH, DIP, 8P, THD"
10336,SWITCH_DIP.SCHLIB,DIPSW254S_5P,"SWITCH, DIP, 5P, THD"
10337,SWITCH_DIP.SCHLIB,DIPSW254S_4P,"SWITCH, DIP, 4P, THD"
10338,SWITCH_DIP.SCHLIB,DIPSW254S_3P,"SWITCH, DIP, 3P, THD"
10339,SWITCH_DIP.SCHLIB,DIPSW254S_2P,"SWITCH, DIP, 2P, THD"
10340,SWITCH_DIP.SCHLIB,DIPSW254S_1P,"SWITCH, DIP, 1P, THD"
10341,SWITCH_DIP.SCHLIB,DIPSW127S_8P,"SWITCH, DIP, 8P, SMD"
10342,SWITCH_DIP.SCHLIB,DIPSW127S_4P,"SWITCH, DIP, 4P, SMD"
10343,SWITCH_DIP.SCHLIB,DIPSW127S_3P,"SWITCH, DIP, 3P, SMD"
10344,SWITCH_DIP.SCHLIB,DIPSW127S_2P,"SWITCH, DIP, 2P, SMD"
10345,SWITCH_DIP.SCHLIB,DIPSW127S_1P,"SWITCH, DIP, 2P, SMD"
10346,SWITCH_DIP.SCHLIB,DIPSW100S_8P,"SWITCH, DIP, 8P, SMD"
10347,SWITCH_DIP.SCHLIB,DIPSW100S_4P,"SWITCH, DIP, 4P, SMD, 1mm pitch"
10348,SWITCH_DIP.SCHLIB,DIPSW100S_3P,"SWITCH, DIP, 4P, SMD, 1mm pitch"
10349,SWITCH_DIP.SCHLIB,DIPSW100S_2P,"SWITCH, DIP, 4P, SMD, 1mm pitch"
10350,SWITCH_DIP.SCHLIB,DIPSW100S_1P,"SWITCH, DIP, 4P, SMD, 1mm pitch"
10351,SWITCH_IC_ANALOG_MUX&DEMUX.SCHLIB,MC74VHC4051_TSSOP16,"IC, MUX/DEMUX, 8:1 , analog"
10352,SWITCH_IC_ANALOG_MUX&DEMUX.SCHLIB,MC74LVX4051_TSSOP16,"IC, MUX/DEMUX, 8:1 , analog"
10353,SWITCH_IC_ANALOG_MUX&DEMUX.SCHLIB,MC74HC4051_TSSOP16,"IC, MUX/DEMUX, 8:1 , analog"
10354,SWITCH_IC_ANALOG_MUX&DEMUX.SCHLIB,CD74HC4051_TSSOP16,"IC, MUX/DEMUX, 8:1 , analog"
10355,SWITCH_IC_ANALOG_MUX&DEMUX.SCHLIB,NC7SZ66_MicroPak6,"IC, SWITCH, Analog, SPST, MicroPak-6"
10356,SWITCH_IC_ANALOG_MUX&DEMUX.SCHLIB,MC74VHC4051_SOP16,"IC, MUX/DEMUX, 8:1 , analog"
10357,SWITCH_IC_ANALOG_MUX&DEMUX.SCHLIB,MC74LVX4051_SOP16,"IC, MUX/DEMUX, 8:1 , analog"
10358,SWITCH_IC_ANALOG_MUX&DEMUX.SCHLIB,CD74HCT4051_SOP16,"IC, MUX/DEMUX, 8:1 , analog"
10359,SWITCH_IC_ANALOG_MUX&DEMUX.SCHLIB,CD74HCT4051_DIP16,"IC, MUX/DEMUX, 8:1 , analog"
10360,SWITCH_IC_ANALOG_MUX&DEMUX.SCHLIB,74HCT4051_TSSOP16,"IC, MUX/DEMUX, 8:1 , analog"
10361,SWITCH_IC_ANALOG_MUX&DEMUX.SCHLIB,TS3A5018_TSSOP16,"IC, SWITCH, Analog, SPDT x4, 
10-Ohm, TSSOP-16"
10362,SWITCH_IC_ANALOG_MUX&DEMUX.SCHLIB,MC74HC4051_SOP16,"IC, MUX/DEMUX, 8:1 , analog"
10363,SWITCH_IC_ANALOG_MUX&DEMUX.SCHLIB,CD74HC4051_SOP16,"IC, MUX/DEMUX, 8:1 , analog"
10364,SWITCH_IC_ANALOG_MUX&DEMUX.SCHLIB,CD74HC4051_DIP16,"IC, MUX/DEMUX, 8:1 , analog"
10365,SWITCH_IC_ANALOG_MUX&DEMUX.SCHLIB,74HCT4051_SSOP16,"IC, MUX/DEMUX, 8:1 , analog"
10366,SWITCH_IC_ANALOG_MUX&DEMUX.SCHLIB,74HC4051_TSSOP16,"IC, MUX/DEMUX, 8:1 , analog"
10367,SWITCH_IC_ANALOG_MUX&DEMUX.SCHLIB,TS5V330_TSSOP16,"IC, SWITCH, Analog, SPDT, SC-70-6"
10368,SWITCH_IC_ANALOG_MUX&DEMUX.SCHLIB,MC14051_TSSOP16,"IC, MUX/DEMUX, 8:1 , analog"
10369,SWITCH_IC_ANALOG_MUX&DEMUX.SCHLIB,CD4051B_TSSOP16,"IC, MUX/DEMUX, 8:1 , analog"
10370,SWITCH_IC_ANALOG_MUX&DEMUX.SCHLIB,74HCT4051_SOP16,"IC, MUX/DEMUX, 8:1 , analog"
10371,SWITCH_IC_ANALOG_MUX&DEMUX.SCHLIB,74HCT4051_QFN16,"IC, MUX/DEMUX, 8:1 , analog"
10372,SWITCH_IC_ANALOG_MUX&DEMUX.SCHLIB,74HC4051_SSOP16,"IC, MUX/DEMUX, 8:1 , analog"
10373,SWITCH_IC_ANALOG_MUX&DEMUX.SCHLIB,TS5A3166_SOT23,"IC, SWITCH, Analog, SPST, SOT-23-6"
10374,SWITCH_IC_ANALOG_MUX&DEMUX.SCHLIB,TS5A3159_SOT23,"IC, SWITCH, Analog, SPDT, SOT-23-6"
10375,SWITCH_IC_ANALOG_MUX&DEMUX.SCHLIB,TS3A5018_QFN16,"IC, SWITCH, Analog, SPDT x4, 
10-Ohm, UQFN-16"
10376,SWITCH_IC_ANALOG_MUX&DEMUX.SCHLIB,DG2012EDL_SC70,"IC, SWITCH, Analog, SPDT, SC-70-5"
10377,SWITCH_IC_ANALOG_MUX&DEMUX.SCHLIB,ADGM1004_QFN24,"IC SWITCH ANALOG, SP4T, 0~13GHz"
10378,SWITCH_IC_ANALOG_MUX&DEMUX.SCHLIB,ADG836L_MSOP10,"IC SWITCH ANALOG, DUAL SPDT"
10379,SWITCH_IC_ANALOG_MUX&DEMUX.SCHLIB,ADG707_TSSOP28,"IC, SWITCH, MUX, 8/16CH"
10380,SWITCH_IC_ANALOG_MUX&DEMUX.SCHLIB,74HC4051_SOP16,"IC, MUX/DEMUX, 8:1 , analog"
10381,SWITCH_IC_ANALOG_MUX&DEMUX.SCHLIB,74HC4051_QFN16,"IC, MUX/DEMUX, 8:1 , analog"
10382,SWITCH_IC_ANALOG_MUX&DEMUX.SCHLIB,TS5A4624_SC70,"IC, SWITCH, Analog, SPDT, SC-70-6"
10383,SWITCH_IC_ANALOG_MUX&DEMUX.SCHLIB,TS5A3160_SC70,"IC, SWITCH, Analog, SPDT, SC-70-6"
10384,SWITCH_IC_ANALOG_MUX&DEMUX.SCHLIB,NC7SZ66_SOT23,"IC, SWITCH, Analog, SPST, SOT-23-5"
10385,SWITCH_IC_ANALOG_MUX&DEMUX.SCHLIB,MC14051_SOP16,"IC, MUX/DEMUX, 8:1 , analog"
10386,SWITCH_IC_ANALOG_MUX&DEMUX.SCHLIB,HCF4016_SOP14,"IC SWITCH ANALOG, QUAD BILATERAL"
10387,SWITCH_IC_ANALOG_MUX&DEMUX.SCHLIB,HCF4016_DIP14,"IC SWITCH ANALOG, QUAD BILATERAL"
10388,SWITCH_IC_ANALOG_MUX&DEMUX.SCHLIB,CD4051B_SOP16,"IC, MUX/DEMUX, 8:1 , analog"
10389,SWITCH_IC_ANALOG_MUX&DEMUX.SCHLIB,CD4051B_DIP16,"IC, MUX/DEMUX, 8:1 , analog"
10390,SWITCH_IC_ANALOG_MUX&DEMUX.SCHLIB,ADG901_TSSOP8,"IC SWITCH ANALOG, SPST, 0~4.5GHz"
10391,SWITCH_IC_ANALOG_MUX&DEMUX.SCHLIB,NC7SZ66_SC70,"IC, SWITCH, Analog, SPST, SC-70-5"
10392,SWITCH_IC_ANALOG_MUX&DEMUX.SCHLIB,CD4066_SOP14,"IC SWITCH ANALOG, QUAD BILATERAL"
10393,SWITCH_IC_ANALOG_MUX&DEMUX.SCHLIB,CD4016_SOP14,"IC SWITCH ANALOG, QUAD BILATERAL"
10394,SWITCH_IC_ANALOG_MUX&DEMUX.SCHLIB,BCT4157_SC70,"IC, SWITCH, Analog, SPDT, SC-70-6"
10395,SWITCH_IC_ANALOG_MUX&DEMUX.SCHLIB,ADG772_QFN12,"IC SWITCH ANALOG, DUAL SPDT, USB2 MUX/DEMUX"
10396,SWITCH_IC_ANALOG_MUX&DEMUX.SCHLIB,ADG772_QFN10,"IC SWITCH ANALOG, DUAL SPDT, USB2 MUX/DEMUX"
10397,SWITCH_IC_ANALOG_MUX&DEMUX.SCHLIB,ADG509_SOP16,"IC, SW/MUX, ANALOG, DUAL"
10398,SWITCH_IC_ANALOG_MUX&DEMUX.SCHLIB,ADG509_DIP16,"IC, SW/MUX, ANALOG, DUAL"
10399,SWITCH_IC_ANALOG_MUX&DEMUX.SCHLIB,ADG409_SOP16,"IC, SW/MUX, ANALOG, DUAL"
10400,SWITCH_IC_ANALOG_MUX&DEMUX.SCHLIB,ADG901_SON8,"IC SWITCH ANALOG, SPST, 0~4.5GHz"
10401,SWITCH_IC_DIGITAL_MUX&DEMUX.SCHLIB,SN74CBTLV3257_TVSOP16,"IC, MUX, 4CH, 1:2,"
10402,SWITCH_IC_DIGITAL_MUX&DEMUX.SCHLIB,SN74CBTLV3257_TSSOP16,"IC, MUX, 4CH, 1:2,"
10403,SWITCH_IC_DIGITAL_MUX&DEMUX.SCHLIB,SN74CBTLV3257_VQFN16,"IC, MUX, 4CH, 1:2,"
10404,SWITCH_IC_DIGITAL_MUX&DEMUX.SCHLIB,SN74CBTLV3257_UQFN16,"IC, MUX, 4CH, 1:2,"
10405,SWITCH_IC_DIGITAL_MUX&DEMUX.SCHLIB,SN74CBTLV3257_SSOP16,"IC, MUX, 4CH, 1:2,"
10406,SWITCH_IC_DIGITAL_MUX&DEMUX.SCHLIB,SN74CBTLV3257_SOP16,"IC, MUX, 4CH, 1:2,"
10407,SWITCH_IC_DIGITAL_MUX&DEMUX.SCHLIB,IDTQS3VH253_SSOP16,"IC, MUX/DEMUX, DUAL 4:1 , HIGH BANDWIDTH BUS SWITCH"
10408,SWITCH_IC_DIGITAL_MUX&DEMUX.SCHLIB,IDTQS3VH253_QSOP16,"IC, MUX/DEMUX, DUAL 4:1 , HIGH BANDWIDTH BUS SWITCH"
10409,SWITCH_IC_DIGITAL_MUX&DEMUX.SCHLIB,SY89544UMG_QFN32,"IC, MUX, Diff-LVDS, 4to1"
10410,SWITCH_IC_DIGITAL_MUX&DEMUX.SCHLIB,PCA9548_QFN24,"IC, SWITCH, I2C, 8CH, W/RESET 24-QFN"
10411,SWITCH_IC_DIGITAL_MUX&DEMUX.SCHLIB,TS3L301DGG,"IC, SWITCH, GIGABIT LAN, SPDT, 16Bit-to-8Bit, TSSOP48"
10412,SWITCH_PUSH_MICRO.SCHLIB,SWPUSH_DPDT_6_7X7,"SWITCH, PUSH, DPDT, THD, ON/OFF"
10413,SWITCH_PUSH_MICRO.SCHLIB,SW_M_SPDT,"SWITCH, MICROSWITCH, SPDT"
10414,SWITCH_ROCKER.SCHLIB,SWROK_SPST_R_15X10,"SWITCH, Rocker, SPST, THD, 15x10.5mm"
10415,SWITCH_ROCKER.SCHLIB,SWROK_SPDT_R_15X10,"SWITCH, Rocker, SPDT, THD, 15x10.5mm"
10416,SWITCH_ROTARY_ENCODER.SCHLIB,SWROT_11MM,"SWITCH, ROTARY Encoder, 11mm Metal Shaft"
10417,SWITCH_SLIDE.SCHLIB,SWSLIDT_SPST_S_LMS,"SWITCH, SLIDE, SMD, SPST, THD"
10418,SWITCH_SLIDE.SCHLIB,SWSLIDT_SPDT_S_8X4,"SWITCH, SLIDE, SPDT, 8.6X4.3mm, THD"
10419,SWITCH_SLIDE.SCHLIB,SWSLIDT_SPDT_R_8X4,"SWITCH, SLIDE, SPDT, 8X4mm, THD"
10420,SWITCH_SLIDE.SCHLIB,SWSLIDT_SPDT_MSS3,"SWITCH, SLIDE, SPDT, SMD"
10421,SWITCH_SLIDE.SCHLIB,SWSLIDT_DPDT_16X8,"SWITCH, SLIDE, DPDT, 15.5X7.4mm, THD"
10422,SWITCH_TACT_PUSHB.SCHLIB,SWPBT_SPST_R_6X6X6_SKHHLUA010,"SWITCH, PUSH BUTTON, TACTILE, THD, SPST, 6X6X6mm RIGHT"
10423,SWITCH_TACT_PUSHB.SCHLIB,SWPBT_SPST_R_6X6X4_SKHHLMA010,"SWITCH, PUSH BUTTON, TACTILE, THD, SPST, 6X6X4mm RIGHT"
10424,SWITCH_TACT_PUSHB.SCHLIB,SWPBT_SPST_9X9X13_SKRCACD010,"SWITCH, PUSH BUTTON, TACTILE, THD, SPST, 9X9X13mm"
10425,SWITCH_TACT_PUSHB.SCHLIB,SWPBT_SPST_6X6X10_SKQKAJD010,"SWITCH, PUSH BUTTON, TACTILE, THD, SPST, 6X6X10mm"
10426,SWITCH_TACT_PUSHB.SCHLIB,SWPBT_SPST_12X12_GPTS203212B,"SWITCH, PUSH BUTTON, TACTILE, THD, SPST, 12X12mm"
10427,SWITCH_TACT_PUSHB.SCHLIB,SWPBT_SPDT_6X6X17_SKHHDHA010,"SWITCH, PUSH BUTTON, TACTILE, THD, SPDT, 6X6X17mm"
10428,SWITCH_TACT_PUSHB.SCHLIB,SWPBT_SPDT_6X6X13_SKHHDTA010,"SWITCH, PUSH BUTTON, TACTILE, THD, SPDT, 6X6X13mm"
10429,SWITCH_TACT_PUSHB.SCHLIB,SWPBT_SPDT_6X6X10_SKHHANA010,"SWITCH, PUSH BUTTON, TACTILE, THD, SPDT, 6X6X10mm"
10430,SWITCH_TACT_PUSHB.SCHLIB,SWPBT_SPST_R_6X6_SKHHLQA010,"SWITCH, PUSH BUTTON, TACTILE, THD, SPST, 6X6mm RIGHT"
10431,SWITCH_TACT_PUSHB.SCHLIB,SWPBT_SPST_6X6X4_SKRGAAD010,"SWITCH, PUSH BUTTON, TACTILE, THD, SPST, 6X6X4mm CIRCLE"
10432,SWITCH_TACT_PUSHB.SCHLIB,SWPBT_SPDT_12X12_SKQEABA010,"SWITCH, PUSH BUTTON, TACTILE, THD, SPDT, 12X12mm"
10433,SWITCH_TACT_PUSHB.SCHLIB,SWPBT_SPDT_12X12_SKHCBEA010,"SWITCH, PUSH BUTTON, TACTILE, THD, SPDT, 12X12X7.3mm"
10434,SWITCH_TACT_PUSHB.SCHLIB,SWPBS_SPDT_5X5X1_SKQGAFE010,"SWITCH, PUSH BUTTON, TACTILE, SMD, SPDT, 5.0X5.0X1.5MM"
10435,SWITCH_TACT_PUSHB.SCHLIB,SWPBT_SPST_R_6X6_FSMRA3JH,"SWITCH, PUSH BUTTON, TACTILE, THD, SPST, 6X6mm RIGHT"
10436,SWITCH_TACT_PUSHB.SCHLIB,SWPBT_SPST_R_6X6_FSMRA2JH,"SWITCH, PUSH BUTTON, TACTILE, THD, SPST, 6X6mm RIGHT"
10437,SWITCH_TACT_PUSHB.SCHLIB,SWPBT_SPST_8X8_SKPDACD010,"SWITCH, PUSH BUTTON, TACTILE, THD, SPST, 8X8X5.5mm"
10438,SWITCH_TACT_PUSHB.SCHLIB,SWPBS_SPDT_6X6X7_TACTDQ62,"SWITCH, PUSH BUTTON, TACTILE, SMD, SPDT, 6X6X7mm"
10439,SWITCH_TACT_PUSHB.SCHLIB,SWPBS_SPDT_5X5_SKRBAGE010,"SWITCH, PUSH BUTTON, TACTILE, SMD, SPDT, 5.0X5.0X0.55mm"
10440,SWITCH_TACT_PUSHB.SCHLIB,SWPBS_SPDT_4X4_SKRWAEE030,"SWITCH, PUSH BUTTON, TACTILE, SMD, SPDT, 4X4MM"
10441,SWITCH_TACT_PUSHB.SCHLIB,SWPBS_SPDT_4X4_SKRMAAE010,"SWITCH, PUSH BUTTON, TACTILE, SMD, SPDT, 4X4MM"
10442,SWITCH_TACT_PUSHB.SCHLIB,SWPBS_SPDT_3X3_SKSHAAE010,"SWITCH, PUSH BUTTON, TACTILE, SMD, SPDT, 3X3MM"
10443,SWITCH_TACT_PUSHB.SCHLIB,SWPBS_SPDT_3X3_SKSGAAE010,"SWITCH, PUSH BUTTON, TACTILE, SMD, SPDT, 3X3MM"
10444,SWITCH_TACT_PUSHB.SCHLIB,SWPBT_SPDT_7X7X5_TC-37XB,"SWITCH, PUSH BUTTON, TACTILE, THD, SPDT, 7X7X5mm"
10445,SWITCH_TACT_PUSHB.SCHLIB,SWPBS_SPST_6X3_222BMVBAR,"SWITCH, PUSH BUTTON, TACTILE, SMD, SPST, 6X3.5X5mm"
10446,SWITCH_TACT_PUSHB.SCHLIB,SWPBS_SPST_3X2_B3U-1000P,"SWITCH, PUSH BUTTON, TACTILE, SMD, SPST, 3X2.5X1.2mm"
10447,SWITCH_TACT_PUSHB.SCHLIB,SWPBS_SPDT_6X6X7_TS1170S,"SWITCH, PUSH BUTTON, TACTILE, SMD, SPDT, 6X6X7mm"
10448,SWITCH_TACT_PUSHB.SCHLIB,SWPBS_SPDT_6X6X5_TS1150S,"SWITCH, PUSH BUTTON, TACTILE, SMD, SPDT, 4X4MM"
10449,SWITCH_TACT_PUSHB.SCHLIB,SWPBS_SPDT_6X6X4_TS1143S,"SWITCH, PUSH BUTTON, TACTILE, SMD, SPDT, 6X6X4.3mm"
10450,SWITCH_TACT_PUSHB.SCHLIB,SWPBT_SPDT_6X6X8-TL1105,"SWITCH, PUSH BUTTON, TACTILE, THD, SPDT, 6X6X8mm"
10451,SWITCH_TACT_PUSHB.SCHLIB,SWPBT_SPDT_6X6X7_TS1170,"SWITCH, PUSH BUTTON, TACTILE, THD, SPDT, 6.5x6.5X7"
10452,SWITCH_TACT_PUSHB.SCHLIB,SWPBS_SPDT_6X6X5_TL3301,"SWITCH, PUSH BUTTON, TACTILE, SMD, SPDT, 6X6X5mm"
10453,SWITCH_TACT_PUSHB.SCHLIB,SWPBS_SPST_6X3X2_RS282,"SWITCH, PUSH BUTTON, TACTILE, SMD, SPST, 6X3.5X2.5mm"
10454,SWITCH_TACT_PUSHB.SCHLIB,SWPBS_SPST_2016_NANOT,"SWITCH, PUSH BUTTON, TACTILE, SMD, SPST, 2X1.6mm"
10455,SWITCH_TACT_PUSHB.SCHLIB,SWPBT_SPDT_6X6X5SKHH,"SWITCH, PUSH BUTTON, TACTILE, THD, SPDT, 6X6X5mm"
10456,SWITCH_TACT_PUSHB.SCHLIB,SWPBT_SPDT_6X6X4SKHH,"SWITCH, PUSH BUTTON, TACTILE, THD, SPDT, 6X6X4mm"
10457,SWITCH_TACT_PUSHB.SCHLIB,SWPBT_SPST_R_6X6X10,"SWITCH, PUSH BUTTON, TACTILE, THD, SPST, RIGHT"
10458,SWITCH_TACT_PUSHB.SCHLIB,SWPBS_SPDT_R_SKRTLA,"SWITCH, PUSH BUTTON, TACTILE, THD, SPDT, RIGHT"
10459,SWITCH_TACT_PUSHB.SCHLIB,SWPBT_SPST_R_6X6_G,"SWITCH, PUSH BUTTON, TACTILE, THD, SPST, RIGHT"
10460,SWITCH_TACT_PUSHB.SCHLIB,SWPBT_SPST_R_6X6_E,"SWITCH, PUSH BUTTON, TACTILE, THD, SPST, RIGHT"
10461,SWITCH_TACT_PUSHB.SCHLIB,SWPBT_SPST_R_6X6_A,"SWITCH, PUSH BUTTON, TACTILE, THD, SPST, RIGHT"
10462,SWITCH_TACT_PUSHB.SCHLIB,SWPBT_SPST_R_6X3_A,"SWITCH, PUSH BUTTON, TACTILE, THD, SPST, RIGHT"
10463,SWITCH_TACT_PUSHB.SCHLIB,SWPBT_SPDT_6X6X5TS,"SWITCH, PUSH BUTTON, TACTILE, THD, SPDT, 6X6X5mm"
10464,SWITCH_TACT_PUSHB.SCHLIB,SWPBT_SPDT_10X10X7,"SWITCH, PUSH BUTTON, TACTILE, THD, SPDT, 10X10X7mm"
10465,SWITCH_TACT_PUSHB.SCHLIB,SWPBS_SPST_6X3X5_R,"SWITCH, PUSH BUTTON, TACTILE, SMD, SPST, 6X3.5X5mm RIGHT"
10466,SWITCH_TACT_PUSHB.SCHLIB,SWPBS_SPDT_R_EVPAK,"SWITCH, PUSH BUTTON, TACTILE, THD, SPDT, RIGHT"
10467,SWITCH_TACT_PUSHB.SCHLIB,SWPBS_SPDT_R_EVPAE,"SWITCH, PUSH BUTTON, TACTILE, THD, SPDT, RIGHT"
10468,SWITCH_TACT_PUSHB.SCHLIB,SWPBT_SPST_R_6X6B,"SWITCH, PUSH BUTTON, TACTILE, THD, SPST, RIGHT"
10469,SWITCH_TACT_PUSHB.SCHLIB,SWPBT_SPDT_6X6X7J,"SWITCH, PUSH BUTTON, TACTILE, THD, SPDT, 6X6X7.3mm"
10470,SWITCH_TACT_PUSHB.SCHLIB,SWPBT_SPDT_6X6X5G,"SWITCH, PUSH BUTTON, TACTILE, THD, SPDT, 6X6X4MM"
10471,SWITCH_TACT_PUSHB.SCHLIB,SWPBT_SPDT_6X6X4G,"SWITCH, PUSH BUTTON, TACTILE, THD, SPDT, 6X6X4MM"
10472,SWITCH_TACT_PUSHB.SCHLIB,SWPBT_SPDT_6X6X10,"SWITCH, PUSH BUTTON, TACTILE, THD, SPDT, 6X6X10mm"
10473,SWITCH_TACT_PUSHB.SCHLIB,SWPBS_SPDT_5X5PTS,"SWITCH, PUSH BUTTON, TACTILE, SMD, SPDT, 5X5MM"
10474,SWITCH_TACT_PUSHB.SCHLIB,SWPBT_SPST_6X6X5,"SWITCH, PUSH BUTTON, TACTILE, THD, SPST, 6X6X5mm"
10475,SWITCH_TACT_PUSHB.SCHLIB,SWPBT_SPST_6X6X4,"SWITCH, PUSH BUTTON, TACTILE, THD, SPST, 6X6X4mm"
10476,SWITCH_TACT_PUSHB.SCHLIB,SWPBT_SPST_6X3X5,"SWITCH, PUSH BUTTON, TACTILE, THD, SPST, 6X3.5X5mm"
10477,SWITCH_TACT_PUSHB.SCHLIB,SWPBT_SPDT_6X6X7,"SWITCH, PUSH BUTTON, TACTILE, THD, SPDT, 6X6X7mm"
10478,SWITCH_TACT_PUSHB.SCHLIB,SWPBT_SPDT_6X6X5,"SWITCH, PUSH BUTTON, TACTILE, THD, SPDT, 4X4MM"
10479,SWITCH_TACT_PUSHB.SCHLIB,SWPBS_SPST_6X3X5,"SWITCH, PUSH BUTTON, TACTILE, SMD, SPST, 6X3.5X5mm"
10480,SWITCH_TACT_PUSHB.SCHLIB,SWPBS_SPST_6X3X4,"SWITCH, PUSH BUTTON, TACTILE, SMD, SPST, 6X3.5X4.3mm"
10481,SWITCH_TACT_PUSHB.SCHLIB,SWPBS_SPDT_6X6X5,"SWITCH, PUSH BUTTON, TACTILE, SMD, SPDT, 6X6X5mm"
10482,SWITCH_TACT_PUSHB.SCHLIB,SWPBS_SPDT_6X6X4,"SWITCH, PUSH BUTTON, TACTILE, SMD, SPDT, 6X6X4.3mm"
10483,SWITCH_TACT_PUSHB.SCHLIB,SWPBS_SPDT_3X3TS,"SWITCH, PUSH BUTTON, TACTILE, SMD, SPDT, 3X3MM"
10484,SWITCH_TACT_PUSHB.SCHLIB,SWPBS_SPDT_R_WE,"SWITCH, PUSH BUTTON, TACTILE, THD, SPDT, RIGHT"
10485,SWITCH_TACT_PUSHB.SCHLIB,SWPBS_SPDT_R_CK,"SWITCH, PUSH BUTTON, TACTILE, THD, SPDT, RIGHT"
10486,SWITCH_TACT_PUSHB.SCHLIB,SWPBT_SPST_HDR,Switch momentary SPST panel mount with wire leads
10487,SWITCH_TOGGLE.SCHLIB,SWTOG_SPDT_S_200MSPM2,"SWITCH, TOGGLE, SPDT, THD"
10488,SWITCH_TOGGLE.SCHLIB,SWTOG_SPDT_S_100SPM2,"SWITCH, TOGGLE, SPDT, THD"
10489,SWITCH_TOGGLE.SCHLIB,SWTOG_SPDT_R_7101MD9,"SWITCH, TOGGLE, SPDT, THD"
10490,SWITCH_TOGGLE.SCHLIB,SWTOG_SPDT_R_100SPM7,"SWITCH, TOGGLE, SPDT, THD"
10491,SWITCH_TOGGLE.SCHLIB,SWTOG_SPDT_S_7101SY,"SWITCH, TOGGLE, SPDT, THD"
10492,SWITCH_TOGGLE.SCHLIB,SWTOG_SPDT_R_2M1SP1,"SWITCH, TOGGLE, SPDT, THD"
10493,SWITCH_TOGGLE.SCHLIB,SWTOG_SPDT_R_M2012,"SWITCH, TOGGLE, SPDT, THD"
10494,SWITCH_TOGGLE.SCHLIB,SWTOG_SPST,"SWITCH, TOGGLE, SPST, THD"
10495,SYNTH.SCHLIB,ADF5355_QFN32,"Synth, Microwave Wideband, w VCO, 54~13,600MHz"
10496,TEST-TP_JUMPER.SCHLIB,JUMPER_SOLDER_2P_W300,"JUMPER, solder, 2pin, 3mm width"
10497,TEST-TP_JUMPER.SCHLIB,JUMPER_SOLDER_2P_W200,"JUMPER, solder, 2pin, 2mm width"
10498,TEST-TP_JUMPER.SCHLIB,JUMPER_SOLDER_2P_W160,"JUMPER, solder, 2pin, 1.6mm width"
10499,TEST-TP_JUMPER.SCHLIB,JUMPER_SOLDER_2P_W100,"JUMPER, solder, 2pin, 1mm width"
10500,TEST-TP_JUMPER.SCHLIB,JUMPER_SOLDER_5P_W60,"JUMPER, solder for 4 select options, 0.6mm width"
10501,TEST-TP_JUMPER.SCHLIB,JUMPER_SOLDER_5P_W20,"JUMPER, solder for 4 select options, 0.2mm width"
10502,TEST-TP_JUMPER.SCHLIB,JUMPER_SOLDER_4P_W60,"JUMPER, solder for 3 select options, 0.6mm width"
10503,TEST-TP_JUMPER.SCHLIB,JUMPER_SOLDER_4P_W20,"JUMPER, solder for 3 select options, 0.2mm width"
10504,TEST-TP_JUMPER.SCHLIB,JUMPER_SOLDER_3P_W60,"JUMPER, solder, 3pin, 0.6mm width"
10505,TEST-TP_JUMPER.SCHLIB,JUMPER_SOLDER_3P_W30,"JUMPER, solder, 3pin, 0.3mm width"
10506,TEST-TP_JUMPER.SCHLIB,JUMPER_SOLDER_2P_W60,"JUMPER, solder, 2pin, 0.6mm width"
10507,TEST-TP_JUMPER.SCHLIB,JUMPER_SOLDER_2P_W40,"JUMPER, solder, 2pin, 0.4mm width"
10508,TEST-TP_JUMPER.SCHLIB,JUMPER_SOLDER_2P_W30,"JUMPER, solder, 2pin, 0.3mm width"
10509,TEST-TP_JUMPER.SCHLIB,JUMPER_SOLDER_2P_W20,"JUMPER, solder, 2pin, 0.2mm width"
10510,TEST-TP_JUMPER.SCHLIB,TESTPOINT_BIG_BLK2,TEST POINT
10511,TEST-TP_JUMPER.SCHLIB,TESTPOINT_BIG_BLK1,TEST POINT
10512,TEST-TP_JUMPER.SCHLIB,Proto_Block_25x51,
10513,TEST-TP_JUMPER.SCHLIB,TESTPOINT_PROBE,TEST POINT
10514,TEST-TP_JUMPER.SCHLIB,TESTPOINT_M_WHT,TEST POINT
10515,TEST-TP_JUMPER.SCHLIB,TESTPOINT_M_GRN,TEST POINT
10516,TEST-TP_JUMPER.SCHLIB,TESTPOINT_MINI,TEST POINT
10517,TEST-TP_JUMPER.SCHLIB,TESTPOINT_SMD,TEST POINT
10518,TEST-TP_JUMPER.SCHLIB,NETTIE_2_W100,"NET TIE, 2pin, 1mm width"
10519,TEST-TP_JUMPER.SCHLIB,JUMPER_HDR_3P,"JUMPER, HEADER 3PIN"
10520,TEST-TP_JUMPER.SCHLIB,JUMPER_HDR_2P,"JUMPER, HEADER 2PIN"
10521,TEST-TP_JUMPER.SCHLIB,NETTIE_4_W60,"NET TIE, 4pin, 0.6mm width"
10522,TEST-TP_JUMPER.SCHLIB,NETTIE_3_W60,"NET TIE, 3pin, 0.6mm width"
10523,TEST-TP_JUMPER.SCHLIB,NETTIE_2_W60,"NET TIE, 2pin, 0.6mm width"
10524,TEST-TP_JUMPER.SCHLIB,NETTIE_2_W40,"NET TIE, 2pin, 0.4mm width"
10525,TEST-TP_JUMPER.SCHLIB,NETTIE_2_W20,"NET TIE, 2pin, 0.2mm width"
10526,TEST-TP_JUMPER.SCHLIB,JUMPER_RES_4,"JUMPER, RESISTOR 0 Ohm"
10527,TEST-TP_JUMPER.SCHLIB,JUMPER_RES_3,"JUMPER, RESISTOR 0 Ohm"
10528,TEST-TP_JUMPER.SCHLIB,JUMPER_RES_2,"JUMPER, RESISTOR 0 Ohm"
10529,TEST-TP_JUMPER.SCHLIB,JP_0402X4,"RESISTOR, SMD, PACKX4"
10530,TEST-TP_JUMPER.SCHLIB,JPW_7p5mm,JUMPER WIRE
10531,TEST-TP_JUMPER.SCHLIB,JPW_20mm,JUMPER WIRE
10532,TEST-TP_JUMPER.SCHLIB,JPW_15mm,JUMPER WIRE
10533,TEST-TP_JUMPER.SCHLIB,JPW_10mm,JUMPER WIRE
10534,TEST-TP_JUMPER.SCHLIB,JP_0805,JUMPER
10535,TEST-TP_JUMPER.SCHLIB,JP_0612,JUMPER
10536,TEST-TP_JUMPER.SCHLIB,JP_0603,JUMPER
10537,TEST-TP_JUMPER.SCHLIB,JP_0402,JUMPER
10538,TEST-TP_JUMPER.SCHLIB,JPW_5mm,JUMPER WIRE
10539,TRANSFORMER_ETHERNET.SCHLIB,B78476A8247A003_SO16,"Transformer, LAN, 10/100 Base-T"
10540,TRANSFORMER_ETHERNET.SCHLIB,S558-5999-Z5-F_SO16,"Transformer, LAN, 10/100 Base-T, 1CT:1CT, 350uH"
10541,TRANSFORMER_ETHERNET.SCHLIB,S558-5999-W2-F_SO16,"Transformer, LAN, 10/100 Base-T, 1CT:1CT, 350uH"
10542,TRANSFORMER_ETHERNET.SCHLIB,S558-5999-U7-F_SO16,"Transformer, LAN, 10/100 Base-T, 1CT:1CT, 350uH"
10543,TRANSFORMER_ETHERNET.SCHLIB,S558-5999-T7-F_SO16,"Transformer, LAN, 10/100 Base-T, 1CT:1CT, 350uH"
10544,TRANSFORMER_ETHERNET.SCHLIB,S558-5999-AT-F_SO24,"Transformer, LAN, 1000 Base-T, 1CT:1CT, 350uH"
10545,TRANSFORMER_ETHERNET.SCHLIB,TG1G-E010NZRL_SO24,"Transformer, LAN, 10/100/1000 Base-T, 1CT:1CT, 350uH"
10546,TRANSFORMER_ETHERNET.SCHLIB,TG41-2006NRL_SO16,"Transformer, LAN, 10 Base-T, 1CT:1CT, 350uH"
10547,TRANSFORMER_ETHERNET.SCHLIB,S558-5500-68_SO24,"Transformer, LAN, 1000 Base-T, 1CT:1CT, 350uH"
10548,TRANSFORMER_ETHERNET.SCHLIB,SM13072APEL_SO16,"Transformer, LAN, 10/100 Base-T, 1CT:1CT, 350uH"
10549,TRANSFORMER_ETHERNET.SCHLIB,SM51589PEL_SO24,"Transformer, LAN, 10/100/1000 Base-T PoE+, 1CT:1CT, 350uH"
10550,TRANSFORMER_ETHERNET.SCHLIB,SM51108PEL_SO16,"Transformer, LAN, 10/100 Base-T, 1CT:1CT, 350uH"
10551,TRANSFORMER_ETHERNET.SCHLIB,PT61018PEL_SO16,"Transformer, LAN, 10/100 Base-Tx, 1CT:1CT, 350uH"
10552,TRANSFORMER_ETHERNET.SCHLIB,HX5019BNL_SO24,"Transformer, LAN, 1000 Base-T, 1CT:1CT, 350uH"
10553,TRANSFORMER_ETHERNET.SCHLIB,HX2326FNL_SO16,"Transformer, LAN, 100 Base-TX PoE+ , 1CT:1CT, 350uH"
10554,TRANSFORMER_ETHERNET.SCHLIB,749010013_SO16,"Transformer, LAN, 10/100 Base-T XFMR , 1CT:1CT, 350uH"
10555,TRANSFORMER_ETHERNET.SCHLIB,HX5084NL_SO24,"Transformer, LAN 10/100/1000 Base-T, 1CT:1CT, 350uH"
10556,TRANSFORMER_ETHERNET.SCHLIB,HX5062NL_SO24,"Transformer, LAN, 1000 Base-T, 1CT:1CT, 350uH"
10557,TRANSFORMER_ETHERNET.SCHLIB,HX5008NL_SO24,"Transformer, LAN, 1000 Base, 1CT:1CT, 350uH"
10558,TRANSFORMER_ETHERNET.SCHLIB,HX5004NL_SO24,"Transformer, LAN, 1000 Base-T, 1CT:1CT, 350uH"
10559,TRANSFORMER_ETHERNET.SCHLIB,HX2326NL_SO16,"Transformer, LAN, 100 Base-TX PoE+ , 1CT:1CT, 350uH"
10560,TRANSFORMER_ETHERNET.SCHLIB,HX1260NL_SO16,"Transformer, LAN, 100 Base-T , 1CT:1CT, 350uH"
10561,TRANSFORMER_ETHERNET.SCHLIB,H5120NL_SO24,"Transformer, LAN, 1000 Base-T, 1CT:1CT, 350uH"
10562,TRANSFORMER_POWER.SCHLIB,TRANS_PQ4040_12,"Transformer, 6+6"
10563,TRANSFORMER_POWER.SCHLIB,TRANS_EFD15_8,"Transformer, EFD15 8L"
10564,TRANSFORMER_POWER.SCHLIB,L_PQ4040_12,"Inductor, 6+6"
10565,TRANSFORMER_POWER_MINI.SCHLIB,B82805A0952A250_0806,"Transformer, push-pull App, 3.8CT:1CT, 9.5uH"
10566,TRANSFORMER_POWER_MINI.SCHLIB,TGRAD-595V8_1215,"Transformer, push-pull App, 1CT:5CT"
10567,TRANSFORMER_POWER_MINI.SCHLIB,TGMR-512V6_1109,"Transformer, push-pull App, 4:1CT"
10568,TRANSFORMER_POWER_MINI.SCHLIB,TGMR-502V6_1109,"Transformer, push-pull App, 4:1"
10569,TRANSFORMER_POWER_MINI.SCHLIB,TGAD-292NA_0909,"Transformer, push-pull App, 1CT:5CT"
10570,TRANSFORMER_POWER_MINI.SCHLIB,750342879_0809,"Transformer, push-pull App, 3.5CT:1CT, 50uH"
10571,TRANSFORMER_POWER_MINI.SCHLIB,750316853_1108,"Transformer, push-pull App, 4CT:1CT, 200uH"
10572,TRANSFORMER_POWER_MINI.SCHLIB,TRNS254_6_PGP,"Transformer, push-pull App, 4:1CT"
10573,TRANSFORMER_POWER_MINI.SCHLIB,PB0025NL,"Transformer, 50:1,"
10574,TRANSFORMER_POWER_MINI.SCHLIB,P0926NL,"Transformer, 1:1:1"
10575,TRANSFORMER_RF.SCHLIB,XFM-3001-1UH,"RF Transformer, 1:1, 50Ohm, 5~3000MHz"
10576,TRANSFORMER_RF.SCHLIB,TCM1-63AX-2+,"RF Transformer, 1:1, 50Ohm, 10~6000MHz"
10577,TRANSFORMER_RF.SCHLIB,MABA-009487,"RF Transformer, 1:1, 50Ohm, 0.4~500MHz"
10578,TRANSFORMER_RF.SCHLIB,MABA-007569,"RF Transformer, 1:4, 50Ohm, 2~1000MHz"
10579,TRANSFORMER_RF.SCHLIB,MABA-007159,"RF Transformer, 1:1, 50Ohm, 4.5~3000MHz"
10580,TRANSFORMER_RF.SCHLIB,BAL-0006SMG,"RF Transformer, 1:2, 50Ohm, 0.5~6000MHz"
10581,TRANSFORMER_RF.SCHLIB,TCM1-63AX+,"RF Transformer, 1:1, 50Ohm, 10~6000MHz"
10582,TRANSFORMER_RF.SCHLIB,TC1-1-13M+,"RF Transformer, 1:1, 50Ohm, 4.5~3000MHz"
10583,TRANSFORMER_RF.SCHLIB,MABAES0061,"RF Transformer, 1:4, 50Ohm, 2~800MHz"
10584,TRANSFORMER_RF.SCHLIB,MABAES0060,"RF Transformer, 1:1, 50Ohm, 0.3~200MHz"
10585,TRANSFORMER_RF.SCHLIB,ADT2-1T-1P,"RF Transformer, 1:2, 50Ohm, 8~600MHz"
10586,TRANSFORMER_RF.SCHLIB,TCM2-43X+,"RF Transformer, 1:2, 50Ohm, 10~4000MHz"
10587,TRANSFORMER_RF.SCHLIB,TCM1-83X+,"RF Transformer, 1:1, 50Ohm, 10~8000MHz"
10588,TRANSFORMER_RF.SCHLIB,ETC1-1-13,"RF Transformer, 1:1, 50Ohm, 4.5~3000MHz"
10589,TRANSFORMER_RF.SCHLIB,WBC2-1TL,"RF Transformer, 1:2, 50Ohm, 0.25~500MHz"
10590,TRANSFORMER_RF.SCHLIB,WBC1-1TL,"RF Transformer, 1:1, 50Ohm, 0.25~750MHz"
10591,TRANSFORMER_RF.SCHLIB,RFXF8553,"RF Transformer, 1:4, 50Ohm, 500~2500MHz"
10592,TRANSFORMER_RF.SCHLIB,RFXF6553,"RF Transformer, 1:4, 50Ohm, 10~1900MHz"
10593,TRANSFORMER_RF.SCHLIB,ADT4-1WT,"RF Transformer, 1:4, 50Ohm, 2~775MHz"
10594,TRANSFORMER_RF.SCHLIB,ADT2-71T,"RF Transformer, 1:2, 50Ohm, 0.005~70MHz"
10595,TRANSFORMER_RF.SCHLIB,ADT1-1WT,"RF Transformer, 1:1, 75Ohm, 0.4~800MHz"
10596,TRANSISTOR_BJT.SCHLIB,DUAL_NPNPNP_MMDT5451_SOT363,"BJT, DUAL, NPN+PNP, 160v, 0.2A, SMD, SOT363"
10597,TRANSISTOR_BJT.SCHLIB,DUAL_PNP_MMDT2907A_SOT363,"BJT, DUAL, NPN, 40v, 0.2A, SMD, SOT363"
10598,TRANSISTOR_BJT.SCHLIB,DUAL_NPN_PUMH10115_SOT363,"BJT, DUAL, NPN, pre-biased, 50V, 0.1A, SOT363 SMD"
10599,TRANSISTOR_BJT.SCHLIB,DUAL_NPN_MMDT2222_SOT563,"BJT, DUAL, NPN, 40v, 0.2A, SMD, SOT563"
10600,TRANSISTOR_BJT.SCHLIB,DUAL_NPN_MMDT2222_SOT363,"BJT, DUAL, NPN, 40v, 0.2A, SMD, SOT363"
10601,TRANSISTOR_BJT.SCHLIB,DUAL_NPNPNP_PUMD9_SOT363,"BJT, DUAL, NPN+PNP, pre-biased, 50V, 0.1A, SOT363 SMD"
10602,TRANSISTOR_BJT.SCHLIB,DUAL_NPN_RN1907_SOT363,"BJT, DUAL, NPN, pre-biased, 50V, 0.1A, SOT363 SMD"
10603,TRANSISTOR_BJT.SCHLIB,DUAL_NPN_PUMH15_SOT363,"BJT, DUAL, NPN, pre-biased, 50V, 0.1A, SOT363 SMD"
10604,TRANSISTOR_BJT.SCHLIB,DAR_NPNx2_FMBA14_SOT23,"BJT, DARLINGTON, NPN, DUAL, 30v, 1.2A, SOT-23-6"
10605,TRANSISTOR_BJT.SCHLIB,DUAL_NPN_UMH9N_SOT363,"BJT, DUAL, NPN, pre-biased, 50V, 0.1A, SOT363 SMD"
10606,TRANSISTOR_BJT.SCHLIB,DAR_NPN_MMBTA14_SOT23,"BJT, DARLINGTON, NPN, 30v, 1.2A, SOT23"
10607,TRANSISTOR_BJT.SCHLIB,NPN_MMBT2222A_SOT723,"BJT, NPN, 40v, 0.6A, SMD, SOT723"
10608,TRANSISTOR_BJT.SCHLIB,DUAL_MMDT2227_SOT363,"BJT, DUAL, 2222 + 2907"
10609,TRANSISTOR_BJT.SCHLIB,DAR_PNP_TIP147_TO247,"BJT, DARLINGTON, PNP, 100v, 10A, THD, TO-247, complementary the TIP140, TIP141, TIP142"
10610,TRANSISTOR_BJT.SCHLIB,DAR_PNP_TIP146_TO247,"BJT, DARLINGTON, PNP, 80v, 10A, THD, TO-247, complementary the TIP140, TIP141, TIP142"
10611,TRANSISTOR_BJT.SCHLIB,DAR_PNP_TIP145_TO247,"BJT, DARLINGTON, PNP, 60v, 10A, THD, TO-247, complementary the TIP140, TIP141, TIP142"
10612,TRANSISTOR_BJT.SCHLIB,DAR_PNP_TIP135_TO220,"BJT, DARLINGTON, PNP, 100v, 8A, THD, TO-220, complementary the TIP132"
10613,TRANSISTOR_BJT.SCHLIB,DAR_NPN_TIP142_TO247,"BJT, DARLINGTON, NPN, 100v, 10A, THD, TO-247, complementary the TIP145, TIP146, TIP147"
10614,TRANSISTOR_BJT.SCHLIB,DAR_NPN_TIP141_TO247,"BJT, DARLINGTON, NPN, 80v, 10A, THD, TO-247, complementary the TIP145, TIP146, TIP147"
10615,TRANSISTOR_BJT.SCHLIB,DAR_NPN_TIP140_TO247,"BJT, DARLINGTON, NPN, 60v, 10A, THD, TO-247, complementary the TIP145, TIP146, TIP147"
10616,TRANSISTOR_BJT.SCHLIB,DAR_NPN_TIP132_TO220,"BJT, DARLINGTON, NPN, 100v, 8A, THD, TO-220, complementary the TIP135, TIP137"
10617,TRANSISTOR_BJT.SCHLIB,PNP_PZT2907A_SOT223,"BJT, PNP, switching, 40v, 0.6A, SMD, SOT223, complement: PZT2222A"
10618,TRANSISTOR_BJT.SCHLIB,PNP_NSS60600_SOT223,"BJT, PNP, MED POWER, 60v, 6A, SMD, SOT223"
10619,TRANSISTOR_BJT.SCHLIB,NPN_PMST6428_SOT323,"BJT, NPN, 60v, 0.1A, SMD, SOT23"
10620,TRANSISTOR_BJT.SCHLIB,NPN_PMST5551_SOT323,"BJT, NPN, 160v, 0.6A, SMD, SOT-323"
10621,TRANSISTOR_BJT.SCHLIB,NPN_PMST3904_SOT323,"BJT, NPN, 40v, 0.2A, SMD, SOT323"
10622,TRANSISTOR_BJT.SCHLIB,NPN_MMBT3904_SOT523,"BJT, NPN, 40v, 0.2A, SMD, SOT-523"
10623,TRANSISTOR_BJT.SCHLIB,NPN_MMBT2222A_SOT23,"BJT, NPN, 40v, 0.6A, SMD, SOT23"
10624,TRANSISTOR_BJT.SCHLIB,NPN_MJE13005A_TO220,"BJT, NPN, 400v, 4A, THD, TO-220"
10625,TRANSISTOR_BJT.SCHLIB,NPN_FMMT617TA_SOT23,"BJT, NPN, 15V, 3A, SMD, SOT23"
10626,TRANSISTOR_BJT.SCHLIB,NPN_DDTC114_DFN1006,"BJT, NPN, pre-biased, 50V, 0.07A"
10627,TRANSISTOR_BJT.SCHLIB,BJTPAK_CA3096_SOP16,"BJT, NPNx3/PNPx2, 35v, 0.01~0.05A, SMD, SOP-16"
10628,TRANSISTOR_BJT.SCHLIB,PNP_MMBT3906_SOT23,"BJT, PNP, 40v, 0.2A, SMD, SOT23"
10629,TRANSISTOR_BJT.SCHLIB,PNP_MMBT2907_SOT23,"BJT, PNP, 40v, 0.6A, SMD, SOT23"
10630,TRANSISTOR_BJT.SCHLIB,PNP_2SB1197K_SOT23,"BJT, PNP, 32v, 0.8A, SMD, SOT23, Complements the 2SD1781K"
10631,TRANSISTOR_BJT.SCHLIB,NPN_MMBT8050_SOT23,"BJT, NPN, 25v, 1.5A, SMD, SOT23"
10632,TRANSISTOR_BJT.SCHLIB,NPN_MMBT6428_SOT23,"BJT, NPN, 50v, 0.2A, SMD, SOT23"
10633,TRANSISTOR_BJT.SCHLIB,NPN_MMBT5551_SOT23,"BJT, NPN, 160v, 0.6A, SMD, SOT-23"
10634,TRANSISTOR_BJT.SCHLIB,NPN_MMBT3904_SOT23,"BJT, NPN, 40v, 0.2A, SMD, SOT23"
10635,TRANSISTOR_BJT.SCHLIB,NPN_MJE13003_TO251,"BJT, NPN, SWITCHMODE, 400v, 1.5A, THD, TO-220"
10636,TRANSISTOR_BJT.SCHLIB,NPN_MJE13003_TO220,"BJT, NPN, SWITCHMODE, 400v, 1.5A, THD, TO-220"
10637,TRANSISTOR_BJT.SCHLIB,NPN_MJE13003_TO126,"BJT, NPN, SWITCHMODE, 400v, 1.5A, THD, TO-126"
10638,TRANSISTOR_BJT.SCHLIB,NPN_LMBT2222_SOT23,"BJT, NPN, 40v, 0.6A, SMD, SOT23"
10639,TRANSISTOR_BJT.SCHLIB,NPN_FCX1053A_SOT89,"BJT, NPN, MED POWER, 75v, 3A, SMD, SOT89"
10640,TRANSISTOR_BJT.SCHLIB,NPN_FCX1051A_SOT89,"BJT, NPN, MED POWER, 40v, 3A, SMD, SOT89"
10641,TRANSISTOR_BJT.SCHLIB,NPN_2SD1781K_SOT23,"BJT, NPN, 32v, 0.8A, SMD, SOT23, Complements the 2SB1197K"
10642,TRANSISTOR_BJT.SCHLIB,DAR_NPN_BC517_TO92,"BJT, DARLINGTON, NPN, 30v, 1A, TO92,"
10643,TRANSISTOR_BJT.SCHLIB,PNP_2SB1202_TO251,"BJT, PNP, 50v, 3A, THD, TO-251, Complements the 2SD1802"
10644,TRANSISTOR_BJT.SCHLIB,NPN_PZT2222A_TO92,"BJT, NPN, switching, 40v, 0.6A, SMD, SOT223, complement: PZT2907A"
10645,TRANSISTOR_BJT.SCHLIB,NPN_P2N2222A_TO92,"BJT, NPN, 40v, 0.6A, THD, TO92"
10646,TRANSISTOR_BJT.SCHLIB,NPN_MMBTA42_SOT23,"BJT, NPN, 300v, 0.5A, SMD, SOT23"
10647,TRANSISTOR_BJT.SCHLIB,NPN_MJE13003_TO92,"BJT, NPN, SWITCHMODE, 400v, 0.5A, THD, TO92"
10648,TRANSISTOR_BJT.SCHLIB,NPN_MJE13003_DPAK,"BJT, NPN, SWITCHMODE, 400v, 1.5A, SMD, TO-220"
10649,TRANSISTOR_BJT.SCHLIB,NPN_KSP2222A_TO92,"BJT, NPN, 40v, 0.6A, THD, TO92"
10650,TRANSISTOR_BJT.SCHLIB,NPN_FZT869_SOT223,"BJT, NPN, MED POWER, 25V, 7A, SMD, SOT223"
10651,TRANSISTOR_BJT.SCHLIB,NPN_FCX491A_SOT89,"BJT, NPN, MED POWER, 40v, 1A, SMD, SOT89"
10652,TRANSISTOR_BJT.SCHLIB,NPN_2SD1802_TO251,"BJT, NPN, 50v, 3A, THD, TO-251, Complements the 2SB1202"
10653,TRANSISTOR_BJT.SCHLIB,ULN2003_SOP16_ST,"Darlington, 7-CH, 50V, 0.5A, 5V TTL/CMOS"
10654,TRANSISTOR_BJT.SCHLIB,ULN2003_DIP16_ST,"Darlington, 7-CH, 50V, 0.5A, 5V TTL/CMOS"
10655,TRANSISTOR_BJT.SCHLIB,PNP_BCP69_SOT223,"BJT, PNP, MED POWER, 20v, 1A, SMD, SOT223"
10656,TRANSISTOR_BJT.SCHLIB,PNP_2SA733_SOT23,"BJT, PNP, 50v, 0.15A, SMD, SOT23"
10657,TRANSISTOR_BJT.SCHLIB,PNP_2N2907A_TO92,"BJT, PNP, 40v, 0.6A, THD, TO92, Complement the 2N2222"
10658,TRANSISTOR_BJT.SCHLIB,NPN_SS8050_SOT23,"BJT, NPN, 25v, 1.5A, SMD, SOT23"
10659,TRANSISTOR_BJT.SCHLIB,NPN_PN2222A_TO92,"BJT, NPN, 40v, 0.6A, THD, TO92"
10660,TRANSISTOR_BJT.SCHLIB,NPN_FCX617_SOT89,"BJT, NPN, MED POWER, 15v, 3A, SMD, SOT89"
10661,TRANSISTOR_BJT.SCHLIB,NPN_BCP68_SOT223,"BJT, NPN, MED POWER, 20v, 1A, SMD, SOT223"
10662,TRANSISTOR_BJT.SCHLIB,NPN_2SD234_TO220,"BJT, NPN, 60v, 3A, THD, TO-220"
10663,TRANSISTOR_BJT.SCHLIB,NPN_2N2222A_TO92,"BJT, NPN, 40v, 0.6A, THD, TO92"
10664,TRANSISTOR_BJT.SCHLIB,PNP_TIP42_TO220,"BJT, PNP, 60v, 6A, THD, TO-220"
10665,TRANSISTOR_BJT.SCHLIB,PNP_TIP36_TO247,"BJT, PNP, 60v, 25A, THD, TO-247 TO-218"
10666,TRANSISTOR_BJT.SCHLIB,PNP_S8550_SOT23,"BJT, PNP, 25v, 0.5A, SMD, SOT23"
10667,TRANSISTOR_BJT.SCHLIB,PNP_BD140_TO126,"BJT, PNP, -80V, -1.5A"
10668,TRANSISTOR_BJT.SCHLIB,PNP_BD138_TO126,"BJT, PNP, -60V, -1.5A"
10669,TRANSISTOR_BJT.SCHLIB,PNP_BD136_TO126,"BJT, PNP, -45V, -1.5A"
10670,TRANSISTOR_BJT.SCHLIB,PNP_BCX52_SOT89,"BJT, PNP, 60v, 1A, 1W, 150MHz, SOT-89"
10671,TRANSISTOR_BJT.SCHLIB,PNP_2SA733_TO92,"BJT, PNP, 50v, 0.15A, THD, TO92"
10672,TRANSISTOR_BJT.SCHLIB,PNP_2SA733_SC70,"BJT, PNP, 50v, 0.15A, SMD, SC70"
10673,TRANSISTOR_BJT.SCHLIB,PNP_2N3906_TO92,"BJT, PNP, 40v, 0.6A, THD, TO92"
10674,TRANSISTOR_BJT.SCHLIB,NPN_TIP41_TO220,"BJT, NPN, 60v, 6A, THD, TO-220"
10675,TRANSISTOR_BJT.SCHLIB,NPN_TIP35_TO247,"BJT, NPN, 60v, 25A, THD, TO-247 TO-218"
10676,TRANSISTOR_BJT.SCHLIB,NPN_SS9014_TO92,"BJT, NPN, 45v, 0.1A, THD, TO92"
10677,TRANSISTOR_BJT.SCHLIB,NPN_SS8050_TO92,"BJT, NPN, 25v, 1.5A, THD, TO92"
10678,TRANSISTOR_BJT.SCHLIB,NPN_S8050_SOT23,"BJT, NPN, 25v, 0.5A, SMD, SOT23"
10679,TRANSISTOR_BJT.SCHLIB,NPN_MPSA42_TO92,"BJT, NPN, 300v, 0.5A, THD, TO92"
10680,TRANSISTOR_BJT.SCHLIB,NPN_C1815_SOT23,"BJT, NPN, 50v, 0.15A, SMD, SOT23"
10681,TRANSISTOR_BJT.SCHLIB,NPN_BD139_TO126,"BJT, NPN, 80V, 1.5A"
10682,TRANSISTOR_BJT.SCHLIB,NPN_BD137_TO126,"BJT, NPN, 60V, 1.5A"
10683,TRANSISTOR_BJT.SCHLIB,NPN_BD135_TO126,"BJT, NPN, 45V, 1.5A"
10684,TRANSISTOR_BJT.SCHLIB,NPN_BCX55_SOT89,"BJT, NPN, 60v, 1A, 1W, 150MHz, SOT-89"
10685,TRANSISTOR_BJT.SCHLIB,NPN_BCX54_SOT89,"BJT, NPN, MED POWER, 45v, 1A, SMD, SOT89"
10686,TRANSISTOR_BJT.SCHLIB,NPN_BC847_SOT23,"BJT, NPN, 45v, 0.1A, SOT23"
10687,TRANSISTOR_BJT.SCHLIB,NPN_BC817_SOT23,"BJT, NPN, 45v, 0.5A, SMD, SOT23"
10688,TRANSISTOR_BJT.SCHLIB,NPN_BC817W_SC70,"BJT, NPN, 45v, 0.5A, SMD, SC70"
10689,TRANSISTOR_BJT.SCHLIB,NPN_2SC945_TO92,"BJT, NPN, 50v, 0.15A, THD, TO92, BC945, Complimentary to 2SA733"
10690,TRANSISTOR_BJT.SCHLIB,NPN_2N5551_TO92,"BJT, NPN, 160v, 0.6A, THD, TO92"
10691,TRANSISTOR_BJT.SCHLIB,NPN_2N3904_TO92,"BJT, NPN, 40v, 0.6A, THD, TO92"
10692,TRANSISTOR_BJT.SCHLIB,NPN_2N2222_TO18,"BJT, NPN, 30v, 0.8A, THD, TO-18"
10693,TRANSISTOR_BJT.SCHLIB,PNP_S8550_TO92,"BJT, PNP, 20v, 0.7A, THD, TO92"
10694,TRANSISTOR_BJT.SCHLIB,PNP_MJ2955_TO3,"BJT, PNP, 60v, 15A, THD, TO-3"
10695,TRANSISTOR_BJT.SCHLIB,PNP_BC557_TO92,"BJT, PNP, 45v, 0.1A, THD, TO92"
10696,TRANSISTOR_BJT.SCHLIB,PNP_BC177_TO18,"BJT, PNP, 45v, 0.2A, THD, TO-18"
10697,TRANSISTOR_BJT.SCHLIB,NPN_S9014_TO92,"BJT, NPN, 45v, 0.1A, THD, TO92"
10698,TRANSISTOR_BJT.SCHLIB,NPN_S8050_TO92,"BJT, NPN, 20v, 0.7A, THD, TO92"
10699,TRANSISTOR_BJT.SCHLIB,NPN_KSP44_TO92,"BJT, NPN, 400v, 0.3A, THD, TO92"
10700,TRANSISTOR_BJT.SCHLIB,NPN_C945_SOT23,"BJT, NPN, 50v, 0.15A, THD, TO92, BC945"
10701,TRANSISTOR_BJT.SCHLIB,NPN_BC548_TO92,"BJT, NPN, 30v, 0.1A, THD, TO92"
10702,TRANSISTOR_BJT.SCHLIB,NPN_BC547_TO92,"BJT, NPN, 45v, 0.1A, THD, TO92"
10703,TRANSISTOR_BJT.SCHLIB,NPN_BC338_TO92,"BJT, NPN, 25v, 0.8A, THD, TO92"
10704,TRANSISTOR_BJT.SCHLIB,NPN_BC337_TO92,"BJT, NPN, 45v, 0.8A, THD, TO92"
10705,TRANSISTOR_BJT.SCHLIB,NPN_BC108_TO18,"BJT, NPN, 25v, 0.2A, THD, TO-18"
10706,TRANSISTOR_BJT.SCHLIB,NPN_BC107_TO18,"BJT, NPN, 45v, 0.2A, THD, TO-18"
10707,TRANSISTOR_BJT.SCHLIB,NPN_2N3055_TO3,"BJT, NPN, 60v, 15A, THD, TO-3"
10708,TRANSISTOR_BJT.SCHLIB,ULN2803_SOP18,"Darlington, 8-CH, 50V, 0.5A"
10709,TRANSISTOR_BJT.SCHLIB,ULN2803_DIP18,"Darlington, 8-CH, 50V, 0.5A"
10710,TRANSISTOR_BJT.SCHLIB,ULN2004_SOP16,"Darlington, 7-CH, 50V, 0.5A, 6~15V CMOS/PMOS"
10711,TRANSISTOR_BJT.SCHLIB,ULN2004_DIP16,"Darlington, 7-CH, 50V, 0.5A, 6~15V CMOS/PMOS"
10712,TRANSISTOR_BJT.SCHLIB,ULN2003_SOP16,"Darlington, 7-CH, 50V, 0.5A"
10713,TRANSISTOR_BJT.SCHLIB,ULN2003_DIP16,"Darlington, 7-CH, 50V, 0.5A"
10714,TRANSISTOR_BJT.SCHLIB,NPN_C945_TO92,"BJT, NPN, 50v, 0.15A, THD, TO92, BC945"
10715,TRANSISTOR_BJT.SCHLIB,NPN_A42_TO92,"BJT, NPN, 300v, 0.5A, THD, TO92"
10716,TRANSISTOR_FET.SCHLIB,MOSP_DUAL_NTLUD3A50PZ_DFN2020,"MOSFET N-Channel DUAL, -20V, -5.6A"
10717,TRANSISTOR_FET.SCHLIB,MOSP_DUAL_DMP2065UFDB_DFN2020,"MOSFET N-Channel DUAL, -20V, -4A"
10718,TRANSISTOR_FET.SCHLIB,MOSP_DUAL_SSM6P49NU_DFN2020,"MOSFET N-Channel DUAL, -20V, -4A"
10719,TRANSISTOR_FET.SCHLIB,MOSP_DUAL_PMDPB55XP_DFN2020,"MOSFET N-Channel DUAL, -20V, -4.5A"
10720,TRANSISTOR_FET.SCHLIB,MOSN_DIODE_NTLJF4156N_PPAKS,TRAN NMOS PWR 4.6A 30V DIODE SCHOTTKY 2.0A WDFN6
10721,TRANSISTOR_FET.SCHLIB,MOS_DUAL_Si1016X-T1_SOT563,Complementary N- and P-Channel 20 V (D-S) MOSFET
10722,TRANSISTOR_FET.SCHLIB,MOSP_DUAL_SiA931DJ_DFN2020,"MOSFET N-Channel DUAL, -30V, -4.5A"
10723,TRANSISTOR_FET.SCHLIB,MOSN_FDMA86251_MICROFET2X2,"MOSFET, N-Ch, 150V, 2.4A, 175mRDS"
10724,TRANSISTOR_FET.SCHLIB,MOSN_DUAL_SIZ346DT_POWER33,MOSFET DL N-CH 30V 17/30A
10725,TRANSISTOR_FET.SCHLIB,MOS_DUAL_DMC2038LVT_SOT23,MOSFET Dual Enh N+P 20V 500mW TSOT23-6 SMD
10726,TRANSISTOR_FET.SCHLIB,MOSN_DUAL_PMDPB56_DFN2020,"MOSFET N-Channel DUAL, 30V, 3A"
10727,TRANSISTOR_FET.SCHLIB,MOSP_DUAL_UT6JA3_DFN2020,"MOSFET N-Channel DUAL, -20V, -4.5A"
10728,TRANSISTOR_FET.SCHLIB,MOSP_BUK6D43-40P_DFN2020,"MOSFET N-CH, 40V, 14A, 43mRDSON, PPAKSC70"
10729,TRANSISTOR_FET.SCHLIB,MOSN_DUAL_SI4816BDY_SOP8,MOSFET DL N-CH 30V 6.8A 8-SOIC
10730,TRANSISTOR_FET.SCHLIB,MOSN_DUAL_HS8K11_POWER33,MOSFET DL N-CH 30V 7/11A
10731,TRANSISTOR_FET.SCHLIB,MOSN_DMN3110LCP3_DSN1006,"MOSFET, N-CH, 30V, 3A, 80mRDSON"
10732,TRANSISTOR_FET.SCHLIB,MOSN_BUK6D23-40E_DFN2020,"MOSFET N-CH, 40V, 19A, 23mRDSON, PPAKSC70"
10733,TRANSISTOR_FET.SCHLIB,MOS_DUAL_FDMC8097_WDFN8,"MOSFET, Power, N+P, 2.4A/-0.9A, 150Vdss"
10734,TRANSISTOR_FET.SCHLIB,MOS_DUAL_FDC6321C_SOT23,MOSFET Dual N+P
10735,TRANSISTOR_FET.SCHLIB,MOSP_NTE4151PT1G_SOT490,MOSFET SMD P-CH 20V 0.76A 0.313W SOT523F
10736,TRANSISTOR_FET.SCHLIB,MOSP_DMP21D0UFB_DFN1006,MOSFET P-CH 20V 0.7A SSOT3
10737,TRANSISTOR_FET.SCHLIB,MOSP_BSZ900N15NS3_LFPAK,"MOSFET, N-Ch, 150V, 13A, 90mRDS"
10738,TRANSISTOR_FET.SCHLIB,MOSN_STP17NK40ZFP_TO220,"MOSFET, N-CH, 400V, 15A, 230mRDS, 270pF"
10739,TRANSISTOR_FET.SCHLIB,MOSN_DUAL_SI4204DY_SOP8,"MOSFET N-Channel DUAL, 20V 20A SOP-8"
10740,TRANSISTOR_FET.SCHLIB,MOSN_DUAL_BSS138DW_SC70,
10741,TRANSISTOR_FET.SCHLIB,MOSN_DUAL_2N7002_SOT363,"MOSFET, N-CH, 60V, 0.3A"
10742,TRANSISTOR_FET.SCHLIB,MOSN_DUAL_2N2007DW_SC70,MOSFET Dual Enh N-Ch 60V 115mA SOT363 SMD
10743,TRANSISTOR_FET.SCHLIB,MOSP_RZR025P01TL_SOT23,MOSFET SMD P-CH 12V 2.5A 1W SOT23-3
10744,TRANSISTOR_FET.SCHLIB,MOSN_DUAL_AO9926B_SOP8,MOSFET SMD Dual-Channel 20V 7.6A SOIC-8
10745,TRANSISTOR_FET.SCHLIB,MOSN_DUAL_AO4818B_SOP8,"MOSFET N-Channel DUAL, 30V 8.5A SOIC-8 SMD"
10746,TRANSISTOR_FET.SCHLIB,MOSN_BSZ068N06NS_LFPAK,"MOSFET, N-Ch, 60V, 40A, 6.8mRDS"
10747,TRANSISTOR_FET.SCHLIB,MOSN_BSC160N15NS5_WPAK,"MOSFET, N-Ch, 150V, 56A, 16mRDS"
10748,TRANSISTOR_FET.SCHLIB,MOS_DUAL_IRF7319_SOP8,"MOSFET, Power, HEXFET, N+P, 5A, 30Vdss, 0.03Rds"
10749,TRANSISTOR_FET.SCHLIB,MOS_DUAL_DMG1016_SC70,MOSFET Dual Enh N+P 20V 330mW SOT363 SMD
10750,TRANSISTOR_FET.SCHLIB,MOSP_RJK0331DPB_LFPAK,"MOSFET, N-Ch, 30V, 40A, 3.4mRDS, LFPAK SMD"
10751,TRANSISTOR_FET.SCHLIB,MOSN_STL66N3LLH5_PPAK,"MOSFET N-Ch, 30V, 80A, 4.5mRDS, PowerPAK 1212-8"
10752,TRANSISTOR_FET.SCHLIB,MOSN_IXFT21N50F_TO268,"MOSFET N-CH, HiPerRF, 500V, 21A, 250mOhm, 250ns, 300W"
10753,TRANSISTOR_FET.SCHLIB,MOSN_IXFH21N50F_TO247,"MOSFET N-CH, HiPerRF, 500V, 21A, 250mOhm, 250ns, 300W"
10754,TRANSISTOR_FET.SCHLIB,MOSN_DUAL_AO4806_SOP8,"MOSFET N-Channel DUAL, 20V 9.4A SOIC-8 SMD"
10755,TRANSISTOR_FET.SCHLIB,MOS_DUAL_TC4428_SOP8,"power Mosfet Driver, Dual, High-Speed, 1.5A"
10756,TRANSISTOR_FET.SCHLIB,MOS_DUAL_TC4427_SOP8,"power Mosfet Driver, Dual, High-Speed, 1.5A"
10757,TRANSISTOR_FET.SCHLIB,MOSP_IRLML6402_SOT23,20V P-Channel Enhancement Mode MOSFET
10758,TRANSISTOR_FET.SCHLIB,MOSP_IRLML6401_SOT23,TRAN PMOS PWR 12V 4.3A SOT23
10759,TRANSISTOR_FET.SCHLIB,MOSP_FDMC86259_LFPAK,"MOSFET, N-Ch, 150V, 13A, 107mRDS"
10760,TRANSISTOR_FET.SCHLIB,MOSN_STP55NF06_TO220,"MOSFET, N-CH, 60V, 50A, 15mRDS, 2~4VGSth"
10761,TRANSISTOR_FET.SCHLIB,MOSN_RJK03M7DPA_WPAK,MOSFET N-Channel Power Switching 30V 30A WPAK SMD
10762,TRANSISTOR_FET.SCHLIB,MOSN_RF1S70N03_D2PAK,"MOSFET, N-CH, 30V, 70A, 10mRDS, 3300pF"
10763,TRANSISTOR_FET.SCHLIB,MOSN_NVTFS4823_LFPAK,"MOSFET, N-Ch, 30V, 30A, 10.5mRDS"
10764,TRANSISTOR_FET.SCHLIB,MOSN_NDT3055L_SOT223,MOSFET N-CH 60V 1.3A
10765,TRANSISTOR_FET.SCHLIB,MOSN_IRLML2502_SOT23,N-Channel Enhancement Mode MOSFET
10766,TRANSISTOR_FET.SCHLIB,MOSN_IPB50R199_D2PAK,"MOSFET, N-CH, 550V, 17A, 200mRDS, 34nC"
10767,TRANSISTOR_FET.SCHLIB,MOSN_AO4420_SOP8_new,"MOSFET, N-CH, 30V, 13.7A, SOIC-8"
10768,TRANSISTOR_FET.SCHLIB,MOSP_ZXM61P03_SOT23,TRAN PMOS PWR 1.1A 30V SOT23
10769,TRANSISTOR_FET.SCHLIB,MOSP_Si2333DS_SOT23,TRAN PMOS PWR 4.1A 12V SOT-23
10770,TRANSISTOR_FET.SCHLIB,MOSP_ FQP2P40_TO220,"MOSFET P-CHANNEL, 400V, -2A, 6.5Ohm, Vth-4.0"
10771,TRANSISTOR_FET.SCHLIB,MOSN_TPH2R608_VDFN8,"MOSFET N-Ch, 75V, 168A, 16mRDS, PowerVDFN-8"
10772,TRANSISTOR_FET.SCHLIB,MOSN_RUE002N02_SC75,"MOSFET, N-CH"
10773,TRANSISTOR_FET.SCHLIB,MOSN_IRLHM620_LFPAK,"MOSFET, N-CH, 0.002RDS, 10A, 20VDS, 2~4VGSth"
10774,TRANSISTOR_FET.SCHLIB,MOSN_IRFS3206_D2PAK,HEXFET Power MOSFET
10775,TRANSISTOR_FET.SCHLIB,MOSN_IRFP064N_TO247,HEXFET Power MOSFET
10776,TRANSISTOR_FET.SCHLIB,MOSN_IRFH3707_LFPAK,"MOSFET, N-Ch, 30V, 12A, 12.4mRDS"
10777,TRANSISTOR_FET.SCHLIB,MOSN_FDMC8321_LFPAK,"MOSFET, N-Ch, 40V, 49A, 2.5mRDS"
10778,TRANSISTOR_FET.SCHLIB,MOSN_DMN3150L_SOT23,"MOSFET N-Channel, 3.8A, 30v, 54mOhm"
10779,TRANSISTOR_FET.SCHLIB,MOSN_APT94N65_TO247,"MOSFET N-CH, 650V, 94A, 300mRDS"
10780,TRANSISTOR_FET.SCHLIB,MOSP_Si7617DN_PPAK,TRAN PMOS PWR 35A 30V PowerPAK 1212-8
10781,TRANSISTOR_FET.SCHLIB,MOSP_NDS336P_SOT23,MOSFET P-CH 20V 1.2A SSOT3
10782,TRANSISTOR_FET.SCHLIB,MOSP_IRF5305_TO220,"MOSFET P-CHANNEL, 55V, -31A, 6mO, Vth-4.0"
10783,TRANSISTOR_FET.SCHLIB,MOSP_IRF4905_D2PAK,HEXFET Power MOSFET
10784,TRANSISTOR_FET.SCHLIB,MOSP_FDG332PZ_SC70,MOSFET SMD P-CH 20V 2.6A SC70-6
10785,TRANSISTOR_FET.SCHLIB,MOSN_NTD20N06_DPAK,"MOSFET, N-CH, 60V, 20A, 39mRDS, 1~2VGSth"
10786,TRANSISTOR_FET.SCHLIB,MOSN_NTD20N03_DPAK,"MOSFET, N-CH, 30V, 20A, 27mRDS, 1~2VGSth"
10787,TRANSISTOR_FET.SCHLIB,MOSN_NDS331N_SOT23,MOSFET N-CH 20V 1.3A 3-SSOT
10788,TRANSISTOR_FET.SCHLIB,MOSN_MMBF170_SOT23,"MOSFET, N-CH, 60V, 0.5A,"
10789,TRANSISTOR_FET.SCHLIB,MOSN_IRLR7843_DPAK,HEXFET Power MOSFET
10790,TRANSISTOR_FET.SCHLIB,MOSN_IRFZ44N_TO220,HEXFET Power MOSFET
10791,TRANSISTOR_FET.SCHLIB,MOSN_IRFR3709_DPAK,"MOSFET, N-CH, 30V, 86A, 6.5mRDS, 2300pF"
10792,TRANSISTOR_FET.SCHLIB,MOSN_IRFP460_TO247,"MOSFET N-CH, 500V, 20A, 870mRDS"
10793,TRANSISTOR_FET.SCHLIB,MOSN_IRFP360_TO247,"MOSFET N-CH, 400V, 23A, 200mRDS"
10794,TRANSISTOR_FET.SCHLIB,MOSN_IRFP350_TO247,"MOSFET N-CH, 400V, 16A, 300mRDS"
10795,TRANSISTOR_FET.SCHLIB,MOSN_FQD2N100_DPAK,"MOSFET, N-CH, 1000V, 1.6A, 9RDS, 3~5VGSth"
10796,TRANSISTOR_FET.SCHLIB,MOSN_BUK7M67_LFPAK,"MOSFET, N-CH, 0.05RDS, 14A, 60VDS, 2~4VGSth"
10797,TRANSISTOR_FET.SCHLIB,MOSN_2SK3681_TO247,"MOSFET N-CH, 600V, 43A, 120mRDS"
10798,TRANSISTOR_FET.SCHLIB,MOSN_2SK2800_TO220,"MOSFET, N-CH, 60V, 40A, 15mRDS, 1500pF"
10799,TRANSISTOR_FET.SCHLIB,MOSN_2N7002_SOT323,"MOSFET, N-CH, 60V, 0.3A, SOT323"
10800,TRANSISTOR_FET.SCHLIB,IGBTN_STGW38IH130D,"IGBT, N-Ch"
10801,TRANSISTOR_FET.SCHLIB,MOSP_WPM1481_UFET,"MOSFET P-Ch, 0.02RDS, -5.5A, -12VDS, -1.8~-4.5VGSth"
10802,TRANSISTOR_FET.SCHLIB,MOSP_SI2305_SOT23,TRAN PMOS PWR 4.1A 8V SOT23
10803,TRANSISTOR_FET.SCHLIB,MOSP_FDN360_SOT23,"P-Channel Mosfet, -2A, -30V"
10804,TRANSISTOR_FET.SCHLIB,MOSP_AO3401_SOT23,MOSFET P-CH AO3401 SMD SOT-23 3P
10805,TRANSISTOR_FET.SCHLIB,MOSP_2SJ602_TO220,P-Channel MOSFET
10806,TRANSISTOR_FET.SCHLIB,MOSN_STD1703_DPAK,"MOSFET, N-CH, 30V, 17A, 38mRDS, 1VGSth"
10807,TRANSISTOR_FET.SCHLIB,MOSN_NX7002_SOT23,"MOSFET, N-CH, 60V, 0.3A"
10808,TRANSISTOR_FET.SCHLIB,MOSN_IRF7832_SOP8,"MOSFET, N-CH, 30V, 20A, 4mOhm, 4300pF"
10809,TRANSISTOR_FET.SCHLIB,MOSN_IRF7831_SOP8,"MOSFET, N-CH, 30V, 21A, 3.6mOhm, 6200pF, HEXFET"
10810,TRANSISTOR_FET.SCHLIB,MOSN_IRF720_TO220,"MOSFET, N-CH, 1.8RDS, 3.3A, 400VDS, 2~4VGSth"
10811,TRANSISTOR_FET.SCHLIB,MOSN_IRF6617_DFET,"MOSFET, N-CH, 30V, 55A, 8mRDS, 1300pF"
10812,TRANSISTOR_FET.SCHLIB,MOSN_IRF640_TO263,"MOSFET, N-CH, 0.15RDS, 18A, 300VDS, 2~4VGSth"
10813,TRANSISTOR_FET.SCHLIB,MOSN_IRF640_TO220,"MOSFET, N-CH, 0.15RDS, 18A, 300VDS, 2~4VGSth"
10814,TRANSISTOR_FET.SCHLIB,MOSN_BSS138_SOT23,MOSFET Nchan 50V 200mA
10815,TRANSISTOR_FET.SCHLIB,MOSN_BSS123_SOT23,MOSFET SMD N-CH 100V 170mA SOT23-3
10816,TRANSISTOR_FET.SCHLIB,MOSN_2N7002_SOT23,"MOSFET, N-CH, 60V, 0.3A"
10817,TRANSISTOR_FET.SCHLIB,MOSP_SQ7415_PPAK,"MOSFET P-Ch, 0.05RDS, -16A, -60VDS, -1.5~-2.5VGSth"
10818,TRANSISTOR_FET.SCHLIB,MOSP_BSS84_SOT23,MOSFET SMD P-CH 50V 130mA SOT23-3
10819,TRANSISTOR_FET.SCHLIB,MOSN_SiS412_PPAK,"MOSFET N-Ch, 30V, 12A, 30mRDS, PowerPAK 1212-8"
10820,TRANSISTOR_FET.SCHLIB,MOSN_SiR412_PPAK,"MOSFET N-Ch, 25V, 20A, 12mRDS, PowerPAK 1212-8"
10821,TRANSISTOR_FET.SCHLIB,MOSN_SI7232_PPAK,"MOSFET N-Ch, 20V, 25A, 16mRDS, PowerPAK 1212-8"
10822,TRANSISTOR_FET.SCHLIB,MOSN_AO4420_SOP8,"MOSFET, N-CH, 30V, 13.7A, SOIC-8"
10823,TRANSISTOR_FET.SCHLIB,MOSN_2N7000_TO92,"MOSFET, N-CH, 60V, 0.2A, 5OhmRDS"
10824,TRANSISTOR_FET.SCHLIB,MOSN_IRFP,
10825,TRANSISTOR_FET.SCHLIB,IGBTP,"IGBT, P-Ch"
10826,TRANSISTOR_FET.SCHLIB,IGBTN,"IGBT, N-Ch"
10827,TRANSISTOR_FET.SCHLIB,FETP,P-Channel JFET
10828,TRANSISTOR_FET.SCHLIB,FETN,N-Channel JFET
10829,TRIAC_DIAC.SCHLIB,TRIAC_BTA208X-1000_TO220,"Triac, 1000V, 8A, TO-220"
10830,TRIAC_DIAC.SCHLIB,TRIAC_BTA225-600_TO220,"Triac, 600V, 25A, TO-220"
10831,TRIAC_DIAC.SCHLIB,TRIAC_BTA212-600_TO220,"Triac, 600V, 12A, TO-220"
10832,TRIAC_DIAC.SCHLIB,TRIAC_BTA208-800_TO220,"Triac, 800V, 8A, TO-220"
10833,TRIAC_DIAC.SCHLIB,TRIAC_BTA208-600_TO220,"Triac, 600V, 8A, TO-220"
10834,TRIAC_DIAC.SCHLIB,TRIAC_BTA140-600_TO220,"Triac, 600V, 25A, TO-220"
10835,TRIAC_DIAC.SCHLIB,TRIAC_T1635-600_D2PAK,"Triac, 600V, 16A, D2PAK SMD"
10836,TRIAC_DIAC.SCHLIB,TRIAC_BTB41-600_TO247,"Triac, 600V, 40A, TOP3"
10837,TRIAC_DIAC.SCHLIB,TRIAC_BTB24-600_TO220,"Triac, 600V, 25A, TO-220"
10838,TRIAC_DIAC.SCHLIB,TRIAC_BTB16-700_TO220,"Triac, 700V, 16A, TO-220"
10839,TRIAC_DIAC.SCHLIB,TRIAC_BTB10-800_TO220,"Triac, 800V, 10A, TO-220"
10840,TRIAC_DIAC.SCHLIB,TRIAC_BTB08-600_TO220,"Triac, 600V, 8A, TO-220"
10841,TRIAC_DIAC.SCHLIB,TRIAC_BTA41-600_TO247,"Triac, 600V, 40A, TOP3"
10842,TRIAC_DIAC.SCHLIB,TRIAC_BTA40-600B_RD91,"Triac, 600V, 40A, TO-220"
10843,TRIAC_DIAC.SCHLIB,TRIAC_BTA26-600_TO247,"Triac, 600V, 25A, TOP3"
10844,TRIAC_DIAC.SCHLIB,TRIAC_BTA16-800_TO220,"Triac, 800V, 16A, TO-220"
10845,TRIAC_DIAC.SCHLIB,TRIAC_BTA16-600_D2PAK,"Triac, 600V, 16A, D2PAK SMD"
10846,TRIAC_DIAC.SCHLIB,TRIAC_BTA12-600_TO220,"Triac, 600V, 12A, TO-220"
10847,TRIAC_DIAC.SCHLIB,TRIAC_BTA06-600_TO220,"Triac, 600V, 6A, TO-220"
10848,TRIAC_DIAC.SCHLIB,TRIAC_BTA06-400_TO220,"Triac, 400V, 6A, TO-220"
10849,TRIAC_DIAC.SCHLIB,TRIAC_BT139-600_TO220,"Triac, 600V, 16A, TO-220"
10850,TRIAC_DIAC.SCHLIB,TRIAC_BT138-800_TO220,"Triac, 800V, 12A, TO-220"
10851,TRIAC_DIAC.SCHLIB,TRIAC_BT137-600_TO220,"Triac, 600V, 8A, TO-220"
10852,TRIAC_DIAC.SCHLIB,TRIAC_BT136-600_TO220,"Triac, 600V, 4A, TO-220"
10853,TRIAC_DIAC.SCHLIB,TRIAC_T835-600_D2PAK,"Triac, 600V, 8A, D2PAK SMD"
10854,TRIAC_DIAC.SCHLIB,TRIAC_SM12GZ47_TO220,"Triac, 400V, 12A, TO-220"
10855,TRIAC_DIAC.SCHLIB,TRIAC_MAC223-6_TO220,"Triac, 400V, 25A, TO-220"
10856,TRIAC_DIAC.SCHLIB,TRIAC_BT131-600_TO92,"Triac, 600V, 1A, TO-92"
10857,TRIAC_DIAC.SCHLIB,DIAC_TMMDB3_MINIMELF,"Diac, 32VBO, MINIMELF"
10858,TRIAC_DIAC.SCHLIB,TRIAC_Z00607MA_TO92,"Triac, 600V, 0.8A, TO-92"
10859,TRIAC_DIAC.SCHLIB,TRIAC_TIC253D_TO218,"Triac, 400V, 20A, TO-218"
10860,TRIAC_DIAC.SCHLIB,DIAC_SODDB3T_SOD123,"Diac, 32VBO, MINIMELF"
10861,TRIAC_DIAC.SCHLIB,TRIAC_Z0109_SOT223,"Triac, 600V, 1A, SOT-223 SMD"
10862,TRIAC_DIAC.SCHLIB,TRIAC_TMG1C60_TO92,"Triac, 600V, 1A, TO-92"
10863,TRIAC_DIAC.SCHLIB,TRIAC_MAC97A8_TO92,"Triac, 600V, 0.6A, TO-92"
10864,TRIAC_DIAC.SCHLIB,TRIAC_MAC97A6_TO92,"Triac, 400V, 0.6A, TO-92"
10865,TRIAC_DIAC.SCHLIB,TRIAC_BT138B_D2PAK,"Triac, 600V, 12A, D2PAK SMD"
10866,TRIAC_DIAC.SCHLIB,TRIAC_Q6008_TO220,"Triac, 600V, 8A, TO-220"
10867,TRIAC_DIAC.SCHLIB,TRIAC_Z0607_TO92,"Triac, 600V, 0.8A, TO-92"
10868,TRIAC_DIAC.SCHLIB,TRIAC_Z0107_TO92,"Triac, 600V, 1A, TO-92"
10869,TRIAC_DIAC.SCHLIB,DIAC_SMDB3_SOT23,"Diac, 32VBO, SOT-23"
10870,TRIAC_DIAC.SCHLIB,DIAC_DB4_DO35,"Diac, 40VBO, DO-35"
10871,TRIAC_DIAC.SCHLIB,DIAC_DB3_DO35,"Diac, 32VBO, DO-35"
10872,TRIAC_DIAC.SCHLIB,TRIAC,"Triac, 600V, 4A, TO-220, Silicon Bidirectional Thyristor"
10873,USBC_PD_CC_CONTROL.SCHLIB,TUSB320LA_X2QFN12,USB-C PD controller
10874,USBC_PD_CC_CONTROL.SCHLIB,FUSB302_QFN14,USB-C PD controller
10875,USBC_PD_CC_CONTROL.SCHLIB,FUSB302_BGA9,USB-C PD controller
10876,USBIC.SCHLIB,FT4232H-56Q_QFN56,"USB, QUAD, Multipurpose UART/FIFO, USB High Speed"
10877,USBIC.SCHLIB,FT2232H-56Q_QFN56,"USB, DUAL, Multipurpose UART/FIFO, USB High Speed"
10878,USBIC.SCHLIB,USB5744/2G_QFN56,"USB 3.2 Gen1, Hub Controller"
10879,USBIC.SCHLIB,PL2303HXD_SSOP28,"USB RS232 Bridge Controller, SSOP-28"
10880,USBIC.SCHLIB,CYUSB3014_BGA121,"USB3.0, Microcontroller EZ-USB FX3, BGA121"
10881,USBIC.SCHLIB,CY7C68013_SSOP56,"USB2.0, Microcontroller EZ-USB FX2LP,16K RAM, 24 I/Os, 56-Pin SSOP"
10882,USBIC.SCHLIB,USB2514B_QFN36,"USB 2.0 Hub Controller, QFN36"
10883,USBIC.SCHLIB,FT4232HQ_QFN64,"USB, QUAD, Multipurpose UART/FIFO, USB High Speed"
10884,USBIC.SCHLIB,FT4232HL_QFP64,"USB, QUAD, Multipurpose UART/FIFO, USB High Speed"
10885,USBIC.SCHLIB,FT245RL_SSOP28,"USB2.0-FIFO 8-BIT, FT245RL TSSOP28"
10886,USBIC.SCHLIB,FT232RL_SSOP28,"USB-UART Bridge, Asynchronous Serial Data Transfer Chip, SSOP-28"
10887,USBIC.SCHLIB,FT2232HQ_QFN64,"USB, DUAL, Multipurpose UART/FIFO, USB High Speed"
10888,USBIC.SCHLIB,FT2232HL_QFP64,"USB, DUAL, Multipurpose UART/FIFO, USB High Speed"
10889,USBIC.SCHLIB,CH340K_ESSOP10,"USB-UART Bridge,"
10890,USBIC.SCHLIB,USB3343_QFN24,"USB 2.0 ULPI Transceiver, Single Supply"
10891,USBIC.SCHLIB,USB3320_QFN32,USB 2.0 ULPI Transceiver
10892,USBIC.SCHLIB,MCP2200_SOP20,"USB-UART Bridge, SOP-20"
10893,USBIC.SCHLIB,MCP2200_QFN20,"USB-UART Bridge, QFN-20"
10894,USBIC.SCHLIB,LAN9514_QFN64,"Ethernet Transceiver, 10/100, MII +USB2.0HUB"
10895,USBIC.SCHLIB,GL850G_SSOP28,"USB 2.0 Hub Controller, SSOP-28"
10896,USBIC.SCHLIB,FT234XD_DFN12,"USB-UART Bridge,"
10897,USBIC.SCHLIB,FT232HQ_QFN48,"USB, Multipurpose UART/FIFO, USB High Speed"
10898,USBIC.SCHLIB,FT232HL_QFP48,"USB, Multipurpose UART/FIFO, USB High Speed"
10899,USBIC.SCHLIB,FT232BQ_QFN32,"USB-UART Bridge,"
10900,USBIC.SCHLIB,FT232BM_QFP32,"USB-UART Bridge,"
10901,USBIC.SCHLIB,FT232BL_QFP32,"USB-UART Bridge,"
10902,USBIC.SCHLIB,FT2232D_QFP48,"USB, Dual, UART/FIFO Chip, LQFP-48"
10903,USBIC.SCHLIB,FT220XQ_QFN16,"USB, SPI, 4-BIT"
10904,USBIC.SCHLIB,CH340T_SSOP20,"USB-UART Bridge,"
10905,USBIC.SCHLIB,CH340E_MSOP10,"USB-UART Bridge,"
10906,USBIC.SCHLIB,GL852G_QFN28,"USB 2.0 Hub Controller, QFN-28"
10907,USBIC.SCHLIB,FT602Q_QFN76,"USB3.1-FIFO 32-BIT, USB 3.1 Gen 1"
10908,USBIC.SCHLIB,FT601Q_QFN76,"USB3.0-FIFO 32-BIT, 320Mbyte/s"
10909,USBIC.SCHLIB,FT600Q_QFN56,"USB3.0-FIFO 16-BIT, 160Mbyte/s"
10910,USBIC.SCHLIB,CP2615_QFN32,"USB-I2S BRIDGE, HID, 48KHz, 16bit/24bit stereo"
10911,USBIC.SCHLIB,CP2112_QFN24,"USB-SMBUS BRIDGE, USB2.0 12Mbps"
10912,USBIC.SCHLIB,CP2110_QFN28,"USB-UART Bridge,"
10913,USBIC.SCHLIB,CP2110_QFN24,"USB-UART Bridge, DUAL"
10914,USBIC.SCHLIB,CP2109_QFN28,"USB-UART Bridge,"
10915,USBIC.SCHLIB,CP2105_QFN24,"USB-UART Bridge, DUAL"
10916,USBIC.SCHLIB,CP2104_QFN24,"USB-UART Bridge,"
10917,USBIC.SCHLIB,CP2103_QFN28,"USB-UART Bridge,"
10918,USBIC.SCHLIB,CP2102_QFN28,"USB-UART Bridge,"
10919,USBIC.SCHLIB,CP2102_QFN24,"USB-UART Bridge,"
10920,USBIC.SCHLIB,CP2102_QFN20,"USB-UART Bridge,"
10921,USBIC.SCHLIB,CH340G_SOP16,"USB-UART Bridge,"
10922,USBIC.SCHLIB,CH340C_SOP16,"USB-UART Bridge,"
10923,USBIC.SCHLIB,CM108_QFP48,"USB-I2S BRIDGE, HID, 48KHz, 16bit/24bit stereo"
10924,USBIC.SCHLIB,CH340N_SOP8,"USB-UART Bridge,"
10925,VIDEO_CODEC.SCHLIB,TVP5150A,"IC, video decoder for NTSC and PAL"
10926,VIDEO_CODEC.SCHLIB,ADV7390,"IC, Video Encoder, 10-Bit SD/HD"
10927,VOLTAGE_REF.SCHLIB,MAX6071BAUT12_SOT23,"VREF, 1.25V, 1.5ppm/°C"
10928,VOLTAGE_REF.SCHLIB,MAX6070BAUT12_SOT23,"VREF, 1.25V, 1.5ppm/°C"
10929,VOLTAGE_REF.SCHLIB,LM4040C25Q_SOT23,"VREF, 2.5V, 100ppm, 0.5%, SO23-3"
10930,VOLTAGE_REF.SCHLIB,TLVH431A_SOT363,"VREF, Programmable Precision"
10931,VOLTAGE_REF.SCHLIB,LM4040C25_SOT23,"VREF, 2.5V, 100ppm, 0.5%, SO23-3"
10932,VOLTAGE_REF.SCHLIB,ZXRE160_SOT353,"VREF, Programmable Precision, 0.6VFB"
10933,VOLTAGE_REF.SCHLIB,REF5040_VSSOP8,"VREF, 4.096V , 3ppm, VSSOP-8"
10934,VOLTAGE_REF.SCHLIB,REF5025_VSSOP8,"VREF, 2.5V"
10935,VOLTAGE_REF.SCHLIB,REF5020_VSSOP8,"VREF, 2.048V, 3ppm, VSSOP-8"
10936,VOLTAGE_REF.SCHLIB,ZXRE160_SOT23,"VREF, Programmable Precision, 0.6VFB"
10937,VOLTAGE_REF.SCHLIB,TLVH431_SOT23,"VREF, Programmable Precision"
10938,VOLTAGE_REF.SCHLIB,TLV431_SOT363,"VREF, Programmable Precision"
10939,VOLTAGE_REF.SCHLIB,REF3012_SOT23,"VREF, 1.2V"
10940,VOLTAGE_REF.SCHLIB,REF193_TSSOP8,"VREF, 3.0V, 4ppm, TSSOP-8"
10941,VOLTAGE_REF.SCHLIB,REF191_TSSOP8,"VREF, 2.048V, 4ppm, TSSOP-8"
10942,VOLTAGE_REF.SCHLIB,ADR130B_SOT23,"VREF, Sub-Band Gap"
10943,VOLTAGE_REF.SCHLIB,ADR130A_SOT23,"VREF, Sub-Band Gap"
10944,VOLTAGE_REF.SCHLIB,ZXRE160_DFN6,"VREF, Programmable Precision, 0.6VFB"
10945,VOLTAGE_REF.SCHLIB,TLV431_SOT23,"VREF, Programmable Precision"
10946,VOLTAGE_REF.SCHLIB,TL431_SOT363,"VREF, Programmable Precision"
10947,VOLTAGE_REF.SCHLIB,REF5050_SOP8,"VREF, 5V, 3 PPM, 0.05 %"
10948,VOLTAGE_REF.SCHLIB,REF5040_SOP8,"VREF, 4.096V , 3ppm, SOP-8"
10949,VOLTAGE_REF.SCHLIB,REF5025_SOP8,"VREF, 2.5V"
10950,VOLTAGE_REF.SCHLIB,REF5020_SOP8,"VREF, 2.048V"
10951,VOLTAGE_REF.SCHLIB,MAX8069_SOP8,"VREF, 1.2V"
10952,VOLTAGE_REF.SCHLIB,TLV431_TO92,"VREF, Programmable Precision"
10953,VOLTAGE_REF.SCHLIB,TL431_SOT23,"VREF, Programmable Precision"
10954,VOLTAGE_REF.SCHLIB,REF195_SOP8,"VREF, 5V, 4ppm, SOP-8"
10955,VOLTAGE_REF.SCHLIB,LM4140_SOP8,"VREF, 1.024V, 3ppm, 0.1%, SOP-8"
10956,VOLTAGE_REF.SCHLIB,AD780N_DIP8,"VREF, 2.5 V/3.0 V High Precision"
10957,VOLTAGE_REF.SCHLIB,TL431_TO92,"VREF, Programmable Precision"
10958,WIFI_IC.SCHLIB,RTL8189FTV_QFN24,"RTL8189ES, RF SoC, SDIO, 72.2Mbps"
10959,WIFI_IC.SCHLIB,ESP8285N08_QFN32,"ESP8285, RF SoC, 72.2Mbps"
10960,WIFI_IC.SCHLIB,ESP8285H16_QFN32,"ESP8285, RF SoC, 72.2Mbps"
10961,WIFI_IC.SCHLIB,ESP8285H08_QFN32,"ESP8285, RF SoC, 72.2Mbps"
10962,WIFI_IC.SCHLIB,ESP32-S3R8_QFN56,ESP32-S3 wifi IC with 8MB octal SPI RAM
10963,WIFI_IC.SCHLIB,ESP32-D2WD_QFN48,ESP32-D2WD wifi IC
10964,WIFI_IC.SCHLIB,RTL8189ES_QFN32,"RTL8189ES, RF SoC, SDIO, 72.2Mbps"
10965,WIFI_IC.SCHLIB,ESP8266EX_QFN32,"ESP8266EX, RF SoC"
10966,WIFI_IC.SCHLIB,ESP32-S3_QFN56,ESP32-S3 wifi IC
10967,WIFI_IC.SCHLIB,ESP8285_QFN32,"ESP8285, RF SoC, 54 Mbps"
10968,WIFI_IC.SCHLIB,XR819_QFN40,"RTL8189ES, RF SoC, SDIO, 72.2Mbps"
10969,WIRELESS_IC.SCHLIB,NRF51822_QFN48,"SOC, Multiprotocol wireless 2.4GHz, 32-bit ARM , Cortex M0"
10970,WIRELESS_IC.SCHLIB,NRF24L01_QFN20,2.4GHz Transceiver
